repo,id,environment,criado_em,sha,estado_final
inertiajs/inertia-rails,6828890561,Production,2026-10-03T14:36:11Z,627b311d6cf2b8f1eeafe282f7097658e1ebce75,success
inertiajs/inertia-rails,6695834748,Production,2026-09-27T18:03:33Z,cea7f4b67bebb368d8a90e841ea67536a7ea1650,success
inertiajs/inertia-rails,6464614721,Production,2026-09-15T17:28:46Z,b213e7a7f44734811ee9908b998b76f9774003a3,success
inertiajs/inertia-rails,6463702534,Production,2026-09-15T16:38:01Z,42c84bdd065123ca6914d82b30d3531c1d456e70,success
inertiajs/inertia-rails,6425056544,Production,2026-09-13T18:40:49Z,752565723057a874839794eb616d21621d662a07,success
inertiajs/inertia-rails,6393692621,Production,2026-09-11T13:06:46Z,af96fdd779b57b8d0a2ef516c0be6cbd85e25347,success
inertiajs/inertia-rails,5923277740,Production,2026-08-15T18:14:47Z,d74f3b96b556a23dd62e7949b8911946d8341db5,success
inertiajs/inertia-rails,5528559402,Production,2026-07-20T20:45:56Z,3b1f8478774452456d872dfe4a1134d877606aa0,success
inertiajs/inertia-rails,5528346900,Production,2026-07-20T20:32:03Z,91716be91e734c15741193fa7e5c79743c735be7,success
inertiajs/inertia-rails,5528235430,Production,2026-07-20T20:23:33Z,f16882887eda71013aca9c835e7ef504046430c2,success
inertiajs/inertia-rails,5528193361,Production,2026-07-20T20:20:10Z,431b9e1ed0d7c0f470bc3739b746ec4742ec9c7f,success
inertiajs/inertia-rails,5527715732,Production,2026-07-20T19:42:06Z,abd6b7962a91b940293d1801266937bd2465dfdb,success
inertiajs/inertia-rails,5494290858,Production,2026-07-17T19:05:32Z,d440918e2455b805f25669ccc3973a81f91d9801,success
inertiajs/inertia-rails,5458771104,Production,2026-07-15T14:30:52Z,e2d388168dcd1053b5790d2a8025869d8c3928e9,success
inertiajs/inertia-rails,5453800931,Production,2026-07-15T08:08:34Z,2f7404337b7791cfef10223ebfb7b30baf3d133e,success
inertiajs/inertia-rails,5453279333,Production,2026-07-15T07:22:34Z,0a9474a81031f9d434e03e4246cbbb0e1ff40e54,success
inertiajs/inertia-rails,5449451864,Production,2026-07-14T23:46:21Z,0145c069f36a446ebf8be9259200e74071e9bf65,success
inertiajs/inertia-rails,5449435485,Production,2026-07-14T23:44:29Z,f004cf64d3c9bbfdb5767cabba31a3225f6ca69c,success
inertiajs/inertia-rails,5406223472,Production,2026-07-11T18:31:52Z,1ed87111e0ca2b74537c899ed058843bfe88116b,success
inertiajs/inertia-rails,5126083389,Production,2026-06-19T17:02:51Z,893e30e83e0a0c16ab4918394b65595777036217,success
inertiajs/inertia-rails,4993762917,Production,2026-06-09T17:59:05Z,44e38092ba83c16e7b238cc689c6c10386c6429a,success
inertiajs/inertia-rails,4993560625,Production,2026-06-09T17:42:16Z,840f8d76483426a9b7f59cacd2888fa51574ac22,success
inertiajs/inertia-rails,4583312081,Production,2026-05-05T13:49:33Z,f53128da261b6fe71b7b20335308b559e3a508f3,success
inertiajs/inertia-rails,4461254090,Production,2026-04-23T12:04:31Z,4a8353da1f3a73dc475a7d39993e55f0e60b624e,success
inertiajs/inertia-rails,4359620733,Production,2026-04-14T03:18:30Z,fd11caaf3671a9b302f3bd895ec12c68a4f36d9e,success
inertiajs/inertia-rails,4358321149,Production,2026-04-13T23:37:16Z,cb83cf42fb665007387f129dc8d6b903981c8cdd,success
inertiajs/inertia-rails,4356760264,Production,2026-04-13T20:21:27Z,2adc8f9623f4d5eeefcd1763d538aadf1efa6401,success
inertiajs/inertia-rails,4353914429,Production,2026-04-13T15:29:45Z,b052b052460c1489dfbdfe4929c5d3f46f2b3377,success
inertiajs/inertia-rails,4345685757,Production,2026-04-12T20:04:35Z,c1a7e898e19d618c3b25d045e0267b199e66b60b,success
inertiajs/inertia-rails,4333346746,Production,2026-04-10T21:39:30Z,360e4ad90aa7fda0bd2b5890c626ebd90e361e63,success
inertiajs/inertia-rails,4333325143,Production,2026-04-10T21:36:22Z,3e58d762b19021fc5ae7dc42c4ce028c4c60c3b2,success
Muesli-HQ/muesli,6922211030,Production,2026-10-07T22:17:17Z,fc45f6edbba8b675d02b6eeada1df4828d637328,success
Muesli-HQ/muesli,6915495799,Production,2026-10-07T16:40:45Z,d9ef2ace6f0eca41dd76302a32ea57d4ca65a4ce,success
Muesli-HQ/muesli,6910440704,Production,2026-10-07T12:53:46Z,82acae48253dc48a93305bbcd225453815f3537c,success
Muesli-HQ/muesli,6891867765,Production,2026-10-06T18:19:09Z,e9358e69ff838b7f606b76b5de1cd7d4cfd5501c,success
Muesli-HQ/muesli,6884552246,Production,2026-10-06T12:57:40Z,308b37482b3d3a7b7f2519feaea2f2cd1f46963b,success
Muesli-HQ/muesli,6879803652,Production,2026-10-06T08:54:58Z,00056b153a3f5571b64f613376f9193f2635d9c7,success
Muesli-HQ/muesli,6877433298,Production,2026-10-06T06:38:43Z,ea8113811db73765dc6a17c4cc75e78e34f4fde7,success
Muesli-HQ/muesli,6867081111,Production,2026-10-05T18:39:45Z,8d3188397a568209b17ab2f78886e5776762641e,success
Muesli-HQ/muesli,6845670421,Production,2026-10-04T19:32:33Z,906df1c743642546a2e9cb8a43a9797c31186a28,success
Muesli-HQ/muesli,6838777055,Production,2026-10-04T08:33:58Z,85ed3f891061c5bdeb05f7fed3601bb140450973,success
Muesli-HQ/muesli,6838333333,Production,2026-10-04T07:43:53Z,8cdc6c533c816cbc9c083ca1654121818f011946,success
Muesli-HQ/muesli,6837994350,Production,2026-10-04T07:02:24Z,7189ccb9c9959d50254d068529fac072a287a674,success
Muesli-HQ/muesli,6792864769,Production,2026-10-01T19:06:46Z,398d98d0156c158cc5c9f030164723aaedb2762c,success
Muesli-HQ/muesli,6782613763,Production,2026-10-01T11:03:57Z,ea16a6310298af9497f5ddbe66c5a80aefdd83d0,success
Muesli-HQ/muesli,6781736528,Production,2026-10-01T10:14:33Z,e009d24ddd477eaa07bc8f1a02bfd222d1ba6470,success
Muesli-HQ/muesli,6752393473,Production,2026-09-30T05:40:04Z,2ba4519c7397b446c98986dc8c7e068c6e0378d5,success
Muesli-HQ/muesli,6658995319,Production,2026-09-25T10:46:13Z,d457aaf94691a73afd2867f5a6ca7fdd203044db,success
Muesli-HQ/muesli,6631379699,Production,2026-09-24T06:07:16Z,fea4e70efdcd4adfbd2a3e3f2c0897df0af8a08b,success
Muesli-HQ/muesli,6601409010,Production,2026-09-22T21:46:03Z,f29f7cdd9aa1d94ab413c24b84d0b9514c32c8fb,success
Muesli-HQ/muesli,6568276761,Production,2026-09-21T12:24:09Z,6dae612b45d7aa8b4ca3c24c682b577bc475c4a9,success
Muesli-HQ/muesli,6521954276,Production,2026-09-18T09:59:22Z,48e7a84b6e906e93ce85db52a65b89e8b7e3c9df,success
Muesli-HQ/muesli,6468117294,Production,2026-09-15T20:45:59Z,8fe5a3e18974f8672db3fdec4d4d5dba493e7c12,success
Muesli-HQ/muesli,6438801175,Production,2026-09-14T14:05:42Z,05eb305db67d4b39beabf70388dc790d4d6c5a12,success
Muesli-HQ/muesli,6387799839,Production,2026-09-11T06:31:40Z,d6b03d13cecc28b924267dbe7389386ee87a7da6,success
Muesli-HQ/muesli,6365030366,Production,2026-09-10T05:11:10Z,ace42353755722b6b52274b25009ec50a9c3554f,success
Muesli-HQ/muesli,6359601528,Production,2026-09-09T21:23:38Z,1404efa8591f5d974e3b8b7efef761fda2a6aa79,success
Muesli-HQ/muesli,6348349303,Production,2026-09-09T11:10:50Z,9148377ddef842400538a72450c0d46bbe13d47a,success
Muesli-HQ/muesli,6342992992,Production,2026-09-09T05:10:33Z,74be939009340aa3469a5ee2d791992d5fd2901d,success
Muesli-HQ/muesli,6328668061,Production,2026-09-08T13:26:46Z,6a422120831213a79dd61f08717f9935fbaf9c80,success
Muesli-HQ/muesli,6326816544,Production,2026-09-08T11:43:57Z,649b10f028dc246555a13091686e0254b890d88a,success
Muesli-HQ/muesli,6323977950,Production,2026-09-08T08:47:29Z,ddc383c5271857bda853ed5d9e0a86c0793d382b,success
Muesli-HQ/muesli,6315245942,Production,2026-09-07T19:49:01Z,31fb39b40ce7224d48aefeb1d6807ea39b5a9052,success
Muesli-HQ/muesli,6312239447,Production,2026-09-07T16:00:28Z,0403c2ad6db9d5c6dcea4aec5e069576f7413a54,success
Muesli-HQ/muesli,6307842776,Production,2026-09-07T11:37:21Z,90708a62bfbb63bf81f2a18b965cebb60d68b563,success
Muesli-HQ/muesli,6304262946,Production,2026-09-07T07:47:14Z,ef76c7455e0b2a3c97d40584752a5c60e403ef8f,success
Muesli-HQ/muesli,6297891874,Production,2026-09-06T20:57:15Z,af8216136cfd667955aabc393f584a3af1883216,success
Muesli-HQ/muesli,6241373049,Production,2026-09-03T09:53:31Z,4e32a481b729a1e6dd1ac55a334c8fc1971eb1bc,success
Muesli-HQ/muesli,6238435543,Production,2026-09-03T06:39:04Z,f835364667967c6fee43a4857cd34c02d748c072,success
Muesli-HQ/muesli,6200334892,Production,2026-09-01T11:37:24Z,a070956a4e2dd1c044cb4c045918b402aa6b8972,success
Muesli-HQ/muesli,6188147931,Production,2026-08-31T19:34:22Z,3e5bce08c89abe9a831fd866b20d4849be641737,success
Muesli-HQ/muesli,6166360258,Production,2026-08-30T11:58:34Z,40ccbc291d08c069bf522d9fac6119b344713059,success
Muesli-HQ/muesli,6129871744,Production,2026-08-27T19:45:57Z,50c9b8577eb0ad104bc6a54c98158205e3e0e6d9,success
Muesli-HQ/muesli,6124195433,Production,2026-08-27T14:01:28Z,cec3d86d0cd5ede0a69398347d433eb52cd52058,success
Muesli-HQ/muesli,6120156871,Production,2026-08-27T09:33:35Z,706f8a467f9039a2d46a9f6128e6dc0b8a1e7aba,success
Muesli-HQ/muesli,6119333488,Production,2026-08-27T08:35:56Z,65502504ac259136c05c0c31ee0410fd0ce11ed7,success
Muesli-HQ/muesli,6091430129,Production,2026-08-25T20:24:02Z,3f236442bc76f41e7733cf718b45e684c179541e,success
Muesli-HQ/muesli,6084260258,Production,2026-08-25T13:33:14Z,1bae470dd32f6c39d846dd6bc6eb33eed3b9403e,success
Muesli-HQ/muesli,6078361603,Production,2026-08-25T07:15:58Z,f9c984d49be08f0d6aa3ca1fba13aad0e524fccf,success
Muesli-HQ/muesli,6033219850,Production,2026-08-22T04:32:40Z,d931836b9223ec203a6e1c86cf0a3ad94026104b,success
Muesli-HQ/muesli,6028143595,Production,2026-08-21T19:45:30Z,ec3724b8fbf61928f66a0dc7f1cf3394c223fbcd,success
Muesli-HQ/muesli,6022441113,Production,2026-08-21T13:33:59Z,beb4944d8b80fbf3a16c57dc373c53e06f1f04b2,success
Muesli-HQ/muesli,6021266588,Production,2026-08-21T12:17:57Z,f66ae8a2cbfde2e9b52bfd58fffafd357036590f,success
Muesli-HQ/muesli,6009994164,Production,2026-08-20T20:19:11Z,e65b9c4f5c07d7eedcde66c2be3734b0c13a59ac,success
Muesli-HQ/muesli,5988835050,Production,2026-08-19T18:42:30Z,d61fb7f419a2d6924c002ebabbf210ce02750fa1,success
Muesli-HQ/muesli,5986210308,Production,2026-08-19T16:01:55Z,9dcf962a3d4faa30a9017713a15c7af397bed2c9,success
Muesli-HQ/muesli,5983879968,Production,2026-08-19T13:54:26Z,b5430b4f25c08c38bc333f161c802a6386815e7a,success
Muesli-HQ/muesli,5983404175,Production,2026-08-19T13:27:46Z,f44b23803e7ca71e26b411b8716aee6ebe77cae1,success
Muesli-HQ/muesli,5982516879,Production,2026-08-19T12:35:34Z,618f531e1a33f1f59881ced0fcc0676a2690584e,success
Muesli-HQ/muesli,5981284639,Production,2026-08-19T11:16:49Z,34d01b1feb77e48dbed13d45602731ceaea589d2,success
Muesli-HQ/muesli,5971182974,Production,2026-08-18T21:00:16Z,886e37734b696a9a7f4db9bb0f1c7285836f257a,success
Muesli-HQ/muesli,5970373747,Production,2026-08-18T20:08:10Z,4f0f7cc84425b54d635c8bd10612b400a57e11ef,success
Muesli-HQ/muesli,5969892527,Production,2026-08-18T19:37:21Z,b6e33f41963ad180ac91d30f6c516f8ce2d77701,success
Muesli-HQ/muesli,5963900973,Production,2026-08-18T13:38:22Z,c0a73d7a9c3b6f395f31368e38d784de5b1957b9,success
Muesli-HQ/muesli,5962956906,Production,2026-08-18T12:44:33Z,5e3d88082c84cee9c818b7584c03abac6ff7d5b9,success
Muesli-HQ/muesli,5960189154,Production,2026-08-18T09:46:57Z,cb3c07e006d6cbf79b28b0798cc68683b56b41ae,success
Muesli-HQ/muesli,5957729715,Production,2026-08-18T06:55:24Z,1593a441f202a44be7a0d661ec480d0bfd38816c,success
Muesli-HQ/muesli,5956094045,Production,2026-08-18T04:23:57Z,b9109433dc23a8f16a763e709581f1457dc793a1,success
Muesli-HQ/muesli,5951186615,Production,2026-08-17T20:54:49Z,abb308714912f3ed17baa2b0f39d144bcf5115db,success
Muesli-HQ/muesli,5950381318,Production,2026-08-17T20:02:35Z,897d3e73f77a5b037efa53b497610d7239a34afd,success
Muesli-HQ/muesli,5948555232,Production,2026-08-17T17:59:54Z,48e97a70ec909a4a1d043c6c354d99c94813ad5b,success
Muesli-HQ/muesli,5934668984,Production,2026-08-16T19:36:49Z,2c39c08cc71416f74a5ff2e848757cc606d934a7,success
Muesli-HQ/muesli,5932179801,Production,2026-08-16T14:54:38Z,1cbf95c5551199987f7a19ef433c068053bb031c,success
Muesli-HQ/muesli,5928792743,Production,2026-08-16T07:34:58Z,4b504f3eeb2211fda6237dcf2d26ecd0dee9f1ce,success
Muesli-HQ/muesli,5927503785,Production,2026-08-16T04:14:58Z,889c1b6575d3a5cd82c2810a582141e047b21dfc,success
Muesli-HQ/muesli,5923163652,Production,2026-08-15T18:02:06Z,3f99fcc9f9a68397eb5f4343aa70932c72adbbef,success
Muesli-HQ/muesli,5917146816,Production,2026-08-15T04:32:09Z,927a9d261112d8deb9134fde370cf9669a3419e5,success
Muesli-HQ/muesli,5907048199,Production,2026-08-14T13:33:11Z,83da38c304f19da80149d9e6fe5aab60bcac8843,success
Muesli-HQ/muesli,5905597876,Production,2026-08-14T11:50:22Z,c0065a6d188c26bea97171b462d3bd0a341d12ee,success
Muesli-HQ/muesli,5894373320,Production,2026-08-13T19:09:41Z,94f3b4acaeeeae33fca440d6bc735ede17cf20ce,success
Muesli-HQ/muesli,5878461464,Production,2026-08-12T22:30:44Z,163584511638f36d8ee679ebad53d1503ee1ad1b,success
Muesli-HQ/muesli,5875050125,Production,2026-08-12T18:30:03Z,a25381183c49133dd9630eff626bcb2975109d46,success
Muesli-HQ/muesli,5867490786,Production,2026-08-12T10:29:21Z,d793858d53245cf6d475d36dc9a5b3af98079c2b,success
Muesli-HQ/muesli,5866396402,Production,2026-08-12T09:10:38Z,51503d06fa1a92d16d6b1be0599c51408a788543,success
Muesli-HQ/muesli,5851574846,Production,2026-08-11T13:39:28Z,ee4b941d13da99c0c0ad33c444e04d9d8ef81bf3,success
Muesli-HQ/muesli,5832252583,Production,2026-08-10T12:47:41Z,5d8be7a527d23b252cc4e8a9709714fdb68c4004,success
Muesli-HQ/muesli,5831085631,Production,2026-08-10T11:27:02Z,5c6c98048e84581b162544e243fb9d2a2a83ce5a,success
Muesli-HQ/muesli,5814973820,Production,2026-08-09T03:05:38Z,b4b092d6255d7b30657a510d82260191c3006876,success
Muesli-HQ/muesli,5808573516,Production,2026-08-08T12:13:45Z,f303b8197c906be31531f2544f4cdc06567aca9b,success
Muesli-HQ/muesli,5808308879,Production,2026-08-08T11:35:33Z,74a13ac493dd7f435d4d4ae80634ae5cf7d73aee,success
Muesli-HQ/muesli,5801403236,Production,2026-08-07T20:19:09Z,c37282033b8df1c4734d0a5cffd4081cb0433102,success
Muesli-HQ/muesli,5768589613,Production,2026-08-05T20:07:46Z,fc8784591c1ddc10d01e09cfc9f2d413955800e6,success
Muesli-HQ/muesli,5742031740,Production,2026-08-04T10:23:06Z,fd0d4984d769408474cccdb3411d8365ffcbc672,success
Muesli-HQ/muesli,5711788161,Production,2026-08-02T07:24:49Z,1b4baaceec7aede05080498b702248f7e2e074f9,success
Muesli-HQ/muesli,5703373381,Production,2026-08-01T09:29:08Z,25a138b5497b6aae2e09a8e744586f56c1332d1a,success
Muesli-HQ/muesli,5703146000,Production,2026-08-01T08:51:16Z,5ee5c6793631650c2c0b6521832d9d6c253b9484,success
Muesli-HQ/muesli,5702656210,Production,2026-08-01T07:31:21Z,535a8feb0b79e7136b863f418cfd5fc8422a0ec2,success
Muesli-HQ/muesli,5701710152,Production,2026-08-01T04:48:05Z,53b0387e1302b566459b27967790c7d4dfeb6570,success
Muesli-HQ/muesli,5695269794,Production,2026-07-31T17:04:52Z,141ad0b807292dec13f33c5d1a63474e9aad9b26,success
Muesli-HQ/muesli,5687470412,Production,2026-07-31T06:38:50Z,b718dae78fae09f32db21f1c00a586d9024f949d,success
Muesli-HQ/muesli,5676166521,Production,2026-07-30T14:04:05Z,c38ad13170dabf7618d60ae685e1efdba34894b3,success
Muesli-HQ/muesli,5668832483,Production,2026-07-30T03:57:27Z,a996d866bedcbe697f880f6b45950bda264f78e0,success
Muesli-HQ/muesli,5650195543,Production,2026-07-29T01:24:57Z,e15e9fe08b43404ed501e3a05e97ecfa8a1947d2,success
Muesli-HQ/muesli,5607004649,Production,2026-07-26T03:32:35Z,76e244a61770100b9b1c317eaf6dc936c9a7942e,success
Muesli-HQ/muesli,5546270512,Production,2026-07-21T21:46:52Z,f373f309c06b89b103d76e98cad521fd4fa2b998,success
Muesli-HQ/muesli,5495402456,Production,2026-07-17T20:38:31Z,e0d6d7fada714be3f803fb17b24aafbafaafbd30,success
Muesli-HQ/muesli,5451876034,Production,2026-07-15T04:52:59Z,9e090f2862cd264b90dd4f38ebdacfbb9c368822,success
Muesli-HQ/muesli,5448076697,Production,2026-07-14T21:26:54Z,edce417fd6e2252e7424019de6b6091e2b26f83d,success
Muesli-HQ/muesli,5447222702,Production,2026-07-14T20:18:05Z,885a9b05d707234f743bc5ad98294f6ba4aae5e6,success
Muesli-HQ/muesli,5445828779,Production,2026-07-14T18:28:12Z,49ad36bdd2dca18c843063d18553306c978755e5,success
Muesli-HQ/muesli,5444647145,Production,2026-07-14T17:00:53Z,193ddaf75c8f132ac2c9c3becef092c84e4a7d7b,success
Muesli-HQ/muesli,5432062482,Production,2026-07-13T22:08:27Z,20e9f51b14134205257b7a684e519207ef5426d2,success
Muesli-HQ/muesli,5417830004,Production,2026-07-13T01:03:08Z,aef96509fa4a6b0fec932e93da639aa65491bc0b,success
Muesli-HQ/muesli,5414950445,Production,2026-07-12T18:14:31Z,1829f1d9724b55d099ae0b803160fd317fb2a21c,success
Muesli-HQ/muesli,5409207863,Production,2026-07-12T02:40:04Z,2c36d960fa18d57c9f9ca9b1a14fb839ee78cb02,success
Muesli-HQ/muesli,5400280998,Production,2026-07-11T03:01:37Z,9b8e75ad1a4f17dfea26938f359dc6c9a55404b0,success
Muesli-HQ/muesli,5398124126,Production,2026-07-10T21:43:54Z,f5181fe5caa5f2c5702a72cc3e3c53adf30142d0,success
Muesli-HQ/muesli,5387788962,Production,2026-07-10T06:58:06Z,4e83e8c6673ae602bd2037c5bff603a88c227b5d,success
Muesli-HQ/muesli,5372216933,Production,2026-07-09T06:40:56Z,8558b833a387efb7c24458c14cbc3422a537d5f6,success
Muesli-HQ/muesli,5372102662,Production,2026-07-09T06:27:53Z,f215925edef21a9624fc7da1e8ed267859270054,success
Muesli-HQ/muesli,5365198812,Production,2026-07-08T18:03:58Z,503de73283e72b48c2c7940dd5b66c949ec3d941,success
Muesli-HQ/muesli,5357646351,Production,2026-07-08T08:26:57Z,c40f82df7b74f745cd811be0211a4815a9138e33,success
Muesli-HQ/muesli,5356767804,Production,2026-07-08T07:05:58Z,df4a313d436da632f76ae176ff54a5cfa0594366,success
Muesli-HQ/muesli,5353815250,Production,2026-07-08T00:53:17Z,51154ec696811b99e2c51583793389c9ebcdecf0,success
Muesli-HQ/muesli,5351238128,Production,2026-07-07T20:28:14Z,fe2bf251a9e391cc52b06add0dae77986c8d4b0a,success
Muesli-HQ/muesli,5335053910,Production,2026-07-06T19:52:41Z,fba4f783e3fd96b30cfe7e8538a1895be3d7f1d1,success
Muesli-HQ/muesli,5322381218,Production,2026-07-05T23:10:50Z,d8739a489afd8362e0a932c36fc7b5df7d90e6ee,success
Muesli-HQ/muesli,5314362602,Production,2026-07-05T00:12:33Z,3c95f2c118e74ed9ee4cef105669a39645fada24,success
Muesli-HQ/muesli,5313849999,Production,2026-07-04T22:29:30Z,a53b4ef087a1dc8a23a585d6e7913d928501436e,success
Muesli-HQ/muesli,5304959969,Production,2026-07-03T21:23:29Z,17a013a12964cb3c8545cdeb466466d91ef02113,success
Muesli-HQ/muesli,5296825926,Production,2026-07-03T08:26:03Z,9a91db7c32cfe76fc4077a008b22337c2719a9a9,success
Muesli-HQ/muesli,5291641611,Production,2026-07-02T21:47:07Z,2adfe6464a05371ec89a50f167eb4601a9dcac2f,success
Muesli-HQ/muesli,5288842738,Production,2026-07-02T17:51:31Z,af30bd0983bd57980188b2d21678c924feee13df,success
Muesli-HQ/muesli,5259125662,Production,2026-06-30T18:59:20Z,699b411c3af36fcd33dd1deed2a4bc4ea34fc378,success
Muesli-HQ/muesli,5246379771,Production,2026-06-29T22:34:27Z,c98e652d67c776e43182dcc346cf4a58b724c0c1,success
Muesli-HQ/muesli,5244204375,Production,2026-06-29T19:12:09Z,0fe18db6786015f131da89ac3ebf75756e405f4a,success
Muesli-HQ/muesli,5235991303,Production,2026-06-29T07:56:08Z,68162771ad02d3bc2536db3c989ae2fc030e6bc7,success
Muesli-HQ/muesli,5208273787,Production,2026-06-26T09:40:00Z,b2ca72bfd44b71e567bff01a4f2b5149af04117b,success
Muesli-HQ/muesli,5208055851,Production,2026-06-26T09:19:04Z,4a3aa5d3ce86ef90c60bb5b3e95c54d99f82cc5a,success
Muesli-HQ/muesli,5207836762,Production,2026-06-26T08:58:42Z,71b57ad0034dd25710c5fc73141d08590865b019,success
Muesli-HQ/muesli,5207138535,Production,2026-06-26T07:47:48Z,6b68749ff2e824a60aa21fbae81a3324362d8afc,success
Muesli-HQ/muesli,5206712046,Production,2026-06-26T07:01:42Z,4a5b2ff020d386c8ee132e2291d8eb14a9211b39,success
Muesli-HQ/muesli,5193138807,Production,2026-06-25T08:44:46Z,c25ead3c0f6efc03f7208692170bd29712fc9c2e,success
Muesli-HQ/muesli,5189640145,Production,2026-06-25T01:31:16Z,445124ac6028df58a6f62e99cf36e323978a5492,success
Muesli-HQ/muesli,5189368781,Production,2026-06-25T00:52:16Z,2feb811792475aec27310c880c21294c55e42bbe,success
Muesli-HQ/muesli,5188234908,Production,2026-06-24T22:19:54Z,68fc0b4ac99a2cee71bb7865a130325e03a0dcb6,success
Muesli-HQ/muesli,5186613485,Production,2026-06-24T19:50:28Z,d2a0b6853edbd46abf954fa7c6f9bfe9fb04e643,success
Muesli-HQ/muesli,5173467794,Production,2026-06-23T22:44:01Z,944ea02c5e7cb387dda24349a2e17257684f9186,success
Muesli-HQ/muesli,5161002232,Production,2026-06-23T04:18:34Z,1d3171f660e596efa2c78810570556787feaefb7,success
Muesli-HQ/muesli,5145087466,Production,2026-06-22T00:49:21Z,5182043e64826b7887322c22c28ff746de8d4bc7,success
Muesli-HQ/muesli,5139106953,Production,2026-06-21T07:25:27Z,82840e07dc97fcc630c5d2345893900f73384004,success
Muesli-HQ/muesli,5136984637,Production,2026-06-20T23:21:33Z,0b59d9073c4894a4c266c4678919622212a05107,success
Muesli-HQ/muesli,5136710110,Production,2026-06-20T22:25:47Z,a00fadba26e4f56d71cb058c627839e89abb9b7c,success
Muesli-HQ/muesli,5135846353,Production,2026-06-20T19:58:05Z,7ba2db676e474f5e50fb3c47f543dbc4c8ba701f,success
Muesli-HQ/muesli,5135075838,Production,2026-06-20T17:46:24Z,274f5eb4935aa31dff39917a4ae5d8f2d7d983d5,success
Muesli-HQ/muesli,5074903724,Production,2026-06-16T05:26:52Z,b148b5e75b25f4e6a7016404cd8d78c63980c9e8,success
Muesli-HQ/muesli,5070331462,Production,2026-06-15T20:08:57Z,909be626bcd33c73038dd74d239f1913e1e3483e,success
Muesli-HQ/muesli,5060256460,Production,2026-06-15T05:33:10Z,fec8ab54334097a5e223f5733577f4cda6738ae6,success
Muesli-HQ/muesli,5041194836,Production,2026-06-12T21:27:02Z,7a1fd2d5d555e03848e5502a27bb821bee53ce03,success
Muesli-HQ/muesli,5033097747,Production,2026-06-12T09:42:08Z,276eca4508780854ce4cb68f34702f92d0672af2,success
Muesli-HQ/muesli,5031605905,Production,2026-06-12T07:21:24Z,59f539931525cc01f15e8b068f9f2fa4a5147c91,success
Muesli-HQ/muesli,5027869318,Production,2026-06-11T23:03:49Z,216334a9bf3c9a37ff86d1fdb0e0630e815e2471,success
Muesli-HQ/muesli,5020790149,Production,2026-06-11T13:32:21Z,9e4e79667a1926234c4847d5b114908d0af8bc99,success
Muesli-HQ/muesli,5000566143,Production,2026-06-10T06:34:49Z,8b048f91162699d18433c458d7d60df7330cdfd7,success
Muesli-HQ/muesli,4997549535,Production,2026-06-09T23:52:27Z,5f3d6914471493691815fa5dbb463260a06e5476,success
Muesli-HQ/muesli,4985798221,Production,2026-06-09T07:02:55Z,89d6b69282ea72d71e121fcf2b4618f4b1a62abf,success
Muesli-HQ/muesli,4981882658,Production,2026-06-08T22:13:28Z,f03f88f8de3b97aa44cd8ff0b49a529b3267d74e,success
Muesli-HQ/muesli,4981719500,Production,2026-06-08T21:56:00Z,ea76d253b52bd3aac04e7f8dc6bd9ea4bef54121,success
Muesli-HQ/muesli,4967457814,Production,2026-06-07T20:23:17Z,c4c38c5b032a3364824cccbc0128c82ec9cb820a,success
Muesli-HQ/muesli,4959958953,Production,2026-06-06T20:14:59Z,c3fa8c7c38e9ee9079b86126f50e00b08851840f,success
Muesli-HQ/muesli,4959688882,Production,2026-06-06T19:26:49Z,4a5932c704ffee9dc6e81670b8fa8bfd53bd5a52,success
Muesli-HQ/muesli,4866756232,Production,2026-05-29T19:24:26Z,3af79eb00dce44cd83d9e23466328ff46d91cbc1,success
Muesli-HQ/muesli,4851640155,Production,2026-05-28T16:42:50Z,d286c10542ec75b2048681f1dd418bb19a2e37ce,success
Muesli-HQ/muesli,4850415560,Production,2026-05-28T15:03:43Z,346397289913b57207deb60596117a7673c7a89c,success
Muesli-HQ/muesli,4850369033,Production,2026-05-28T15:00:19Z,ea9833113f1aa625ded07964f8e63e92daa498e4,success
Muesli-HQ/muesli,4845116292,Production,2026-05-28T07:01:32Z,fd9d585fc41035eab90384bd65cb800463378ef6,success
Muesli-HQ/muesli,4843986123,Production,2026-05-28T04:26:16Z,053f6757a4fec2a57893b392c8861b276e26c477,success
Muesli-HQ/muesli,4838780704,Production,2026-05-27T18:10:17Z,52bc6e7883b6434a505ef9d0abe7bfaafc2ed485,success
Muesli-HQ/muesli,4838750788,Production,2026-05-27T18:07:32Z,ab1bc45e7ea9441c2676991a1f05e9d22a7ca4a9,success
Muesli-HQ/muesli,4838733336,Production,2026-05-27T18:05:58Z,4cf2f6a466f4597f1c5fe7cd9b670f9892f95e87,success
Muesli-HQ/muesli,4838371269,Production,2026-05-27T17:33:56Z,75a41f3ce5f3b3ddd0c0cd2e9853ff06150ecbfb,success
Muesli-HQ/muesli,4832699871,Production,2026-05-27T09:26:57Z,5af363ca6232ebafff81c9514b73ce5bf3b66e5b,success
Muesli-HQ/muesli,4823590380,Production,2026-05-26T16:15:49Z,4e543b7ae504c9bb8e874e63b32365031344eca9,success
Muesli-HQ/muesli,4821045283,Production,2026-05-26T13:07:36Z,91ff5a5043715ece901842e97542604532706717,success
Muesli-HQ/muesli,4819660814,Production,2026-05-26T09:49:34Z,34c7d296ca3cbffa454c8f5199734aebf1d6c14c,success
Muesli-HQ/muesli,4818383147,Production,2026-05-26T07:47:41Z,a23482266164e5e21f11e75ecdd34ed3550663a1,success
Muesli-HQ/muesli,4812652952,Production,2026-05-25T18:30:24Z,8016b1d4719936566a27cfef5b4d5ca01a2f6e89,success
Muesli-HQ/muesli,4812559393,Production,2026-05-25T18:19:40Z,3effbea59656a89818299741e5bea4df4a11d474,success
Muesli-HQ/muesli,4812549166,Production,2026-05-25T18:18:26Z,e6b9be6b87293278942a2e21a06f1030d34d2e38,success
Muesli-HQ/muesli,4812160604,Production,2026-05-25T17:33:38Z,b6c80115f5e6e8f82913c75d0e8cb0fe6680faad,success
Muesli-HQ/muesli,4811659479,Production,2026-05-25T16:36:22Z,d7fe7af7b24cdc11ebfc0c132b0a146f2c5bde4a,success
Muesli-HQ/muesli,4805623499,Production,2026-05-25T04:49:38Z,9850e9ca991c1ade4fcf0e3da56e1ae89a0c8089,success
Muesli-HQ/muesli,4805593963,Production,2026-05-25T04:44:26Z,08334f2d08403e01b69af5ff1149e967439f5706,success
Muesli-HQ/muesli,4805325157,Production,2026-05-25T03:56:14Z,a213df0d71601173dd640564dba6363e77ec9e52,success
Muesli-HQ/muesli,4803419990,Production,2026-05-24T21:56:25Z,0c4a3a0cdcf9f3d07bab8153d5ac6320fbc86d1a,success
Muesli-HQ/muesli,4803070105,Production,2026-05-24T20:52:04Z,f136f08375f15dc13d35a4839b475ebe8948b4f9,success
Muesli-HQ/muesli,4802444686,Production,2026-05-24T19:07:39Z,c31a4d86005e436836bb5e9b95722ed825ede225,success
Muesli-HQ/muesli,4788480146,Production,2026-05-22T21:01:13Z,fc9c836c84d52cccf5e7d8e293681d6adac43ecf,success
Muesli-HQ/muesli,4785182431,Production,2026-05-22T15:30:53Z,e43b309d7c15695e0945f5ce62e836f234e9b018,success
Muesli-HQ/muesli,4774021343,Production,2026-05-21T18:26:27Z,3915bbed1d38d671e0eed07bf6fae17e9cb180d9,success
Muesli-HQ/muesli,4773497081,Production,2026-05-21T17:39:02Z,c8d4a34b1ae217ae4f29f031633cc6503caa2b6e,success
Muesli-HQ/muesli,4769069187,Production,2026-05-21T11:40:55Z,cc442b118b156606a5a450453922a2e7b5592071,success
Muesli-HQ/muesli,4765198762,Production,2026-05-21T04:55:35Z,b639951fbb87d537f8249bf292edd6c9d6ccb163,success
Muesli-HQ/muesli,4747790135,Production,2026-05-19T20:23:01Z,a1d4a9c1715b0621e6b09efe3bd9454367d802e3,success
Muesli-HQ/muesli,4723694698,Production,2026-05-18T04:20:18Z,5e1fa3024cdd2c805e32cc206c58358ac2b1292b,success
Muesli-HQ/muesli,4697701260,Production,2026-05-15T06:19:30Z,99643a160afb88484df20c7aa90cbe3b3f8dec69,success
Muesli-HQ/muesli,4690901644,Production,2026-05-14T16:16:34Z,0be237ae0bd8ec1ea590b251b5c390b504651e96,success
Muesli-HQ/muesli,4686969150,Production,2026-05-14T10:14:57Z,29bdc6f85dfab5244d67dd035dcb54d44fa7828d,success
Muesli-HQ/muesli,4684593751,Production,2026-05-14T05:33:24Z,db6ed6ee4794e78feecf272e6cfd27d62a3a4b81,success
Muesli-HQ/muesli,4678495201,Production,2026-05-13T17:16:09Z,1a82d29bbdc7c3a636e6031a61547ccf993f8770,success
Muesli-HQ/muesli,4664461874,Production,2026-05-12T16:52:43Z,690af8dde4cbd4b048678e8154ed2e911308cc23,success
Muesli-HQ/muesli,4656331030,Production,2026-05-12T03:43:46Z,9a7c9b62115ae172926c51aac8a4c6e0fb61c053,success
Muesli-HQ/muesli,4655166003,Production,2026-05-12T00:44:33Z,27e03bed53479ab36ee033db17a9a7db9603630f,success
Muesli-HQ/muesli,4654781598,Production,2026-05-11T23:45:52Z,7d95df5ff634b7322c2603d82e85c06e04662961,success
Muesli-HQ/muesli,4652769383,Production,2026-05-11T20:02:28Z,bae4f3591a399c8253070ea7cf5e96809b69f969,success
Muesli-HQ/muesli,4652724338,Production,2026-05-11T19:58:16Z,decc27bc3f92a09ffe7b24ebfc7a256aa84e9697,success
Muesli-HQ/muesli,4650253557,Production,2026-05-11T16:15:44Z,9bc6464d929dc01218e90d258b848a8956218857,success
Muesli-HQ/muesli,4643523024,Production,2026-05-11T05:24:36Z,635788cbdc0cfa3b6a2fe868550dc8ddce2f7fbb,success
Muesli-HQ/muesli,4643499460,Production,2026-05-11T05:20:57Z,9eaeecdd7f787f5dbddad603ceafb747c0d35a41,success
Muesli-HQ/muesli,4643495777,Production,2026-05-11T05:20:21Z,281b092345ed62b6345a3672a0ea1826bf268ee7,success
Muesli-HQ/muesli,4643346893,Production,2026-05-11T04:55:25Z,9e60ae7c9060fdca42f32957ebb77368bc578984,success
Muesli-HQ/muesli,4643277045,Production,2026-05-11T04:43:37Z,81fc6d34f8fd146854df3f130f09ac0294b467f4,success
Muesli-HQ/muesli,4643148100,Production,2026-05-11T04:22:24Z,77ae39efae102e7c8772ab0adb297ff0e3677ec0,success
Muesli-HQ/muesli,4639219634,Production,2026-05-10T16:06:52Z,f4fb1b207ed04f2f09e146828b10eaad2b6faa7a,success
Muesli-HQ/muesli,4638076055,Production,2026-05-10T12:38:23Z,7c0605b1b539d8c151ef5639c269b856f9730cb6,success
Muesli-HQ/muesli,4636904240,Production,2026-05-10T08:33:19Z,28fe238d16baff0f25599d3c49bd7f9df107bfb0,success
Muesli-HQ/muesli,4633804735,Production,2026-05-09T20:15:49Z,52a8008fc1b113c363b1d64fad9c3b629d22e0b5,success
Muesli-HQ/muesli,4631958371,Production,2026-05-09T14:39:35Z,f6532ece4d26dfc21bff3ed35e6181a4c3662761,success
Muesli-HQ/muesli,4629388207,Production,2026-05-09T05:38:29Z,799cfac8d6665fbc22a23dd3a8326c07bccb0e28,success
Muesli-HQ/muesli,4621491908,Production,2026-05-08T12:28:26Z,7565b3ef0ff4c1508672ec3be41db9d130165e2d,success
Muesli-HQ/muesli,4611514875,Production,2026-05-07T16:30:16Z,fad41aed3dbe411bb32ae9a8fded39aa414b467e,success
Muesli-HQ/muesli,4596197771,Production,2026-05-06T13:51:23Z,048004ec7d44a46231052c75afd9766f38c1159d,success
Muesli-HQ/muesli,4579254259,Production,2026-05-05T07:05:20Z,8910b7fc7a76011dda0a854ec55972c47a622739,success
Muesli-HQ/muesli,4569585667,Production,2026-05-04T11:39:08Z,1f558f95c3134f66f843b2444064fecd434c8aab,success
Muesli-HQ/muesli,4567090187,Production,2026-05-04T06:44:12Z,3d18cbbd86ca62497b59a8c57cf046f76e77f13e,success
Muesli-HQ/muesli,4560468863,Production,2026-05-03T09:27:44Z,d21e0f792ec17e75ffb1ed74cb6c6d2f6433cd02,success
Muesli-HQ/muesli,4560459675,Production,2026-05-03T09:25:35Z,069cd36d1f14e9dabee9bda9485cbc1793d65ecf,success
Muesli-HQ/muesli,4560400004,Production,2026-05-03T09:11:00Z,7516a8cb788c9fa45f85b90a32dac72d230729db,success
Muesli-HQ/muesli,4560095373,Production,2026-05-03T07:59:53Z,2f370b7d4051c715b8221ce935edd8cfb6b4c3d4,success
Muesli-HQ/muesli,4555024581,Production,2026-05-02T12:55:17Z,83501a9dd185e160321ba6888d59d49963889dcb,success
Muesli-HQ/muesli,4548444919,Production,2026-05-01T16:16:09Z,44e287def241441cb14309d1a0e151e949073b39,success
Muesli-HQ/muesli,4534659855,Production,2026-04-30T10:16:40Z,c0b95491b12d1cccf69fe49f3cf7042ee890f715,success
Muesli-HQ/muesli,4534638997,Production,2026-04-30T10:14:28Z,7acdf83ab05bb993c89ffa23c112a9ba64352031,success
Muesli-HQ/muesli,4534382224,Production,2026-04-30T09:47:04Z,ecc6b43ecf3200cc801c82fee8aae65ddc7989c3,success
Muesli-HQ/muesli,4534327759,Production,2026-04-30T09:41:26Z,15eeae7686e78eee5c0849e416c724bfd782abfd,success
Muesli-HQ/muesli,4534263185,Production,2026-04-30T09:34:32Z,ef593c18d7b6c0b9ce5153da71b140e3a1bef861,success
Muesli-HQ/muesli,4534205874,Production,2026-04-30T09:28:30Z,b436a394ef4ab2945340e7693eb78d7224d5a6a7,success
Muesli-HQ/muesli,4534155046,Production,2026-04-30T09:23:05Z,9058e9839960ec695c62d56a667b3f12f0b4b9f6,success
Muesli-HQ/muesli,4534045966,Production,2026-04-30T09:11:38Z,2b0a2daa40fa4b57d0330b0c662aeea7ee90a186,success
Muesli-HQ/muesli,4532659370,Production,2026-04-30T06:31:15Z,552c74944bf6067e52e479520a1b67001c213b2d,success
Muesli-HQ/muesli,4527935001,Production,2026-04-29T19:12:30Z,4eecf2fe27ab01a37b413eddb8591b3c29b11442,success
Muesli-HQ/muesli,4527231052,Production,2026-04-29T18:03:38Z,e3031026d8822e10b8ba0fcf1c29fd588b9a8fff,success
Muesli-HQ/muesli,4526012983,Production,2026-04-29T16:05:39Z,447efec1e9d8abcbe80fb47d17fd3f433b62c64b,success
Muesli-HQ/muesli,4525886595,Production,2026-04-29T15:53:39Z,8aba3b70b5f0ed4830a252e44498fc024d84e898,success
Muesli-HQ/muesli,4521257328,Production,2026-04-29T08:42:03Z,7dc9d53f3e39c4081e63b62d746715edceea18ac,success
Muesli-HQ/muesli,4521218320,Production,2026-04-29T08:37:59Z,3a26e177ddfb8494ad90843fad49aec41a285fbd,success
Muesli-HQ/muesli,4520890717,Production,2026-04-29T08:01:11Z,189fe1b0af8a0a7f40af2adc9fe9f50d8a16622c,success
Muesli-HQ/muesli,4520480171,Production,2026-04-29T07:13:14Z,f716f5499dda8a9fed5c6c0d7d0238668fb6c961,success
Muesli-HQ/muesli,4520317356,Production,2026-04-29T06:53:35Z,f16be624c13ad09efd7e5d93cb2fab838ca64026,success
Muesli-HQ/muesli,4519488342,Production,2026-04-29T04:46:50Z,6875757f0f6ff4b78b689d2710ceb90befbc3dda,success
Muesli-HQ/muesli,4516435306,Production,2026-04-28T20:57:30Z,8c9127ef17ebf31b79e1a9c6de9f54dff8d82f5f,success
Muesli-HQ/muesli,4507973370,Production,2026-04-28T07:27:56Z,0957d90eb561fed2b6d8fddf37b4886537a2732f,success
Muesli-HQ/muesli,4489820284,Production,2026-04-26T14:04:33Z,41fe00f248b469fef83b023aa62763dde52eebdb,success
Muesli-HQ/muesli,4489806734,Production,2026-04-26T14:01:58Z,a71df1ba3b679c519fd34f714bce339090a792ca,success
Muesli-HQ/muesli,4489783538,Production,2026-04-26T13:57:29Z,b5f82272f639ed423f5f255f6c43d36df12218b3,success
Muesli-HQ/muesli,4489565304,Production,2026-04-26T13:15:06Z,275034c1039f26b5e9e135059d85c381616b53c6,success
Muesli-HQ/muesli,4489404881,Production,2026-04-26T12:42:03Z,fe1bba8254f755db77b384538c7a850f3a91ae97,success
Muesli-HQ/muesli,4489379076,Production,2026-04-26T12:36:23Z,7dad7e3539a3ebea6248a0cf4ce24265786a8b3e,success
Muesli-HQ/muesli,4488387283,Production,2026-04-26T08:59:22Z,6089a86d4143b74f06a278a99f64a1b479ae872b,success
Muesli-HQ/muesli,4488369854,Production,2026-04-26T08:55:02Z,e1265a755dd7ec0a1a63572d3d483674381c8ad2,success
Muesli-HQ/muesli,4488348661,Production,2026-04-26T08:50:01Z,5fae1443e671de8bdb9b913170befbac0c5bd825,success
Muesli-HQ/muesli,4488262678,Production,2026-04-26T08:30:23Z,edac54b3a51268950735bfc950c49776b85a5bf8,success
Muesli-HQ/muesli,4488239338,Production,2026-04-26T08:25:24Z,8a26779c9bdad29f45ce8aad3c1f0fb6a5a5cf82,success
Muesli-HQ/muesli,4488210928,Production,2026-04-26T08:18:42Z,526336e5625f29a2e24e6e2f11b9f8cef9b8ac88,success
Muesli-HQ/muesli,4488180676,Production,2026-04-26T08:11:06Z,795d203c5942648984c2848d3bd5bd18013e186e,success
Muesli-HQ/muesli,4488027174,Production,2026-04-26T07:33:53Z,13785fbff6903024210d247ae6ca9a97516c629d,success
Muesli-HQ/muesli,4485021668,Production,2026-04-25T19:29:59Z,35d343162dba34d1114fe19fdbd577649a2492cf,success
Muesli-HQ/muesli,4484991339,Production,2026-04-25T19:23:42Z,2e1d44dc9c864f72a6b802103c83daf2c77190ae,success
Muesli-HQ/muesli,4484967410,Production,2026-04-25T19:19:23Z,7769ad650c18b30017d9f0fe39436bdfcbda9441,success
Muesli-HQ/muesli,4484943520,Production,2026-04-25T19:15:06Z,20eafb1b4a6051955bb1ccba5f74ac35271f8abf,success
Muesli-HQ/muesli,4484665255,Production,2026-04-25T18:20:46Z,2c9fac55ea9492f9e707e107f36f2327255984fd,success
Muesli-HQ/muesli,4477925861,Production,2026-04-24T19:48:11Z,9fcaf24af38570e940dd5284f6e2713ba90ce1f8,success
Muesli-HQ/muesli,4477921454,Production,2026-04-24T19:47:42Z,50a49631208a6457e180465d2b2c8041a748e86d,success
Muesli-HQ/muesli,4476604959,Production,2026-04-24T17:24:39Z,0f6cf2b2451fb54920da79ba2c47296371507eed,success
Muesli-HQ/muesli,4465067008,Production,2026-04-23T18:01:17Z,8883ea31778d20f30e648070d2e546b2e3f587ad,success
Muesli-HQ/muesli,4448361927,Production,2026-04-22T11:02:42Z,77592398d7884b815e9346be1d5b32970f3e4a98,success
Muesli-HQ/muesli,4435138787,Production,2026-04-21T09:15:19Z,d8ee47bd594a345e724084c9469e3a405c7b7860,success
Muesli-HQ/muesli,4429093043,Production,2026-04-20T19:28:04Z,22a52284bbf8fc20c039076cf1632df5bd140b94,success
Muesli-HQ/muesli,4429056078,Production,2026-04-20T19:24:25Z,09e5a74d9983a3dd2454c7eb96ea823ddb0c9fae,success
Muesli-HQ/muesli,4428820552,Production,2026-04-20T18:59:54Z,c9136745c87905b3d13201a4e5d04b93ba39dcc0,success
Muesli-HQ/muesli,4420579719,Production,2026-04-20T04:17:44Z,99488c570a77def6a7af627748aa6f3b6995d534,success
Muesli-HQ/muesli,4420571214,Production,2026-04-20T04:15:58Z,bd2e2572f3989fbef9f58f16f136e5d995b785e2,success
Muesli-HQ/muesli,4420550634,Production,2026-04-20T04:12:03Z,1d5425798a50680d024a26ba5478452b0ce65f9c,success
Muesli-HQ/muesli,4420237838,Production,2026-04-20T03:12:50Z,70352675b54835fbf3d190688300a8c4930e542a,success
Muesli-HQ/muesli,4415998545,Production,2026-04-19T13:43:13Z,38ef933710ab25cf7b360aa9f90c934db168054b,success
Muesli-HQ/muesli,4415933416,Production,2026-04-19T13:30:25Z,e2a815a3a02912e1130212a5d0a9f2bff36b9931,success
Muesli-HQ/muesli,4415762239,Production,2026-04-19T12:56:15Z,43394107826e4a63b084b897865b14a8ea68a507,success
Muesli-HQ/muesli,4415457022,Production,2026-04-19T11:53:55Z,d0b09344f8aa6c05c5de9aab4eede48b53780843,success
Muesli-HQ/muesli,4414983537,Production,2026-04-19T10:09:21Z,e05a0bdfb095f3b16634b025461530e503eeb3b3,success
Muesli-HQ/muesli,4414950215,Production,2026-04-19T10:01:31Z,bc10e890b5de854d55c4b82017b3118be0b334a6,success
Muesli-HQ/muesli,4414921801,Production,2026-04-19T09:54:48Z,9d6bc977c1bcf72479fd961885af74ccea97a1b9,success
Muesli-HQ/muesli,4412159536,Production,2026-04-18T22:07:12Z,f702cc882f7f0cfe65f5720c3d2c0b12be967ee4,success
Muesli-HQ/muesli,4412145745,Production,2026-04-18T22:04:21Z,e3779802595bbb147958f0cb7205100015a0f4d2,success
Muesli-HQ/muesli,4412047465,Production,2026-04-18T21:42:31Z,f6713d511f67bc1431178e05d5961c76fa03b354,success
Muesli-HQ/muesli,4412020830,Production,2026-04-18T21:36:31Z,85a8bfe7b6c647ba6555de00284a5771fce5ec0e,success
Muesli-HQ/muesli,4411907332,Production,2026-04-18T21:12:41Z,2851734b7516c2d7d2d56d722148419c217296f9,success
Muesli-HQ/muesli,4411863490,Production,2026-04-18T21:03:43Z,9d3c2deca74b97ba2f968c9c1c71151f3a1beb44,success
Muesli-HQ/muesli,4411857491,Production,2026-04-18T21:02:24Z,b883c82244544c4d68c0ebda6390041b08694f8d,success
Muesli-HQ/muesli,4411844765,Production,2026-04-18T20:59:45Z,cdd4b4e06c862a00fe56d90ce0cac59d5458fcb5,success
Muesli-HQ/muesli,4411747234,Production,2026-04-18T20:39:27Z,c238a0bdfdccf9c4e6b417a31e45b6900fa052ff,success
Muesli-HQ/muesli,4401105419,Production,2026-04-17T13:59:07Z,a474499204b0519c70f2afe9f5bb537415b7492e,success
Muesli-HQ/muesli,4400403963,Production,2026-04-17T12:52:11Z,de122bf54eef31626390596c2fcadfd704c26075,success
Muesli-HQ/muesli,4400301964,Production,2026-04-17T12:41:47Z,b9cc13dc9059ddc233f45d499b10812f56d538bc,success
Muesli-HQ/muesli,4399176187,Production,2026-04-17T10:38:32Z,1bfd8f041147ef39a9f59e16e23a8d2a7526b1bc,success
Muesli-HQ/muesli,4385746316,Production,2026-04-16T08:11:52Z,9dbef0e5397a60d4d848980b0ab8784eff118d50,success
Muesli-HQ/muesli,4380619376,Production,2026-04-15T19:42:35Z,170c1e69eb1cfcc56cc840f126bbf4b15f9a06a1,success
Muesli-HQ/muesli,4378207313,Production,2026-04-15T15:36:34Z,ec795eed7de8020733abeb90e0c285158bd4512c,success
Muesli-HQ/muesli,4375104899,Production,2026-04-15T10:38:31Z,f861371d03755abea2ff917c6876466ad69ff209,success
Muesli-HQ/muesli,4372782811,Production,2026-04-15T06:05:23Z,23834555e3c692af903f419631d7d3aa82b2f9ea,success
Muesli-HQ/muesli,4339271504,Production,2026-04-11T19:45:25Z,f5564bb9d556f9a1f52b98bd40faad72ed660967,success
Muesli-HQ/muesli,4328251768,Production,2026-04-10T12:24:54Z,1b52b8100269fe41dfaec77e027e742344b79668,success
Muesli-HQ/muesli,4328034510,Production,2026-04-10T12:00:25Z,62f60ac992f5893f632c9da2b35398a968e1e035,success
Muesli-HQ/muesli,4321349740,Production,2026-04-09T20:00:40Z,acc5f3e40cac8185b269b5d59746309470d6bfa6,success
Muesli-HQ/muesli,4321319435,Production,2026-04-09T19:57:23Z,38a3f77121b4efe670715e8ea94265734205a979,success
Muesli-HQ/muesli,4320891752,Production,2026-04-09T19:11:58Z,881eb0bec225d73fd4915e43420c194895bb0f3c,success
Muesli-HQ/muesli,4306940706,Production,2026-04-08T15:46:31Z,faf69399d398d54927bf750cc46583f26915fe16,success
Muesli-HQ/muesli,4302396057,Production,2026-04-08T08:00:18Z,cae3a1ecb639e7a4f22ca3e916fdf2e5c74eaa79,success
Muesli-HQ/muesli,4292479139,Production,2026-04-07T11:18:38Z,7a3107371fcea1cc990d7fd5318b194c12ffc958,success
Muesli-HQ/muesli,4231484874,Production,2026-03-31T16:18:15Z,d29f969a8c669ec840a464f80750157b65104116,success
Muesli-HQ/muesli,4230560530,Production,2026-03-31T14:52:00Z,8570971929ff69021aee44c6124ea145802b9e1d,success
Muesli-HQ/muesli,4203664430,Production,2026-03-28T15:09:12Z,fd78d8663bb79839eb517ee9b4a74d6046c31b26,success
Muesli-HQ/muesli,4194763879,Production,2026-03-27T13:45:36Z,6fbd698175bd50399cf9542263b2b6616031d16b,success
Muesli-HQ/muesli,4193903509,Production,2026-03-27T12:12:19Z,f55d4143826109ddc7776693140c94e014f49a30,success
Muesli-HQ/muesli,4192450299,Production,2026-03-27T09:15:50Z,e505c6a078bcff8dd2c5731a2bdd98e552a24089,success
Muesli-HQ/muesli,4187275372,Production,2026-03-26T19:09:09Z,a0692d83f6af98bf7fec1e3c0b0f28cd4bc8497d,success
Muesli-HQ/muesli,4182380526,Production,2026-03-26T10:47:09Z,c5e35c1c45836125dd9c3a589db739ab27580634,success
Muesli-HQ/muesli,4181004304,Production,2026-03-26T08:02:58Z,fd3059ed88a280a193dcdcd1674c61fd48ae829f,success
Muesli-HQ/muesli,4179631205,Production,2026-03-26T03:56:30Z,f831e6af094b767ce489de2572950f3b98b0556a,success
Muesli-HQ/muesli,4129951327,Production,2026-03-20T18:58:26Z,1f9f7543f27ccc73eef717a8f164e63b2c2e9e99,success
Muesli-HQ/muesli,4129567375,Production,2026-03-20T18:12:33Z,ad2c0525c8f193db77e6a0f1208e25b59eb302d7,success
Muesli-HQ/muesli,4128202602,Production,2026-03-20T15:39:12Z,759c40a5d68d3232e918989516def204d96b5f61,success
Muesli-HQ/muesli,4128128915,Production,2026-03-20T15:31:23Z,e799b27c1b7ca8e613bb6c458b017bdf540c8cd8,success
Muesli-HQ/muesli,4124329517,Production,2026-03-20T07:42:29Z,618cbda9faa2dbd1a6a70807c467e9981eb867ca,success
Muesli-HQ/muesli,4123997867,Production,2026-03-20T06:43:33Z,4c831bb35d1e7d5f7c9e5c195b8ff16403ffacd7,success
Muesli-HQ/muesli,4120728003,Production,2026-03-19T21:04:44Z,f299161b3b5c74c195fdf135c68ab49d68d1b74b,success
Muesli-HQ/muesli,4114930633,Production,2026-03-19T11:03:33Z,35f1327035bd727cb22f0fc4d6babb7f193fbedd,success
Muesli-HQ/muesli,4113403732,Production,2026-03-19T07:50:30Z,461d8a38dc0f62f6b25ebe583bca16ddfc5cceb9,success
Muesli-HQ/muesli,4113395709,Production,2026-03-19T07:49:19Z,18243416b66f6db8a08185964e85549889f81a99,success
Muesli-HQ/muesli,4113383575,Production,2026-03-19T07:47:30Z,96c9c6760285427e2547f0221d0caea2a2603ae4,success
Muesli-HQ/muesli,4113365496,Production,2026-03-19T07:44:41Z,3887b1f7759fac42bf361d9c9d2a010283d8f376,success
Muesli-HQ/muesli,4113229032,Production,2026-03-19T07:23:26Z,e0d124ce51dec3cc00abb9d9ecc615ff0a83d1a5,success
Muesli-HQ/muesli,4112789961,Production,2026-03-19T06:08:34Z,fb93f5acef04952adfe7b33031905a654307ed64,success
Muesli-HQ/muesli,4112775544,Production,2026-03-19T06:05:52Z,b706ad36b1c22f455715b61c1fe9223963e72019,success
Muesli-HQ/muesli,4112723716,Production,2026-03-19T05:55:47Z,d6ff96cc979593c115d65fd4426bea211ee0de03,success
Muesli-HQ/muesli,4112311434,Production,2026-03-19T04:36:15Z,909dbfa998cb9efdaf67c2404081aff2e5ddf30d,success
Muesli-HQ/muesli,4112284800,Production,2026-03-19T04:30:56Z,70f5fc9b8356a5cdf364b7a5615dd0a3048d64ce,success
Muesli-HQ/muesli,4112275164,Production,2026-03-19T04:29:11Z,bff477691a85a3280c02eddbebbffdaed4728ba4,success
Muesli-HQ/muesli,4112259462,Production,2026-03-19T04:25:56Z,77f22ba38f471d3a468e3176c583485d4a2a4a2f,success
Muesli-HQ/muesli,4112220763,Production,2026-03-19T04:18:08Z,ccef0d977fffb8d2c9d8d8c269739d6f70133e82,success
Muesli-HQ/muesli,4112050582,Production,2026-03-19T03:44:40Z,56a2d6218e90b973653699dae18dc3a78e05b167,failure
Muesli-HQ/muesli,4112028024,Production,2026-03-19T03:39:59Z,5ff2a7f2257f59773c0e30aaeec3d1f407bbd800,failure
Muesli-HQ/muesli,4112014795,Production,2026-03-19T03:37:32Z,0304d3710f505fc8bd4bbba209cb25328f611923,failure
Muesli-HQ/muesli,4101257263,Production,2026-03-18T05:20:46Z,a02e53b4258965216d9c0c94760bf3af0ccf02c7,success
Muesli-HQ/muesli,4100924055,Production,2026-03-18T04:15:59Z,fc745a5170fce833e02ba75e428ec3a2ad6e8b15,success
Muesli-HQ/muesli,4100864792,Production,2026-03-18T04:04:03Z,acfac671af2bff0a0539af5e471609069a716c5e,success
Muesli-HQ/muesli,4100850668,Production,2026-03-18T04:01:15Z,96e594e4e2c6b8c3c451269c14548a303c2ebf08,success
Muesli-HQ/muesli,4097848980,Production,2026-03-17T20:07:59Z,9d83a343a9fdcb604fe18c485a414b67267db13c,success
Muesli-HQ/muesli,4097554447,Production,2026-03-17T19:32:02Z,3b9fe0903379a2e18f4cf0b212d173791d6ad605,success
Muesli-HQ/muesli,4097419374,Production,2026-03-17T19:17:28Z,08c1e56d69aafd8919f01ea11650fb4a5e14c0a6,success
Muesli-HQ/muesli,4097342586,Production,2026-03-17T19:08:47Z,cd1a44ba386c1444b956b1b3735eda4099a43778,success
Muesli-HQ/muesli,4096017509,Production,2026-03-17T16:50:34Z,e98100b31331225a738d97b8ee680757e88ce055,success
Muesli-HQ/muesli,4094332865,Production,2026-03-17T14:15:22Z,5c168e97a3048647be28bfbe1bbb635b1780132a,success
Muesli-HQ/muesli,4094270756,Production,2026-03-17T14:09:37Z,616778d4fd20b9ea1a0ce75693c15e4ed9cda866,success
Muesli-HQ/muesli,4092271493,Production,2026-03-17T10:34:39Z,d61fcda4afa6393523758585bbca7b3e9b9c025c,success
Muesli-HQ/muesli,4091737299,Production,2026-03-17T09:32:30Z,4e7719405868ac968f2ea3a0cae0f189991981d9,success
Muesli-HQ/muesli,4091573842,Production,2026-03-17T09:13:46Z,d9a48059864017b5c884b55cffb360bbf53f4664,success
Muesli-HQ/muesli,4091453623,Production,2026-03-17T08:58:49Z,73534ef566379794e9717fa89c869c3fdd85dec2,success
Muesli-HQ/muesli,4090800704,Production,2026-03-17T07:28:29Z,40f3c0cb901706945e980bfca09418246265aab8,success
Muesli-HQ/muesli,4090758023,Production,2026-03-17T07:22:20Z,74d6f27ffae2f2c6017372f168e468377e4e7454,success
Muesli-HQ/muesli,4089999456,Production,2026-03-17T05:10:58Z,d650403733ef4918bff0bd4acac8d4c4622caed1,success
Muesli-HQ/muesli,4089753851,Production,2026-03-17T04:24:12Z,da69bc6d672cea0a68f34847c432985453a343c5,success
Muesli-HQ/muesli,4089748987,Production,2026-03-17T04:23:14Z,3372baea9f543f3af6d4479f1088a41e969f2a89,success
Muesli-HQ/muesli,4089276442,Production,2026-03-17T02:51:51Z,773bc7bc960e29490ee5a5000e4a0cf5a8992306,success
Muesli-HQ/muesli,4089247911,Production,2026-03-17T02:46:07Z,dbd1144ffed8afdd4ccbfc59c7e238f51a06df41,success
Muesli-HQ/muesli,4089225010,Production,2026-03-17T02:41:22Z,b883303fca4d43265184298d457fdfd81e9501a2,success
Muesli-HQ/muesli,4084174300,Production,2026-03-16T15:51:01Z,0335b71b2a3fb5579f280194d11fa149cb4402af,success
Muesli-HQ/muesli,4082074235,Production,2026-03-16T12:27:07Z,6aeb20f2f3c9658331338d94df9881491d71a91f,success
Muesli-HQ/muesli,4082004062,Production,2026-03-16T12:19:20Z,b195bc15504c9caa4d5cc9393c948fb6044944a1,success
Muesli-HQ/muesli,4081923170,Production,2026-03-16T12:10:16Z,71fea727b983f1653c7ceb30f55503eaa54ee38d,success
Muesli-HQ/muesli,4081804074,Production,2026-03-16T11:56:39Z,852050b386e5ad79c1816f5dc84474fb8dfb64aa,success
Muesli-HQ/muesli,4081747517,Production,2026-03-16T11:50:04Z,c6c6837869da3ed9afa4c09f8b358720a44251a4,success
Muesli-HQ/muesli,4081723421,Production,2026-03-16T11:47:21Z,a323623ddc0f71ac25dd6404c51873ad27313a63,success
Muesli-HQ/muesli,4081695671,Production,2026-03-16T11:44:11Z,ed800c2829599d3b7594c5a2e1c63031981bccb1,success
Muesli-HQ/muesli,4081657271,Production,2026-03-16T11:39:27Z,d7966a57df095322eb70b809907acc8dbf00bdf8,success
Muesli-HQ/muesli,4081620233,Production,2026-03-16T11:35:01Z,0a71e9b7525fece5de67c29932e7678be6d7c735,success
Muesli-HQ/muesli,4081573024,Production,2026-03-16T11:29:32Z,cde85fc44b5ad67930b9a2f2845d4f98e321f818,success
Muesli-HQ/muesli,4081532754,Production,2026-03-16T11:24:45Z,ea295cb1ae32bebf0f90ccf1c70baad78ec2f0f3,success
Muesli-HQ/muesli,4081461182,Production,2026-03-16T11:16:32Z,532f2a1dad72866a88c61ea0afb60fdf10032da3,success
Muesli-HQ/muesli,4081364610,Production,2026-03-16T11:04:58Z,7c791af92913c85f8de63b751e691423087fdfaa,success
Muesli-HQ/muesli,4081300770,Production,2026-03-16T10:57:23Z,fb7ebcadfb8bc7dea1fd986eded847357cd818a2,success
Muesli-HQ/muesli,4081262771,Production,2026-03-16T10:52:46Z,97e5483df74845c8c108b04fc38c996a171533ac,success
Muesli-HQ/muesli,4081146758,Production,2026-03-16T10:39:04Z,0a113d0e887345070a23f0426c4cedcb9748a9b6,success
Muesli-HQ/muesli,4081128061,Production,2026-03-16T10:36:58Z,75bbc01b16c57d2323899d0a076af334bf51ace0,success
Muesli-HQ/muesli,4081105773,Production,2026-03-16T10:34:20Z,ccacaaa0d710865858a15bbe4398a1509460bc40,success
Muesli-HQ/muesli,4080879199,Production,2026-03-16T10:08:17Z,e279bd33ec2550fff3760218f772dd12e484e3d0,success
Muesli-HQ/muesli,4079723174,Production,2026-03-16T07:37:30Z,ec3def823ec4be05a00b343be11608b025bb3e3c,success
Muesli-HQ/muesli,4079713289,Production,2026-03-16T07:35:59Z,87975cab54b0efe60d04d893d5fcb6a27ce200f1,success
Muesli-HQ/muesli,4079689616,Production,2026-03-16T07:32:27Z,4c386541faa3009d08edc884511acd152a0af47b,success
Muesli-HQ/muesli,4079670298,Production,2026-03-16T07:29:30Z,5a6da8b675b80c6b27d57eae6fee11b3b01c3e52,success
Muesli-HQ/muesli,4079655334,Production,2026-03-16T07:27:06Z,5c1501b62d4f85544a921d03e7ed75fbd25bc6f6,success
Muesli-HQ/muesli,4079635896,Production,2026-03-16T07:23:50Z,24bbcdafb034b83eb211548e5b80bbc5400086a3,success
Muesli-HQ/muesli,4079573912,Production,2026-03-16T07:12:59Z,2d39381e1f75524ca6898e7e26fb850d385de703,success
Muesli-HQ/muesli,4079537462,Production,2026-03-16T07:06:35Z,39c80c5d3548175b795ff08714b7e1985d8870ec,success
Muesli-HQ/muesli,4076325694,Production,2026-03-15T19:49:59Z,0925529ac2efb099f5ce202db6c9b558da6480eb,success
wzh4869/AppPorts,4641154700,Production,2026-05-10T21:53:57Z,ca332e6c6bb5b90eb9636d2be598a38a9649e49f,success
wzh4869/AppPorts,4641059253,Production,2026-05-10T21:34:48Z,61f2f859d7a8007f3f7e27f5b21f2bc249090039,success
wzh4869/AppPorts,4640295132,Production,2026-05-10T19:20:16Z,54b337888007f01048bb7ccbfeed1ab0cb473a99,success
wzh4869/AppPorts,4636809709,Production,2026-05-10T08:11:49Z,e1843d83a4df011c7c7021ebf409fd7034394b37,success
wzh4869/AppPorts,4634474848,Production,2026-05-09T22:25:18Z,eb8cfe75bb5fd03fe648f5e913c9d297371b8701,success
wzh4869/AppPorts,4634266373,Production,2026-05-09T21:42:23Z,e2659880e9e3ce40c8ae2297c88aaea1e2a58a2c,success
wzh4869/AppPorts,4634169026,Production,2026-05-09T21:22:31Z,4863a4f3bac24a0901f12e2361626861f1a43626,success
wzh4869/AppPorts,4634076511,Production,2026-05-09T21:04:25Z,36e8c2c3af8d009d91dc4f9d39433e8efc36f9fc,failure
SynkraAI/aiox-core,5923221497,Production,2026-08-15T18:08:24Z,4ef6530ff03b83aea953e4a426f95e012b8b70c5,success
SynkraAI/aiox-core,5923156794,Production,2026-08-15T18:01:22Z,70456b3203ba03d8e0724f22c78d6311f7ad5b85,success
SynkraAI/aiox-core,5922830263,Production,2026-08-15T17:21:13Z,9d59ebacc015e7a5b513f7c0a4f9d40150485f66,success
SynkraAI/aiox-core,5922727611,Production,2026-08-15T17:08:43Z,c6e0b1bfac7971ce6e3cd2a9f034b6d69a614fe8,failure
SynkraAI/aiox-core,5922588111,Production,2026-08-15T16:52:52Z,775f0ed251ae4cb0e0659c4ea409b1602698eea2,success
SynkraAI/aiox-core,5841944490,Production,2026-08-10T23:56:11Z,e8ba5e646ad4274002c57b268e69a159ab61a6cd,success
SynkraAI/aiox-core,5431981924,Production,2026-07-13T22:01:11Z,0b32b68bd86d270a94eeada5daf020e73da77243,success
SynkraAI/aiox-core,5405660141,Production,2026-07-11T17:12:03Z,16299e3fc131430e961e6f0a747eb6205c15d378,success
SynkraAI/aiox-core,5405502406,Production,2026-07-11T16:49:23Z,3b0738aa7204390fa515cf9e04bdc18e411f19ac,success
SynkraAI/aiox-core,5396823228,Production,2026-07-10T19:44:36Z,0ad5a9f3e636e2aec0d5ffe7613c8c9565f0d73c,success
SynkraAI/aiox-core,5384152803,Production,2026-07-09T23:20:22Z,a139500b9fe729567c55ebc9d0852b5367d5fd08,success
SynkraAI/aiox-core,5377662628,Production,2026-07-09T14:30:19Z,91166ea6048023719f447c0ff6076363ec1fa2a8,success
SynkraAI/aiox-core,4774910912,Production,2026-05-21T19:49:03Z,77265d53966193958c0d370475bc2df041760d99,success
SynkraAI/aiox-core,4771177771,Production,2026-05-21T14:29:23Z,71b14b6d8adb5f3a7ed19ba0867c1844f7111cf4,success
SynkraAI/aiox-core,4764006642,Production,2026-05-21T01:52:51Z,d23248fd0672ab723ab43f4bc551087e5962fd7c,success
SynkraAI/aiox-core,4763525131,Production,2026-05-21T00:42:53Z,c3b839aed6bc9bd2f469ecda7249b6079773558d,success
SynkraAI/aiox-core,4763449881,Production,2026-05-21T00:31:39Z,0abd64f2bb3621bfa47dfc4088d0f27818c8f333,success
SynkraAI/aiox-core,4763324675,Production,2026-05-21T00:13:02Z,0475f1d80e523b0dc16f71fe912166046cfacf4b,success
SynkraAI/aiox-core,4730991032,Production,2026-05-18T16:15:39Z,03e4d7d036789a23feee12884509b66a7d392016,success
SynkraAI/aiox-core,4730949243,Production,2026-05-18T16:12:09Z,2149e8b316947b8618d92cfeec4544302769a9a1,success
SynkraAI/aiox-core,4730664614,Production,2026-05-18T15:48:07Z,dc4149d3be167ac97f01b6c35b04c4f5506d297e,success
SynkraAI/aiox-core,4727936676,Production,2026-05-18T12:11:17Z,f31254db8c2676afd40059aabf83f1bb337a5bea,success
SynkraAI/aiox-core,4727705465,Production,2026-05-18T11:50:09Z,6216cda9cc5b48988558cb13cdd434c3e60d97ec,success
SynkraAI/aiox-core,4727544560,Production,2026-05-18T11:35:03Z,1e1f64d2c3ba9150f399797a38a03affe8973978,success
SynkraAI/aiox-core,4727429890,Production,2026-05-18T11:24:36Z,41b1d5b13a3e1c7b1e736e48c675f27d4a7b4a6d,success
SynkraAI/aiox-core,4724238787,Production,2026-05-18T05:46:35Z,d8772311503c62e79a286bc88efac15d3069a667,success
SynkraAI/aiox-core,4724148708,Production,2026-05-18T05:33:13Z,38cfa89f6230ef2fced3b6ad52f100b89e0df4a8,success
SynkraAI/aiox-core,4723762967,Production,2026-05-18T04:31:37Z,536bda9d510568536a6528819d07d461e918c7aa,success
SynkraAI/aiox-core,4722247563,Production,2026-05-18T00:00:08Z,21782ccae5b35cbc22a3266038612374ee131614,success
SynkraAI/aiox-core,4720636224,Production,2026-05-17T19:18:13Z,70fa5e2ee2af4595124b28fec5e4b8a8893b9898,success
SynkraAI/aiox-core,4718854374,Production,2026-05-17T14:31:35Z,1f97f6f4f2c37268f9e9705ad77ef3e42035ea73,success
SynkraAI/aiox-core,4718664779,Production,2026-05-17T14:00:08Z,e5cd35513f110ab98b13342549933dba3b79baab,success
SynkraAI/aiox-core,4718632319,Production,2026-05-17T13:54:33Z,ef7a352d67e8684d9fabcb9a667f90a9a1649be6,success
SynkraAI/aiox-core,4718108357,Production,2026-05-17T12:23:40Z,342ef632862e16bdd990dbc37dd086e868c27e77,success
SynkraAI/aiox-core,4717685782,Production,2026-05-17T11:03:45Z,66b302ade8062fd3f7f56e0e9e5e116d6f9d2f9c,success
SynkraAI/aiox-core,4717440301,Production,2026-05-17T10:14:43Z,9b837ed6c19728b7329a763ce3af70193431a087,success
SynkraAI/aiox-core,4717234740,Production,2026-05-17T09:33:40Z,20e79996dff312e1247965d1e44018a99c7896df,success
SynkraAI/aiox-core,4703479550,Production,2026-05-15T16:19:15Z,f949b42d41ea160a7acbcbf7525723614c3e9d28,success
SynkraAI/aiox-core,4690294148,Production,2026-05-14T15:24:43Z,c577250c389f37bd6985be2f806005087d36c20e,success
SynkraAI/aiox-core,4690127147,Production,2026-05-14T15:10:37Z,b48c475431808472cc7a67cda2eb48d45948b290,success
SynkraAI/aiox-core,4678474270,Production,2026-05-13T17:14:19Z,e5b7cf50c01916bd8bbe79f70e0988207b20f2a9,success
SynkraAI/aiox-core,4677166574,Production,2026-05-13T15:25:10Z,d3ea19018dfcb12aa5171417d65b4d216ed46727,success
SynkraAI/aiox-core,4666845561,Production,2026-05-12T20:29:23Z,c252802b4f4a05a1863688c9f669f062fba50699,success
SynkraAI/aiox-core,4666682017,Production,2026-05-12T20:13:48Z,8b90be70d498e69b480af810d0b648ab3bba3208,success
SynkraAI/aiox-core,4665258537,Production,2026-05-12T18:03:43Z,fa0600a96b858df7a2f1ec3866e604cd05a535f3,success
SynkraAI/aiox-core,4639382336,Production,2026-05-10T16:35:01Z,4ff4c327a9a8e6e7ea8d6f18c8028ad0c6e5d684,success
SynkraAI/aiox-core,4639125966,Production,2026-05-10T15:50:09Z,c25b66ea3cd5b12bbe7e069e1bfcc265d450c14a,success
SynkraAI/aiox-core,4630530459,Production,2026-05-09T09:51:12Z,27af65531715f2a9ca7b8376122e7f6b2581341f,success
SynkraAI/aiox-core,4630391050,Production,2026-05-09T09:22:47Z,fc683449faee0ded88892cbe061a16de31541e1e,success
SynkraAI/aiox-core,4630074442,Production,2026-05-09T08:13:33Z,9368432bfe980599210cfa15067cb4eac928a5ce,success
SynkraAI/aiox-core,4629873122,Production,2026-05-09T07:28:45Z,96d7f5972856c5f9246c47323c88f87a8925c03b,success
SynkraAI/aiox-core,4628502320,Production,2026-05-09T02:08:15Z,7bd2029f183312721819366fbab68208495b06e4,success
SynkraAI/aiox-core,4628378732,Production,2026-05-09T01:40:40Z,3b72178d0e8419489a12b763a5e6168ce121ab93,success
SynkraAI/aiox-core,4627665872,Production,2026-05-08T23:23:44Z,6182123c671f5a672b9b71123c365ee79ce4cc83,success
SynkraAI/aiox-core,4626936808,Production,2026-05-08T21:34:55Z,3776fc17ff6fa97ed7a63c933c69b4da6b620dbc,success
SynkraAI/aiox-core,4626818828,Production,2026-05-08T21:21:07Z,a2a34eeba205cfefa1c223ec0a2a10e18e625c96,success
SynkraAI/aiox-core,4626655827,Production,2026-05-08T21:01:37Z,e773670327895645823a9f9167cad3769eeb372a,success
SynkraAI/aiox-core,4626391771,Production,2026-05-08T20:33:05Z,6863749d48f48be6b4b080e99e4f09fcc92dbd11,success
SynkraAI/aiox-core,4626312184,Production,2026-05-08T20:24:58Z,958d741cf909baf3a97ea575a6fddf235a99eafa,success
SynkraAI/aiox-core,4626180362,Production,2026-05-08T20:10:26Z,21337b666b7aff096c12fe1f2a0e8dfeaa89134e,success
SynkraAI/aiox-core,4625752367,Production,2026-05-08T19:24:17Z,00198d00aad97f0f7f2ea4c6bb125b0599949b47,success
SynkraAI/aiox-core,4625739065,Production,2026-05-08T19:22:47Z,d3f9e6fc9449c9f4797148754df2424660bcdc5d,success
SynkraAI/aiox-core,4624935506,Production,2026-05-08T17:59:13Z,1d2ab553e32bf02f8e5566bc22ee0d852c14bdcf,success
SynkraAI/aiox-core,4624934959,Production,2026-05-08T17:59:10Z,84cebbdebf1a4aef1979da745f619ba8d090c883,success
SynkraAI/aiox-core,4622910231,Production,2026-05-08T14:40:41Z,106bb343d657d0baa989125657b9d1e1ae9be8b6,success
SynkraAI/aiox-core,4621226320,Production,2026-05-08T12:00:29Z,7f22246b1c44b5b0e4ab55ecdb19a41169314e0c,success
SynkraAI/aiox-core,4618610611,Production,2026-05-08T07:11:14Z,be7600264638061cba10e0f1b608d06644e6376c,success
SynkraAI/aiox-core,4618504158,Production,2026-05-08T06:57:47Z,19a012fe377d840439ac4a30dcd1ee6ebc09a021,success
SynkraAI/aiox-core,4618303348,Production,2026-05-08T06:33:10Z,9496767d8ec9f93ff4d0e88f319342a8dd6485e8,success
SynkraAI/aiox-core,4618047437,Production,2026-05-08T05:58:33Z,a88405caaab2c7198fa88115ff80b7f41785b267,success
SynkraAI/aiox-core,4617820872,Production,2026-05-08T05:24:11Z,660408643d31a8c865536203270eafc061fe3da4,success
SynkraAI/aiox-core,4617650497,Production,2026-05-08T04:59:08Z,c1a9ff6ca0200ec67964f5b5a07260ed9e4f899b,success
SynkraAI/aiox-core,4617525146,Production,2026-05-08T04:37:26Z,d81dd4c2054b8e60813cbda4935c039bd2794cd5,success
SynkraAI/aiox-core,4617346599,Production,2026-05-08T04:07:35Z,514b193165d3a7c2be43ebfb5fdc63b3ee3c3b47,success
SynkraAI/aiox-core,4617034679,Production,2026-05-08T03:14:38Z,ce322bfca21384f63b75c9cd1c336f9310dec880,success
SynkraAI/aiox-core,4616740011,Production,2026-05-08T02:26:04Z,df42020980a006cbc2155509ebc241876bfc4dec,success
SynkraAI/aiox-core,4616583410,Production,2026-05-08T01:59:47Z,5c70e914bb379575969830b2261d3f395d62dd2a,success
SynkraAI/aiox-core,4616523469,Production,2026-05-08T01:49:43Z,af5fb7682583441a38fdb9aebd9f502e58d97205,success
SynkraAI/aiox-core,4616405553,Production,2026-05-08T01:30:42Z,8a8ea56340c3c390a96c9e25c6712a495b26966b,success
SynkraAI/aiox-core,4616353634,Production,2026-05-08T01:22:04Z,a2bbcf3c08a5602f55f825c86638d30f9c109837,success
SynkraAI/aiox-core,4616286367,Production,2026-05-08T01:11:13Z,6b4b2413f11ffec9fbb0c2d67f143f495e6d428a,success
SynkraAI/aiox-core,4616177889,Production,2026-05-08T00:54:34Z,1c3ba4e8fc0975add2d93852cd63ee7694fe2b2f,success
SynkraAI/aiox-core,4616086885,Production,2026-05-08T00:39:12Z,11c130d3593cb996f10e753ac2ab995b336af62e,success
SynkraAI/aiox-core,4615958903,Production,2026-05-08T00:18:41Z,057024ee2c74d8fa744ae67f4e36d5928f674e45,success
SynkraAI/aiox-core,4615789695,Production,2026-05-07T23:50:30Z,fb312ddf9f3516b9cf13069fe19fa66af8ffc54c,success
SynkraAI/aiox-core,4615541760,Production,2026-05-07T23:12:58Z,e161b9bdd95adf5c0d56bbbf5a762dd052051969,success
SynkraAI/aiox-core,4614914861,Production,2026-05-07T21:50:30Z,b1d29729c18c0e486ae5404048a3d5dafdaa0e6b,success
SynkraAI/aiox-core,4613623303,Production,2026-05-07T19:40:03Z,afbf7c0acd82ba0201775472789045f97bc0058c,success
SynkraAI/aiox-core,4613583215,Production,2026-05-07T19:36:10Z,b84d78c81b0b15ded09075f35347ff223113b633,success
SynkraAI/aiox-core,4613291714,Production,2026-05-07T19:08:07Z,fdfe96e73e65981c1bececb9c8275d4c929d8092,success
SynkraAI/aiox-core,4612058314,Production,2026-05-07T17:18:04Z,bdaaeec34024d0c89806124aaf1427e0eb721682,success
SynkraAI/aiox-core,4611842048,Production,2026-05-07T16:58:13Z,097dab72110f4779c4ca3463835d0ab371f25033,success
SynkraAI/aiox-core,4611493387,Production,2026-05-07T16:28:33Z,72134f741197ed5ae4791f8162063744fb58e938,success
SynkraAI/aiox-core,4611210933,Production,2026-05-07T16:03:25Z,a892ff1d05e73e6274abc29b511e0172643fd0d1,success
SynkraAI/aiox-core,4610948428,Production,2026-05-07T15:41:47Z,e83c2a50c4318cd282d543e6eef03f7a50e0d515,success
SynkraAI/aiox-core,4610620706,Production,2026-05-07T15:17:32Z,29ff84e2802cf50f6a5b9f42cc1c169f12ec27a2,success
SynkraAI/aiox-core,4610139642,Production,2026-05-07T14:40:08Z,524c12ca5a85675d6ca34074fe823a9bb73dd66d,success
SynkraAI/aiox-core,4609284159,Production,2026-05-07T13:33:28Z,29fc46993bd88a65bcadaaa4e84515f00c4b866f,success
SynkraAI/aiox-core,4608934678,Production,2026-05-07T13:04:59Z,818c9545bfaaf4834f3580dfb87fcaae814bce94,success
SynkraAI/aiox-core,4608402013,Production,2026-05-07T12:19:05Z,125698c6beb1969c7ca610202ef069792cb7caac,success
SynkraAI/aiox-core,4607987042,Production,2026-05-07T11:39:32Z,2dac96279d3fdb13f082bc58de35c118e420d0b3,success
SynkraAI/aiox-core,4607681855,Production,2026-05-07T11:09:55Z,80485c626f6dbf309eda927b95468aab6d0b274e,success
SynkraAI/aiox-core,4607501006,Production,2026-05-07T10:52:03Z,a6e3b66dd932def364f815857cd7137c67ab050b,success
SynkraAI/aiox-core,4607304937,Production,2026-05-07T10:32:37Z,a530f7785fcabfa80b7356c8248bdbf632f5c1e0,success
SynkraAI/aiox-core,4606984061,Production,2026-05-07T10:00:28Z,2be9d3a4186800d1291b8d0ce9457dcc97a54f63,success
SynkraAI/aiox-core,4606243444,Production,2026-05-07T08:49:26Z,4d213c6c961e775ae2620fc8bc7b47619bd8a4ab,success
SynkraAI/aiox-core,4606012495,Production,2026-05-07T08:26:18Z,bfb9e233ab0b37982d2488a8d3e14b3a49054184,success
SynkraAI/aiox-core,4602623467,Production,2026-05-07T00:23:17Z,d6197fb7c248967f8b31b84787fa4a1bf07bae8f,success
SynkraAI/aiox-core,4602529323,Production,2026-05-07T00:08:21Z,d200c8ecca4b239ff30294400988543bee60519e,success
SynkraAI/aiox-core,4602118461,Production,2026-05-06T23:07:03Z,93b0b9f1675bf3073188fe5757947cfcc0a14a5d,success
SynkraAI/aiox-core,4592437323,Production,2026-05-06T07:45:28Z,571ea2ab7942341adcc3b67f5053861fcf899709,success
SynkraAI/aiox-core,4589025138,Production,2026-05-05T22:57:54Z,cdea95f33be75af31512f1955e88e626874915c8,success
SynkraAI/aiox-core,4589000166,Production,2026-05-05T22:54:17Z,1e803c1800a6374f88643364924b23156d9491cd,success
SynkraAI/aiox-core,4588967934,Production,2026-05-05T22:49:41Z,8fa126752efbad930e9861ea9e687739178e4181,success
SynkraAI/aiox-core,4588932490,Production,2026-05-05T22:44:46Z,490ff12e1d567a92fd582b2084e911f5585dcb98,success
SynkraAI/aiox-core,4588908361,Production,2026-05-05T22:41:18Z,9ae031424831d7ed4ab57fd86dd921ccaa37a711,success
SynkraAI/aiox-core,4588870096,Production,2026-05-05T22:36:00Z,60dc26965b712a6012eff5d11735e25b9dd574bd,success
SynkraAI/aiox-core,4588830658,Production,2026-05-05T22:30:47Z,3c2cde856a987f32d52fa10729c790b3a89da7fb,success
SynkraAI/aiox-core,4390149746,Production,2026-04-16T15:26:23Z,dbb9e52e446bc3a8cadae28ae6448a2cb7b5cbf7,success
SynkraAI/aiox-core,4265774037,Production,2026-04-03T22:14:22Z,0df1e2577fa5ce7388b0efe549647cf32716a8f3,success
SynkraAI/aiox-core,4265396824,Production,2026-04-03T21:12:16Z,9f2b28c996595a4b52285c9a41dea0f21e0bae45,success
SynkraAI/aiox-core,4044008389,Production,2026-03-11T20:12:05Z,f74e3e7bb909b78f563e0a0b1683365b76b4965c,success
SynkraAI/aiox-core,4039929537,Production,2026-03-11T13:04:32Z,602b14987be8ec2b637b9caeb6f9ea66f25a8f31,success
SynkraAI/aiox-core,4039701280,Production,2026-03-11T12:38:34Z,7a3ea8aa5873567060c59dc0516f3de9864e9814,success
SynkraAI/aiox-core,4039601609,Production,2026-03-11T12:26:55Z,6f27bc124cf7750a6c77741767c40f2ffc039470,success
SynkraAI/aiox-core,4039601185,Production,2026-03-11T12:26:52Z,46574f197303cf3379acbf69d193996595f6eaa3,success
SynkraAI/aiox-core,4032495823,Production,2026-03-10T18:33:54Z,ff711c1f67e5d19e6aa41e3fbe6bb7ebcbcdd33f,success
SynkraAI/aiox-core,3998082007,Production,2026-03-06T12:58:28Z,fcfb7577baf799a3e4436c8679fcd530f11a3dd7,success
SynkraAI/aiox-core,3997536997,Production,2026-03-06T11:46:18Z,d86ddc5d8d8d840f6c730cb513eec00204a68cf7,success
SynkraAI/aiox-core,3992823171,Production,2026-03-05T22:06:03Z,c667daf8869474bf21f531ceb964b3175e7dfd1c,success
SynkraAI/aiox-core,3991071951,Production,2026-03-05T18:30:32Z,c4782340187091c5e168ff6480bdb329a5d16aa5,success
SynkraAI/aiox-core,3991066792,Production,2026-03-05T18:29:59Z,29389f0020acdf9c29ca83b9e05f42aa02e35131,success
SynkraAI/aiox-core,3990786201,Production,2026-03-05T17:58:05Z,c7ae9aa9d6c957dca2322eb5f3af15cf73d9501c,success
SynkraAI/aiox-core,3980692009,Production,2026-03-04T17:45:28Z,61991a35fde353d22863e5a8bd01f3a97a9817b7,success
SynkraAI/aiox-core,3968332361,Production,2026-03-03T13:10:04Z,1fcfd4cdb4f6ec356938fe750714aae27db090f6,success
SynkraAI/aiox-core,3968330593,Production,2026-03-03T13:09:51Z,edddbe33b7e36db13d0105393c6c25e2e243c191,success
SynkraAI/aiox-core,3968267948,Production,2026-03-03T13:01:49Z,c9f7fc03b6b0b8d8f25312a13ad168e6ceef6bc2,success
SynkraAI/aiox-core,3968267094,Production,2026-03-03T13:01:42Z,ec3d7848ea7dd42c6f5c57275e289bea0d9e7224,success
SynkraAI/aiox-core,3959695535,Production,2026-03-02T15:01:14Z,41aa9a9007e10f3d8930e72025a839267e4c7fdd,success
SynkraAI/aiox-core,3942542711,Production,2026-02-27T17:32:08Z,a67cd50473374dfdb798735e38087ea7f89ca466,success
SynkraAI/aiox-core,3942035135,Production,2026-02-27T16:25:55Z,37424c7649b0932d9974e82288a33b46b24cd22f,success
SynkraAI/aiox-core,3941688312,Production,2026-02-27T15:42:35Z,a8af4313736a96de17a1d939dd6b0c5e3bf49575,success
SynkraAI/aiox-core,3933556817,Production,2026-02-26T17:44:13Z,abd21d425bc95532358db56dcfb4e31f0aeb8829,success
SynkraAI/aiox-core,3932524224,Production,2026-02-26T15:44:30Z,f5f9cee001248eb40c9192fc0da1501ba954cd16,success
SynkraAI/aiox-core,3917801367,Production,2026-02-25T02:17:45Z,63db79bf49d1895adea6a1f1c505909c6dbec8b5,success
SynkraAI/aiox-core,3917788220,Production,2026-02-25T02:14:51Z,7c72e2836eecc2068bc76c15c8cd8335439f9e4f,success
SynkraAI/aiox-core,3917690544,Production,2026-02-25T01:52:33Z,03cb5c289dc74219bc6f3d6082b654a976c54cf6,success
SynkraAI/aiox-core,3917678280,Production,2026-02-25T01:49:39Z,55c066ac3ef10d5f034e2ba611cfc21030680f16,success
SynkraAI/aiox-core,3917611825,Production,2026-02-25T01:35:42Z,8530ffe48ce790f84cb9ba1393034a8a49306c42,success
SynkraAI/aiox-core,3917570335,Production,2026-02-25T01:27:10Z,2a5597a0f171e901695b46d48d2751bb0b522f8e,success
SynkraAI/aiox-core,3917426202,Production,2026-02-25T00:56:15Z,4dfea2bc44b999675c136387433e6de41c5206b9,success
SynkraAI/aiox-core,3917379464,Production,2026-02-25T00:47:47Z,35449f61ccd9e55406d5b4d1d3d757011cb9065b,success
SynkraAI/aiox-core,3914893311,Production,2026-02-24T18:33:18Z,9425a3519640a86d12ddb59e49c3e3a55daeba05,success
SynkraAI/aiox-core,3914059831,Production,2026-02-24T16:50:25Z,969369e57be81423bcac80128d5154c6a4521ec6,success
SynkraAI/aiox-core,3913475948,Production,2026-02-24T15:44:51Z,eaa9f7d5361eb04f73d8f6a9c6446888432fe7fd,success
SynkraAI/aiox-core,3913399162,Production,2026-02-24T15:36:14Z,1bbaaf26c784b198ab1824f91e14c0b1aa57c021,success
SynkraAI/aiox-core,3913394142,Production,2026-02-24T15:35:38Z,5d6c4f47ac3caca7326f91de6738750f716025ff,success
SynkraAI/aiox-core,3913158031,Production,2026-02-24T15:10:44Z,f23eb91f9199d49e4fdaff529d14d3aefc67b402,success
SynkraAI/aiox-core,3913121478,Production,2026-02-24T15:06:34Z,42aec88893bdc801f2d3f09ddcc4264140ddfebc,success
SynkraAI/aiox-core,3908094886,Production,2026-02-24T01:47:00Z,a58be6431c0cebf6303a79df52e1b7ab62ffe347,success
SynkraAI/aiox-core,3908074609,Production,2026-02-24T01:42:28Z,1447d3ac6f4c38c43f17bfb5c2e0cbb437585363,success
SynkraAI/aiox-core,3908047376,Production,2026-02-24T01:36:54Z,3556c6fc7bdf1e31a35790914a15c4ade21320c1,success
SynkraAI/aiox-core,3908005210,Production,2026-02-24T01:28:15Z,b8c5bb1cd77ad4a659a7391198c50849296c90ca,success
SynkraAI/aiox-core,3902404390,Production,2026-02-23T12:28:01Z,960213f2ee86982fd5fe9f0ff408c8e83a17b2f1,success
SynkraAI/aiox-core,3902274427,Production,2026-02-23T12:10:34Z,5c70b528d1a7ec39d3424420cef75af076155050,success
SynkraAI/aiox-core,3892926420,Production,2026-02-21T18:16:16Z,e9711fa8e0fb032eeebeda85f66bebc1cc23db42,success
SynkraAI/aiox-core,3892926193,Production,2026-02-21T18:16:12Z,9f32d099b7204da64416abc68ff41cbdebc44433,success
SynkraAI/aiox-core,3892925825,Production,2026-02-21T18:16:05Z,655c3e0867476df6dfda171cbc6aed626d7065c5,success
SynkraAI/aiox-core,3892925550,Production,2026-02-21T18:16:00Z,a937ced834ad45dc54f4cbe2598722dd2b79ae93,success
SynkraAI/aiox-core,3892925193,Production,2026-02-21T18:15:53Z,1f3a8b63633591b6788d00dd66eb95cf6afc330a,success
SynkraAI/aiox-core,3892924912,Production,2026-02-21T18:15:48Z,1a790e6c46faead0921249feb3d466caf26835fc,success
SynkraAI/aiox-core,3892817255,Production,2026-02-21T17:46:35Z,8be4e7e5e20f5d0b9e567a8ddf374770cc64ba77,success
SynkraAI/aiox-core,3892594372,Production,2026-02-21T16:43:42Z,413427d58662649f720cd669de43e26590ef97b8,success
SynkraAI/aiox-core,3892593530,Production,2026-02-21T16:43:29Z,a43608b098975762d5315f30ab245596ef81ec80,success
SynkraAI/aiox-core,3892580676,Production,2026-02-21T16:39:59Z,5321fc3b2c7fc3a21457eed470229cabc57908b7,success
SynkraAI/aiox-core,3892158262,Production,2026-02-21T14:39:12Z,992229795d27dc9d813f347b94abb38d836dbea7,success
SynkraAI/aiox-core,3859166388,Production,2026-02-17T12:49:13Z,6eaa7aa9d027bae107d49a6c5bcf94bf4ba08f5d,success
SynkraAI/aiox-core,3855868495,Production,2026-02-17T01:54:06Z,03c52557a3e8d16776a3de5bb8243e8603a754f3,success
SynkraAI/aiox-core,3854646159,Production,2026-02-16T21:09:09Z,40752dee40c5938a536dcad50a38c00b8704f210,success
SynkraAI/aiox-core,3854539178,Production,2026-02-16T20:51:12Z,c4b68ccf319cfd7a27fa7d53a643bee9fff87c21,success
SynkraAI/aiox-core,3854212592,Production,2026-02-16T19:52:40Z,5f44a95792e522944fcc145a80fc3cacac27fb6b,success
himself65/finance-skills,4714157254,Production,2026-05-16T21:49:38Z,82c70399fc3cdad23ebaa78443ff09e2127b25e4,success
himself65/finance-skills,4682318627,Production,2026-05-13T23:39:18Z,da88ead0416d5cb639f7f2d01984f6e706b49c94,success
himself65/finance-skills,4672146180,Production,2026-05-13T08:09:36Z,7c6576374537662968c9b05314c892f43c60c498,success
himself65/finance-skills,4672123255,Production,2026-05-13T08:07:07Z,c8b4fa27a978871600fe9f7bde5e1061db73a2a6,success
himself65/finance-skills,4670709219,Production,2026-05-13T05:16:53Z,31f0ac8ac4e295051a8093ff5aa7651a5ce463a3,success
himself65/finance-skills,4670600850,Production,2026-05-13T05:00:21Z,1d98116124b7c32a112a52eb8b5bfa39e8570ac6,success
himself65/finance-skills,4670598333,Production,2026-05-13T04:59:59Z,27ad80833680f706dbba94dac8a4dd8731036562,success
himself65/finance-skills,4670310569,Production,2026-05-13T04:15:08Z,ef33f0063b23bb24785a23afe306ec5787f8690b,success
himself65/finance-skills,4640276413,Production,2026-05-10T19:16:44Z,9fdcbc1f7ff21fb9d069ac21c2e53646cef07da5,success
himself65/finance-skills,4637227854,Production,2026-05-10T09:43:32Z,f583ef47075aea14d92d8009d0478691ea018df7,success
himself65/finance-skills,4637198985,Production,2026-05-10T09:37:30Z,0e9572e5090e258d68add27417973501daca5906,success
himself65/finance-skills,4635945905,Production,2026-05-10T04:39:06Z,bd508ce68273359a9cccee2709716127c6f27f23,success
himself65/finance-skills,4635944479,Production,2026-05-10T04:38:40Z,f56fcf5da5fb20c58cb6c291b695576ce29563e5,success
himself65/finance-skills,4492136768,Production,2026-04-26T20:59:37Z,be2c2fdfa3e609071fe00974da7d8944e6310e6b,success
himself65/finance-skills,4490897175,Production,2026-04-26T17:17:26Z,3ed0d4844c75c6403242c9da8c43da5ed92a3dec,success
himself65/finance-skills,4490896020,Production,2026-04-26T17:17:14Z,f96097a3bc19a772fce8cf31608a06a8df619b11,success
himself65/finance-skills,4490867098,Production,2026-04-26T17:12:11Z,d0b3a45285bb16f0c6b40701650a8bec213d21ec,success
himself65/finance-skills,4490840251,Production,2026-04-26T17:07:12Z,09540b4718ad82a75555f8c92e6e94bcb9d0b53c,success
himself65/finance-skills,4490793295,Production,2026-04-26T16:58:36Z,0111f62319d9aca22d3a80cd6f69b9739066c24c,success
himself65/finance-skills,4484131888,Production,2026-04-25T16:39:15Z,f9993789945df4f076461ef7a26a5ad4ce99c21a,success
himself65/finance-skills,4484129992,Production,2026-04-25T16:38:52Z,14e964da366a4c8bb1a15aced9d831f18eb42caf,success
himself65/finance-skills,4383140955,Production,2026-04-16T01:26:13Z,b6cb0bd8a90391d34bc8ed2f3a3721726d9635fa,success
himself65/finance-skills,4383130780,Production,2026-04-16T01:24:22Z,e2e59d1a1fb9bec9caa4dc8b496deaa63ae07755,success
himself65/finance-skills,4353449659,Production,2026-04-13T14:49:06Z,c0b5d85f66f5f833e63656eaa327be56f665c85c,success
himself65/finance-skills,4336194603,Production,2026-04-11T08:37:47Z,468dcfc8d7351e9607b8cd2421236f2730c0c02e,success
himself65/finance-skills,4336193856,Production,2026-04-11T08:37:35Z,d9afc8db26e198b62822cd039dcab02beffd253d,success
himself65/finance-skills,4336148566,Production,2026-04-11T08:25:34Z,be5a166b87240ee053e1e9f9875bf2b24a39cf97,success
himself65/finance-skills,4336147872,Production,2026-04-11T08:25:23Z,b5283edc4f21d25bc4f9b32b9f15b67685c15995,success
himself65/finance-skills,4336105437,Production,2026-04-11T08:14:56Z,53578609cf50347fbbd14934b7b83d519e658b5b,success
himself65/finance-skills,4336104225,Production,2026-04-11T08:14:38Z,aee4b383357b1252fd316f72d6a85e2210afec01,success
himself65/finance-skills,4335892575,Production,2026-04-11T07:20:20Z,ea42ffef33f6da257f33f44bb726f905b8047b1e,success
himself65/finance-skills,4335891837,Production,2026-04-11T07:20:10Z,907b0b266a92fd4ab0a214d69caa2ad93fc5cee3,success
himself65/finance-skills,4335383497,Production,2026-04-11T05:07:32Z,50e8aa2a5f021aeb4828fd74bde3ee32e23cceae,success
himself65/finance-skills,4335380457,Production,2026-04-11T05:06:43Z,623d5380e8929b91d7da5d29dab99971b710901c,success
himself65/finance-skills,4335154119,Production,2026-04-11T04:07:46Z,8cf935cfe496f6ef7a897fbfa20758a4bd7d69a6,success
himself65/finance-skills,4314094408,Production,2026-04-09T07:46:23Z,74ed861ae8442955f5c1ae9986ecec3492dd8a70,success
himself65/finance-skills,4313927890,Production,2026-04-09T07:26:21Z,f1e32ac18f78046f44b75a657cd13af10797a725,success
himself65/finance-skills,4313925789,Production,2026-04-09T07:26:05Z,0b0c2665969fbcb7f2b00b50bdfa87dbb9e839a1,success
himself65/finance-skills,4313882961,Production,2026-04-09T07:20:30Z,16187f8b5f6737a1bb11894c826e931404d9a905,success
himself65/finance-skills,4313730401,Production,2026-04-09T07:00:35Z,dc4780bbe54e52c8d5819e54ffa026ac3024f704,success
himself65/finance-skills,4287689004,Production,2026-04-06T23:22:29Z,67607f159e97542595bd6de12396e711f385f552,success
himself65/finance-skills,4280081555,Production,2026-04-06T06:24:32Z,151ecf9617944b8d1199ab388f8278cf61370a8c,success
himself65/finance-skills,4280076145,Production,2026-04-06T06:23:29Z,13909d4183f9d99515f94196aa855d7a631fc849,success
himself65/finance-skills,4280012800,Production,2026-04-06T06:10:58Z,8c17debef427b08b31dd14335d7a6064c1b3c972,success
himself65/finance-skills,4280011083,Production,2026-04-06T06:10:39Z,2bcd6b5d11b8f40c8d4c943b7cc736d01fccdb2c,success
himself65/finance-skills,4279995542,Production,2026-04-06T06:07:38Z,8c43ae53afcd8de6fcc1db7c81a6668968b49e8f,success
himself65/finance-skills,4257654042,Production,2026-04-03T00:10:51Z,8bf3b5bda21ba4ecb93246d0f74134476ac24f5b,success
himself65/finance-skills,4257652682,Production,2026-04-03T00:10:37Z,95a468a3aaa67b75d123de090a3ee08d148f155a,success
himself65/finance-skills,4257569376,Production,2026-04-02T23:53:57Z,ca9d3f2fb70636d395088747a063215586a82d14,success
himself65/finance-skills,4257485862,Production,2026-04-02T23:37:32Z,4b3e7e370219bf1c92c7a2b52bd2b90bb073bc82,success
himself65/finance-skills,4257354000,Production,2026-04-02T23:13:35Z,056739a3430db8c7923f551e9e0815bdf74a40b3,success
himself65/finance-skills,4257116106,Production,2026-04-02T22:33:26Z,593b20eedeed791e73c943e242cd5ee9dadda74a,success
himself65/finance-skills,4257112892,Production,2026-04-02T22:32:53Z,97956497a8e49a872f3db725c2e1beeaa9eba759,success
himself65/finance-skills,4257106912,Production,2026-04-02T22:31:54Z,5a777995dc5afa31ab094c1b1383125de22d7efd,success
himself65/finance-skills,4256957900,Production,2026-04-02T22:09:55Z,44011d4ee9ffef3ae35ad6d9c4f1229608d104fa,success
himself65/finance-skills,4256822711,Production,2026-04-02T21:50:22Z,58b5ac8b351db84edb5bc56a1c646891488272d7,success
himself65/finance-skills,4256820579,Production,2026-04-02T21:50:05Z,e6b14d86b17842752bf166e59da36d2d575290d2,success
himself65/finance-skills,4248652003,Production,2026-04-02T06:05:18Z,0ba7657620c6acb4e73c588575d75db63d106255,success
himself65/finance-skills,4248583819,Production,2026-04-02T05:54:05Z,022413bd509a953cc101b0a473fb1ada7f26c827,success
himself65/finance-skills,4248431504,Production,2026-04-02T05:27:47Z,9f7f0a7c753d42a3dc9646f660b20357657b4daa,success
himself65/finance-skills,4246380813,Production,2026-04-01T23:07:18Z,70c12079dde02824d90214f4899b72329cddd69d,success
wp-graphql/wp-graphql,6927000202,Production,2026-10-08T04:09:19Z,72c00037f42e23f2c15590d596a7ebf782bb645f,inactive
wp-graphql/wp-graphql,6926610237,Production,2026-10-08T03:37:29Z,df8e280cace3137911f068f64e390839eae33710,inactive
wp-graphql/wp-graphql,6920525278,Production,2026-10-07T20:47:25Z,87ee76f78daf2844471b8d186e80283ff1864faa,inactive
wp-graphql/wp-graphql,6920043699,Production,2026-10-07T20:24:35Z,a25b6c1ebf1adc5270d5a512c6e0c33793b03ac4,success
wp-graphql/wp-graphql,6919729913,Production,2026-10-07T20:09:07Z,422c0e34f16e2ef5a90ebc26ab2850021c111666,inactive
wp-graphql/wp-graphql,6744943146,Production,2026-09-29T20:37:56Z,2e47c4d7dc7c57a39ade8280c6735b290883283b,inactive
wp-graphql/wp-graphql,6669770871,Production,2026-09-25T20:43:22Z,3ec27b84b33d946ac7fad6623cf94ab00850ab04,success
wp-graphql/wp-graphql,6666623096,Production,2026-09-25T17:39:42Z,7f53a06a58f357a24508bbccf981a39d52a14968,success
wp-graphql/wp-graphql,6666260037,Production,2026-09-25T17:19:12Z,53ec2783493cad768ec6b8bb0d71cada99ffca55,success
wp-graphql/wp-graphql,6666258805,Production,2026-09-25T17:19:07Z,df431fd949048c796cf3b4a13256341b505cb0f3,success
wp-graphql/wp-graphql,6646040749,Production,2026-09-24T19:14:11Z,3c99c67d13bbf8c1bb6fa4a795c436d8b182ab6c,success
wp-graphql/wp-graphql,6645228640,Production,2026-09-24T18:31:49Z,3d20b6e7d067de33921b29984ea763e97c1732ba,success
wp-graphql/wp-graphql,6644650660,Production,2026-09-24T18:02:09Z,e753b1ac3dbc3fd495e454abaf99d2f372fd5f4d,success
wp-graphql/wp-graphql,6641181608,Production,2026-09-24T15:11:32Z,d878660d38aa02a3c89c6029a2a30b90ca4736c9,success
wp-graphql/wp-graphql,6641164222,Production,2026-09-24T15:10:45Z,a9e6f33b0c60772f3461ab14628584d76d32a4a4,success
wp-graphql/wp-graphql,6597981437,Production,2026-09-22T18:35:29Z,e2972976df4baee18408f432db62eab573753aa4,failure
wp-graphql/wp-graphql,6597490463,Production,2026-09-22T18:09:13Z,7a017eb9ba3bf98e1b14ba752c734199fa476f80,inactive
wp-graphql/wp-graphql,6597452210,Production,2026-09-22T18:07:08Z,3dfee80610df7dd210f6d1f594dceeae2b28b190,inactive
wp-graphql/wp-graphql,6485127143,Production,2026-09-16T16:04:00Z,73d58f26d6ba7a54ff5938be94cfac6f628bd76f,inactive
wp-graphql/wp-graphql,6484667489,Production,2026-09-16T15:39:54Z,6d550de0f2469efa59e19f090bda99fadd1780de,success
wp-graphql/wp-graphql,6467537581,Production,2026-09-15T20:12:29Z,2913d6c49c50ecc8d777d8494d1ada8de8b3bf95,success
wp-graphql/wp-graphql,6466706773,Production,2026-09-15T19:24:42Z,81799910e76d6f11b4f7c765bb12842568ecf1d5,success
wp-graphql/wp-graphql,6466623654,Production,2026-09-15T19:20:04Z,b9330b2f85f8a399919291d3d9e2239e9f4c021c,success
wp-graphql/wp-graphql,6466086533,Production,2026-09-15T18:50:11Z,2aaa199983b0f488463e2efb300375bedb2da2c2,inactive
wp-graphql/wp-graphql,6465956572,Production,2026-09-15T18:42:51Z,ff11f87c90539a915500387fa5027a6276700782,success
wp-graphql/wp-graphql,6465943079,Production,2026-09-15T18:42:05Z,a27785a31b3c8a7b981c3705ebea6bef923d9df4,inactive
wp-graphql/wp-graphql,6465942720,Production,2026-09-15T18:42:03Z,1a81f95503c0b7f2b16749f69453afef78df8c10,success
wp-graphql/wp-graphql,6465938870,Production,2026-09-15T18:41:50Z,40074f261d8f841fc47d337d60bdc0597a3d20d7,inactive
wp-graphql/wp-graphql,6465934618,Production,2026-09-15T18:41:35Z,fb6de5caff22ed7ea3f4828e5a34228b247c7643,inactive
wp-graphql/wp-graphql,6465930572,Production,2026-09-15T18:41:21Z,8a569eb55b98b6ffbd2e8e746aa1eaa09d723ea5,inactive
wp-graphql/wp-graphql,6465917871,Production,2026-09-15T18:40:39Z,985165e0c154f4f081d57d2e9c52a68865ae356c,inactive
wp-graphql/wp-graphql,6465559587,Production,2026-09-15T18:21:18Z,4a66dcf2598f05b037563f473a07a115e47675e5,success
wp-graphql/wp-graphql,6464908765,Production,2026-09-15T17:45:19Z,e6c32efdfe4e941297ffb90adb99033a0918bec7,inactive
wp-graphql/wp-graphql,6463828691,Production,2026-09-15T16:45:02Z,050e3e966ce40ffed1f99140ceb4b13f32ff3292,success
wp-graphql/wp-graphql,6462622005,Production,2026-09-15T15:40:17Z,2a21127b4d4097123f2e72038368d6b7aa370b93,inactive
wp-graphql/wp-graphql,6447229040,Production,2026-09-14T21:54:12Z,f997a08ca124f3e0cbeae48b9960ff59c2775511,inactive
wp-graphql/wp-graphql,6397844311,Production,2026-09-11T16:57:46Z,417378dc59c70069fdc98950e2547fc200e753ab,inactive
wp-graphql/wp-graphql,6397166659,Production,2026-09-11T16:17:53Z,99bfefa4f74cdc603d06a6bc2f37c7347dda8eaa,inactive
wp-graphql/wp-graphql,6381045394,Production,2026-09-10T21:00:49Z,39535638a2bf71ba97840d211ea5476f49d441c8,inactive
wp-graphql/wp-graphql,6378777860,Production,2026-09-10T18:47:39Z,85ead7065ca3b84b539cd502fe7b59bc5ec5b192,success
wp-graphql/wp-graphql,6355707687,Production,2026-09-09T17:35:55Z,1e274c8ef3fe672e4ce9e24403faf918d47a888f,success
wp-graphql/wp-graphql,6354475072,Production,2026-09-09T16:27:49Z,9b2abe3e096741f584b372b518982442ca9de476,success
wp-graphql/wp-graphql,6354462412,Production,2026-09-09T16:27:08Z,b3a37db6649917e4b16391e075ce9fe894445223,success
wp-graphql/wp-graphql,6354274620,Production,2026-09-09T16:16:59Z,ff0bdcb8d2674da0c6d6701851206462ad06f598,success
wp-graphql/wp-graphql,6354256691,Production,2026-09-09T16:16:00Z,82fbedadc75ddaf80a8f695d9b7a143d800d2ad3,success
wp-graphql/wp-graphql,6354221339,Production,2026-09-09T16:14:05Z,7c29c6f0ed9a77849acdda1cfda7a15bf72b2d05,success
wp-graphql/wp-graphql,6354205847,Production,2026-09-09T16:13:15Z,89147006c2414064babe4b3cb6fc516a156b410f,success
wp-graphql/wp-graphql,6342056933,Production,2026-09-09T03:44:47Z,670b823d46e379de01b24502c8a5d38761e1037d,success
wp-graphql/wp-graphql,6341573311,Production,2026-09-09T03:00:08Z,cae29d0f0cec12ae3e2a522ce17d46fe46db8712,inactive
wp-graphql/wp-graphql,6341520422,Production,2026-09-09T02:54:49Z,318af345c706abbcd22f211484867369a36f3bc8,inactive
wp-graphql/wp-graphql,6341467961,Production,2026-09-09T02:49:46Z,d21aca07636defbfded795eb3705d6f5355f4eb3,success
wp-graphql/wp-graphql,6339257445,Production,2026-09-08T23:32:15Z,1cbd92cf588e54468ba370b4a95941103bb0c8ac,success
wp-graphql/wp-graphql,6338745419,Production,2026-09-08T22:51:20Z,85c6c62a6870c9c2b75c3de041c0ab82c55512c4,success
wp-graphql/wp-graphql,6338659812,Production,2026-09-08T22:44:31Z,a96934f6949403e06bc306f7bccd602f7128a55e,inactive
wp-graphql/wp-graphql,6338451380,Production,2026-09-08T22:28:51Z,ef4f440f93f6dc5a6c896e895bcf8cc5eaf3ad12,inactive
wp-graphql/wp-graphql,6333535039,Production,2026-09-08T17:43:00Z,356f23447de05eb7127dc731e53fe7c4e15c717d,success
wp-graphql/wp-graphql,6333355863,Production,2026-09-08T17:33:15Z,b6d946459689764b24df1f9bf8a8eaf505bc4ae6,inactive
wp-graphql/wp-graphql,6273806546,Production,2026-09-04T22:19:10Z,49d48e511bddde19df433b22a9e9341707176a94,inactive
wp-graphql/wp-graphql,6269813670,Production,2026-09-04T17:46:58Z,1abce463c7859781e7fa02f6f5c7f089bde84fba,success
wp-graphql/wp-graphql,6269579218,Production,2026-09-04T17:31:33Z,55441663eaa33c3f2e05de038c8286c845916461,inactive
wp-graphql/wp-graphql,6248521589,Production,2026-09-03T16:48:57Z,d53b0e566f20a8df0664559cb6432d52a7cd285c,success
wp-graphql/wp-graphql,6248371953,Production,2026-09-03T16:40:29Z,2d6d57622b8699abd9fac1accc43efd1c85dec44,inactive
wp-graphql/wp-graphql,6248299422,Production,2026-09-03T16:36:27Z,44b57b335f889f9734c34a267129a0c7f7e8faff,inactive
wp-graphql/wp-graphql,6229158960,Production,2026-09-02T18:29:48Z,b10b8e3d3ba0284f30d013f780436b2d135ea15b,success
wp-graphql/wp-graphql,6229061207,Production,2026-09-02T18:24:29Z,5a3005bb9843bdc8318c0faf78c94b97aea48d10,success
wp-graphql/wp-graphql,6229059858,Production,2026-09-02T18:24:25Z,68b3134e66b8c7720f42ecd2f8c4f844d8dd5576,success
wp-graphql/wp-graphql,6211136538,Production,2026-09-01T21:57:27Z,cc28faee9482dff134f35a1474c886a79fe675e0,inactive
wp-graphql/wp-graphql,6211046342,Production,2026-09-01T21:50:38Z,23ddc48dfda75f9fbdc6ca88818345cd317e7c62,success
wp-graphql/wp-graphql,6210238593,Production,2026-09-01T21:00:25Z,ef0e0758d66499bcff5b32efad8a1823e0434f36,success
wp-graphql/wp-graphql,6210201519,Production,2026-09-01T20:58:03Z,113d8fa77080c09a79a8e8df4ed3823e6ca34353,success
wp-graphql/wp-graphql,6210182221,Production,2026-09-01T20:56:51Z,5b274662c809653e5ec096043b8cd37e184b3102,success
wp-graphql/wp-graphql,6210161523,Production,2026-09-01T20:55:31Z,afe34c4bbd43c14d5aa0547039f3cd780795cbf6,inactive
wp-graphql/wp-graphql,6209939918,Production,2026-09-01T20:42:05Z,7ecd59c5564e419cb3fc363a41dd840efc56b898,success
wp-graphql/wp-graphql,6209841923,Production,2026-09-01T20:36:11Z,0d44f7c0454c41b22716b4cd0fec03c5ec870373,inactive
wp-graphql/wp-graphql,6209305885,Production,2026-09-01T20:04:44Z,5f8a195c3fe9d7f55324d1882ff09eff10b01214,success
wp-graphql/wp-graphql,6206546760,Production,2026-09-01T17:21:49Z,13f134c70b28b73cf2b21374b45246e0d76781f3,success
wp-graphql/wp-graphql,6206535581,Production,2026-09-01T17:21:11Z,aff9c9db9157419757a636fb2860acd59fde8a47,inactive
wp-graphql/wp-graphql,6206488761,Production,2026-09-01T17:18:30Z,0aa772af4c6b56a21e62e26c70c7fc7154c2cb45,success
wp-graphql/wp-graphql,6191960622,Production,2026-09-01T00:15:59Z,97ea85ef11cf4d6e9eaf46afe81bad56ebe26397,inactive
wp-graphql/wp-graphql,6191895404,Production,2026-09-01T00:09:54Z,705a0a893de6485da7ab9e234abfd0f20d473b8c,inactive
wp-graphql/wp-graphql,6189590702,Production,2026-08-31T21:06:29Z,d85beb4c2076c72330a0dbf4ca8a0d7bb77a0772,inactive
wp-graphql/wp-graphql,6189474246,Production,2026-08-31T20:58:59Z,811fe7c68fa17858c1a8e01ad7b94938d3f51fd1,inactive
wp-graphql/wp-graphql,6189260488,Production,2026-08-31T20:44:32Z,e17a27add61a23ea74913cf3cc119c1bf511b21a,success
wp-graphql/wp-graphql,6188607896,Production,2026-08-31T20:03:43Z,5bd79c92fc0242fb6f0b5331f1d20c8254fba0a4,success
wp-graphql/wp-graphql,6188543397,Production,2026-08-31T19:59:45Z,251c109d84f43624a298ead4ccd6d46e37f87472,success
wp-graphql/wp-graphql,6188221457,Production,2026-08-31T19:39:03Z,be7411394aec7ca1ef3540cd066f4be4aa4d3459,success
wp-graphql/wp-graphql,6188042124,Production,2026-08-31T19:27:42Z,bd486eb813acc323ffd7cb9b28d5b560345976eb,success
wp-graphql/wp-graphql,6186627711,Production,2026-08-31T17:59:51Z,e8f654302fd4a37e612a70a22efc0b092ce365f1,inactive
wp-graphql/wp-graphql,6186407551,Production,2026-08-31T17:46:29Z,cc12aed380414545a005048bfcebe4ba50e9c8f9,inactive
wp-graphql/wp-graphql,6185503919,Production,2026-08-31T16:50:15Z,b583bb6ec87016965085afc7ea586f114c711c68,success
wp-graphql/wp-graphql,6185467116,Production,2026-08-31T16:47:58Z,ebde0b873af05ce34e8f5c310ecaf44704f45e3b,inactive
wp-graphql/wp-graphql,6145619923,Production,2026-08-28T17:26:49Z,1ec5e989a68a540f8e0198355f528bede978bb66,success
wp-graphql/wp-graphql,6145398319,Production,2026-08-28T17:11:06Z,e6507ccff32f444e4907f2136b600b2297f15c59,success
wp-graphql/wp-graphql,6144933896,Production,2026-08-28T16:38:39Z,95c85a5c89afbfba976cff9a57f919f21e1d97a1,success
wp-graphql/wp-graphql,6144861607,Production,2026-08-28T16:33:36Z,7eb5bc455da462c35d64ca3b2543997a16977d85,success
wp-graphql/wp-graphql,6134814161,Production,2026-08-28T03:00:07Z,4d380de74c4c758b80a2a3ae8af9d4aa570cfc21,success
wp-graphql/wp-graphql,6134810265,Production,2026-08-28T02:59:45Z,a8a4bbbaa4a0db8f312cde5b8891387293a9d3da,success
wp-graphql/wp-graphql,6134807085,Production,2026-08-28T02:59:28Z,7a5d9e03ab31c0bb7f4b8ac2ccf54c7a280d1e78,success
wp-graphql/wp-graphql,6134640913,Production,2026-08-28T02:42:45Z,e04ab215cb4b65c9b490857dea9d303e5f93e959,success
wp-graphql/wp-graphql,6131468159,Production,2026-08-27T21:38:11Z,8bb3ea163d76dfa7eac8e5f7f689b1a7abaa4ce3,success
wp-graphql/wp-graphql,6131391467,Production,2026-08-27T21:32:17Z,e939e8ca4f0168cb1e87da0931563780ad5a672e,success
wp-graphql/wp-graphql,6131356094,Production,2026-08-27T21:29:34Z,cddc55fbe50626a542a9bbc0e826b114d5fb0317,inactive
wp-graphql/wp-graphql,6130109058,Production,2026-08-27T20:02:07Z,6147c850577b8d591414523b5e57d1dfb9f463c3,inactive
wp-graphql/wp-graphql,6130077895,Production,2026-08-27T20:00:04Z,a070121371cb48ee59344516ffc9d081919d6e26,inactive
wp-graphql/wp-graphql,6130005351,Production,2026-08-27T19:55:08Z,cd537dda3e696deaf7262cdecc31bae05d929166,success
wp-graphql/wp-graphql,6129609779,Production,2026-08-27T19:28:19Z,4c36a70b986e3ffb04befa637075f48674351152,inactive
wp-graphql/wp-graphql,6129321379,Production,2026-08-27T19:10:15Z,88912519181ed89998a69739ea53315f13178f78,success
wp-graphql/wp-graphql,6129304666,Production,2026-08-27T19:09:07Z,d2633f0f9e598e4ff1f300b9ed836f9859531576,success
wp-graphql/wp-graphql,6129275537,Production,2026-08-27T19:07:11Z,7b2cf6a3f9f914a4380f1ed4b0b2303f1a5b8238,inactive
wp-graphql/wp-graphql,6128935481,Production,2026-08-27T18:45:21Z,992ea3b5890f3a7c8c213dd66b02bc19653fc563,success
wp-graphql/wp-graphql,6128905581,Production,2026-08-27T18:43:22Z,9d6fe1910871ee5378d88b59989713ab58e1e846,inactive
wp-graphql/wp-graphql,6112344013,Production,2026-08-26T21:29:00Z,e88d5c273fe33a299c18e591656e6446df43440f,inactive
wp-graphql/wp-graphql,6110620487,Production,2026-08-26T19:37:38Z,bfb6ac8686fe70e53ab313b27eb6b586b703402e,inactive
wp-graphql/wp-graphql,5969418668,Production,2026-08-18T19:07:02Z,eaba6c075944bf87501c339aaf558275355fbeb9,success
wp-graphql/wp-graphql,5969269667,Production,2026-08-18T18:57:42Z,33eb76eea37850f52054bc2ea32a79588a9b05b7,success
wp-graphql/wp-graphql,5969150342,Production,2026-08-18T18:50:03Z,28d11b4374d751c48973f94b9212054f4d4fa96e,success
wp-graphql/wp-graphql,5968815907,Production,2026-08-18T18:28:44Z,47136c8fd9c510df9948647822ecb9685fe9f4ce,success
wp-graphql/wp-graphql,5968563500,Production,2026-08-18T18:13:01Z,4d7b345e68b7cf7b846ac0aa635aae0ecbf4e892,success
wp-graphql/wp-graphql,5968537554,Production,2026-08-18T18:11:13Z,6c249457e03e452f62753925e7e6c83f941d1288,inactive
wp-graphql/wp-graphql,5968525032,Production,2026-08-18T18:10:29Z,10bbae32a3d1f3de4833444f9f96c133109ef974,inactive
wp-graphql/wp-graphql,5968515193,Production,2026-08-18T18:09:51Z,f471e9936574d1ebbb777e005081ed51fd281e4b,inactive
wp-graphql/wp-graphql,5967995386,Production,2026-08-18T17:35:54Z,b62cf1b54a0151806c347ff29144e59fb0051ddf,inactive
wp-graphql/wp-graphql,5967990631,Production,2026-08-18T17:35:36Z,2975241dcc4495e7ef52737a04d096b7f4a4d80c,inactive
wp-graphql/wp-graphql,5967850615,Production,2026-08-18T17:26:40Z,660e55269de0c9c77634b26d020e011c01a36c2e,success
wp-graphql/wp-graphql,5967834906,Production,2026-08-18T17:25:39Z,31179ba9f5b5c56a2aa51b4e1f3e87bf9aa0f900,success
wp-graphql/wp-graphql,5967386918,Production,2026-08-18T16:55:48Z,6af53b8f09e3d545dcd9f0f6791ed2dcbf6fb0de,success
wp-graphql/wp-graphql,5967303453,Production,2026-08-18T16:49:57Z,d38c04188e690858f4676d1d5c029fe7075c5fcb,success
wp-graphql/wp-graphql,5911594559,Production,2026-08-14T18:45:01Z,8a7127da87f01bf61a878467cb6fd63010b4c1ad,success
wp-graphql/wp-graphql,5895605197,Production,2026-08-13T20:33:40Z,45713e5f854b34f29390b2e4ec374e322fdc8484,inactive
wp-graphql/wp-graphql,5872770407,Production,2026-08-12T16:00:22Z,ec683dbecac22cdbb5e7c9d68b64296786d2bb76,inactive
wp-graphql/wp-graphql,5857452318,Production,2026-08-11T19:46:22Z,0a56bb683a7e34aa4d5e780cd5af0cf48a2b1ab8,inactive
wp-graphql/wp-graphql,5856534134,Production,2026-08-11T18:44:34Z,001cca6b8526902276c55a88ca07874403f9c0ec,success
wp-graphql/wp-graphql,5856086767,Production,2026-08-11T18:16:26Z,4e9a7483e221728f2d7b117f7e7f47beb97cff70,inactive
wp-graphql/wp-graphql,5837646000,Production,2026-08-10T18:27:38Z,56fc6f78c1e736c2edac7dc2e5fe05e51b20cb5e,success
wp-graphql/wp-graphql,5837615125,Production,2026-08-10T18:25:48Z,db97d15d4747a7adc84a12427c2261643825f24b,inactive
wp-graphql/wp-graphql,5837450518,Production,2026-08-10T18:15:12Z,51311a982b2342b91ba0ffefa9ec815bfcf6a5d1,success
wp-graphql/wp-graphql,5837297526,Production,2026-08-10T18:04:57Z,2f4944679eeb31cf88a62fdb41dca5cb3e92fca9,inactive
wp-graphql/wp-graphql,5837296301,Production,2026-08-10T18:04:52Z,74291066342266d38cc698322fafa6575c10d753,inactive
wp-graphql/wp-graphql,5837295053,Production,2026-08-10T18:04:47Z,75d60c51a54c73f63cc43214a40c073b6419018d,inactive
wp-graphql/wp-graphql,5837289421,Production,2026-08-10T18:04:22Z,a01c6fea2e0a2a092900e0cb70f1e7d1db9a4f52,inactive
wp-graphql/wp-graphql,5837289309,Production,2026-08-10T18:04:21Z,ec421308ef97a8a4b92230b60a0d229dfbd4ca9c,inactive
wp-graphql/wp-graphql,5837287983,Production,2026-08-10T18:04:16Z,bd939ad45cc38c48f6f64a0b31a266b71796e4ce,inactive
wp-graphql/wp-graphql,5837287204,Production,2026-08-10T18:04:12Z,e571d6dc1dd5172f0b79a61ff8c22961922b0221,inactive
wp-graphql/wp-graphql,5836939048,Production,2026-08-10T17:41:03Z,01f27b41b38574527a0f817730d3d0201df0fe0b,success
wp-graphql/wp-graphql,5836918818,Production,2026-08-10T17:39:41Z,5057a3552275686f9654c471ac36c42670814ef2,success
wp-graphql/wp-graphql,5805279712,Production,2026-08-08T03:53:58Z,0a9aec34a473b4c1dfac6797a775a8cc3a6fd372,inactive
wp-graphql/wp-graphql,5802650786,Production,2026-08-07T22:06:35Z,60596ef2bbb8ca0f4243cc10dc21f588935baf9b,success
wp-graphql/wp-graphql,5800447467,Production,2026-08-07T19:06:16Z,11838dbab05ff7f763ddf9e4c978b073b2c33b3f,success
wp-graphql/wp-graphql,5800275876,Production,2026-08-07T18:53:04Z,d1fe78ae5f391a882cb71d084327102ed01027e4,success
wp-graphql/wp-graphql,5799297192,Production,2026-08-07T17:44:36Z,7bf491584977c98e882207411a03786bbf9ea114,inactive
wp-graphql/wp-graphql,5766439896,Production,2026-08-05T17:36:36Z,ffb1601e989eac9362aad5e317964dd97cc7d829,success
wp-graphql/wp-graphql,5766092904,Production,2026-08-05T17:12:43Z,aac1c5df2e08ce56d0003cb7c7cd1584bf1371b9,inactive
wp-graphql/wp-graphql,5763994637,Production,2026-08-05T14:58:24Z,f137253a7cfe419ea2985ef7e219a538cbaf0884,inactive
wp-graphql/wp-graphql,5752110728,Production,2026-08-04T21:49:39Z,5ee38af9cd9b4854282166005872ba4db49f0a87,inactive
wp-graphql/wp-graphql,5734618620,Production,2026-08-03T22:24:23Z,40c616f30aff6d835831bd3f31cee34654a557a7,success
wp-graphql/wp-graphql,5734544704,Production,2026-08-03T22:18:01Z,b85ddadd6c2628411d310a7daeb14dfe0e42dee2,success
wp-graphql/wp-graphql,5734411857,Production,2026-08-03T22:05:42Z,ee1f3bb7028e31b5b70ebd990d7cf7ef265c7ec5,success
wp-graphql/wp-graphql,5734216620,Production,2026-08-03T21:48:48Z,c616bbc19cff68f50144aad5a0acda28371bc805,inactive
wp-graphql/wp-graphql,5734126244,Production,2026-08-03T21:40:53Z,0d2155c79a5bdbefa2d3997cf066c6ba1a16ac4d,inactive
wp-graphql/wp-graphql,5734011020,Production,2026-08-03T21:31:48Z,758ec30c44371d74373d91330580a4baa698c0fe,inactive
wp-graphql/wp-graphql,5733954189,Production,2026-08-03T21:27:19Z,a4631969c1334a1ab6ad4f7c5ef64a1dc4876462,success
wp-graphql/wp-graphql,5733953912,Production,2026-08-03T21:27:18Z,2da3442a0dc01769c9b9d7c315d72d4c8f325774,inactive
wp-graphql/wp-graphql,5733891892,Production,2026-08-03T21:22:31Z,c2f83492da50f100f88d2f9ae57d48f2026773fa,success
wp-graphql/wp-graphql,5733859120,Production,2026-08-03T21:19:54Z,cabf4b2207085a6170396111b7ce36a78a84d6b6,inactive
wp-graphql/wp-graphql,5733670657,Production,2026-08-03T21:05:07Z,d9dbec7c4615db093d5c75a18162119643bf6e52,inactive
wp-graphql/wp-graphql,5733648948,Production,2026-08-03T21:03:23Z,b46b61e99181bb8af2fbf1851551b657caaa5146,inactive
wp-graphql/wp-graphql,5733644317,Production,2026-08-03T21:03:02Z,0492dd82ab5b5abc39ab879ceca39926ddec94d6,inactive
wp-graphql/wp-graphql,5733591764,Production,2026-08-03T20:58:54Z,d99970a42a1204413605ebcd04b4172436607b13,success
wp-graphql/wp-graphql,5733562315,Production,2026-08-03T20:56:34Z,e6d02980172093717e839dba62f849b3886eef26,success
wp-graphql/wp-graphql,5733343028,Production,2026-08-03T20:41:55Z,1b74f7b56c6ec95ace306eb6886c04893607d820,success
wp-graphql/wp-graphql,5731366221,Production,2026-08-03T18:17:39Z,4a2374596a9ec91f386b60de118fb331203a6c6b,success
wp-graphql/wp-graphql,5731338220,Production,2026-08-03T18:15:35Z,8637fbabe5679a7ebe9d9fe320538b1d44386a27,success
wp-graphql/wp-graphql,5730727555,Production,2026-08-03T17:30:52Z,edc0daa6a7fcc7854dc847bc79d08b7289b66175,success
wp-graphql/wp-graphql,5730148689,Production,2026-08-03T16:49:52Z,ee572ac4a553aa5c6920344a8e635e202c9ff027,success
wp-graphql/wp-graphql,5729930475,Production,2026-08-03T16:34:33Z,d5f8b829de7cee7dd7534b27036dd2f043a4fda8,success
wp-graphql/wp-graphql,5729770376,Production,2026-08-03T16:23:22Z,c654f1971e1799681b95400a18820dda4bce1261,inactive
wp-graphql/wp-graphql,5683003069,Production,2026-07-30T22:01:35Z,53a5f6717fd7b0c7db9f0719ed070756700d6882,success
wp-graphql/wp-graphql,5677256587,Production,2026-07-30T15:10:16Z,54228ec796c52ca110e13fd6cabee5ec703edf67,success
wp-graphql/wp-graphql,5677007966,Production,2026-07-30T14:55:19Z,c967308e6ad01339a2f96a49fdde70a37f553339,success
wp-graphql/wp-graphql,5677007698,Production,2026-07-30T14:55:18Z,9e7f32a19f3e6247a0917a31ea9f37da29f87be0,inactive
wp-graphql/wp-graphql,5676795123,Production,2026-07-30T14:42:41Z,bad3ad82e951d1ae71664b66b41b796183a48fb7,inactive
wp-graphql/wp-graphql,5676760285,Production,2026-07-30T14:40:30Z,67f414c28b349cbf652e161925d18eec30f92b42,inactive
wp-graphql/wp-graphql,5676717297,Production,2026-07-30T14:37:47Z,00f1a9085d8f6fc0c19868c8be3f9d0a4e56b47d,inactive
wp-graphql/wp-graphql,5676710458,Production,2026-07-30T14:37:23Z,decc099adab31599cf8b7dbf3c2c456cf612ca84,inactive
wp-graphql/wp-graphql,5596146463,Production,2026-07-24T22:26:50Z,de2e12da7ba225050b1c0b1a2bb4d5222db4334f,success
wp-graphql/wp-graphql,5596089232,Production,2026-07-24T22:21:35Z,8ec1021e2e26db91d74ad4478addcfbda6cf2a9a,success
wp-graphql/wp-graphql,5596055233,Production,2026-07-24T22:19:06Z,d4108e9598fcfb7172f78d8a7b87b931d2bf55ac,success
wp-graphql/wp-graphql,5595957272,Production,2026-07-24T22:08:11Z,9866853218b1c73b431bb1274c5d18edc6682a14,success
wp-graphql/wp-graphql,5595869241,Production,2026-07-24T21:59:10Z,71e0f5a6668d1560694228232866480106bc8b63,success
wp-graphql/wp-graphql,5595845497,Production,2026-07-24T21:56:32Z,b665174779630ee18dd919dbf9c6bdf2b3333763,success
wp-graphql/wp-graphql,5593803017,Production,2026-07-24T18:53:29Z,4b8289c7d3613b8e21ffdbe387d305bc51fd58bc,success
wp-graphql/wp-graphql,5593472581,Production,2026-07-24T18:27:27Z,7bc04d33680ccef8a3e8fd58209d5656a4a5ef63,success
wp-graphql/wp-graphql,5592509343,Production,2026-07-24T17:10:19Z,8c6527d61dfe8822af16659a61bc775629b46ab7,success
wp-graphql/wp-graphql,5579105654,Production,2026-07-23T20:11:48Z,b0935445487d37c95b883c80c80bd96f3367bd13,success
wp-graphql/wp-graphql,5578797299,Production,2026-07-23T19:48:41Z,795891ddc4e708e15d9112039a46131d5646d8fd,success
wp-graphql/wp-graphql,5577953644,Production,2026-07-23T18:45:20Z,fd8bbda4f7412d35fb0fac1c051f0e44d32c579c,success
wp-graphql/wp-graphql,5577038926,Production,2026-07-23T17:37:58Z,2620d20349da3706310661c46f4e032587562d1e,success
wp-graphql/wp-graphql,5576470410,Production,2026-07-23T16:56:47Z,bae751b6e8c86f93594178a2bfce1a75fb7397b4,inactive
wp-graphql/wp-graphql,5562923056,Production,2026-07-22T21:06:16Z,49aa1c59926e76c4ed8519ba327960af6e2bdfd4,inactive
wp-graphql/wp-graphql,5562406052,Production,2026-07-22T20:28:57Z,06ca6cb44994f605e9964b3b590fc0f8cdd02b6c,success
wp-graphql/wp-graphql,5560986940,Production,2026-07-22T18:43:56Z,60a2fa01899eb8d6702f4460c96c91eefc76e636,inactive
wp-graphql/wp-graphql,5560073139,Production,2026-07-22T17:38:23Z,8bc2e2716829d64129ea450322d17b01ff291664,success
wp-graphql/wp-graphql,5560073049,Production,2026-07-22T17:38:22Z,f5de472226abd9d9fbf3f89ea51e01e5f9c83961,inactive
wp-graphql/wp-graphql,5560073043,Production,2026-07-22T17:38:22Z,10a5e38ef60c4e614d056c666e7fe99388d5a447,inactive
wp-graphql/wp-graphql,5560073042,Production,2026-07-22T17:38:22Z,2d849092ac9c148784b6f4eefd46f0b9b526b331,inactive
wp-graphql/wp-graphql,5560073038,Production,2026-07-22T17:38:22Z,5c9726b3290e7fa74be089a5281eaa5620b9cad5,inactive
wp-graphql/wp-graphql,5559942828,Production,2026-07-22T17:29:14Z,702adb9c88f064744ae369ac7cf8af36bbaea535,success
wp-graphql/wp-graphql,5559922636,Production,2026-07-22T17:27:48Z,6bb81ebffe37552c856033a3f704fabc1026c6ca,inactive
wp-graphql/wp-graphql,5559921494,Production,2026-07-22T17:27:43Z,d5235126ad3475126790c4e3c36e5f364dafdb1a,inactive
wp-graphql/wp-graphql,5559920481,Production,2026-07-22T17:27:38Z,cecf205f3ed96be74d2bfd5e8468c61229a52f8e,inactive
wp-graphql/wp-graphql,5559919696,Production,2026-07-22T17:27:35Z,01d37a66f645cd3b27026f04cb6e13fd00d5916a,inactive
wp-graphql/wp-graphql,5559919320,Production,2026-07-22T17:27:33Z,415a5e5827a38ea9f8e5e740501203c2ec1814a3,inactive
wp-graphql/wp-graphql,5545632607,Production,2026-07-21T20:55:19Z,edbc733a73a47bdf25ace793c5f552efd36148f3,inactive
wp-graphql/wp-graphql,5541733531,Production,2026-07-21T16:12:11Z,c18a859a46cb5acf427b3f6c20525aca1d2ddda2,inactive
wp-graphql/wp-graphql,5527469571,Production,2026-07-20T19:23:38Z,42bca517c64c08c251dff7b0caac6ad30b106602,inactive
wp-graphql/wp-graphql,5526008603,Production,2026-07-20T17:32:15Z,35f845dbeb7542c95492e93ab485c3da3a4bb2f9,inactive
wp-graphql/wp-graphql,5483508943,Production,2026-07-17T03:11:11Z,f5d03f885c5de83ba246dd523ff863b8f2ba6496,inactive
wp-graphql/wp-graphql,5479406289,Production,2026-07-16T19:42:35Z,724fa16e3e7c3d5d7cd53bc624ec221c169e87a4,success
wp-graphql/wp-graphql,5467706236,Production,2026-07-16T03:59:16Z,89613a193c299bdeb64ce362cd2f8437e83767c8,success
wp-graphql/wp-graphql,5467520970,Production,2026-07-16T03:33:20Z,e76df933721931dcb23192f3b4590ad24260558e,inactive
wp-graphql/wp-graphql,5464947168,Production,2026-07-15T22:25:14Z,6a43fad7d2d60baca45467d4c62911bd29f964b6,inactive
wp-graphql/wp-graphql,5460780651,Production,2026-07-15T16:46:49Z,7fe94b2ebada7dcb87f2b5e05915fad02c6fcaf3,inactive
wp-graphql/wp-graphql,5460205207,Production,2026-07-15T16:05:31Z,b78d6dcc1c223daa73fea36528ef028ee8427fae,inactive
wp-graphql/wp-graphql,5460033013,Production,2026-07-15T15:53:28Z,6c316c3ac073aa623e9cfc9fe00d4f25deee609e,inactive
wp-graphql/wp-graphql,5448443719,Production,2026-07-14T22:00:57Z,8648320e75deab2a968e72ddf72e806719786f52,success
wp-graphql/wp-graphql,5446863115,Production,2026-07-14T19:49:08Z,122d059f779c27aaad24e6f342c97f194f9d7b00,success
wp-graphql/wp-graphql,5446683392,Production,2026-07-14T19:34:16Z,82d0954579bb683097d29e582cc75d6b37a2180f,success
wp-graphql/wp-graphql,5445324782,Production,2026-07-14T17:50:28Z,ebbca0af0bbaddac4b970a4461b214e4fea1dae2,success
wp-graphql/wp-graphql,5444966401,Production,2026-07-14T17:24:20Z,a719b1f55594409cc98d048f1d2ae95a1ffb2ace,success
wp-graphql/wp-graphql,5444723530,Production,2026-07-14T17:06:24Z,f8fda72562b48616194ce13f5c04dc25bddbb6d9,success
wp-graphql/wp-graphql,5444723377,Production,2026-07-14T17:06:24Z,69872813005247b883bb6cc92008cbef93925fbe,inactive
wp-graphql/wp-graphql,5444686314,Production,2026-07-14T17:03:39Z,7d6f59a0c56966a3656b79e5b0e64b21624453b3,inactive
wp-graphql/wp-graphql,5444676987,Production,2026-07-14T17:02:59Z,cff6aed4809de19bb1fec942804390acaf2f81a1,inactive
wp-graphql/wp-graphql,5444642187,Production,2026-07-14T17:00:33Z,44e7a3ce06c51c91f00c26ac16f2ae4e171d3d36,inactive
wp-graphql/wp-graphql,5433951474,Production,2026-07-14T01:44:17Z,149abc177e3e6dedd895a2202b072bf189dd419b,success
wp-graphql/wp-graphql,5433447482,Production,2026-07-14T00:43:09Z,9e3a058112a453020b85d765e535036cfdb9d77a,success
wp-graphql/wp-graphql,5432202327,Production,2026-07-13T22:21:18Z,9b50264dcfb82c9aad4fb16d2ff4983041cc5d9e,success
wp-graphql/wp-graphql,5432182197,Production,2026-07-13T22:19:23Z,ad7517dad6ce26c8400dacd2ba4c4ed6c461caeb,success
wp-graphql/wp-graphql,5431896903,Production,2026-07-13T21:53:27Z,aeba524aff70f455a8874356db834e3e8d1d18a0,success
wp-graphql/wp-graphql,5431896803,Production,2026-07-13T21:53:26Z,7b2d80345d562c0edbeb9336e6de0d6189b22788,inactive
wp-graphql/wp-graphql,5431896787,Production,2026-07-13T21:53:26Z,513ec1454199598d482c0b478fa74ffc2fe6e731,inactive
wp-graphql/wp-graphql,5431896786,Production,2026-07-13T21:53:26Z,3f5c40ae3f02962f7a31c87b3a8126da53176c2c,inactive
wp-graphql/wp-graphql,5431873347,Production,2026-07-13T21:51:15Z,16c7537b602097bd9076e380641f291ce25298c3,success
wp-graphql/wp-graphql,5431872617,Production,2026-07-13T21:51:11Z,ceb4fad08141f9b171651eea84b0cd0d796c7cc2,inactive
wp-graphql/wp-graphql,5431869229,Production,2026-07-13T21:50:54Z,347b2e655ec0ba98517f8ac321bf197e7862a61e,inactive
wp-graphql/wp-graphql,5431866146,Production,2026-07-13T21:50:37Z,d2e173f68009840d790f37cacb46f6802c19c3a4,inactive
wp-graphql/wp-graphql,5428580438,Production,2026-07-13T17:33:47Z,bde1f9262205b6734d17e646f09ea7c4d7813d9e,inactive
wp-graphql/wp-graphql,5370673639,Production,2026-07-09T03:18:55Z,b7366214345849cf6280977da4ad5566aef590c6,inactive
wp-graphql/wp-graphql,5370017918,Production,2026-07-09T01:49:07Z,a11fb3054807accf08d0f077f74b96be9119d737,inactive
wp-graphql/wp-graphql,5366791309,Production,2026-07-08T20:14:23Z,35ea97c38385c1cc021187a1e668bb7ea4b794a6,inactive
wp-graphql/wp-graphql,5349476664,Production,2026-07-07T18:06:17Z,1fa0ed955ca13186b6681c6ce7963f286ee71509,inactive
wp-graphql/wp-graphql,5348914024,Production,2026-07-07T17:19:31Z,8ac9166c0e229ab1b15266d5f1b30615cdc3ab7c,success
wp-graphql/wp-graphql,5348282899,Production,2026-07-07T16:31:05Z,45b118315eccaff752a86a81b3773e3bf04aaa80,success
wp-graphql/wp-graphql,5347975429,Production,2026-07-07T16:08:06Z,294c969941c15af772bab6b448f990ec0b400966,success
wp-graphql/wp-graphql,5332322784,Production,2026-07-06T16:11:58Z,9dd355f68eb19315ab226ee13852a28fdf7cd927,success
wp-graphql/wp-graphql,5332289663,Production,2026-07-06T16:09:33Z,b274df4c227957a80852e860655a91619fe31549,inactive
wp-graphql/wp-graphql,5332256772,Production,2026-07-06T16:07:03Z,ebb143551d9b54dec7f8cb7ee585f99bfc446231,inactive
wp-graphql/wp-graphql,5332240991,Production,2026-07-06T16:05:53Z,3c3fe3cd8cca9f5bcbf28fa5119e7afdb6c4b342,inactive
wp-graphql/wp-graphql,5327531310,Production,2026-07-06T10:04:44Z,7fea048cbc6a5f6252287118c4230e01ed47b9ae,success
wp-graphql/wp-graphql,5279002198,Production,2026-07-02T04:06:27Z,85e48fe9862f2c65ba243e7a631e721e880da436,inactive
wp-graphql/wp-graphql,5278827505,Production,2026-07-02T03:42:12Z,ba671ab045a08acc55be70bb398e50ca12b4d6dc,inactive
wp-graphql/wp-graphql,5278436783,Production,2026-07-02T02:50:24Z,477b37aa65e20239b9ce3e5f7d284c28877126dc,success
wp-graphql/wp-graphql,5276912807,Production,2026-07-01T23:20:53Z,1174ae0c9509290e0f5c7511a8ddce458ec1bb80,success
wp-graphql/wp-graphql,5272914974,Production,2026-07-01T17:16:39Z,86da0dd1a030862f39be14322e2a3a3e07f6c37d,success
wp-graphql/wp-graphql,5257817642,Production,2026-06-30T17:12:21Z,3672b4dbf9f43e3035e334e1c9145b76eea13b35,success
wp-graphql/wp-graphql,5257455256,Production,2026-06-30T16:43:36Z,69f6cc952ed36c83d150ef99d60375ebd87c17d3,success
wp-graphql/wp-graphql,5247873935,Production,2026-06-30T01:55:08Z,acfed1f253ca888c3c66e7db46617099769b78c2,success
wp-graphql/wp-graphql,5247857967,Production,2026-06-30T01:52:48Z,f7394702a2883cf16d34f87db0dc69bb8bce921a,inactive
wp-graphql/wp-graphql,5244505204,Production,2026-06-29T19:38:53Z,b5b604a1d8c81b2b58b3c03a1041da86270091b4,success
wp-graphql/wp-graphql,5244503151,Production,2026-06-29T19:38:42Z,d0b0bdb5bbd0b61cb6f32a7ae31d0caa8896abd5,inactive
wp-graphql/wp-graphql,5244499238,Production,2026-06-29T19:38:21Z,458b5dd698744db6417755a01826281ce31d9aa9,inactive
wp-graphql/wp-graphql,5244489895,Production,2026-06-29T19:37:34Z,65f16029f90668cc1400b45875774a0b43f3a620,inactive
wp-graphql/wp-graphql,5244433951,Production,2026-06-29T19:32:44Z,a739a75e365be74594bdcd5983b9510ebbbb8dcb,inactive
wp-graphql/wp-graphql,5244197305,Production,2026-06-29T19:11:32Z,784acb382852d6fee81fa407af6817d53f0f768b,success
wp-graphql/wp-graphql,5243963006,Production,2026-06-29T18:50:43Z,0c245535a49cde2172d4718e21a216eb98e9b237,success
wp-graphql/wp-graphql,5243738676,Production,2026-06-29T18:31:13Z,40c346f24bc5e6785e718cef3a560058ea4825b0,inactive
wp-graphql/wp-graphql,5243470491,Production,2026-06-29T18:07:01Z,0cb9013401fde70edde01948594d1caf2cafdef7,success
wp-graphql/wp-graphql,5243448830,Production,2026-06-29T18:05:08Z,b110a75c6008b881c2d2a942a5c6c1c63eb7cac0,success
wp-graphql/wp-graphql,5242959427,Production,2026-06-29T17:20:53Z,fa2d23d51aa1887b79e3752dd080b4b46c80cb72,success
wp-graphql/wp-graphql,5242959285,Production,2026-06-29T17:20:52Z,8c5320d71d28c9a3b8ea62703e03c3b06308ff76,inactive
wp-graphql/wp-graphql,5242881369,Production,2026-06-29T17:14:08Z,de97a23a93ad7f08d73cef15cbd9567a1fb18cbc,success
wp-graphql/wp-graphql,5242874887,Production,2026-06-29T17:13:33Z,9e637e49565b7b6738f6253cf66d8d8fca1b583b,inactive
wp-graphql/wp-graphql,5242871306,Production,2026-06-29T17:13:12Z,8bbced82057389d1bafb9291feb209f514f9fc38,inactive
wp-graphql/wp-graphql,5214914839,Production,2026-06-26T19:37:24Z,db6306315b9ea0a2f74541bb872ab0050bbb4d45,inactive
wp-graphql/wp-graphql,5188234319,Production,2026-06-24T22:19:50Z,8ad95d13c2d7b4c2f28f84cfcb2651fe001755d5,success
wp-graphql/wp-graphql,5188118783,Production,2026-06-24T22:07:23Z,39e51443a4f08fb5c07d4873efc6f0eb65962853,inactive
wp-graphql/wp-graphql,5187704871,Production,2026-06-24T21:25:53Z,8e91566f1f4445195cfccebb8103b979a8de8031,success
wp-graphql/wp-graphql,5187407420,Production,2026-06-24T20:57:34Z,4096840fd3836211c02ee4e216c566b8899ad6fb,success
wp-graphql/wp-graphql,5187358311,Production,2026-06-24T20:53:09Z,19943598ef4d4678ea6d2817e4a46f713dc3640c,success
wp-graphql/wp-graphql,5187270925,Production,2026-06-24T20:47:25Z,c630f39d8db3c9933704f3a72e16464dc85473ff,inactive
wp-graphql/wp-graphql,5186949367,Production,2026-06-24T20:19:46Z,902d8721950b2a221cd071bbc4c076e3081e5301,inactive
wp-graphql/wp-graphql,5186756680,Production,2026-06-24T20:02:45Z,6699b8ffd317de212d67076408be466684b4167d,inactive
wp-graphql/wp-graphql,5186546515,Production,2026-06-24T19:44:40Z,cb571436ffebd933fb86bb91ad31c36d0d37f486,inactive
wp-graphql/wp-graphql,5186544009,Production,2026-06-24T19:44:28Z,f39743b24336c28807608f564f9f4b4e7c6585f0,inactive
wp-graphql/wp-graphql,5186350023,Production,2026-06-24T19:27:58Z,02bf96535d2df610735854c6252d050fb2053f94,success
wp-graphql/wp-graphql,5186307573,Production,2026-06-24T19:24:16Z,d08234a502583a2a7cd2063e69792341864c8450,inactive
wp-graphql/wp-graphql,5186265344,Production,2026-06-24T19:20:31Z,2a5d914bb2238e87087310ea5fadc9014ba246b2,success
wp-graphql/wp-graphql,5186166958,Production,2026-06-24T19:11:55Z,1a2569c39ae8fe4c6b82bb2fffb3a22c63c8cd4c,inactive
wp-graphql/wp-graphql,5186156829,Production,2026-06-24T19:11:02Z,ace4b975ee67e4e89da660f577f663d9c589d81d,inactive
wp-graphql/wp-graphql,5186153543,Production,2026-06-24T19:10:46Z,63ec4b1bb51e2d38d734f72bf710012badf3b03c,inactive
wp-graphql/wp-graphql,5186151483,Production,2026-06-24T19:10:35Z,42e407cdaa6f675eacfe087d7c7eef57d06d5209,inactive
wp-graphql/wp-graphql,5186148809,Production,2026-06-24T19:10:21Z,fbfcdf1a7fecbfe2979e8c1cce5aae4e2773eb60,inactive
wp-graphql/wp-graphql,5186148204,Production,2026-06-24T19:10:18Z,291b7d4483bf2a2e129c6db24ef51460c983deb5,success
wp-graphql/wp-graphql,5186107284,Production,2026-06-24T19:06:45Z,b0ab9e57cd7b1928b110dd7ed9188205bbb737d3,success
wp-graphql/wp-graphql,5185140871,Production,2026-06-24T17:46:49Z,e4467e79f0a7338e7f27acf2b0b1e95611a451d1,success
wp-graphql/wp-graphql,5184890315,Production,2026-06-24T17:26:01Z,1444f7e2759bc8a16efca25345a4ea8157ab1c30,inactive
wp-graphql/wp-graphql,5184009380,Production,2026-06-24T16:15:05Z,f6f8518d544121f0c4650da1c0d6e0295721d313,success
wp-graphql/wp-graphql,5183858709,Production,2026-06-24T16:03:23Z,44763e20ce63044afede23b43ee3455c38869cd3,success
wp-graphql/wp-graphql,5183833310,Production,2026-06-24T16:01:29Z,4507ee8ff77eed230d33446f9c97bfae274c3ff6,success
wp-graphql/wp-graphql,5183715322,Production,2026-06-24T15:52:37Z,28ac0466fc96b5d18485f02cc3cb7805da661031,success
wp-graphql/wp-graphql,5150064700,Production,2026-06-22T11:03:45Z,c9fd00af9810cebdd688821de9b372cccb7e5009,success
wp-graphql/wp-graphql,5150039393,Production,2026-06-22T11:01:28Z,8ea369211cfd9063a8652ce086b5c0b4217957bf,inactive
wp-graphql/wp-graphql,5128468520,Production,2026-06-19T21:22:37Z,f51aaa9aef05b442055bb8fa7210022750c57f59,inactive
wp-graphql/wp-graphql,5117583355,Production,2026-06-19T01:36:57Z,4efed02bfbd12ca77cf4b30fe25faf84733150b5,success
wp-graphql/wp-graphql,5116635220,Production,2026-06-18T23:17:35Z,ba2375608b7b67da678d6501255c5a4f7c047846,success
wp-graphql/wp-graphql,5116223972,Production,2026-06-18T22:26:01Z,391e7d3fa02085f1905e87c2091bb025885dc6b6,success
wp-graphql/wp-graphql,5114748422,Production,2026-06-18T20:04:52Z,5e5650e70a44b93b3605f3e6366046cad80875ab,success
wp-graphql/wp-graphql,5114621944,Production,2026-06-18T19:53:31Z,e27ee3284aa913680dea35953162caf6214bce27,success
wp-graphql/wp-graphql,5114568500,Production,2026-06-18T19:48:48Z,8056225698845930c661e8804ec13c80ef1d1233,success
wp-graphql/wp-graphql,5113595514,Production,2026-06-18T18:24:30Z,83b4030c17c5b8c02c6d89b4ab5134b0bed37677,success
wp-graphql/wp-graphql,5113411618,Production,2026-06-18T18:08:30Z,2fbbdcb477cb901226ae97b5e20b022f21d23f1b,success
wp-graphql/wp-graphql,5113306625,Production,2026-06-18T17:59:58Z,8eef55edd3cae9436f4fd3d65cc619010df875f7,inactive
wp-graphql/wp-graphql,5113202523,Production,2026-06-18T17:51:01Z,b071443e2295f51548b0ae11494a13ce002e3cb8,success
wp-graphql/wp-graphql,5113182882,Production,2026-06-18T17:49:16Z,3ded4e3721957d64f7c065f352c57f465fcc3520,success
wp-graphql/wp-graphql,5112878572,Production,2026-06-18T17:23:00Z,04e4da044148840eaef64fd35b8f963bdc4ac8df,success
wp-graphql/wp-graphql,5111859319,Production,2026-06-18T16:00:11Z,cfeff2501e903d685e3cfae14cb9396a836f61b6,inactive
wp-graphql/wp-graphql,5111492003,Production,2026-06-18T15:32:21Z,b8f6405f947c70aa433372b6d85b946fcb26db40,inactive
wp-graphql/wp-graphql,5110575481,Production,2026-06-18T14:27:45Z,17e33e7ac5cfd194eefa5ad6d7b0e6a15b44c6d1,inactive
wp-graphql/wp-graphql,5110282046,Production,2026-06-18T14:07:05Z,08082574d28efbf71d92d0c8dabe3ca04251beb9,inactive
wp-graphql/wp-graphql,5101653260,Production,2026-06-17T22:34:36Z,2636204b4209c8767a6dcd38b3ffdf99538b8ad5,success
wp-graphql/wp-graphql,5069746795,Production,2026-06-15T19:18:33Z,385e2fe849f59630437e0785211a89c08e57ab2d,inactive
wp-graphql/wp-graphql,5069738210,Production,2026-06-15T19:17:48Z,493a88b984a488ced79e313919f028425f26b54e,success
wp-graphql/wp-graphql,5068764139,Production,2026-06-15T17:55:56Z,d0258a79ffc386c8cc6bbee4b2a611bc5d16af78,inactive
wp-graphql/wp-graphql,5068737748,Production,2026-06-15T17:53:43Z,f21d46fe516cfd63d58dd2febc47012d292819ce,inactive
wp-graphql/wp-graphql,5068526254,Production,2026-06-15T17:35:11Z,63ef24f9688aff062ed347da8b2170c7fce64d58,inactive
wp-graphql/wp-graphql,5068516850,Production,2026-06-15T17:34:24Z,1026193dce4c1bddfa8540965c4670a85b0f2580,success
wp-graphql/wp-graphql,5068421733,Production,2026-06-15T17:26:17Z,8a8cb38d1e3da6ab03957f85e5887b6fbdaf513e,success
wp-graphql/wp-graphql,5066528005,Production,2026-06-15T14:57:54Z,c991ebba555d946a23ff3a33a53a49bc0e747c36,inactive
wp-graphql/wp-graphql,5066498609,Production,2026-06-15T14:55:47Z,ef925c9915651ab1f0143c3ece9feb281e9b663f,inactive
wp-graphql/wp-graphql,5015014095,Production,2026-06-11T04:52:50Z,b8650b401575ab30651600be6f2bf079f5923bc6,success
wp-graphql/wp-graphql,5014878149,Production,2026-06-11T04:34:29Z,e1129cbc52277a20b315e4e0a8b4a5934ad21997,success
wp-graphql/wp-graphql,5011549429,Production,2026-06-10T21:35:43Z,63333e1a2e8c64fbc314e6202b9cd86b163f6491,success
wp-graphql/wp-graphql,5011406522,Production,2026-06-10T21:23:06Z,41b3ab0e09a274e92d14101cb240ba3aee596c87,success
wp-graphql/wp-graphql,5011342030,Production,2026-06-10T21:17:09Z,5650e62ebdca7edb8e8e018e8a824c6238ce2973,success
wp-graphql/wp-graphql,5011329121,Production,2026-06-10T21:15:57Z,42d205a875249d0baafb4a9e6d0708af43126618,success
wp-graphql/wp-graphql,5008130145,Production,2026-06-10T16:56:19Z,7a01c0ee44a9e5573d01f24286f1a7fbd4aaca3d,success
wp-graphql/wp-graphql,5007858836,Production,2026-06-10T16:34:36Z,9cf4c9ce5e767947c054a1b13e70d5c4fef72a43,success
wp-graphql/wp-graphql,4996971625,Production,2026-06-09T22:43:01Z,1e9f85ada2bad160297507796c004525b1369e76,inactive
wp-graphql/wp-graphql,4996925409,Production,2026-06-09T22:37:43Z,786f53fb3b7b78d1b50890de84982c3ab6564d10,success
wp-graphql/wp-graphql,4996843919,Production,2026-06-09T22:29:04Z,0e8e8b6571c0c3f25fabc7506d6689eea6026c70,inactive
wp-graphql/wp-graphql,4996840868,Production,2026-06-09T22:28:45Z,c7d45ed6143961d850acd8bbb1591b17e32eaf9b,success
wp-graphql/wp-graphql,4996836851,Production,2026-06-09T22:28:20Z,c4aac059f4956e8f7d33027c81565317c92c8ca9,inactive
wp-graphql/wp-graphql,4996721651,Production,2026-06-09T22:16:27Z,3945ef3f14ad9f475b3e82aa5c7638346306fff3,success
wp-graphql/wp-graphql,4996556012,Production,2026-06-09T21:59:17Z,c44023943eb0af5157dff23a31c40983d40c19f4,success
wp-graphql/wp-graphql,4996534159,Production,2026-06-09T21:57:01Z,9ba09f4568acceb9ffcb3292cb29eb6b3470d784,success
wp-graphql/wp-graphql,4995674397,Production,2026-06-09T20:40:08Z,09c5da6cf6c74a7440f8b88833ad7b8505ddf61c,inactive
wp-graphql/wp-graphql,4995609217,Production,2026-06-09T20:34:39Z,6e0c08d652674ea97b4bf039dd3a866773807ed0,success
wp-graphql/wp-graphql,4995132956,Production,2026-06-09T19:53:34Z,d2be753b78383d98e853ce07d780e9eeaba2e61a,inactive
wp-graphql/wp-graphql,4995102142,Production,2026-06-09T19:50:49Z,6531480d6a3a70f58eb8802dec1e33b18cb196ae,success
wp-graphql/wp-graphql,4994136941,Production,2026-06-09T18:30:08Z,d493b52b9ddadab04688b0fe8cb4d6396e6aea99,success
wp-graphql/wp-graphql,4992215370,Production,2026-06-09T15:53:13Z,35070c826fdde48140707e09d196c04451b42c20,success
wp-graphql/wp-graphql,4934984984,Production,2026-06-04T15:04:37Z,c4854c43232442b9e038cd907e4b3d8b801c9f98,success
wp-graphql/wp-graphql,4934656532,Production,2026-06-04T14:40:20Z,d79b22bd1feb125deed2ce9228d8bdbb0a9a5e79,success
wp-graphql/wp-graphql,4934507015,Production,2026-06-04T14:29:03Z,5f301b16bf9e3c36d145d33ba568876f27884e17,success
wp-graphql/wp-graphql,4928496728,Production,2026-06-04T04:48:11Z,7a9d4486eb04328c10ec5a80556c57db72145386,success
wp-graphql/wp-graphql,4928364344,Production,2026-06-04T04:29:35Z,12495b20f96bea3b95db31a253fffa456e0060c1,success
wp-graphql/wp-graphql,4928348088,Production,2026-06-04T04:27:11Z,bf4daf58032ab620a8a8ca29ecbd760c540cc15a,success
wp-graphql/wp-graphql,4928334168,Production,2026-06-04T04:24:56Z,b104ca00bc7b2dbc9d615258db8741cd39e0d4bf,success
wp-graphql/wp-graphql,4927851160,Production,2026-06-04T03:13:10Z,d52197e1074a3bad899732c1db51e5d7f4f3881a,success
wp-graphql/wp-graphql,4926819726,Production,2026-06-04T00:43:15Z,95c732b5f305a541aeb94952d508fae1ac26f566,inactive
wp-graphql/wp-graphql,4926681669,Production,2026-06-04T00:22:35Z,f10661cab1121acb53267ca7f6680b3901f8a364,inactive
wp-graphql/wp-graphql,4926327447,Production,2026-06-03T23:32:37Z,aae4d239bb2b4416cac253ddf89f98d909b6cf8f,failure
wp-graphql/wp-graphql,4923470063,Production,2026-06-03T18:50:46Z,9e7e98eccd82604a1c105a7407e0d13f1d9dda20,success
wp-graphql/wp-graphql,4923450120,Production,2026-06-03T18:49:05Z,0035fac4bedca6d2b48e9f5606243309e21c91c8,success
wp-graphql/wp-graphql,4923113964,Production,2026-06-03T18:20:13Z,e05bdd6fb7ef67110f24c469f3ca943ffa4662bc,inactive
wp-graphql/wp-graphql,4923105472,Production,2026-06-03T18:19:31Z,d8f5b5522f4a993721b8c481b2beb858c6c2fb27,inactive
wp-graphql/wp-graphql,4923074636,Production,2026-06-03T18:16:51Z,d7b013cc07d590282c2c0f2246083b48f3221a4a,inactive
wp-graphql/wp-graphql,4923066780,Production,2026-06-03T18:16:11Z,c4efe569622a3a18a6a61198e92b977d0c9cabd3,inactive
wp-graphql/wp-graphql,4852393555,Production,2026-05-28T17:48:15Z,8a41c7c9e0f195cabbe9ca461adc5fab5bb29222,success
wp-graphql/wp-graphql,4852325367,Production,2026-05-28T17:42:09Z,805bd06ccc1e2e603f2d63a615dbe0995e4e4834,inactive
wp-graphql/wp-graphql,4851993739,Production,2026-05-28T17:13:52Z,249fe3437adc04876d54bcebdd64bad3aaf13343,inactive
wp-graphql/wp-graphql,4851988869,Production,2026-05-28T17:13:26Z,a76bc01a42b97505368ca2bae85db40fbc32241e,inactive
wp-graphql/wp-graphql,4851982351,Production,2026-05-28T17:12:51Z,4c0002e49c5ed4968ab4d25182c16c23c3b32b23,inactive
wp-graphql/wp-graphql,4851962127,Production,2026-05-28T17:11:05Z,c01a41cf89878ac77423f7d3f635d2d679e70e15,inactive
wp-graphql/wp-graphql,4851956807,Production,2026-05-28T17:10:36Z,bcd0c0d8f4d0f0c92debcc781eb1bcd3c465305d,inactive
wp-graphql/wp-graphql,4851946844,Production,2026-05-28T17:09:44Z,150cc3032b79d9ba988c4e76d2c88862683feba6,inactive
wp-graphql/wp-graphql,4851942646,Production,2026-05-28T17:09:21Z,e935973da50a9cbd70eadf9f4fb3dbc64f528ecc,inactive
wp-graphql/wp-graphql,4851937876,Production,2026-05-28T17:08:55Z,d28f0cacb85a301ee54f11fabfa49740289e40f8,inactive
wp-graphql/wp-graphql,4806289721,Production,2026-05-25T06:35:14Z,cf0a309f5c5b58d8abfa8afd5d798b1141bd04e9,failure
wp-graphql/wp-graphql,4803297481,Production,2026-05-24T21:32:56Z,a9fa33acdd63479a8ad98aed6adc7826bffb0486,success
wp-graphql/wp-graphql,4778499492,Production,2026-05-22T03:28:36Z,f26bb4051b3ec440f5c7974ff15346f51060d042,success
wp-graphql/wp-graphql,4776713149,Production,2026-05-21T22:56:24Z,ed5a069d6e2cf48c0acdd907b08ad8bb08c82c4b,success
wp-graphql/wp-graphql,4776682987,Production,2026-05-21T22:52:22Z,0cf2b22ab9a9faef4607b62f42cb228542ce5b87,success
wp-graphql/wp-graphql,4764155218,Production,2026-05-21T02:15:12Z,03fb3546a4064a9bf58f6bc4a7753b737827a265,success
wp-graphql/wp-graphql,4762713258,Production,2026-05-20T22:46:54Z,34a9810296e6ae69eea96b07f8a3fb104c92ed22,success
wp-graphql/wp-graphql,4762013858,Production,2026-05-20T21:29:23Z,bb2f699f21bade39f6071e3fe81f89a3ee07b672,inactive
wp-graphql/wp-graphql,4761661215,Production,2026-05-20T20:56:08Z,79943d90857467bb3ea463e1be1a68c59d518d63,success
wp-graphql/wp-graphql,4761304684,Production,2026-05-20T20:22:17Z,141baa4ea0d89fc36fded1266a871c982b6ff0ad,success
wp-graphql/wp-graphql,4747485366,Production,2026-05-19T19:54:42Z,b3d974d50dbc3a9c416241a080e80dc3c7d04d7e,success
wp-graphql/wp-graphql,4746482007,Production,2026-05-19T18:26:22Z,d36cc1034d997178d11bfc00d382910d01b5cf8a,inactive
wp-graphql/wp-graphql,4746461782,Production,2026-05-19T18:24:33Z,1b0b785dd3bf34f7007f554e42aa937bb9c90cef,success
wp-graphql/wp-graphql,4746403931,Production,2026-05-19T18:19:33Z,35b5cbdd44f51d4594c0e2d90ea169e6a868492c,success
wp-graphql/wp-graphql,4746088992,Production,2026-05-19T17:52:01Z,b3c1e4bda2afac9e1b78e56599475b35bca3a4d8,inactive
wp-graphql/wp-graphql,4746081288,Production,2026-05-19T17:51:22Z,eb91d26ec45cc432c42a112d6c79de165b70beb8,inactive
wp-graphql/wp-graphql,4735169156,Production,2026-05-18T22:59:33Z,ee20be95605b33df7bafeff353c7afa818df2201,inactive
wp-graphql/wp-graphql,4734873501,Production,2026-05-18T22:21:42Z,46d2c9743525ff04e3fa4e7d5baad72c30eebe8b,success
wp-graphql/wp-graphql,4734591544,Production,2026-05-18T21:49:01Z,208feffb8a2aa979dc93f6c2aec240b15e1a13ea,success
wp-graphql/wp-graphql,4734568863,Production,2026-05-18T21:46:29Z,12b7a48f7b87b23f2e49a99ca9f0ebee1fb2cc13,inactive
wp-graphql/wp-graphql,4679437478,Production,2026-05-13T18:40:06Z,8a0f0a0743310364eb978e2b51290b4f85acd17a,success
wp-graphql/wp-graphql,4651369411,Production,2026-05-11T17:54:08Z,bc234338a62cf2dadb4604a730e5f854cf39d6ed,success
wp-graphql/wp-graphql,4651312954,Production,2026-05-11T17:49:05Z,7549c17819cf2b1acdf240d736e4747cbbfac5f0,success
wp-graphql/wp-graphql,4651282911,Production,2026-05-11T17:46:20Z,03d0ca8aaa4777123dc2654f95a4936e12912f07,inactive
wp-graphql/wp-graphql,4651194593,Production,2026-05-11T17:38:53Z,31961db350176eb238fca007dd2b547c10c199bd,inactive
wp-graphql/wp-graphql,4651125022,Production,2026-05-11T17:32:38Z,3fb0b3dc8921ce48b491d5caa23dc728429a15fb,success
wp-graphql/wp-graphql,4629091723,Production,2026-05-09T04:26:58Z,bb4d25a0251df878da027a64455e1de37c20036c,success
wp-graphql/wp-graphql,4628962684,Production,2026-05-09T03:55:25Z,340848a11b679557abb14c47356a5a75b3e652f8,success
wp-graphql/wp-graphql,4624743501,Production,2026-05-08T17:39:34Z,b65e9d19dace532e52e2ccaa0b0635fc419310d3,success
wp-graphql/wp-graphql,4624743408,Production,2026-05-08T17:39:33Z,e6847ceb1b0533163605792334b2acb07c6be38f,inactive
wp-graphql/wp-graphql,4624720823,Production,2026-05-08T17:37:17Z,652e7e514ee7ba053b59f3b8d4c03df064ec8891,success
wp-graphql/wp-graphql,4624576468,Production,2026-05-08T17:23:05Z,4bf5402097329bf340fded88dea1ae29bce037b1,inactive
wp-graphql/wp-graphql,4624558905,Production,2026-05-08T17:21:17Z,92aa0a1e5505089d5b1fae82171efa20145dddb4,success
wp-graphql/wp-graphql,4624516099,Production,2026-05-08T17:16:51Z,90f7ef8dc38200c0fa52a2f1b2619d39528a991b,inactive
wp-graphql/wp-graphql,4624444812,Production,2026-05-08T17:09:31Z,fa52699dab9741b62f61d72acb0b47820a68cca1,success
wp-graphql/wp-graphql,4624415045,Production,2026-05-08T17:06:23Z,465e34b3a6a12daee8b2a62920a8487c8f4b4c5e,success
wp-graphql/wp-graphql,4624319628,Production,2026-05-08T16:56:27Z,6c1d17685d2d20428d41d67debe911e09e8597ea,success
wp-graphql/wp-graphql,4617778575,Production,2026-05-08T05:17:27Z,02dadf4898279de38ea6e787b64b1845e6a6053a,success
wp-graphql/wp-graphql,4617566354,Production,2026-05-08T04:44:32Z,6a2ef212384f0030bcca7586e98f3e587ca78b90,success
wp-graphql/wp-graphql,4573931665,Production,2026-05-04T18:41:51Z,ed641bb513c3d6f7d62ecfd36a6ff3dd472425fb,success
wp-graphql/wp-graphql,4573135198,Production,2026-05-04T17:21:56Z,539d75df30404f29e7f8aa7de666f44c4ab8ee7a,success
wp-graphql/wp-graphql,4573074807,Production,2026-05-04T17:15:39Z,ecc4c7e7e3c7d93043101c9a17e72b92d0b62fe8,inactive
wp-graphql/wp-graphql,4573073246,Production,2026-05-04T17:15:30Z,05b8711beb0bc5a1adba2aade44c7c48ba1f3712,inactive
wp-graphql/wp-graphql,4501815730,Production,2026-04-27T17:49:32Z,5e0196088e807cabeb502b3e868685c8d6878863,success
wp-graphql/wp-graphql,4501394819,Production,2026-04-27T17:06:54Z,b0f8240c9f4c5de22128587498ab50ef1e83992c,success
wp-graphql/wp-graphql,4501310313,Production,2026-04-27T16:58:33Z,42b200be4c1c723d191fbcbc0c04818b4b313676,inactive
wp-graphql/wp-graphql,4501290731,Production,2026-04-27T16:56:32Z,4e9cb0d84cdc9143c554fb7025798a7bf2e3d544,inactive
wp-graphql/wp-graphql,4501278671,Production,2026-04-27T16:55:17Z,9c4173a018e6a5efe1628c23a3f05654bf72b879,inactive
wp-graphql/wp-graphql,4466954485,Production,2026-04-23T21:14:34Z,549808ea9354d9aa9355874b7b2fda5dcbb61752,success
wp-graphql/wp-graphql,4466954461,Production,2026-04-23T21:14:34Z,7b8a13fc8b688659ab9f359541b12eaf4cdb1bf4,inactive
wp-graphql/wp-graphql,4466923632,Production,2026-04-23T21:11:06Z,ad0fa02ce0fc87cef77e66ce816796f1eb541b2d,success
wp-graphql/wp-graphql,4466914694,Production,2026-04-23T21:10:06Z,48fcf3b4a74abfe2b596aa50436d255523639b89,inactive
wp-graphql/wp-graphql,4466895243,Production,2026-04-23T21:07:52Z,71e9e3dcd2109e2b3e25ab617d22ec95ee98290b,success
wp-graphql/wp-graphql,4455261605,Production,2026-04-22T22:19:33Z,c601b268fd20ad3be6aca559da5d64fece2079e5,inactive
wp-graphql/wp-graphql,4454826617,Production,2026-04-22T21:25:18Z,bd0c310147b7129a74dc9619d11fdf8d3f0d1975,success
wp-graphql/wp-graphql,4427754411,Production,2026-04-20T17:12:09Z,4f53cb571c19d0e50a5eeeca7ab65143c825108e,success
wp-graphql/wp-graphql,4426901569,Production,2026-04-20T15:50:10Z,123177c7a0110dce35922a2ad9c8e3286a939261,inactive
wp-graphql/wp-graphql,4426456495,Production,2026-04-20T15:10:23Z,8f249b6788306a2b48e2cde91959caaf648476ac,inactive
wp-graphql/wp-graphql,4426030580,Production,2026-04-20T14:34:05Z,a6cfe6c4080e6f9c16504a257d6214570289fd10,inactive
wp-graphql/wp-graphql,4378850053,Production,2026-04-15T16:40:31Z,5b095ba516f3776f8d0b932d52c72fff2bdcb54a,inactive
wp-graphql/wp-graphql,4378850047,Production,2026-04-15T16:40:31Z,45d0e214ace76a2abc16511eb02bcf473a05ba64,success
wp-graphql/wp-graphql,4378816778,Production,2026-04-15T16:37:08Z,2ab35c9a3647927b68868019fa1622510f5b5a25,success
wp-graphql/wp-graphql,4378789443,Production,2026-04-15T16:34:24Z,fa1588021293c8f69bffed7af0d76b2e6c3759c2,inactive
wp-graphql/wp-graphql,4370129362,Production,2026-04-14T22:32:51Z,9dd694bd3ee1cc1c7a10fbfddb62f3815fb23e2b,inactive
wp-graphql/wp-graphql,4370125861,Production,2026-04-14T22:32:19Z,5fc6977d39d43b6ad6c00821da154056c7e5fb24,inactive
wp-graphql/wp-graphql,4368022345,Production,2026-04-14T18:39:29Z,0e998a1b0fcf250c03ea22a1877f856b7119900c,success
wp-graphql/wp-graphql,4367885383,Production,2026-04-14T18:25:50Z,ec1f500f81ad7d10579c38044bd559ac40f8e83a,success
wp-graphql/wp-graphql,4357468492,Production,2026-04-13T21:36:55Z,11f4091cbd8cc3130e0e36a451fc7f353aaab321,success
wp-graphql/wp-graphql,4356775389,Production,2026-04-13T20:23:02Z,f82c939b88de8b08bdd5aff3baa1da4d055dafdd,inactive
wp-graphql/wp-graphql,4355438259,Production,2026-04-13T18:04:40Z,e9463a85ab2a1db9fa8f15ec69417276d5d3b8a4,success
wp-graphql/wp-graphql,4355050200,Production,2026-04-13T17:24:33Z,4f30ff51f923fda2edd8a20b1716952cdac24524,success
wp-graphql/wp-graphql,4350037019,Production,2026-04-13T09:01:04Z,63b58abd7296fae7601d649bfd37014ae1c0233e,success
wp-graphql/wp-graphql,4349949889,Production,2026-04-13T08:51:43Z,f31da88006b5a3de5bf264ace7801ca978ca7764,inactive
wp-graphql/wp-graphql,4349939168,Production,2026-04-13T08:50:36Z,54bf70b90405966a46b182f472847a70a6bbc4db,inactive
wp-graphql/wp-graphql,4333405671,Production,2026-04-10T21:48:03Z,905484787816133c2f4f09b3b6ff01b40bd1cd4f,success
wp-graphql/wp-graphql,4331651199,Production,2026-04-10T18:17:25Z,b10ce1a4d432088349a6cce7afa37271be520c51,success
wp-graphql/wp-graphql,4331469627,Production,2026-04-10T17:56:50Z,21acb66fc37a40df57bc57972a2ef88d453b0ced,inactive
wp-graphql/wp-graphql,4322417966,Production,2026-04-09T22:00:43Z,cba0ed0df195847bf16fd444c4b3838a7e4ea2f8,success
wp-graphql/wp-graphql,4322403750,Production,2026-04-09T21:58:56Z,fa4c8809e2c96ccfd32f43b31d183c95612dd577,success
wp-graphql/wp-graphql,4322232292,Production,2026-04-09T21:36:43Z,19169baef77a87bc910d351065a872d7e694dead,inactive
wp-graphql/wp-graphql,4322138288,Production,2026-04-09T21:25:13Z,98b3d56b730edcde80d995e4a651eeb8ffe23ddb,success
wp-graphql/wp-graphql,4321967487,Production,2026-04-09T21:06:05Z,42691429f1df4eee61a0d47884ae4f31afcc6892,success
wp-graphql/wp-graphql,4321466615,Production,2026-04-09T20:13:04Z,5d83d5edf35546cb010401c714739ea9eb2841c4,success
wp-graphql/wp-graphql,4291684377,Production,2026-04-07T09:46:29Z,6f5172707a60e2697f4acb6c392eecdca7dddded,success
wp-graphql/wp-graphql,4279144464,Production,2026-04-06T03:04:46Z,e966821c4991e6db076ed170f3e23b7fef6e8534,success
wp-graphql/wp-graphql,4279047859,Production,2026-04-06T02:42:40Z,8da2e19f8a548a29e04d94dade9f39c0cd8e5705,success
wp-graphql/wp-graphql,4279033830,Production,2026-04-06T02:39:20Z,3c2133e50c1c344551de65c56e0a38f1e30a20ce,success
wp-graphql/wp-graphql,4278780478,Production,2026-04-06T01:39:20Z,781e3dc0f72145e9a31fa2d3fe5d3f44d8809290,inactive
wp-graphql/wp-graphql,4271642966,Production,2026-04-04T21:09:31Z,40dd44b573550beacfebb3a35890fd6ae66e7ec4,success
wp-graphql/wp-graphql,4271581781,Production,2026-04-04T20:56:20Z,6f9159316c8e42b4428a9a2867c385e8a36ee3fe,success
wp-graphql/wp-graphql,4270717615,Production,2026-04-04T17:57:32Z,f7535a99913834ddd94825c9cb48445cfcf5c1e1,success
wp-graphql/wp-graphql,4270174507,Production,2026-04-04T16:05:45Z,d6783b955f7d3cc17f1516744d9fff93204c7d81,success
wp-graphql/wp-graphql,4270016484,Production,2026-04-04T15:33:59Z,ecd97ad4ebea5f38624de8512aee4d3d8a9385a3,inactive
wp-graphql/wp-graphql,4269936433,Production,2026-04-04T15:17:19Z,61da2522950748cf0c4a12a4c965e2bbee6b7727,inactive
wp-graphql/wp-graphql,4269705532,Production,2026-04-04T14:30:01Z,b8a4a77a4afb58387e48c1713f1886f677cae76d,success
wp-graphql/wp-graphql,4269630996,Production,2026-04-04T14:13:27Z,21f6ea4f442e9d783adc4c562fa7ebeb27bcbce4,inactive
wp-graphql/wp-graphql,4269616619,Production,2026-04-04T14:10:35Z,be5c09948270019b581846017f7f76356b64e6c9,inactive
wp-graphql/wp-graphql,4269532075,Production,2026-04-04T13:52:14Z,04d19ab0c08c08878d0a451f56f0cb2f9e73164d,inactive
wp-graphql/wp-graphql,4269481495,Production,2026-04-04T13:41:01Z,f98b41f5dc0a95d04892159b7902c09a677fa4c1,inactive
wp-graphql/wp-graphql,4269342029,Production,2026-04-04T13:09:30Z,ee0e2653d63f4ab5f67e0e3571d24d4a75d31599,inactive
wp-graphql/wp-graphql,4269336133,Production,2026-04-04T13:08:06Z,64d50b07a6673d4aab79ccab56d018810b9010dc,inactive
wp-graphql/wp-graphql,4269334524,Production,2026-04-04T13:07:43Z,bb1050c2f4ba33c1d606c46de4cd97d6e6fca8c3,success
wp-graphql/wp-graphql,4269269114,Production,2026-04-04T12:51:49Z,a3fe06ae8fc9b97ee59bac077ac290ebca2f3aaf,inactive
wp-graphql/wp-graphql,4269253732,Production,2026-04-04T12:48:13Z,7d1c3f43f3ad7b6772b3fb7bfcf4e3452facde30,inactive
wp-graphql/wp-graphql,4269212623,Production,2026-04-04T12:38:34Z,c733cbb3173fe92f73d82e0cb0be50264ac8b52b,success
wp-graphql/wp-graphql,4110184860,Production,2026-03-18T22:16:11Z,3a76fe54967945e7154ddead7a715879678ab8fe,success
wp-graphql/wp-graphql,4110110870,Production,2026-03-18T22:07:31Z,0f4e130a9d2cad3f03b66d100abfe9fb85a09efa,success
wp-graphql/wp-graphql,4064722576,Production,2026-03-13T20:07:44Z,57624d66a92399f12a05e3546bb06bf0f454a03a,inactive
wp-graphql/wp-graphql,4055395406,Production,2026-03-12T21:46:39Z,77ddc5156f07487fe93b3f7ba3d1c52da25eb96f,success
wp-graphql/wp-graphql,4045213415,Production,2026-03-11T22:50:00Z,4b51388d93e9752634e64dbf7e10625779d3601b,success
wp-graphql/wp-graphql,4045195273,Production,2026-03-11T22:46:58Z,fa06f4208cbb46df91a8a4fa6e4e9362173748d1,inactive
wp-graphql/wp-graphql,4044393050,Production,2026-03-11T20:56:57Z,d51368f42013042a68c56b4f99ca7aa79f63bc70,inactive
wp-graphql/wp-graphql,4044163404,Production,2026-03-11T20:28:45Z,5da103f61595986bc6f14e71cbdedeb4e5a038d3,inactive
wp-graphql/wp-graphql,4043940663,Production,2026-03-11T20:04:34Z,dc308ca496cb3e2a63f9a291a78ecf06958d9457,success
wp-graphql/wp-graphql,4031469938,Production,2026-03-10T16:41:41Z,a473d9b9e6dc1bdf4350f6ea5f6847b769d42ea5,success
wp-graphql/wp-graphql,3993058976,Production,2026-03-05T22:39:22Z,1d2a997133d8eba2026d5157243651fc89e9387d,success
wp-graphql/wp-graphql,3993011369,Production,2026-03-05T22:31:46Z,5dad796bcd6814edc231e0111b9e5d2b5a544e59,inactive
wp-graphql/wp-graphql,3991595209,Production,2026-03-05T19:32:14Z,ecbd154225fa81fac6da4b5263445e9ed879b626,success
wp-graphql/wp-graphql,3991579497,Production,2026-03-05T19:30:23Z,ee38969db8a6493845f0f3e729b07a9e50fc9abd,success
wp-graphql/wp-graphql,3974674203,Production,2026-03-04T04:10:47Z,673e65ad84af39059656dce6e21bbf1aa1053828,success
wp-graphql/wp-graphql,3974672529,Production,2026-03-04T04:10:23Z,7ed7ebd59c797bc389c855863cae4f74b296e192,inactive
wp-graphql/wp-graphql,3974637518,Production,2026-03-04T04:02:41Z,9799fa021d41580604e2bf31ac2457a62223984f,success
wp-graphql/wp-graphql,3974599353,Production,2026-03-04T03:54:20Z,265660beaca67a092d64db266226f0f4094134bc,success
wp-graphql/wp-graphql,3974517206,Production,2026-03-04T03:37:07Z,80ec27dc1295e5fcaf839221cb185da0b1bc6d6c,success
wp-graphql/wp-graphql,3974437392,Production,2026-03-04T03:19:23Z,0f435a8c8bd4068d57c428a25270768a77b1887b,inactive
wp-graphql/wp-graphql,3973391961,Production,2026-03-03T23:47:07Z,d082893e0c3702af4114e20b8cbc49a3c0133fd2,success
wp-graphql/wp-graphql,3973238368,Production,2026-03-03T23:18:55Z,7b880bf763e4341eb76b547fa888e4d4abae99f4,inactive
wp-graphql/wp-graphql,3971297115,Production,2026-03-03T18:47:25Z,4c65325a1764d22935ef4ead25ea6558562c6f17,inactive
wp-graphql/wp-graphql,3944127744,Production,2026-02-27T21:24:58Z,a6e5933f2dab617fd460d7dd4dee5cbae749f339,success
wp-graphql/wp-graphql,3943280772,Production,2026-02-27T19:18:07Z,6b67878b8cd27235b21450bfbf0d6d2e2cf086c7,inactive
wp-graphql/wp-graphql,3943124720,Production,2026-02-27T18:55:11Z,40967cb5e68a3e6964828d054a4323b2327b271d,success
wp-graphql/wp-graphql,3932749693,Production,2026-02-26T16:09:22Z,1b7047dbb569d93cdbea9be2c49d953d5e90094a,success
wp-graphql/wp-graphql,3924259036,Production,2026-02-25T18:10:15Z,25de66d9cd31f0237ba62453173a649400b6d055,success
wp-graphql/wp-graphql,3918936164,Production,2026-02-25T06:24:59Z,9d6c934ed077a63df8bb75845b79afd16e63960f,success
wp-graphql/wp-graphql,3918882403,Production,2026-02-25T06:14:37Z,51143f4295a7d3a1b0d961537557d802e8946971,inactive
wp-graphql/wp-graphql,3918788604,Production,2026-02-25T05:54:34Z,b1ca3fbd4c422d32f46efb40b5237c1f807a63ad,inactive
wp-graphql/wp-graphql,3918743771,Production,2026-02-25T05:45:18Z,083d93a5bde9bc36af533b55aa8441018ae315c6,inactive
wp-graphql/wp-graphql,3918613803,Production,2026-02-25T05:18:15Z,de0c2d590593f1099546ad517106e454a498bc58,success
wp-graphql/wp-graphql,3887120712,Production,2026-02-20T17:13:54Z,b216fe22f3a119f256511ec7353f536fee6886ac,success
wp-graphql/wp-graphql,3821748018,Production,2026-02-11T21:18:23Z,45ad3c4de182799f2890510d283a9f642bd7b278,inactive
wp-graphql/wp-graphql,3821697663,Production,2026-02-11T21:11:50Z,c85c562ff1dd7d15b964ab3fd7a8e8fcdfa51488,success
wp-graphql/wp-graphql,3821657469,Production,2026-02-11T21:06:14Z,e7836ae751d98e2fc8bd2c1f3280978aac508d0b,inactive
wp-graphql/wp-graphql,3821595644,Production,2026-02-11T20:57:15Z,d71e829e2caead96c003d3fcd170c0804bac52e6,success
wp-graphql/wp-graphql,3821590760,Production,2026-02-11T20:56:32Z,6f72a6f48727d689418b8eca312ba28656613b2e,inactive
wp-graphql/wp-graphql,3821322390,Production,2026-02-11T20:18:25Z,0c1fc13b7b9c8a900720da56b96358aa6e0dd2fa,success
wp-graphql/wp-graphql,3820657452,Production,2026-02-11T18:44:20Z,3c682c1e53c27a5dbaef29438ec2885dd3ce673f,failure
wp-graphql/wp-graphql,3820541903,Production,2026-02-11T18:28:31Z,5bde12cbc622f4b0febc7a887a9808c36dd6b015,failure
wp-graphql/wp-graphql,3820236680,Production,2026-02-11T17:47:39Z,caa1249a76ac39216367cd7f62df7b6358f81ffd,failure
wp-graphql/wp-graphql,3820183292,Production,2026-02-11T17:40:17Z,5498cc635c4e4f94a59f43a7962378da598a00b5,success
wp-graphql/wp-graphql,3813186915,Production,2026-02-10T21:36:33Z,b1a0f026f74ec089fb120ed4599c5aa7c704b8e7,failure
wp-graphql/wp-graphql,3813051310,Production,2026-02-10T21:16:41Z,91db0f8bacb8ccf7e056351486d5ae996730f17a,failure
wp-graphql/wp-graphql,3812937118,Production,2026-02-10T21:00:06Z,2ee4e9b774e33e6f6a47f8ed0f16300a0009c284,inactive
wp-graphql/wp-graphql,3812595992,Production,2026-02-10T20:11:19Z,72edd7379ca142a6dbd5b3835f29c571f01f1c53,failure
wp-graphql/wp-graphql,3803717134,Production,2026-02-09T20:10:40Z,e81142edd47701d0ad8562d3bd37190c6723eadc,success
wp-graphql/wp-graphql,3791959235,Production,2026-02-07T17:29:13Z,c4a5b2cf53251203dd7f983ad477f4b1beca2ddb,success
wp-graphql/wp-graphql,3791890548,Production,2026-02-07T17:08:40Z,23e5f00159ee928fd1422820baac4a9dc9a01db5,failure
wp-graphql/wp-graphql,3791873941,Production,2026-02-07T17:04:12Z,303cd800e144908323aad3f17bbe6a0742778e2e,success
wp-graphql/wp-graphql,3791861433,Production,2026-02-07T17:00:23Z,562b2db1bded757a61fcf947b6b2aded02452afa,success
wp-graphql/wp-graphql,3791816671,Production,2026-02-07T16:46:15Z,545e8243db1c00b6363c9d47a42123bafdc33ec5,success
wp-graphql/wp-graphql,3791721730,Production,2026-02-07T16:16:57Z,ea237592e4eab33e5d4abd9f99c644b4daa2e56c,success
jellyfin/jellyfin-web,6921006399,Production,2026-10-07T21:11:55Z,66c1c33ea3a7b45e704a8121642cd5520bc12af9,success
jellyfin/jellyfin-web,6876091808,Production,2026-10-06T05:00:44Z,1e507c588f353482a00333f84e36ddb7c8fc8221,success
jellyfin/jellyfin-web,6871684021,Production,2026-10-05T23:24:06Z,19ecc67b320893a97843665fd487fa92c333e46e,success
jellyfin/jellyfin-web,6870395442,Production,2026-10-05T22:04:08Z,4ae51bba7e1559c3cdb7cffa8bb9632fbca630e6,success
jellyfin/jellyfin-web,6865103084,Production,2026-10-05T17:04:00Z,412fb30d1eff3b99aba108a90e415607ec72a3b6,success
jellyfin/jellyfin-web,6862472779,Production,2026-10-05T15:03:49Z,69b289770abf5efc773643cbbb790945ad661f01,success
jellyfin/jellyfin-web,6854133455,Production,2026-10-05T08:03:28Z,9e8335f19b0bfdb6ffe5f630683b2cb1713ef23b,success
jellyfin/jellyfin-web,6849823589,Production,2026-10-05T02:03:50Z,dd6d1d66ac1a020635818aaaa712458a72a60d05,success
jellyfin/jellyfin-web,6846013761,Production,2026-10-04T20:03:22Z,22cbab0056e00d809e213e6c79e8a2331892270a,success
jellyfin/jellyfin-web,6839450548,Production,2026-10-04T09:49:23Z,f31c048457a9643c4f4050c62c975b37aa7f4e21,success
jellyfin/jellyfin-web,6835210547,Production,2026-10-04T01:03:49Z,4c6d87e61c28e15dcb0cfe431ba6c083bb307a0b,success
jellyfin/jellyfin-web,6833607511,Production,2026-10-03T21:58:56Z,c5b85dd80c9392934dcfb0e8e328057e55187c25,success
jellyfin/jellyfin-web,6820757963,Production,2026-10-03T00:03:44Z,fca925f3fd57e54b0c3faeb0a04ef5b0f673fb83,success
jellyfin/jellyfin-web,6819245400,Production,2026-10-02T22:03:57Z,c4c6af0623592afb6c39bde95e09de1ffc5d099a,success
jellyfin/jellyfin-web,6817116909,Production,2026-10-02T20:02:56Z,0dbac58e02acd1ab6319c1b41c0ff46c81e271d3,success
jellyfin/jellyfin-web,6790079024,Production,2026-10-01T16:51:41Z,52a0fab12eca01253d85e30243e0b5e10e5f1b21,success
jellyfin/jellyfin-web,6787741961,Production,2026-10-01T15:05:09Z,0fcb8b309c00b924c37155869579b4d3cd168df2,success
jellyfin/jellyfin-web,6784969403,Production,2026-10-01T13:03:55Z,8bc2772c0336b9380d407e9fec10fe0024be7f67,success
jellyfin/jellyfin-web,6781083667,Production,2026-10-01T09:39:07Z,1dd1bed17b68f03a96fb69d47f59685851ccdc55,success
jellyfin/jellyfin-web,6779529499,Production,2026-10-01T08:19:09Z,1b75f8d5da2dc9913f6cbf0ad2f4619a0cfe94d9,success
jellyfin/jellyfin-web,6772913105,Production,2026-10-01T00:07:17Z,b943cffb6f6e8316ac6cf26a993becf995e5cc39,success
jellyfin/jellyfin-web,6770099299,Production,2026-09-30T21:03:59Z,621a9082b3a9d8b13abad255b4ef52d42f857429,success
jellyfin/jellyfin-web,6767776832,Production,2026-09-30T19:04:06Z,7e890e3ec8ea0fcf6bc85e5048d66c80e2657aae,success
jellyfin/jellyfin-web,6757747559,Production,2026-09-30T11:03:20Z,4e0ec6e43b5243bef182ecf7e69a56b4edfacb51,success
jellyfin/jellyfin-web,6742178175,Production,2026-09-29T18:19:07Z,e466eb93f0515246455e215d62e72b94b48ad242,success
jellyfin/jellyfin-web,6736800148,Production,2026-09-29T14:03:53Z,f15ff0b7ae0e2c68f745c5e2d53a6dfdef553130,success
jellyfin/jellyfin-web,6734201615,Production,2026-09-29T12:03:41Z,0e533c22f5b15815a7410cf88dfcb5c9f172abb0,success
jellyfin/jellyfin-web,6732065245,Production,2026-09-29T10:08:20Z,9b4c027aabf84a0ba9225238f0d5d2aa47b28435,success
jellyfin/jellyfin-web,6730843462,Production,2026-09-29T09:04:03Z,9227af12f20bb4760a7385340a02907e74814487,success
jellyfin/jellyfin-web,6728739688,Production,2026-09-29T07:03:34Z,140e8f995b03ebd6c2a1c0e71698b3b44cd0556b,success
jellyfin/jellyfin-web,6722484275,Production,2026-09-28T23:00:29Z,4e2831ebeb6dd182350bd62a85f0998832fb4388,success
jellyfin/jellyfin-web,6714268888,Production,2026-09-28T15:49:15Z,2015a2a26655a0887f6e730416ec433fb5c727e5,success
jellyfin/jellyfin-web,6711870309,Production,2026-09-28T14:04:02Z,c64552525c6f0b4219fe5b771e422b9ccb8917b3,success
jellyfin/jellyfin-web,6709503688,Production,2026-09-28T12:09:49Z,e782a62c513a63e546f79274ee65ba8c9d989d79,success
jellyfin/jellyfin-web,6709133426,Production,2026-09-28T11:49:45Z,ab0a46fe5050e6dd5fc912709e3810eea98ed9a4,success
jellyfin/jellyfin-web,6708929639,Production,2026-09-28T11:38:33Z,98db2f0a98aa786430959f8a8a0f37dcdb95a9fa,success
jellyfin/jellyfin-web,6708415218,Production,2026-09-28T11:09:54Z,34a9fd7413a4357ad45af70e82043370b1d7b4ef,success
jellyfin/jellyfin-web,6702477773,Production,2026-09-28T04:34:04Z,facbe2fb008e4edbe0c947f1522438d77af549cb,success
jellyfin/jellyfin-web,6694942515,Production,2026-09-27T16:43:41Z,d94cbdf605c2a247ba7c897fbed3a2929566fcdc,success
jellyfin/jellyfin-web,6694263371,Production,2026-09-27T15:42:21Z,7445a835b6042d607da1f7d954a70c688abcf85d,success
jellyfin/jellyfin-web,6693684418,Production,2026-09-27T14:50:31Z,755be4e155e176b68827a1c782d1999c5bfc723d,success
jellyfin/jellyfin-web,6690473024,Production,2026-09-27T09:25:35Z,2096bfaf1732c43f05d4a44462953ae06696648e,success
jellyfin/jellyfin-web,6690008882,Production,2026-09-27T08:34:11Z,6460e5470dd66e962974b66c8985d40c84ef144f,success
jellyfin/jellyfin-web,6689684448,Production,2026-09-27T07:59:19Z,534630229119101b41cfbf20bac84f52adb80858,success
jellyfin/jellyfin-web,6689593505,Production,2026-09-27T07:49:20Z,bb5168f3e98d1418ae6c7dc4bfbcc6c1542e7220,success
jellyfin/jellyfin-web,6686105210,Production,2026-09-27T00:30:42Z,abfa012e208fc7332ab1074e866c8e6df262dc4c,success
jellyfin/jellyfin-web,6685967215,Production,2026-09-27T00:13:31Z,665655d0f8d2c62b3955f4d6bc38361fecf4ddf9,success
jellyfin/jellyfin-web,6685841367,Production,2026-09-26T23:58:25Z,6cb2d941a8fa8959a564424f8322735fee2ed904,success
jellyfin/jellyfin-web,6682278174,Production,2026-09-26T17:56:59Z,6c0fb2a596a7615522d3f3f5fdb14ebd34643ae9,success
jellyfin/jellyfin-web,6681048765,Production,2026-09-26T16:03:47Z,e79f2bd4895aa965fe6b3ef4c61c33bcf578ce7a,success
jellyfin/jellyfin-web,6680319283,Production,2026-09-26T14:55:55Z,9717c8a1eb63950f05efe35b95dd67c032dab50b,success
jellyfin/jellyfin-web,6679980672,Production,2026-09-26T14:23:36Z,253f9271f23c035ec39c40475928c8f30d119189,success
jellyfin/jellyfin-web,6679942409,Production,2026-09-26T14:20:00Z,1b723c4dc611a896b909f668b1af6db33185c213,error
jellyfin/jellyfin-web,6679824650,Production,2026-09-26T14:08:45Z,07535f93b3a0dc3dd001516210e014cd556fcbdc,success
jellyfin/jellyfin-web,6679773091,Production,2026-09-26T14:03:49Z,2555e5ea4c55a784f46b00a62bc23db9a9fbddb3,success
jellyfin/jellyfin-web,6678022540,Production,2026-09-26T11:03:50Z,f837903a3f958a4887d292fb174ea055d2c5e6ff,success
jellyfin/jellyfin-web,6663453662,Production,2026-09-25T14:50:31Z,6d2b5922a9069f1bafbde3a620c727bb9d34a6ac,success
jellyfin/jellyfin-web,6625419922,Production,2026-09-23T22:03:56Z,134e6add887beb4c240c17b1379f7773b03b8928,success
jellyfin/jellyfin-web,6603748699,Production,2026-09-23T00:38:13Z,ea73c8bb0fc92628e8baeb5b7c3b0a057def701a,success
jellyfin/jellyfin-web,6596255269,Production,2026-09-22T17:03:30Z,839563a2d633041d5854948d680bd393423b1abb,success
jellyfin/jellyfin-web,6591351468,Production,2026-09-22T13:06:38Z,7994fcdf86187714bb3d5af7faae101d618ab591,success
jellyfin/jellyfin-web,6587142086,Production,2026-09-22T09:03:47Z,5129c78e96c9725de8d50dbb99a4897b1637ffd9,success
jellyfin/jellyfin-web,6585470225,Production,2026-09-22T07:20:16Z,d5b0c9ae83e8b9eb964d6141b14553be2857776d,success
jellyfin/jellyfin-web,6585134049,Production,2026-09-22T06:56:41Z,dd8a31245e1ba03c61de2c039d2538342c3b0d55,success
jellyfin/jellyfin-web,6585072183,Production,2026-09-22T06:52:02Z,b2301457c18aa0da2e9fe661261d64e22a171b16,success
jellyfin/jellyfin-web,6584658354,Production,2026-09-22T06:20:29Z,8a5c9d747899d7c041a297142f8b7f410fcc92db,success
jellyfin/jellyfin-web,6583401935,Production,2026-09-22T04:29:54Z,120eebb2562a17f81a726d9c0da5f35350e93ad5,success
jellyfin/jellyfin-web,6579790123,Production,2026-09-21T22:56:55Z,aa08526ec060775ea721dbb1dba6d94986be1816,success
jellyfin/jellyfin-web,6573728798,Production,2026-09-21T17:03:37Z,e0b7c4411e1391da056dd15c2e3e171649119a2a,success
jellyfin/jellyfin-web,6551569294,Production,2026-09-20T10:08:20Z,63892cb2155b94b4f1705829b353511d88f983e6,success
jellyfin/jellyfin-web,6551094599,Production,2026-09-20T09:09:35Z,11b4c1c4a238cac0113a8c1f26e638beea95b6a5,success
jellyfin/jellyfin-web,6550400958,Production,2026-09-20T07:40:47Z,bc44488237eae9c9f762ae5470619709deea1e1d,success
jellyfin/jellyfin-web,6538374323,Production,2026-09-19T07:21:42Z,cbc62b63c6a17f3488f00a676569ada94c09fc17,success
jellyfin/jellyfin-web,6532159296,Production,2026-09-18T20:17:26Z,4f4c25ef8a7810af3a1c68da5a1a9275daedddf1,success
jellyfin/jellyfin-web,6532113980,Production,2026-09-18T20:13:43Z,1721d5410eefef373495fd1d1ad9d4c405983c64,error
jellyfin/jellyfin-web,6524666679,Production,2026-09-18T12:53:19Z,b2fea9fe60f32b7e5480c1ea86094f05dab872b8,success
jellyfin/jellyfin-web,6519390258,Production,2026-09-18T07:07:26Z,30aeebdf04b55eae937a1e818f70a15a85d770c3,success
jellyfin/jellyfin-web,6518820257,Production,2026-09-18T06:23:11Z,d260766232509ab06f0d1dd5adbbb1b4b9b4c695,success
jellyfin/jellyfin-web,6511095481,Production,2026-09-17T20:02:58Z,820c0fa8870145f53665cfe78dca08d48fd79ff1,success
jellyfin/jellyfin-web,6508693939,Production,2026-09-17T17:43:37Z,4cf96d3b8538f516d69f489e9ca58b023c151b44,success
jellyfin/jellyfin-web,6493409221,Production,2026-09-17T01:03:37Z,b54188953dafa4d2f81eeecfa0bb281ac572f777,success
jellyfin/jellyfin-web,6491335201,Production,2026-09-16T22:06:23Z,1260988c9f30d50e279c9c045c1d37e25d2bee88,success
jellyfin/jellyfin-web,6490607984,Production,2026-09-16T21:18:08Z,39aba4e065c970d327bb8bd9f377765de82f6804,success
jellyfin/jellyfin-web,6490358473,Production,2026-09-16T21:02:38Z,0b67b5ae0b39abeacbfddde8749ba75adb0ebe2f,success
jellyfin/jellyfin-web,6488151273,Production,2026-09-16T18:52:24Z,6b36cdf95224421df240150c5b5d11a03fb0ba06,success
jellyfin/jellyfin-web,6486737001,Production,2026-09-16T17:32:37Z,8179c640b1c31e060c6fc102d8cfaab587b1c6e5,success
jellyfin/jellyfin-web,6485406343,Production,2026-09-16T16:18:50Z,f128087ea983a6be6bfdd49a766a70a9c499e71b,success
jellyfin/jellyfin-web,6473509156,Production,2026-09-16T04:03:04Z,a46ea966e4751fde46882dd31509b6a2342e4599,success
jellyfin/jellyfin-web,6470896627,Production,2026-09-16T00:02:53Z,b2408871bb5be4e6fc7a29593f3fa376b2292df2,success
jellyfin/jellyfin-web,6469377076,Production,2026-09-15T22:03:54Z,466a8373197cb4d976ced521fb7a9ab3c84f804b,success
jellyfin/jellyfin-web,6466352005,Production,2026-09-15T19:04:45Z,d777c8892fbabe96586ee72990399bc4a037ac76,success
jellyfin/jellyfin-web,6464162376,Production,2026-09-15T17:03:53Z,d62bf26f45aacfa1ab526039156a154cb8bcba5e,success
jellyfin/jellyfin-web,6461872077,Production,2026-09-15T15:03:16Z,1840085f1a48a62e8b7e924c84df2edb34e5b54f,success
jellyfin/jellyfin-web,6459438320,Production,2026-09-15T13:03:22Z,bfd798e513c2afcde38b7d3b4593a68b8e92ef03,success
jellyfin/jellyfin-web,6452109551,Production,2026-09-15T05:05:26Z,f0f7b226a26e1512a4dac43e6ddec325977d09d4,success
jellyfin/jellyfin-web,6450822687,Production,2026-09-15T03:03:50Z,77f7482216d3a0fcb45a763d1b1ca5827d1fb238,success
jellyfin/jellyfin-web,6447775627,Production,2026-09-14T22:32:33Z,c553419f485c4de038368c22be6e1f4743879d47,success
jellyfin/jellyfin-web,6446942683,Production,2026-09-14T21:34:49Z,5c898533a19d3cd360e41b83e637a6f86b533bf1,success
jellyfin/jellyfin-web,6446413294,Production,2026-09-14T21:04:10Z,ab37b7e6519110834986507afd18d2c6d7601b7a,success
jellyfin/jellyfin-web,6442070138,Production,2026-09-14T16:55:04Z,1e58579cd47dd36937d30a17502c0db772f87f7e,success
jellyfin/jellyfin-web,6432097407,Production,2026-09-14T07:03:52Z,45c679a130d1e397abb0a1e812dc7a240d685359,success
jellyfin/jellyfin-web,6429669985,Production,2026-09-14T03:03:40Z,d924b44d31c3b909d422315722f097cda3801d4b,success
jellyfin/jellyfin-web,6424687544,Production,2026-09-13T18:03:41Z,424fcf941e4cbb80d9b92d4881b4a49dfc5b7245,success
jellyfin/jellyfin-web,6417886798,Production,2026-09-13T05:03:51Z,23b7be6b204ed15a5372e1fc9e7f3a35b1ba1030,success
jellyfin/jellyfin-web,6417155488,Production,2026-09-13T03:11:43Z,4e68469102b731468ceee65d7ef6e5161a9eb9b5,success
jellyfin/jellyfin-web,6415365417,Production,2026-09-12T23:04:13Z,6c4965e5b3adff999f161f3a8d98eb11dc35935a,success
jellyfin/jellyfin-web,6414379723,Production,2026-09-12T21:06:44Z,1fc1d0ed3547b6c30dd4c2efc6e93847d3377b5d,success
jellyfin/jellyfin-web,6413293740,Production,2026-09-12T19:03:43Z,27b40d362ca1a31dde46714f3164c7d2eb8eaed4,success
jellyfin/jellyfin-web,6412167078,Production,2026-09-12T17:03:37Z,44d1386e2a1b72f434964bbbaba325faa279f032,success
jellyfin/jellyfin-web,6406104538,Production,2026-09-12T04:57:21Z,ec168353e1a7662881cef13a3358aa2937f3279d,success
jellyfin/jellyfin-web,6405267305,Production,2026-09-12T03:03:39Z,3a400b353ca75952c5476c71dbfd49050610794b,success
jellyfin/jellyfin-web,6397951662,Production,2026-09-11T17:04:03Z,937f603fbf997920bf1e8f615846ef3252dddd47,success
jellyfin/jellyfin-web,6395840875,Production,2026-09-11T15:03:50Z,74950866141951c07e4a01a3598a3d34a660666d,success
jellyfin/jellyfin-web,6391736107,Production,2026-09-11T11:03:59Z,e29d88b60e56a6854f623e2bc9cd9ebd920d6ffb,success
jellyfin/jellyfin-web,6383708194,Production,2026-09-11T00:17:37Z,08809626c2bdebe3dbf20a6cebebedfd2069b080,success
jellyfin/jellyfin-web,6382709904,Production,2026-09-10T22:54:04Z,17103e9cafb42f15e35cd0ea136663623cea825b,success
jellyfin/jellyfin-web,6381282633,Production,2026-09-10T21:15:00Z,63b6118e1f300a9a5997f18bbeda47fa50025f96,success
jellyfin/jellyfin-web,6380667920,Production,2026-09-10T20:37:59Z,002bc15d05101acff42bb9d9c9c4a4c25cd9143e,success
jellyfin/jellyfin-web,6380287708,Production,2026-09-10T20:16:01Z,b195d8cf9342f4b7d2b813e5c7f6677d711b9f8a,success
jellyfin/jellyfin-web,6379263027,Production,2026-09-10T19:15:37Z,0975c97ccdc70fc11fafe7117f925d1af4cbbdd7,success
jellyfin/jellyfin-web,6379055864,Production,2026-09-10T19:03:42Z,8650ec181bdce3a8f8520d6da61948908591651c,success
jellyfin/jellyfin-web,6376733533,Production,2026-09-10T16:50:58Z,ad8681968a593a343de561fca99b9ad903bdd295,success
jellyfin/jellyfin-web,6360948579,Production,2026-09-09T22:57:13Z,3bddedd93993dcd3a723ef937ce5c8f1b7506ec3,success
jellyfin/jellyfin-web,6359261951,Production,2026-09-09T21:03:04Z,6b4d3400a7ce5333d0f1d602138a0d7bf52f1a38,success
jellyfin/jellyfin-web,6357229369,Production,2026-09-09T19:03:35Z,b24b70d18dccf71a58633cd9795a2663983f93c0,success
jellyfin/jellyfin-web,6352831346,Production,2026-09-09T15:03:48Z,e4189275e7971e1b673f397a25301638779eb374,success
jellyfin/jellyfin-web,6341612997,Production,2026-09-09T03:03:41Z,06c728c8df66aa71004b2f5289c87163011538d9,success
jellyfin/jellyfin-web,6340251118,Production,2026-09-09T00:59:22Z,d3368a6eedd3419ddd75a39573096141d8c994c4,success
jellyfin/jellyfin-web,6340208235,Production,2026-09-09T00:55:42Z,7a070d619caf197b88be43ee1c8e6908d8eeba66,error
jellyfin/jellyfin-web,6339402504,Production,2026-09-08T23:44:45Z,8abb1a243851020b003bf9001a397fea1a0f74f2,success
jellyfin/jellyfin-web,6339205500,Production,2026-09-08T23:28:02Z,1bc78c025c3837f49ba404501fa3639bce0331b3,success
jellyfin/jellyfin-web,6338901556,Production,2026-09-08T23:03:40Z,feac8b2fc53e72c0f4e2a699b268f94e8a8e6630,success
jellyfin/jellyfin-web,6337114428,Production,2026-09-08T21:03:59Z,12b3189935881eacc6c9634f31a3c4a65445d5f5,success
jellyfin/jellyfin-web,6335511760,Production,2026-09-08T19:32:31Z,7ef69c1ed93fbe4a3327776d9fe85c6e20cee70b,success
jellyfin/jellyfin-web,6333893765,Production,2026-09-08T18:03:45Z,518847aeee3b3504fd3cffbb4e5252800d501b5f,success
jellyfin/jellyfin-web,6331950271,Production,2026-09-08T16:13:54Z,17be1ea1de611b2ec37dd32adb13c252c06dd27a,success
jellyfin/jellyfin-web,6330768271,Production,2026-09-08T15:12:16Z,9f48a7b51a23c40d8d7a301e8eceb398f7a0ee07,success
jellyfin/jellyfin-web,6328377956,Production,2026-09-08T13:12:01Z,25ea945208c8c6dc969704f0fea9744f0809b104,success
jellyfin/jellyfin-web,6327140429,Production,2026-09-08T12:03:39Z,14f315d37608f54b29a0e27bbbde731b0dd4099b,success
jellyfin/jellyfin-web,6318684901,Production,2026-09-08T01:09:11Z,5783c293246f1a404649e6f43a45c3c1e830e4dd,success
jellyfin/jellyfin-web,6318056093,Production,2026-09-08T00:03:02Z,aa039568eb759ff4e3a028256d93f18740273314,success
jellyfin/jellyfin-web,6317275369,Production,2026-09-07T22:42:17Z,49e6b4ac2626a6cd3830a8e4b384c3ef0b52bd0a,success
jellyfin/jellyfin-web,6315711084,Production,2026-09-07T20:26:27Z,ee20bbae16c0f75b52fc5a772d58ed8db25a61b4,success
jellyfin/jellyfin-web,6315023000,Production,2026-09-07T19:30:29Z,162f23096a45267c8dbcd99c0fa39491bf1838e5,success
jellyfin/jellyfin-web,6312746128,Production,2026-09-07T16:33:42Z,691a76052da5319d64284cf5685de97acc6bd2fe,success
jellyfin/jellyfin-web,6311331342,Production,2026-09-07T15:03:46Z,498b6ee171595538bb33b54b1d1847fbd62e3280,success
jellyfin/jellyfin-web,6305006520,Production,2026-09-07T08:37:31Z,3be085655a9b135a3bef86e63ef26cbbf473b81b,success
jellyfin/jellyfin-web,6299540390,Production,2026-09-07T00:03:40Z,54175396ee03787947411646e0ac1100afe944d1,success
jellyfin/jellyfin-web,6298672545,Production,2026-09-06T22:18:20Z,10c95bc785c385c8068059ae3f4e121c05e53a2d,success
jellyfin/jellyfin-web,6298218876,Production,2026-09-06T21:28:13Z,c925510ceedc515a54f039eee88a8d69897b90c5,success
jellyfin/jellyfin-web,6296493180,Production,2026-09-06T18:31:56Z,4bd84876bd15182c7ae31f0e2532efc044b191f3,success
jellyfin/jellyfin-web,6289112638,Production,2026-09-06T04:27:36Z,a1c2e13286103953b417966f1c5cc75ddefdecbc,success
jellyfin/jellyfin-web,6287698126,Production,2026-09-06T01:03:54Z,be4dfca60247db6082572accb495e14bd56dc7f1,success
jellyfin/jellyfin-web,6286252241,Production,2026-09-05T21:55:31Z,278b29ba0e88bb74a6d7548c34c2e029e1337ad8,success
jellyfin/jellyfin-web,6285747510,Production,2026-09-05T21:00:40Z,18f0bc80c9e22a3479a57e549006d50e41683c8e,success
jellyfin/jellyfin-web,6282813745,Production,2026-09-05T15:47:25Z,b8a9496d4318d11ad633d4e8f9aa1061b2d0523c,success
jellyfin/jellyfin-web,6280107972,Production,2026-09-05T10:51:24Z,eaa5747d7f705c4241f25d226322e0a1d106a02f,success
jellyfin/jellyfin-web,6276907599,Production,2026-09-05T04:03:53Z,0b1192dc5150f9ad3ba943f56cbcfb84475e60e7,success
jellyfin/jellyfin-web,6272217314,Production,2026-09-04T20:24:20Z,134a345ba94ec990de99768aa6dbec15ba4f31cb,success
jellyfin/jellyfin-web,6271014536,Production,2026-09-04T19:04:05Z,c2811833e505f2e0b2b3e6c4043d58e7b0edb4a8,success
jellyfin/jellyfin-web,6269289909,Production,2026-09-04T17:13:08Z,0ba2c312956ef8cae934924b13db49c7fb3a4ef1,success
jellyfin/jellyfin-web,6269034433,Production,2026-09-04T16:57:11Z,8eb7f35a6c4d4d9e54e45a398377b7c2540c553c,success
jellyfin/jellyfin-web,6267833515,Production,2026-09-04T15:45:14Z,b48ffbb9e3d1b1f0c2559af8b9e6086ab1dd54f0,success
jellyfin/jellyfin-web,6254508254,Production,2026-09-03T23:04:07Z,ddeee039f6724b3d2599511218d74a0a5e8d290f,success
jellyfin/jellyfin-web,6253546474,Production,2026-09-03T21:48:22Z,961a0ee534e76c361c9c350015cbf859dd9740ab,success
jellyfin/jellyfin-web,6252774337,Production,2026-09-03T20:59:18Z,396b9626a39f48aebd9ebb49476efb2e8fa8f993,success
jellyfin/jellyfin-web,6251643464,Production,2026-09-03T19:51:47Z,21ddf4ddf3ed04d79b1eb557cdc082631a02e393,success
jellyfin/jellyfin-web,6250907534,Production,2026-09-03T19:07:44Z,02e0c2b604b7ec14d5390db64f7990af01e4c313,success
jellyfin/jellyfin-web,6249814709,Production,2026-09-03T18:03:48Z,6dfd24c39de53bbcc2820b0ca131a112a49700ed,success
jellyfin/jellyfin-web,6247780662,Production,2026-09-03T16:07:03Z,c02724e283c8e54cbb452821e10925d990bea43b,success
jellyfin/jellyfin-web,6247722081,Production,2026-09-03T16:03:48Z,76edb679d49500b3655a301605fca7a696846a0a,success
jellyfin/jellyfin-web,6246295743,Production,2026-09-03T14:41:59Z,a166b0b8dd2668d23246cfc1dc29b06fb353e687,success
jellyfin/jellyfin-web,6242055672,Production,2026-09-03T10:36:36Z,28b068633d6034eecea2507f4bce82fd7b73b589,success
jellyfin/jellyfin-web,6241719294,Production,2026-09-03T10:15:29Z,d88916646812594ac492ebbf40ad6ef9f6291270,success
jellyfin/jellyfin-web,6231799673,Production,2026-09-02T21:03:49Z,0510499cd5096e553732ddb85a067d9cb7a419db,success
jellyfin/jellyfin-web,6230602759,Production,2026-09-02T19:52:43Z,13f47d376ef4d8ce8f886ad41cfe994c7368b49b,success
jellyfin/jellyfin-web,6228488195,Production,2026-09-02T17:51:59Z,4634a1dc6b9d9fd139ded6e33c5a801edb0b4f84,success
jellyfin/jellyfin-web,6219991677,Production,2026-09-02T10:05:20Z,e9c7d5c7a193aad3f9ece4c88cec0b0d1c25288c,success
jellyfin/jellyfin-web,6218542264,Production,2026-09-02T08:33:28Z,b52bfe7e75697d7a706d1f9dea658c60473caf3e,success
jellyfin/jellyfin-web,6217574662,Production,2026-09-02T07:26:32Z,32db82947af29017dd98d18ba013566f02ea3801,success
jellyfin/jellyfin-web,6217512598,Production,2026-09-02T07:22:15Z,bc3715d2c65bba52e600d9cc387dab164ff6486d,success
jellyfin/jellyfin-web,6217439172,Production,2026-09-02T07:16:47Z,93d0e739a4b9f6a0f81d6ae93d4f6dea73c819bc,success
jellyfin/jellyfin-web,6217158621,Production,2026-09-02T06:55:59Z,24953efde9082ee855183ee8eab5d8bfa7c5511b,success
jellyfin/jellyfin-web,6213335805,Production,2026-09-02T01:03:38Z,9d37797330b4914d44e30c7067dc1a719731a3fa,success
jellyfin/jellyfin-web,6211012073,Production,2026-09-01T21:48:11Z,a568b78d3a0d57fa2d1aba5f8b2e4d98b0a24f4a,success
jellyfin/jellyfin-web,6210294056,Production,2026-09-01T21:03:40Z,e76c6b9f8efc9eab56014cd4687d8dcf473145b1,success
jellyfin/jellyfin-web,6208784632,Production,2026-09-01T19:33:22Z,4a9a16a38acbee64d019826b8f5de0879773361d,success
jellyfin/jellyfin-web,6207820762,Production,2026-09-01T18:36:22Z,3df10160002735e3b63f726a0dab2e79578ad4be,success
jellyfin/jellyfin-web,6207261199,Production,2026-09-01T18:03:39Z,e07cd221d9041f98804d0c92d81c2a1e82d90ab8,success
jellyfin/jellyfin-web,6205340765,Production,2026-09-01T16:12:29Z,55b5e12cc051a0b92f0b276a3ea4e0def500a50c,success
jellyfin/jellyfin-web,6204488771,Production,2026-09-01T15:25:18Z,21d611ce12bce0a43c46bd2713d4c42af1fe766a,success
jellyfin/jellyfin-web,6203718591,Production,2026-09-01T14:45:10Z,f6f28a8ff2008a629e9adb00d81adb65e9881276,success
jellyfin/jellyfin-web,6199086902,Production,2026-09-01T10:15:54Z,51aaffd0d2a9da3fba14197ffe459d499aa59f77,success
jellyfin/jellyfin-web,6193108830,Production,2026-09-01T02:05:58Z,dacd8298e92733808893e07daa07854f6bc8feae,success
jellyfin/jellyfin-web,6192657717,Production,2026-09-01T01:22:33Z,bfe6c158cab90b22376abd033c4ce8f67ce2cc0b,success
jellyfin/jellyfin-web,6187130317,Production,2026-08-31T18:30:34Z,c24b7ee575fcb6ee4b5dd67b51487cec3af4186e,success
jellyfin/jellyfin-web,6186309164,Production,2026-08-31T17:40:16Z,2b2ef285aaa1a35695587e9e29a6fc7e67320fb4,success
jellyfin/jellyfin-web,6184155936,Production,2026-08-31T15:29:29Z,d3fc9d700daca1a8c2fcde9a1b7ceaf6ad40e834,success
jellyfin/jellyfin-web,6183791147,Production,2026-08-31T15:08:45Z,4117aefe92a08cda18a7ac1476ab3d2234379dad,success
jellyfin/jellyfin-web,6181593288,Production,2026-08-31T13:02:38Z,d875f3cb6f7832f185d3cdcba922d28f21443d3b,success
jellyfin/jellyfin-web,6174083029,Production,2026-08-31T02:36:46Z,02fa26d3910b8c43a292e3a8152c97ed3b70f344,success
jellyfin/jellyfin-web,6173930435,Production,2026-08-31T02:19:35Z,4635f0cd8fa5916956d76b198b97668a7b17fb2f,success
jellyfin/jellyfin-web,6173869214,Production,2026-08-31T02:12:25Z,b078987abbf7643d87f2ebb40d2fd110204e186c,success
jellyfin/jellyfin-web,6172819181,Production,2026-08-31T00:06:36Z,c75a9149b02a1aeebbd828487be0eba072f881f2,success
jellyfin/jellyfin-web,6172682552,Production,2026-08-30T23:48:40Z,7949425ef5ea00db504c3d57a7aadbdeec8a6584,success
jellyfin/jellyfin-web,6172308047,Production,2026-08-30T23:02:07Z,b26b1de23e75a188e359fa9cef23738d8edaf10d,success
jellyfin/jellyfin-web,6172176603,Production,2026-08-30T22:44:56Z,dcf4564e3922fc2ada325880a0b59e3f582ab5a9,success
jellyfin/jellyfin-web,6170592655,Production,2026-08-30T19:53:20Z,338c62c369ebe8925bd3415733122b6f865ea211,success
jellyfin/jellyfin-web,6169353970,Production,2026-08-30T17:34:55Z,372077f34ca409b132caa120b2541ca3aea5af87,success
jellyfin/jellyfin-web,6167974063,Production,2026-08-30T15:03:13Z,dfd2fec8ee63f89d1defd71b10856857467c862b,success
jellyfin/jellyfin-web,6162808184,Production,2026-08-30T03:29:15Z,28a006147dab49843024c62714008ca343169f7c,success
jellyfin/jellyfin-web,6162405788,Production,2026-08-30T02:26:53Z,1ff4022af5b43262841eedae9654a8bafaa1efcc,success
jellyfin/jellyfin-web,6162349471,Production,2026-08-30T02:18:11Z,2f4ff00861464b984f555da610ef46aa22848edf,success
jellyfin/jellyfin-web,6162209412,Production,2026-08-30T01:56:04Z,9ba1b5f23c0b4f72c177c81cf6f78fb2bd4f72ee,success
jellyfin/jellyfin-web,6161866450,Production,2026-08-30T01:02:44Z,2280522cc4a244dde4a79f7599339a1764243b7e,success
jellyfin/jellyfin-web,6161439970,Production,2026-08-29T23:58:11Z,4926c15a88e11807f3833cae6c6de033fcbe8134,success
jellyfin/jellyfin-web,6161259473,Production,2026-08-29T23:30:48Z,ee0c9d58fb01a26e5981f5aa37a1db72a5e54226,success
jellyfin/jellyfin-web,6160025262,Production,2026-08-29T20:59:16Z,bf90b59717ea9998faa42fb519768e823b71a648,success
jellyfin/jellyfin-web,6159912511,Production,2026-08-29T20:44:44Z,cf3f1a2897834366b96c060abaac85ee9cfd6b96,success
jellyfin/jellyfin-web,6159879603,Production,2026-08-29T20:40:56Z,44d1da53adfab77cfb4b373c8a8feb507e112e82,success
jellyfin/jellyfin-web,6159805892,Production,2026-08-29T20:31:55Z,e75c877a37ccc3b6a96eba760fdbd945e9f0c82e,success
jellyfin/jellyfin-web,6159471077,Production,2026-08-29T19:52:15Z,8ed5c93adc7831b89d00dab7cac803770d637561,success
jellyfin/jellyfin-web,6159422938,Production,2026-08-29T19:46:11Z,5f3eeaa49abe0d8973ae49d2638f713684625c85,success
jellyfin/jellyfin-web,6159186413,Production,2026-08-29T19:16:47Z,f092958427961ee7aa00eb935d1dfc0a5127d51a,success
jellyfin/jellyfin-web,6158764752,Production,2026-08-29T18:26:31Z,b3b2b0959114ab1d434943a6d0b5161f44e484e3,success
jellyfin/jellyfin-web,6158671702,Production,2026-08-29T18:16:06Z,09d19875bee7c0dd02f3ddc7ef1534a1b0630970,success
jellyfin/jellyfin-web,6158146460,Production,2026-08-29T17:15:01Z,84b7b507fb620fcb8a2981c7ec9a045019a29fad,success
jellyfin/jellyfin-web,6158058071,Production,2026-08-29T17:04:39Z,2b00826612c8fdbe5752aece032dc74020b20076,success
jellyfin/jellyfin-web,6158009187,Production,2026-08-29T16:59:07Z,b34e27fb486fdcd7e8c41733119f1633820c3bb8,success
jellyfin/jellyfin-web,6157801254,Production,2026-08-29T16:34:49Z,e3e707bd665b74941e3e4ec29f601f31a7efa394,success
jellyfin/jellyfin-web,6157561039,Production,2026-08-29T16:07:50Z,803b828bd716dbe9b049fdf78405f5b555011553,success
jellyfin/jellyfin-web,6157253947,Production,2026-08-29T15:32:31Z,4b80bb0cd5eb497bba48b15745259b20afa3d600,success
jellyfin/jellyfin-web,6156823943,Production,2026-08-29T14:43:56Z,774f954498e16d5ccae7197f53f965f0235673ac,success
jellyfin/jellyfin-web,6156647583,Production,2026-08-29T14:23:24Z,642caa9bbf32cb2bc7c22664907896a9881c66ca,success
jellyfin/jellyfin-web,6156582017,Production,2026-08-29T14:15:55Z,8c47970ba4883e1de7604cf97ac8750554fa78be,success
jellyfin/jellyfin-web,6156486185,Production,2026-08-29T14:05:03Z,e1d95779d2fe1035eb5db907314c94eda12757b5,success
jellyfin/jellyfin-web,6152527980,Production,2026-08-29T05:03:35Z,2614c227d5326612f0a6ef4f761093a5452063b7,success
jellyfin/jellyfin-web,6151916773,Production,2026-08-29T03:26:41Z,aa2bdf9512d5b8215c127d47a15cfb20a97d2055,success
jellyfin/jellyfin-web,6151491733,Production,2026-08-29T02:22:48Z,170e1a03a3015f10b7a457efec018040b4bc6f87,success
jellyfin/jellyfin-web,6151424719,Production,2026-08-29T02:13:04Z,b2610cc71ad2d31ff9d541831bc4a393c87e9b5b,success
jellyfin/jellyfin-web,6151359032,Production,2026-08-29T02:03:30Z,52a0120d8d5c10af8dff0943e8e8900970b6dfcf,success
jellyfin/jellyfin-web,6150764514,Production,2026-08-29T00:41:42Z,f09d9e35d52b612287a56374b8223d065b0be223,success
jellyfin/jellyfin-web,6150266175,Production,2026-08-28T23:39:15Z,79b54686d684f9e2008b89b6b616e3c7b09aca18,success
jellyfin/jellyfin-web,6149889737,Production,2026-08-28T22:59:58Z,ecf116cfe688fa7a8b4d2f224ec2928021fed5cb,success
jellyfin/jellyfin-web,6149750963,Production,2026-08-28T22:45:33Z,543da0526d6e2005df0583626415d5fb35d463e4,success
jellyfin/jellyfin-web,6148593306,Production,2026-08-28T21:09:56Z,c73acc005eecf83f76afca8292af17926deb80f3,success
jellyfin/jellyfin-web,6146127188,Production,2026-08-28T18:03:11Z,3ae6642257c9f6455ae9f95cf0e6da23f285c17e,success
jellyfin/jellyfin-web,6144999175,Production,2026-08-28T16:43:11Z,ca61fcb0e2201b9f771bca48534011216961b22f,success
jellyfin/jellyfin-web,6144656716,Production,2026-08-28T16:19:57Z,6e7e71a36a8a6a474831bb26dde5a21053c48058,success
jellyfin/jellyfin-web,6144403839,Production,2026-08-28T16:03:39Z,ff6ff4952dc6608fd8aa3cf684a8251ab26e4096,success
jellyfin/jellyfin-web,6144315705,Production,2026-08-28T15:58:08Z,5ee04b41d34fda5a44cbd10f5ececda1b14bfbca,success
jellyfin/jellyfin-web,6143414456,Production,2026-08-28T15:00:16Z,66806a75f46edccc2f37a5512ad594de5437b562,success
jellyfin/jellyfin-web,6142014456,Production,2026-08-28T13:30:50Z,92f7149722018159e6ee436d8ae9f2069744c057,success
jellyfin/jellyfin-web,6140343012,Production,2026-08-28T11:29:13Z,31d7ff62c045c6eb6b6183ef03c8c81fffb163b6,success
jellyfin/jellyfin-web,6137741686,Production,2026-08-28T07:58:25Z,4cf3887eaac9deb8cf530433c172f9ab9287b22b,success
jellyfin/jellyfin-web,6137118539,Production,2026-08-28T07:03:45Z,24370cfd10acf1ee067907c57efb44a863b781b7,success
jellyfin/jellyfin-web,6133310468,Production,2026-08-28T00:21:25Z,9e032152ace27280fdee219db8a4fa091e07b5c7,success
jellyfin/jellyfin-web,6132892155,Production,2026-08-27T23:38:33Z,e3f2951efa6760197ee6b20ef7c1c088ea05b42e,success
jellyfin/jellyfin-web,6132552980,Production,2026-08-27T23:06:00Z,4462e8be6ab82733231f9afb08c7e089fa7f0091,success
jellyfin/jellyfin-web,6132258070,Production,2026-08-27T22:38:47Z,fc004713a086ce1ed2bee8f3ccd2f493a49865ae,success
jellyfin/jellyfin-web,6131788256,Production,2026-08-27T22:03:38Z,ffdd3b2585b85360fcbf45d09f14b6892892ee53,success
jellyfin/jellyfin-web,6129387036,Production,2026-08-27T19:13:25Z,3b7c3ab585576c683049406909e853fbba7b4f39,success
jellyfin/jellyfin-web,6128734956,Production,2026-08-27T18:32:28Z,64f59ea817caaf45bd7bfaebc5d406e8d6d4b1cd,success
jellyfin/jellyfin-web,6128290020,Production,2026-08-27T18:03:40Z,b27544a3a50d0acccfc01fbc0485518f0b97e1d7,success
jellyfin/jellyfin-web,6127083910,Production,2026-08-27T16:48:39Z,1b625b0b3f14bfec7b039141349992d3288df741,success
jellyfin/jellyfin-web,6123792347,Production,2026-08-27T13:38:10Z,32c1d5cb08f01279dda3e2b869c215e5fb31c813,success
jellyfin/jellyfin-web,6121451380,Production,2026-08-27T11:06:50Z,4a946514cc32a73be76a1af27f44ed20882c8b6a,success
jellyfin/jellyfin-web,6120583837,Production,2026-08-27T10:03:48Z,b5afec2208c6689944dbea78fc653d5b59b54f13,success
jellyfin/jellyfin-web,6118890495,Production,2026-08-27T08:03:35Z,71b58f76143d837b1476eafc970a2c6af4382e44,success
jellyfin/jellyfin-web,6117447722,Production,2026-08-27T06:03:42Z,6200367c4fb152e05f32ba1ecddc1365d07aa254,success
jellyfin/jellyfin-web,6116300492,Production,2026-08-27T04:01:43Z,51f7fb2fc6dddce2a3de09ec1856a6a07ef76ce6,success
jellyfin/jellyfin-web,6116158764,Production,2026-08-27T03:46:21Z,92a037a97134ee590b7ec717405d747f4bcbc91d,success
jellyfin/jellyfin-web,6115499418,Production,2026-08-27T02:34:10Z,4510972f783a25064a12f838b325e50ecb79584e,success
jellyfin/jellyfin-web,6112071726,Production,2026-08-26T21:09:48Z,742f4cc5a669207a1b3ae719f940afccd8070175,success
jellyfin/jellyfin-web,6111795567,Production,2026-08-26T20:53:47Z,04943477e44c1537f6e7e64736ba6ba7150aedf9,success
jellyfin/jellyfin-web,6111360338,Production,2026-08-26T20:24:55Z,56db0dd23fb3d9492c7aea9e4695d8d10ee139f1,success
jellyfin/jellyfin-web,6111304023,Production,2026-08-26T20:21:05Z,91e0267c8270dd3eb263c9a58d9835b73156af7c,success
jellyfin/jellyfin-web,6111153856,Production,2026-08-26T20:11:11Z,11a966bda76cc658f6a59bc0ec8a1d1dd2c7b188,success
jellyfin/jellyfin-web,6110944599,Production,2026-08-26T19:57:49Z,a2df674058b7564c7c60649cdf6ab7e745e786ee,success
jellyfin/jellyfin-web,6110382959,Production,2026-08-26T19:23:10Z,fb4770788aa3ddeff2b4bf03c08537e3e770d612,success
jellyfin/jellyfin-web,6110209065,Production,2026-08-26T19:12:32Z,c0e65a46c6beee4fb2dc50fee25da996c591218d,success
jellyfin/jellyfin-web,6109067342,Production,2026-08-26T18:03:28Z,a9b97ff083d6be59a2b31ec60217a21395282546,success
jellyfin/jellyfin-web,6105468252,Production,2026-08-26T14:04:06Z,122b14bb0095fb7167b31298792ede4a7eaa3132,success
jellyfin/jellyfin-web,6105312836,Production,2026-08-26T13:55:55Z,b758dd7b9044bde6df5a3add59fe4611347b1f50,success
jellyfin/jellyfin-web,6095275590,Production,2026-08-26T01:29:10Z,c6c663e60655a07443998e71412ba0e96da9ed6e,success
jellyfin/jellyfin-web,6094529077,Production,2026-08-26T00:15:09Z,aba7e9b6c5a7ed862d62423b1f3f1cd7cb8a4040,success
jellyfin/jellyfin-web,6093482002,Production,2026-08-25T22:42:39Z,5c8bc413781cdabfa66ee238cc02cd12fab98a81,success
jellyfin/jellyfin-web,6093209052,Production,2026-08-25T22:22:33Z,b7a7a5b743550e030238135f9ea3822ec13452ed,success
jellyfin/jellyfin-web,6093051681,Production,2026-08-25T22:10:57Z,68fdc7126470ab662341b2f4d5d7e0b2fc547661,success
jellyfin/jellyfin-web,6092928381,Production,2026-08-25T22:02:07Z,045aea70222583bc7c7786598eea71aacc9f1b5a,success
jellyfin/jellyfin-web,6092722575,Production,2026-08-25T21:46:28Z,517c56558ad138b1f39fe811c85269d88fdec89e,success
jellyfin/jellyfin-web,6092530058,Production,2026-08-25T21:32:41Z,b689e671f4e358367c7b610065cdd618d17cd0c8,success
jellyfin/jellyfin-web,6092461750,Production,2026-08-25T21:27:55Z,cedb7109ccfa8dc9196856f97a8ebd838f78a14b,success
jellyfin/jellyfin-web,6091811254,Production,2026-08-25T20:48:03Z,b7c141412a5da8f259d74c733932546a85f43def,success
jellyfin/jellyfin-web,6091735756,Production,2026-08-25T20:43:20Z,18acd08fa03a83d8f5d6527394e81993f7b7dc6d,success
jellyfin/jellyfin-web,6091022300,Production,2026-08-25T20:01:43Z,a344dcbc5ff062fcdc435d30dd47f6a1c5a17936,success
jellyfin/jellyfin-web,6089789227,Production,2026-08-25T18:45:12Z,1a68d5101bd2dbb707ff03b4e5d1f19529e9f2e2,success
jellyfin/jellyfin-web,6088104117,Production,2026-08-25T17:03:43Z,869985f81b25a81d69141e82e15b63d51665b2ce,success
jellyfin/jellyfin-web,6079031723,Production,2026-08-25T08:03:31Z,d32a8aebed20b8bd8eea0fa699edd656e4e4b226,success
jellyfin/jellyfin-web,6074905972,Production,2026-08-25T01:56:12Z,8757b8780d03dadaa7453497a3e67ecb9828e0d6,success
jellyfin/jellyfin-web,6074369037,Production,2026-08-25T01:03:28Z,0273a928c2ed17554675bf5c86586b608ec35ac8,success
jellyfin/jellyfin-web,6065803589,Production,2026-08-24T15:24:20Z,1fdc51741dfc04b3da380f49a062c6d156fa9e61,success
jellyfin/jellyfin-web,6064748790,Production,2026-08-24T14:27:12Z,f0f0f00d5b1aa35aefa78ceede01fd777e342372,success
jellyfin/jellyfin-web,6064681677,Production,2026-08-24T14:23:29Z,c1f0938de996d1544891ef8779d5e520753d3d54,error
jellyfin/jellyfin-web,6060278765,Production,2026-08-24T09:48:18Z,a6f8137e6ef549b9f5afc77c23b60191332d0b12,success
jellyfin/jellyfin-web,6059618478,Production,2026-08-24T09:03:42Z,05dc7c8604faaa015db6b0175ebe97fd1da7ed65,success
jellyfin/jellyfin-web,6053226306,Production,2026-08-23T21:58:46Z,a1f99d041065becf2e2eb86a7dd252111de40371,success
jellyfin/jellyfin-web,6050476044,Production,2026-08-23T17:03:34Z,280c80547d58329feb668a4850a219511d429fa9,success
jellyfin/jellyfin-web,6048807693,Production,2026-08-23T14:03:32Z,57ee0ddb9cab846cf5d1beb76c52c3c9f115af25,success
jellyfin/jellyfin-web,6047727065,Production,2026-08-23T12:03:31Z,356022ec026406a4a60a2df90815a0e6c22c6f11,success
jellyfin/jellyfin-web,6046299302,Production,2026-08-23T09:03:34Z,36071cc81751aa8b26ea9a5553f65a5bfe72f9f4,success
jellyfin/jellyfin-web,6045596314,Production,2026-08-23T07:29:45Z,067a69b37c1760ecdcb1c3159524a593c2e35fe4,success
jellyfin/jellyfin-web,6043336758,Production,2026-08-23T01:49:55Z,f1cb62945449f99dc910f6d92a0d2d50edf17ac9,success
jellyfin/jellyfin-web,6043079553,Production,2026-08-23T01:08:00Z,eea231706dc8c574d1347ac783415ab8dcdfba29,success
jellyfin/jellyfin-web,6042234879,Production,2026-08-22T23:03:47Z,f330b7bc8b6fc9c0d937659919fa82a9564e2ec0,success
jellyfin/jellyfin-web,6041227422,Production,2026-08-22T21:03:32Z,6a6f362ec3326e76c2e4f702150198ff7a3cd547,success
jellyfin/jellyfin-web,6040193396,Production,2026-08-22T19:03:47Z,68fbe7d47dafd667bbbef84727f64d7c9304e688,success
jellyfin/jellyfin-web,6039270081,Production,2026-08-22T17:17:34Z,2f5ba61eb39347c4286da7c9e1720f13cbea161a,success
jellyfin/jellyfin-web,6037538237,Production,2026-08-22T14:03:02Z,a3ff0f0a9a0fc8a8ed5eb55a8cad155b11788068,success
jellyfin/jellyfin-web,6032828420,Production,2026-08-22T03:37:11Z,0d188ec6351f94335dfbd338210f062309014c51,success
jellyfin/jellyfin-web,6027549745,Production,2026-08-21T19:03:41Z,ec2622a5ad124dc32f730df9ca89d4f0597708df,success
jellyfin/jellyfin-web,6026050730,Production,2026-08-21T17:21:23Z,fff9212673184716885f7e4ebf810c8856c0c623,success
jellyfin/jellyfin-web,6025783645,Production,2026-08-21T17:03:29Z,97af6116fdc8c28568e1ae221dd24fac1d532ff7,success
jellyfin/jellyfin-web,6024390179,Production,2026-08-21T15:32:26Z,ee6ab46365fd122f32208f1621f0208421e868ce,success
jellyfin/jellyfin-web,6023907577,Production,2026-08-21T15:03:20Z,3889f9d53f570d2b5ab29619fbca2c9e88dadfef,success
jellyfin/jellyfin-web,6013491280,Production,2026-08-21T01:03:41Z,a35366a7f823818898cc38936ce3078252751616,success
jellyfin/jellyfin-web,6012681598,Production,2026-08-20T23:44:12Z,9777ea927adb78c5cae3633e2f37de24eaaacb95,success
jellyfin/jellyfin-web,6012594905,Production,2026-08-20T23:35:44Z,67e7b04dd55282fedafbd4bc140950f5b2452742,success
jellyfin/jellyfin-web,6012542017,Production,2026-08-20T23:30:36Z,a4c767888fd2695aa03a5b441ea1324c74b66031,success
jellyfin/jellyfin-web,6012480258,Production,2026-08-20T23:24:31Z,72c2a4641b230ec2b94ffb2d712d47cd3af70bcd,success
jellyfin/jellyfin-web,6012431785,Production,2026-08-20T23:19:57Z,85ad768401b06660b6103b4118ec2df11e7bd032,success
jellyfin/jellyfin-web,6011168825,Production,2026-08-20T21:39:04Z,7154d884b4bf2ce29b3163b137979c73e64d14f8,success
jellyfin/jellyfin-web,6011092365,Production,2026-08-20T21:33:19Z,c3d1e83f51c3029650c569c66bdca10420c9e124,success
jellyfin/jellyfin-web,6005886016,Production,2026-08-20T15:55:41Z,fd97ee8292e0dcb38b64cabbd0a76dbb9fc705b3,success
jellyfin/jellyfin-web,6003871035,Production,2026-08-20T14:04:04Z,ae0c4bf11c00f1717728511c1fd5f55f8616f45f,success
jellyfin/jellyfin-web,6000768031,Production,2026-08-20T10:54:14Z,985eb6c9875016db21b923f2a78df7c357a8ce09,success
jellyfin/jellyfin-web,6000039179,Production,2026-08-20T10:03:50Z,8d009c30ae8a916c0c1603aea22d64805d02ef5c,success
jellyfin/jellyfin-web,5996152414,Production,2026-08-20T05:03:43Z,1f64611c602dd80e785e1ec8fc976c79431d13ca,success
jellyfin/jellyfin-web,5994886946,Production,2026-08-20T02:55:38Z,9347cd716b97f85b4269eae26b0e820e1d4910f3,success
jellyfin/jellyfin-web,5994369900,Production,2026-08-20T02:02:55Z,c3ee106935dee76c075a41d63f34776d43be0405,success
jellyfin/jellyfin-web,5991963880,Production,2026-08-19T22:12:58Z,5007512e94eab34f0c51461f2e5a9694512a0fb6,success
jellyfin/jellyfin-web,5988131656,Production,2026-08-19T17:58:47Z,5fdc781c848eb2136083661becc4cf62e8a228e6,success
jellyfin/jellyfin-web,5987190245,Production,2026-08-19T17:01:17Z,37548d2cf2dcce7cf383ae000f2c2281913840c4,success
jellyfin/jellyfin-web,5983500225,Production,2026-08-19T13:33:12Z,05732312523e6eda27e770fe3eceef7ce8c056e1,success
jellyfin/jellyfin-web,5980215147,Production,2026-08-19T10:03:48Z,95036e07913a508f2b8c1ba66e2b6d2c843dc190,success
jellyfin/jellyfin-web,5978494252,Production,2026-08-19T08:04:02Z,8cbb0733dba724ffc6d8080e2ee13d60cc550f77,success
jellyfin/jellyfin-web,5976994135,Production,2026-08-19T06:03:27Z,f629c0b69567ca8f971d70fd6878c19042d6fca2,success
jellyfin/jellyfin-web,5973452510,Production,2026-08-19T00:03:33Z,606f49b84ddc297f1df248a0ca57c6a09bea6691,success
jellyfin/jellyfin-web,5972085968,Production,2026-08-18T22:03:47Z,a1b8434381fed047fe853b086aeaf300f13ec0c6,success
jellyfin/jellyfin-web,5970301335,Production,2026-08-18T20:03:46Z,4bff9549289631996a8865bee3f3e0286b53b29b,success
jellyfin/jellyfin-web,5969016020,Production,2026-08-18T18:41:30Z,89cea399b7e441fa5248cc14adac6f512bb50433,success
jellyfin/jellyfin-web,5968408738,Production,2026-08-18T18:03:09Z,1829bba359b2f0113408ca056234f45fd54afabf,success
jellyfin/jellyfin-web,5967347083,Production,2026-08-18T16:53:00Z,df6dfcd41692fc9c258bae7c293430e618c73830,success
jellyfin/jellyfin-web,5967037800,Production,2026-08-18T16:31:45Z,0d476a7715e1dbdc6da18ec33040b4a29c78522d,success
jellyfin/jellyfin-web,5965493079,Production,2026-08-18T15:03:27Z,642ebabeb983b82791399bd66af5661520ccb557,success
jellyfin/jellyfin-web,5959526260,Production,2026-08-18T09:03:44Z,8074ce692c5b3334443eb669085d91d4bc10e7c6,success
jellyfin/jellyfin-web,5957758483,Production,2026-08-18T06:57:48Z,631a4023e8d40eba9395bdf1efd5abd24ed4d72d,success
jellyfin/jellyfin-web,5952151604,Production,2026-08-17T22:03:41Z,b2ede8724d473645ea0d04b9a50459f45e89d24c,success
jellyfin/jellyfin-web,5949195882,Production,2026-08-17T18:45:17Z,8e83e14882118aa54e94dc35ca65d9f62d1d7f3a,success
jellyfin/jellyfin-web,5946201618,Production,2026-08-17T14:03:47Z,82fd91e203652cf63df2291799128cd6cef4e1e7,success
jellyfin/jellyfin-web,5943696492,Production,2026-08-17T11:03:45Z,e8b9e47aa5e60080e8a27a7c408328c0f6599d38,success
jellyfin/jellyfin-web,5941317247,Production,2026-08-17T08:11:47Z,9364da278f973c4526a510d33042938b4225a9f0,success
jellyfin/jellyfin-web,5941073599,Production,2026-08-17T07:52:38Z,4b85efe2e84b975871436a02426cdbe0935ed910,success
jellyfin/jellyfin-web,5940670467,Production,2026-08-17T07:19:49Z,deadb4c0220cdda968ef2e2e4ea43cbed424ee25,success
jellyfin/jellyfin-web,5937301011,Production,2026-08-17T01:03:19Z,889b7b6f25d1dd207792f127f79d57a362b09483,success
jellyfin/jellyfin-web,5936640637,Production,2026-08-16T23:36:42Z,cd962b635e2e86bd36134d0f94f52d44ff2268d0,success
jellyfin/jellyfin-web,5934899799,Production,2026-08-16T20:04:14Z,220c3f117439313b4de413d610c55df320af3b2c,success
jellyfin/jellyfin-web,5934515135,Production,2026-08-16T19:18:59Z,6f0f21dc2dd155bef9527d71dce554c3506c132d,success
jellyfin/jellyfin-web,5933864757,Production,2026-08-16T18:05:50Z,239240bc98942f190caecc8f7142fc7eaeda0e1d,success
jellyfin/jellyfin-web,5932552706,Production,2026-08-16T15:36:38Z,b126d03571c2c04c57b7deaa45d7866749668d36,success
jellyfin/jellyfin-web,5932172815,Production,2026-08-16T14:53:46Z,a9609c0bdda2575d8c6426b73103aeb5bd0e39e2,success
jellyfin/jellyfin-web,5926688263,Production,2026-08-16T02:03:49Z,b5eab35bb0943d2a80e60b2d96e96adb65657f60,success
jellyfin/jellyfin-web,5925956875,Production,2026-08-16T00:03:34Z,96a6b9a9fb2ca97f3faf33fbc2acc91ebdf8b4e4,success
jellyfin/jellyfin-web,5925105793,Production,2026-08-15T22:03:54Z,5293ca58e818ecb10f51fdbb8c889f07bd30ea21,success
jellyfin/jellyfin-web,5924150640,Production,2026-08-15T20:03:39Z,116cd2a071df0d1f3d075dac84309067e1a6c40a,success
jellyfin/jellyfin-web,5923177973,Production,2026-08-15T18:03:39Z,e9a34f9e78f65a7016285bbd5d6b2d9c662b042c,success
jellyfin/jellyfin-web,5922468290,Production,2026-08-15T16:39:33Z,9fcb435837b36ba44d895bea3b2884e406fc6f6c,success
jellyfin/jellyfin-web,5922169693,Production,2026-08-15T16:03:39Z,40c153476cee2aa7acafd626529e0f1286a42e38,success
jellyfin/jellyfin-web,5921162439,Production,2026-08-15T14:03:33Z,af57d381c1aa9924a2e4f4b9ee093a984cd8cf90,success
jellyfin/jellyfin-web,5916950188,Production,2026-08-15T04:03:28Z,bb9868218c872b7c115466c9ff1ef4aec4af7d0d,success
jellyfin/jellyfin-web,5915743990,Production,2026-08-15T01:05:47Z,bc83ebd6e82d433d16dd0fcf63d714c9b1e835f5,success
jellyfin/jellyfin-web,5914918501,Production,2026-08-14T23:21:28Z,7442d13b32d1b22d3356f94c559aaf0b1ceb22e1,success
jellyfin/jellyfin-web,5914786393,Production,2026-08-14T23:06:57Z,de91aec3c80fc9fb9418819dbec1abf4406360f9,success
jellyfin/jellyfin-web,5914735168,Production,2026-08-14T23:01:54Z,db42d5259797db50d8584ede6fb197f49dca8c5a,success
jellyfin/jellyfin-web,5914628845,Production,2026-08-14T22:50:21Z,c45124a93d3d0c69d5341e4414900bf4d6c7b93e,success
jellyfin/jellyfin-web,5913407509,Production,2026-08-14T21:03:41Z,7bdd8b253db2ae91f0906d97f0fc99397874216c,success
jellyfin/jellyfin-web,5911831091,Production,2026-08-14T19:03:03Z,498cc3ca7b86053580da19d105c7c78e712cb226,success
jellyfin/jellyfin-web,5910192766,Production,2026-08-14T17:03:51Z,5100e357462c0570a996cb7f0d440c47080045b0,success
jellyfin/jellyfin-web,5907505671,Production,2026-08-14T14:03:29Z,db8ccc524385754c78602f9469ab1a5555057c48,success
jellyfin/jellyfin-web,5904281155,Production,2026-08-14T10:06:10Z,7527b727ec0206f9e6d47cc48563892e5951928c,success
jellyfin/jellyfin-web,5899224873,Production,2026-08-14T02:03:42Z,bce00c694f4380478f36fe68b33085b10b461ec4,success
jellyfin/jellyfin-web,5898115107,Production,2026-08-14T00:03:35Z,0c3d5345d321a6d4621f8768841b3015c9cc2e34,success
jellyfin/jellyfin-web,5896824265,Production,2026-08-13T22:03:36Z,c7ae7035a730b7c7dd46fb31824919e29e9bd2d7,success
jellyfin/jellyfin-web,5892482188,Production,2026-08-13T17:03:40Z,852e7f28c98acea4471dc9caef57fb38fe3026b2,success
jellyfin/jellyfin-web,5888532906,Production,2026-08-13T13:03:46Z,f12508f6b4c388a54723c3898bf7d053d0aa77ff,success
jellyfin/jellyfin-web,5886736115,Production,2026-08-13T11:03:31Z,5dad0a376da5cddcfab9a6a5b6a4468581c5d1d6,success
jellyfin/jellyfin-web,5885083430,Production,2026-08-13T09:03:30Z,02e21c830328dcafff1ab5db7a2cb13082971775,success
jellyfin/jellyfin-web,5881692753,Production,2026-08-13T04:08:08Z,e357a340d849e981c6f46d4a0c610afa7e453ca5,success
jellyfin/jellyfin-web,5879089808,Production,2026-08-12T23:30:10Z,4a8b3ebb0aaa9c24ae66a6ea6a946f9b43e89142,success
jellyfin/jellyfin-web,5878092757,Production,2026-08-12T22:02:59Z,488396e6a818f0f53c908cf770c2ff5574d31fd7,success
jellyfin/jellyfin-web,5876430140,Production,2026-08-12T20:03:38Z,ede24987885bb890a0a4dd8c933639b331293845,success
jellyfin/jellyfin-web,5874649045,Production,2026-08-12T18:03:45Z,221735b3b5e9fe708ca27a3e2d977a3f34d2cd51,success
jellyfin/jellyfin-web,5872823639,Production,2026-08-12T16:03:36Z,285f9b550d7ada5a70ec24447674a4e34f505531,success
jellyfin/jellyfin-web,5867959321,Production,2026-08-12T11:03:39Z,b0f862ef45c91518d8b4ce29d42465e20041e304,success
jellyfin/jellyfin-web,5866300646,Production,2026-08-12T09:03:41Z,219726dcd4ce7c6ac5adb1003c4a002ef581ba76,success
jellyfin/jellyfin-web,5864677561,Production,2026-08-12T06:58:53Z,5617369412cf27560748b83f5e0dfc9e83dc1d59,success
jellyfin/jellyfin-web,5860722404,Production,2026-08-12T00:03:40Z,220a933b50b94799b8c374114e4c0e3011ecf448,success
jellyfin/jellyfin-web,5858614187,Production,2026-08-11T21:03:50Z,5f400d96ccd15d84d87d656a0690fc2c8a03c306,success
jellyfin/jellyfin-web,5856824389,Production,2026-08-11T19:03:35Z,7ed26d64726cf48bc65e82f82a2657a735a6bdd3,success
jellyfin/jellyfin-web,5854029342,Production,2026-08-11T16:03:57Z,08db5d847e4757dc231367a36afaf90124ab38df,success
jellyfin/jellyfin-web,5851844227,Production,2026-08-11T13:55:22Z,6deb17761b5abaedc29631b9d76a7dfcae1c77ef,success
jellyfin/jellyfin-web,5845919468,Production,2026-08-11T07:03:37Z,5fcc2c684b9385aea3d13fa36fdeacb728d63bcf,success
jellyfin/jellyfin-web,5839032435,Production,2026-08-10T20:03:50Z,6bea02ac938f761ca2640978f171dfe5fe7e6d18,success
jellyfin/jellyfin-web,5835467982,Production,2026-08-10T16:03:41Z,c03369f8d874439c564640589ad039b049dc080f,success
jellyfin/jellyfin-web,5833466971,Production,2026-08-10T14:03:56Z,18a3e4554d86d8fadd167f07fc9ee9b74f8e63d7,success
jellyfin/jellyfin-web,5831587727,Production,2026-08-10T12:03:32Z,1ffe98501ce0824157cddd7864acb4e441e8688a,success
jellyfin/jellyfin-web,5830588432,Production,2026-08-10T10:50:06Z,a91090758493b67733f040e188c151052d428d2a,success
jellyfin/jellyfin-web,5829985196,Production,2026-08-10T10:03:38Z,aa40b02c5d1b2c8660ce1090b1a150f8a7b6fa9c,success
jellyfin/jellyfin-web,5828392869,Production,2026-08-10T08:03:40Z,376eed435d4bd1a7df91190bb9ba241ce2d687c4,success
jellyfin/jellyfin-web,5827072459,Production,2026-08-10T06:03:46Z,29de5a69cb5025c6c5522670b2a941ecb9176643,success
jellyfin/jellyfin-web,5825127446,Production,2026-08-10T02:03:34Z,a78e1c5153ea98b0aabe6305991ca01d1ab4bf37,success
jellyfin/jellyfin-web,5824234251,Production,2026-08-10T00:03:44Z,d13262d8f8ccc7320a589081e21a265c5ec34581,success
jellyfin/jellyfin-web,5821893000,Production,2026-08-09T19:03:56Z,5785e15d45f3f638a354235d83d6bf506ff44ff8,success
jellyfin/jellyfin-web,5820910591,Production,2026-08-09T17:03:42Z,9d6262910d3be10c198d31e3f6195607932764df,success
jellyfin/jellyfin-web,5815669307,Production,2026-08-09T05:03:45Z,f67ce2a3daa74c125bd0786a5b6191e1dc2c5154,success
jellyfin/jellyfin-web,5815058797,Production,2026-08-09T03:20:53Z,3f728728ee05f8571c2c22744e66972b3658baee,success
jellyfin/jellyfin-web,5814975251,Production,2026-08-09T03:05:54Z,6dff68a9446e57a539e1914195e42947119e8311,success
jellyfin/jellyfin-web,5813376333,Production,2026-08-08T22:37:35Z,97ab203f50d0abf865845dba0b2b8aa2dcbaba78,success
jellyfin/jellyfin-web,5813300410,Production,2026-08-08T22:26:24Z,dca87f00478b6a6ac144c94d8c23cc6b0166bb2e,success
jellyfin/jellyfin-web,5813065712,Production,2026-08-08T21:58:19Z,f1c1260e27bdce9401f23e83b9f7be2a7fb505de,success
jellyfin/jellyfin-web,5811628369,Production,2026-08-08T18:47:30Z,b7cdf006b5a4828bce7b523fc5e1d395bde7ec57,success
jellyfin/jellyfin-web,5811457179,Production,2026-08-08T18:26:08Z,c04dac0fe255664559586a84a49d202fd55b0999,success
jellyfin/jellyfin-web,5810329615,Production,2026-08-08T16:04:02Z,e17d256f8f2b2b78a65c7d29744d130c298d434d,success
jellyfin/jellyfin-web,5808937216,Production,2026-08-08T13:03:36Z,8327b68236c8bee70157be3d608d829c81269512,success
jellyfin/jellyfin-web,5807755754,Production,2026-08-08T10:15:06Z,28926a9f84f152412ba9a0f108b2dd4a6b467807,success
jellyfin/jellyfin-web,5807112252,Production,2026-08-08T08:36:04Z,900321d2880591976bb8d4018748811f840520ed,success
jellyfin/jellyfin-web,5804574404,Production,2026-08-08T02:03:42Z,4cb224758d947bdfe0a2542376d85fc8e55b41bc,success
jellyfin/jellyfin-web,5803220122,Production,2026-08-07T23:03:50Z,e44c872f41f40db7433ebe91677306bb25028d5e,success
jellyfin/jellyfin-web,5801777291,Production,2026-08-07T20:47:56Z,5d76b92c1b7d0fef51ede7aefa187e2b7e00e661,success
jellyfin/jellyfin-web,5801421867,Production,2026-08-07T20:20:25Z,682b1b21289ab7489568032086fb84eb249d2d2f,success
jellyfin/jellyfin-web,5801335422,Production,2026-08-07T20:14:01Z,30a919a672dc288548416acce1ba3d881cb86877,success
jellyfin/jellyfin-web,5800959249,Production,2026-08-07T19:46:03Z,274a5940a916688df9075fa966cc8b27a8e18cb2,success
jellyfin/jellyfin-web,5800746693,Production,2026-08-07T19:29:02Z,66bbd73fa100ff055a55086d155c482f7c44bdef,success
jellyfin/jellyfin-web,5799843550,Production,2026-08-07T18:22:43Z,8503971843becd538698b13da5a500c5d1ba692c,success
jellyfin/jellyfin-web,5799575126,Production,2026-08-07T18:03:37Z,04d1f6992173ce4a1a2414c81c8061f94a740711,success
jellyfin/jellyfin-web,5797627893,Production,2026-08-07T15:47:40Z,6ce7481ec0c28ff4b7fe1448a1072f0507d7f893,success
jellyfin/jellyfin-web,5796621064,Production,2026-08-07T14:46:33Z,0c7153409cf49c3997fe649859e140efc7f5d71c,success
jellyfin/jellyfin-web,5796184628,Production,2026-08-07T14:20:11Z,c747d5843f91088387dc660bf573aad5967e3752,success
jellyfin/jellyfin-web,5791496772,Production,2026-08-07T08:40:09Z,5d7963aed3c0cfdae69c6bb51eaddd20a285f739,success
jellyfin/jellyfin-web,5785927478,Production,2026-08-06T23:30:47Z,043b2988c84bccf39d768578313f53215a3dbaf7,success
jellyfin/jellyfin-web,5784230387,Production,2026-08-06T19:23:41Z,e9ffbdceddabe19855142c331f9d894bc8f6176e,success
jellyfin/jellyfin-web,5782751688,Production,2026-08-06T16:09:37Z,38e81f08f35c3dcf2fd18fa5c009c484ba36ea4d,error
jellyfin/jellyfin-web,5780480928,Production,2026-08-06T13:37:13Z,d05e0961a8a4a63f8f039aa6a8a3a0267e7c6830,success
jellyfin/jellyfin-web,5779916889,Production,2026-08-06T13:04:22Z,17fb85ca99330a13c35861f5391db6b0325fa30a,success
jellyfin/jellyfin-web,5778660140,Production,2026-08-06T11:40:10Z,d434891567d595fe3e001106249e4032518438e2,success
jellyfin/jellyfin-web,5778188191,Production,2026-08-06T11:03:53Z,fc488a9ff201d9386d7f0459095bd82d4489ce84,success
jellyfin/jellyfin-web,5777176675,Production,2026-08-06T09:46:49Z,47d6c99c0cd5ce62c9df99773eb2dda33c5d591e,success
jellyfin/jellyfin-web,5775826587,Production,2026-08-06T08:04:05Z,dab10e5614eb7ffb598f49a683599f3ff34ea29b,success
jellyfin/jellyfin-web,5771356768,Production,2026-08-06T00:03:56Z,9749cfa5bc54394ab38260e8a1dc06c804f53e04,success
jellyfin/jellyfin-web,5770682097,Production,2026-08-05T22:53:40Z,b1775cb0ae63d6c561580b18a327d2e88c040af1,success
jellyfin/jellyfin-web,5770389018,Production,2026-08-05T22:25:44Z,4bd235448f94a2e5d5d855e09ff9ba4a9b6da099,success
jellyfin/jellyfin-web,5770116051,Production,2026-08-05T22:03:26Z,874a5f503e8fe5f488f6d4ee53ae42b4be55de22,success
jellyfin/jellyfin-web,5766832253,Production,2026-08-05T18:03:50Z,490251b4772021880f8c0ddf13fde7353b1befd2,success
jellyfin/jellyfin-web,5764370897,Production,2026-08-05T15:21:11Z,1eb9b665758965ade62a7bcbeceaac98304edf8a,success
jellyfin/jellyfin-web,5763427023,Production,2026-08-05T14:24:40Z,17974f856cf56e5404dbf29f36d62a548b599e11,success
jellyfin/jellyfin-web,5762127513,Production,2026-08-05T13:03:42Z,6aa6fd5ecec0275495f2b544b5619a186bd566a6,success
jellyfin/jellyfin-web,5759604496,Production,2026-08-05T10:03:31Z,281e53321e9e2dd6811672eb04d098adbc117204,success
jellyfin/jellyfin-web,5753504372,Production,2026-08-05T00:04:02Z,d90a7f7edcd31e5f04c04d568f7e13c6da040ec2,success
jellyfin/jellyfin-web,5752272390,Production,2026-08-04T22:03:42Z,132622299f292697ddac47bfb327b14bd3d99410,success
jellyfin/jellyfin-web,5751248342,Production,2026-08-04T20:43:16Z,0d9fe9516b2b81d7dc785e2ff832607c6327a79e,success
jellyfin/jellyfin-web,5751135914,Production,2026-08-04T20:35:41Z,8a432d21adda8fb7a61d5f55867130bfc400e5b1,success
jellyfin/jellyfin-web,5750695791,Production,2026-08-04T20:03:54Z,533990dba04aaf179e830f2cfc18fd7ce8f81b7f,success
jellyfin/jellyfin-web,5748980005,Production,2026-08-04T18:03:43Z,4645ec2252a84f7a989bde7bb9e775bc8764e198,success
jellyfin/jellyfin-web,5745254775,Production,2026-08-04T14:04:11Z,3fb2e3988c0c53a16200e1fc17d620f7badbd6e6,success
jellyfin/jellyfin-web,5743372479,Production,2026-08-04T12:03:44Z,09c2858cd6f968afad515eb134d389166b65f0b3,success
jellyfin/jellyfin-web,5741775782,Production,2026-08-04T10:03:29Z,b2f39ad482ed6c2c7cdeb3df2eb1f707c051c0de,success
jellyfin/jellyfin-web,5735045141,Production,2026-08-03T23:03:43Z,ac65d616c26ced469324e7f25a57dcd7c7c95ea1,success
jellyfin/jellyfin-web,5734386483,Production,2026-08-03T22:03:26Z,31a5588464c5e4befa6ae8de1627a7911decbb43,success
jellyfin/jellyfin-web,5733653789,Production,2026-08-03T21:03:46Z,712e80a47125ac7177e397e2f45eb3728fe05441,success
jellyfin/jellyfin-web,5731989241,Production,2026-08-03T19:02:22Z,0401d7ed97186be0203deaec928a0852cca98f6b,success
jellyfin/jellyfin-web,5730340425,Production,2026-08-03T17:03:05Z,1614982fd74ec7d02873e7f089f2fed576a0bccb,success
jellyfin/jellyfin-web,5728555800,Production,2026-08-03T15:04:05Z,03ab14e328f1c0a332f80c8bff82b05e2fc0c88c,success
jellyfin/jellyfin-web,5726650444,Production,2026-08-03T13:03:11Z,1f4f8c43abb2500d735d50f68636c02480cf049e,success
jellyfin/jellyfin-web,5722850287,Production,2026-08-03T08:04:39Z,a66fb60b2c4fccfcc0cbf08662c9d1e8f583de51,success
jellyfin/jellyfin-web,5719748694,Production,2026-08-03T01:56:56Z,ea236ca822b0995500d817149df5b6bd78f6ec76,success
jellyfin/jellyfin-web,5718872210,Production,2026-08-02T23:54:02Z,38df121b1207508b9a76c1aa65dca78f7a5ac593,success
jellyfin/jellyfin-web,5718368888,Production,2026-08-02T22:38:56Z,f6229fda6ce54c9dc56e3dd96ef9208bd971a94e,success
jellyfin/jellyfin-web,5717781117,Production,2026-08-02T21:19:49Z,c0c7dad039f16c1be545d29cb9892303bbccc0ba,success
jellyfin/jellyfin-web,5717312247,Production,2026-08-02T20:22:00Z,fb6c7f24b04be3d79d7761826d24c8d5ee7bbfa8,success
jellyfin/jellyfin-web,5717168306,Production,2026-08-02T20:03:32Z,4734eda922e2325fe7c23232f663cb29a890e938,success
jellyfin/jellyfin-web,5716489206,Production,2026-08-02T18:33:14Z,5c82f50882aa00e402dad40cb4ab55294a26949e,success
jellyfin/jellyfin-web,5716262329,Production,2026-08-02T18:03:46Z,3774c03dbbe4f134846feb416d8defe1ca2f6d88,success
jellyfin/jellyfin-web,5715530837,Production,2026-08-02T16:26:51Z,5a86a6982122f022f5096368ae2c8a51a50a798a,success
jellyfin/jellyfin-web,5715216669,Production,2026-08-02T15:46:01Z,0198ba18d98da3468c1d5ac3d3ef970c2e96f1e0,success
jellyfin/jellyfin-web,5714890950,Production,2026-08-02T15:04:09Z,1fac2787d4b04bf4ff4133011525d12e7a0e3126,success
jellyfin/jellyfin-web,5714326122,Production,2026-08-02T13:49:57Z,2261ef0ce27e6dc1956e270af026f78a415956cc,success
jellyfin/jellyfin-web,5713994862,Production,2026-08-02T13:03:50Z,0d37eec5c56e49e1cb7f9afaef90c0470df86cbd,success
jellyfin/jellyfin-web,5713143991,Production,2026-08-02T11:03:44Z,abddfa51fcabab6270f7a465e32a511401924dd7,success
jellyfin/jellyfin-web,5711583821,Production,2026-08-02T06:51:40Z,4e605520516a1253ba74e1e80324c7e47234d992,success
jellyfin/jellyfin-web,5710823035,Production,2026-08-02T04:26:04Z,7d24730d92ff53589364936e8fc1f58b4a67257d,success
jellyfin/jellyfin-web,5710700177,Production,2026-08-02T04:03:34Z,ae4146ed6a18bc2f6be912ba2ed7f72c4ab72bf7,success
jellyfin/jellyfin-web,5710159921,Production,2026-08-02T02:18:39Z,13fec134a62c111c6077c43b0ea486399a5cbd6f,success
jellyfin/jellyfin-web,5710104019,Production,2026-08-02T02:07:10Z,15a238393d321d7d0c6ac0de321d346d6e6e09c8,success
jellyfin/jellyfin-web,5709770012,Production,2026-08-02T01:03:14Z,a4935384c4a3083a1bbcfe0a209b7470e4cb21d9,success
jellyfin/jellyfin-web,5709055752,Production,2026-08-01T23:00:37Z,bcb08f4e21210fde5ff861ea128ff76c380d75ac,success
jellyfin/jellyfin-web,5708685003,Production,2026-08-01T22:03:49Z,ee6e056057ab3432712348dfe0f8cfab1ba8d231,success
jellyfin/jellyfin-web,5707829721,Production,2026-08-01T20:03:36Z,16c29187b0cc6af130badb451d46f443a00f1a13,success
jellyfin/jellyfin-web,5706907208,Production,2026-08-01T17:53:44Z,eaaf3c09d1c0f2271a86bb6a52a70de9e19e6d03,success
jellyfin/jellyfin-web,5706544001,Production,2026-08-01T17:03:57Z,e8e264cd62886a4b79e39d7604006db050f3b6a4,success
jellyfin/jellyfin-web,5706296757,Production,2026-08-01T16:30:35Z,8d57e28226fcd021087bb3798f197c073918e3f9,success
jellyfin/jellyfin-web,5706106258,Production,2026-08-01T16:05:35Z,d17ffb05045d6dde12e0d98eff4d39e00ba6eb82,success
jellyfin/jellyfin-web,5705647373,Production,2026-08-01T15:04:40Z,b398d2401fc936fa0c300214e31bb51f1faba87e,success
jellyfin/jellyfin-web,5705482874,Production,2026-08-01T14:42:22Z,ddc5cbeda60e0bc327c6f6d1c592cbdd3a0ccb07,success
jellyfin/jellyfin-web,5704790982,Production,2026-08-01T13:04:00Z,ccf7db63f481e4d84db13299e21bcc9cd8bb4234,success
jellyfin/jellyfin-web,5703589702,Production,2026-08-01T10:03:40Z,cec4c1f3e30669f39209866353b06ef90ba9a132,success
jellyfin/jellyfin-web,5702069242,Production,2026-08-01T05:53:00Z,3965d3c032d93a15fadf5869b9e0ed9bba1b58e5,success
jellyfin/jellyfin-web,5702007444,Production,2026-08-01T05:41:21Z,2edd0693bd1a94af7134fa758da24c1054c96582,success
jellyfin/jellyfin-web,5701871166,Production,2026-08-01T05:16:04Z,54d0ca9d387c02e6d021ca708e3b350cb12313bf,success
jellyfin/jellyfin-web,5700649244,Production,2026-08-01T02:03:28Z,c84565aaac3349e75d1d924d8b4b5f41de1f311e,success
jellyfin/jellyfin-web,5699772264,Production,2026-08-01T00:03:50Z,1966fd5b5e5ba6e0c2beb48aec7bc31586d889df,success
jellyfin/jellyfin-web,5698782214,Production,2026-07-31T22:03:46Z,6ba35dc6b4ce6c553767f5c909c66be0bb5b60a2,success
jellyfin/jellyfin-web,5698366215,Production,2026-07-31T21:22:46Z,6f56df94f3b3b5eba07d24fa88ff5572b7ab2d6f,success
jellyfin/jellyfin-web,5698222464,Production,2026-07-31T21:09:14Z,0a57ee55b66537e11225d812673b84bb5074ac2b,success
jellyfin/jellyfin-web,5697866730,Production,2026-07-31T20:39:50Z,06ec11d3e5bd59a84fc44ed66245d8537ad4e682,success
jellyfin/jellyfin-web,5697052508,Production,2026-07-31T19:29:31Z,3ee77a549bb5f572b3233d5dbeddfd6371273c09,success
jellyfin/jellyfin-web,5696752305,Production,2026-07-31T19:03:34Z,9c1df2f3222fc836f52b135e643481fa04c9af8f,success
jellyfin/jellyfin-web,5692781900,Production,2026-07-31T14:04:07Z,09d565e76ea4ca11eb36433135b527aeb67596ab,success
jellyfin/jellyfin-web,5691750827,Production,2026-07-31T12:50:03Z,5a16e9bcd6c1fbf83439bf033208c1d21c2560bd,success
jellyfin/jellyfin-web,5691170608,Production,2026-07-31T12:03:30Z,13ff5beb04c467c9347390a8572da63e8c11e454,failure
jellyfin/jellyfin-web,5689797137,Production,2026-07-31T10:04:08Z,b45595376176ae7ec39dc6781efa4eda6ea266bf,success
jellyfin/jellyfin-web,5687710388,Production,2026-07-31T07:03:13Z,17071ebf1c99c74665fef289de85209229c42965,success
jellyfin/jellyfin-web,5687616021,Production,2026-07-31T06:54:20Z,8a513b28d2dce1065a6deced7e1bc7f32075484f,success
jellyfin/jellyfin-web,5684784014,Production,2026-07-31T01:11:07Z,b15f232212480589f417dd9e969c14b3f633012b,success
jellyfin/jellyfin-web,5683520324,Production,2026-07-30T22:49:02Z,8bab719a8f8f412e288033d2d8bf410407451944,success
jellyfin/jellyfin-web,5682412000,Production,2026-07-30T21:12:10Z,be546d5fe85c38dfa242728ed3d1a53e76095a58,success
jellyfin/jellyfin-web,5681436386,Production,2026-07-30T20:00:31Z,cb88726d980b7ba4aabaca4400b3fce5d0ca6adc,success
jellyfin/jellyfin-web,5681268642,Production,2026-07-30T19:47:50Z,3e05b4f3d4117ee3fb8ca41ce9fa1f15cefc07d3,success
jellyfin/jellyfin-web,5680833252,Production,2026-07-30T19:15:22Z,2270114bb38ddbf2d8e5e5d2d1c5cd4e91f5f4de,success
jellyfin/jellyfin-web,5680750891,Production,2026-07-30T19:09:15Z,8fe63cd6d60d4e5b58d899c016f59e265d2512b0,success
jellyfin/jellyfin-web,5680538642,Production,2026-07-30T18:53:43Z,31e056ead39605c23953810fe967a76d69f78172,success
jellyfin/jellyfin-web,5679768358,Production,2026-07-30T17:59:00Z,731ce7ef0bb355ad81bdc8ebd06bfc9ea92c2829,success
jellyfin/jellyfin-web,5678759132,Production,2026-07-30T16:46:49Z,6db5f3037a322cfee110f5f586e80a8a0a51e995,success
jellyfin/jellyfin-web,5678698490,Production,2026-07-30T16:42:44Z,a4b82ea07e33139f3edabe69350dc75939bd4b54,error
jellyfin/jellyfin-web,5677938742,Production,2026-07-30T15:51:57Z,4bfb2997f919ae3301904f5f2926795cd8fe5c06,success
jellyfin/jellyfin-web,5676383130,Production,2026-07-30T14:17:28Z,ef9dc297f0447950f38623a82bf10dfbd294d6cb,success
jellyfin/jellyfin-web,5675029421,Production,2026-07-30T12:52:20Z,622d5dff46583e876e1f19b05e0be908322a64d7,success
jellyfin/jellyfin-web,5672610838,Production,2026-07-30T09:52:31Z,1ddc59278762b81647a6e1df0b900a9a3a530ac0,success
jellyfin/jellyfin-web,5671068997,Production,2026-07-30T07:52:30Z,0947d5327ba1f4e68aeeebf23d10803aa3acd249,success
jellyfin/jellyfin-web,5669289923,Production,2026-07-30T04:52:07Z,af2cff0a52fb74a3d023d6087d218489418774eb,success
jellyfin/jellyfin-web,5667841486,Production,2026-07-30T01:58:08Z,516c67672954e2573fb9d91c9cf5b4dce7084c23,success
jellyfin/jellyfin-web,5667740997,Production,2026-07-30T01:46:03Z,4030219909d17f973818bbdd1141c4e1e32322d7,success
jellyfin/jellyfin-web,5667270945,Production,2026-07-30T00:52:10Z,18d2229d4ceae195d74737d17303ef37af87b271,success
jellyfin/jellyfin-web,5666159506,Production,2026-07-29T22:52:17Z,1c46bf3c9b770572c7fe1079e66562fd2efe2e4d,success
jellyfin/jellyfin-web,5661533602,Production,2026-07-29T16:51:54Z,edc0becbb97974486651d63423d1a0eb29440c51,success
jellyfin/jellyfin-web,5660124026,Production,2026-07-29T15:21:19Z,714a87988824dd4b356b0f7d046c0f949e329b58,success
jellyfin/jellyfin-web,5659967715,Production,2026-07-29T15:11:24Z,d83c39e45cc38a20bd0b7e24b827f808ef5f36d9,success
jellyfin/jellyfin-web,5659650087,Production,2026-07-29T14:51:42Z,1ba227d9a71d907d467fcab813ff6b62d495c30b,success
jellyfin/jellyfin-web,5659598946,Production,2026-07-29T14:48:44Z,6fb823c27f8451648d1bcb84130c93c6b7acfd97,error
jellyfin/jellyfin-web,5657695872,Production,2026-07-29T12:52:17Z,2674acca968d61caa1c8e40414e92fd70c9f1eef,success
jellyfin/jellyfin-web,5656210827,Production,2026-07-29T11:05:28Z,45f9b9b0bf336d3b702e8862704b8052ab7fd7f0,success
jellyfin/jellyfin-web,5653032607,Production,2026-07-29T06:52:15Z,3e12db6af6fe277433161108db876185f69ead8f,success
jellyfin/jellyfin-web,5651916963,Production,2026-07-29T04:52:13Z,2345f14d174cbac18760310988fc9243af5630f5,success
jellyfin/jellyfin-web,5651076097,Production,2026-07-29T03:10:12Z,f74cca44656a4bd428475de9e1468bba9f4941a3,success
jellyfin/jellyfin-web,5648138331,Production,2026-07-28T21:52:20Z,13da7e326b8e0840fa3ce537e36b1a6eee000936,success
jellyfin/jellyfin-web,5644526799,Production,2026-07-28T17:32:25Z,dc7f6599d52f19c1d78c167b23154623a6f5c804,success
jellyfin/jellyfin-web,5643646002,Production,2026-07-28T16:31:42Z,020c2911c772a2b4ebd9c9f376457414ec9ba9ee,success
jellyfin/jellyfin-web,5642713036,Production,2026-07-28T15:32:16Z,7d364b4eae0599ff73ce8189233881abf05eb16a,success
jellyfin/jellyfin-web,5639783470,Production,2026-07-28T12:32:08Z,8f314665477a65c978b7a4c9eb8cfbe47c8f9a25,success
jellyfin/jellyfin-web,5632629160,Production,2026-07-28T01:32:10Z,f473b87f79438b66d006dc36b3488ba7c229a3cf,success
jellyfin/jellyfin-web,5631544095,Production,2026-07-27T23:28:57Z,e14823c2dc5dc3a157fb82b690cc259cf57d8811,success
jellyfin/jellyfin-web,5620187214,Production,2026-07-27T09:31:58Z,49f82d2752f987b657a926a3f19be660fa6d0bea,success
jellyfin/jellyfin-web,5615463342,Production,2026-07-27T00:30:15Z,5ae849fbba84c67482609fdc4d2ffc57111a6529,success
jellyfin/jellyfin-web,5612059171,Production,2026-07-26T16:37:52Z,b9014522018d8cd29339ea78e496d42f8fff7106,success
jellyfin/jellyfin-web,5611592802,Production,2026-07-26T15:39:39Z,1ca2d5f1329714c6d68f2140f75092c3889dcabb,success
jellyfin/jellyfin-web,5611515013,Production,2026-07-26T15:30:29Z,15c740d06641c9bd216eb984e4a6180fe162e899,success
jellyfin/jellyfin-web,5610583837,Production,2026-07-26T13:26:11Z,b5b55f7278e4a30847d967fad30d6dd9ecf70741,success
jellyfin/jellyfin-web,5607868111,Production,2026-07-26T06:21:12Z,f31411327450213584ae98f041f8050d6f5fcb29,success
jellyfin/jellyfin-web,5605725501,Production,2026-07-25T23:30:39Z,1d9ff9cd00944046992a5cd6f226cc16e00507e9,success
jellyfin/jellyfin-web,5604979879,Production,2026-07-25T21:30:18Z,f6ed7e61647569ff4098dc22a67953a10d32b2a4,success
jellyfin/jellyfin-web,5603732781,Production,2026-07-25T18:29:35Z,3df732611199d7b3cb31a273defb3b13b29d2593,success
jellyfin/jellyfin-web,5602870487,Production,2026-07-25T16:30:26Z,47ae9ee7f9d29647038e533d869e876c5a689cb1,success
jellyfin/jellyfin-web,5601596828,Production,2026-07-25T13:29:30Z,56b126761b33f185bd4e9f245a96f7f944d56a82,success
jellyfin/jellyfin-web,5600957910,Production,2026-07-25T11:43:46Z,16896ae07a9b2635451392bb11013936e8934b00,success
jellyfin/jellyfin-web,5600515913,Production,2026-07-25T10:30:26Z,8b29f0a7a8f156f99eb036a5134a5e38964c27f0,success
jellyfin/jellyfin-web,5596177467,Production,2026-07-24T22:30:21Z,fc443ae5558eff162571da77da663ecb6c5b77b5,success
jellyfin/jellyfin-web,5593507717,Production,2026-07-24T18:30:12Z,e6853734726b5950fddae743d63f12c7375f9aed,success
jellyfin/jellyfin-web,5591994763,Production,2026-07-24T16:30:48Z,7dd3e53bc87c77355b782a7d7edcc387aab449db,success
jellyfin/jellyfin-web,5590428987,Production,2026-07-24T14:30:16Z,441a93fac621277a58f749537517429fca13ea10,success
jellyfin/jellyfin-web,5588771323,Production,2026-07-24T12:29:43Z,340ce46fe0ac27f1a0b7d897169008a54cb6b5a2,success
jellyfin/jellyfin-web,5587402476,Production,2026-07-24T10:30:21Z,279e7273741a2ca5957f1fc6c490a403c80eb9ff,success
jellyfin/jellyfin-web,5581670902,Production,2026-07-24T00:05:44Z,210c5251998ad4fe7ec04be30c3f226104b55cfc,success
jellyfin/jellyfin-web,5580126743,Production,2026-07-23T21:30:14Z,04d82ed33426562f8859c4e1885fa05e3bfa5b88,success
jellyfin/jellyfin-web,5578535026,Production,2026-07-23T19:29:58Z,5d53b8f1252744de9392498ea28ba2fdfef6fdf5,success
jellyfin/jellyfin-web,5577292813,Production,2026-07-23T17:56:55Z,3b8a7e073f5f993f0785b03281ea7be4e32f76e7,success
jellyfin/jellyfin-web,5576091551,Production,2026-07-23T16:30:11Z,198585203e3661d01424fe4ffa02cf64465f5c08,success
jellyfin/jellyfin-web,5573782739,Production,2026-07-23T14:01:46Z,e0e4b364851ca8e24519c70ab17ad0e7c330f4ba,success
jellyfin/jellyfin-web,5573288233,Production,2026-07-23T13:30:20Z,69e7e41220a85ec725172662f8867120043dc8be,success
jellyfin/jellyfin-web,5571578578,Production,2026-07-23T11:29:36Z,a72519fc7ab2ddb7fe9a48529da5a19b112bff5a,success
jellyfin/jellyfin-web,5560781235,Production,2026-07-22T18:29:57Z,7aa7e408e2f34ae8e6f86cb218edfa5cc8882e12,success
jellyfin/jellyfin-web,5559111118,Production,2026-07-22T16:29:45Z,3f5d23d3a0c15b2b15ba7b3e8a77dd0ffb4e1863,success
jellyfin/jellyfin-web,5557283583,Production,2026-07-22T14:33:08Z,d88421fc315affe80f199a82101f71aacadd4e17,success
jellyfin/jellyfin-web,5555344281,Production,2026-07-22T12:29:59Z,37810f87998109c92ffb2942a8c28612cc8a21dc,success
jellyfin/jellyfin-web,5553777334,Production,2026-07-22T10:29:41Z,e01ac3bd3b19ad2863f823d4a772fcafb5c14228,success
jellyfin/jellyfin-web,5544680605,Production,2026-07-21T19:46:08Z,4983aec1e8cd85adaa2b8024a8c30bd31ca78d7f,success
jellyfin/jellyfin-web,5544458529,Production,2026-07-21T19:29:57Z,bd24739f61028a46a09037f79cbd35196be9e521,success
jellyfin/jellyfin-web,5542834822,Production,2026-07-21T17:29:56Z,9c72abfea9067e0095252080a316cda2a01f77e3,success
jellyfin/jellyfin-web,5540424556,Production,2026-07-21T14:48:28Z,8a8d4ea0d6c25f4cbb90fdd16749fd0244e1df58,success
jellyfin/jellyfin-web,5540264852,Production,2026-07-21T14:39:00Z,90471e326a7c107561ba4f96a2fecf78cb2ebe35,success
jellyfin/jellyfin-web,5539163291,Production,2026-07-21T13:29:52Z,775978879fd8c70d14a46841383070f80eed055b,success
jellyfin/jellyfin-web,5537884135,Production,2026-07-21T12:03:06Z,9a96b45971dc4e65f7287599a14397f830a1521e,success
jellyfin/jellyfin-web,5537761796,Production,2026-07-21T11:53:43Z,65bf95567e61e7a8fbacaf8581676b2b2e5ba9f4,success
jellyfin/jellyfin-web,5533284236,Production,2026-07-21T05:29:51Z,3da9fe6ae6e7babcfcdf3be38a0a1b9b271cb472,success
jellyfin/jellyfin-web,5530853991,Production,2026-07-21T00:29:43Z,11dfed9df308da7773c1c01b959b019c1e89de0b,success
jellyfin/jellyfin-web,5529361042,Production,2026-07-20T21:52:13Z,33517440d87c7bfb5e5733a7fd99f5e616ae14e9,success
jellyfin/jellyfin-web,5529246971,Production,2026-07-20T21:42:14Z,7e22e4f14302cfa9c96ce5b1a08373c63377097b,success
jellyfin/jellyfin-web,5527543405,Production,2026-07-20T19:29:41Z,8420e146a742988ecbeda4bec0d9259acd3353cd,success
jellyfin/jellyfin-web,5525977267,Production,2026-07-20T17:29:51Z,1363b749b5e01202919f8a35a2caabdaca6a18e0,success
jellyfin/jellyfin-web,5524321306,Production,2026-07-20T15:30:02Z,92dfb6cdc8fc9c5583b0f1d7a75e165b40dd7a04,success
jellyfin/jellyfin-web,5522824638,Production,2026-07-20T13:49:56Z,07c1d3ae56aba29862a2ea3c1211139651c557d9,success
jellyfin/jellyfin-web,5522526343,Production,2026-07-20T13:29:42Z,c6da08bb33fa2f131bdb421e72372ea8501db8f6,success
jellyfin/jellyfin-web,5520938796,Production,2026-07-20T11:29:52Z,93127a85866c1fd6a017900b95bb730efa84bb39,success
jellyfin/jellyfin-web,5518875099,Production,2026-07-20T08:29:32Z,110d50928abc36fb16ea5fbac87ef779a412a546,success
jellyfin/jellyfin-web,5517879680,Production,2026-07-20T06:50:06Z,2e4945d9fb38dc8e0ce2e70be9590ff0b54d3ce4,success
jellyfin/jellyfin-web,5516000546,Production,2026-07-20T02:29:45Z,5e64e6e5883aea18cd921794a45eda03930e1716,success
jellyfin/jellyfin-web,5514827445,Production,2026-07-19T22:29:45Z,45165bbd77eabb760857eb4648ed1db08d2ec62f,success
jellyfin/jellyfin-web,5506626215,Production,2026-07-19T00:30:01Z,3d7adb53480f02164041fdd983b3f7abc28d0fd9,success
jellyfin/jellyfin-web,5505989139,Production,2026-07-18T22:38:39Z,b57c74f17ab0d1cf8b81e17427b1b38f57cbbc35,success
jellyfin/jellyfin-web,5505895380,Production,2026-07-18T22:23:14Z,b3377931f03295719c10cb8e9e2134f714167193,success
jellyfin/jellyfin-web,5505683996,Production,2026-07-18T21:51:07Z,d1f470df32ee3213b5c76f68a5e3e8e4750708f9,success
jellyfin/jellyfin-web,5505581264,Production,2026-07-18T21:35:12Z,f00d43753ff4700b02e80a856111c734ee500588,success
jellyfin/jellyfin-web,5505130469,Production,2026-07-18T20:29:39Z,c36fdef6426590cf8c043a6b2cec3d210f6d2cdc,success
jellyfin/jellyfin-web,5504268957,Production,2026-07-18T18:29:46Z,ef9ced13545e13139fc97a8eb99fa779fed00474,success
jellyfin/jellyfin-web,5503390770,Production,2026-07-18T16:30:00Z,d2d7fbfcb9164aee7d2d583b8c9c7c6d8f71367f,success
jellyfin/jellyfin-web,5502603568,Production,2026-07-18T14:42:56Z,48d56a62485532ecd07388971f8afd1d874e13c2,success
jellyfin/jellyfin-web,5502509071,Production,2026-07-18T14:29:53Z,ecac7279c077276d01b1c71d167c5c0e1f4ed96e,success
jellyfin/jellyfin-web,5500911177,Production,2026-07-18T10:29:38Z,44ef9296b6296c9446d0cc986374e670d711ccc0,success
jellyfin/jellyfin-web,5485083433,Production,2026-07-17T06:29:39Z,7b5580a09fb9e45f3188e113cf4fee7063e32e3d,success
jellyfin/jellyfin-web,5481571061,Production,2026-07-16T23:14:17Z,e968e90de1a9d6de33d8b7141329044435613ae9,success
jellyfin/jellyfin-web,5468429135,Production,2026-07-16T05:29:51Z,e0c6b4e14b81fbd69e2fd09f9b56bc77d0882fbf,success
jellyfin/jellyfin-web,5465540765,Production,2026-07-15T23:29:32Z,d389ef42aad2572a0cd1e5fa2bfc91c2f843d3db,success
jellyfin/jellyfin-web,5462149651,Production,2026-07-15T18:29:31Z,c9257f070dc2e84e8db3f14e59c00f3251653cc6,success
jellyfin/jellyfin-web,5460361791,Production,2026-07-15T16:16:43Z,8d3330a166944e208a349b31efb7be7642e39fd3,success
jellyfin/jellyfin-web,5460164801,Production,2026-07-15T16:02:34Z,555ba7288df5959b822fb58aa83c9a95ee19d50e,success
jellyfin/jellyfin-web,5454041496,Production,2026-07-15T08:29:46Z,8395aea38d6f4632a2fb0c3eee7e2d13e2c80f13,success
jellyfin/jellyfin-web,5452676097,Production,2026-07-15T06:25:57Z,a60d9a298ad70ae97b16e738f3bb8f1fc76c93e2,success
jellyfin/jellyfin-web,5449638411,Production,2026-07-15T00:08:58Z,69d3fc9a38094298164800224c64c473e2a74334,success
jellyfin/jellyfin-web,5449062127,Production,2026-07-14T23:02:52Z,22b00219345024b559de106909dbc3df09ff9c3d,success
jellyfin/jellyfin-web,5448750684,Production,2026-07-14T22:30:02Z,5887e175acc430b5f58c52ecfdeaa65c33801878,success
jellyfin/jellyfin-web,5447736735,Production,2026-07-14T20:57:42Z,d5a86c75bd91f9c4f6e6ce61f5804f0e2f21d44b,success
jellyfin/jellyfin-web,5440572295,Production,2026-07-14T12:29:49Z,601bd462458efe523ae4962b2988a1452166655c,success
jellyfin/jellyfin-web,5433824983,Production,2026-07-14T01:29:27Z,9951e493907bd4f67d97ed655e85441ff6e2478f,success
jellyfin/jellyfin-web,5430095894,Production,2026-07-13T19:29:13Z,e5b19e21b1c4cfa42043d1eaf5389e91a6eb4b23,success
jellyfin/jellyfin-web,5414564547,Production,2026-07-12T17:20:26Z,3e00135d8a12a7792735b3d32487034a3eabe15d,success
jellyfin/jellyfin-web,5414202181,Production,2026-07-12T16:29:51Z,2f91380ed3c74c822b2cf69f689e43e7d5be5288,success
jellyfin/jellyfin-web,5413420996,Production,2026-07-12T14:42:39Z,43665aa3162e0720261b1abb007ec3e583eb2281,success
jellyfin/jellyfin-web,5413348401,Production,2026-07-12T14:32:51Z,c093b87dd52ea38e9e2b34b1ac12fb3d085cf1a2,success
jellyfin/jellyfin-web,5404630511,Production,2026-07-11T14:48:41Z,2eb8db55198f08ee1ed283c41783fbd1d5bc5db3,success
jellyfin/jellyfin-web,5402937820,Production,2026-07-11T10:29:38Z,022aea627953cf9a890a1f6bfa23731d7a8776d6,success
jellyfin/jellyfin-web,5400757499,Production,2026-07-11T04:29:49Z,b787c2f88611c52e0cae656ff6b669d8387c6c3b,success
jellyfin/jellyfin-web,5380181117,Production,2026-07-09T17:33:16Z,9b35bd8057c8a26901660010d29a4fdee6e986a6,success
jellyfin/jellyfin-web,5379266799,Production,2026-07-09T16:22:16Z,3d49704b6525c7fdc1b5712cafe69f11941809ed,success
jellyfin/jellyfin-web,5378297711,Production,2026-07-09T15:13:03Z,a4f3d12eaa0befb05f3434dfbd7518fca54eb3b8,success
jellyfin/jellyfin-web,5376981187,Production,2026-07-09T13:44:36Z,0638680c568ac2f1cb392dac1fb5ae946732ac2b,success
jellyfin/jellyfin-web,5371223734,Production,2026-07-09T04:36:37Z,644a94b3b1d1e1a8a9f143394f456d5118022003,success
jellyfin/jellyfin-web,5371125429,Production,2026-07-09T04:23:12Z,7ed05230223cd7ff689a65d966c945884e3718a0,success
jellyfin/jellyfin-web,5371063571,Production,2026-07-09T04:15:17Z,753d982c4b3ac0d8598b5491005281355231f939,success
jellyfin/jellyfin-web,5370558478,Production,2026-07-09T03:04:11Z,c4eb471207f52746faf258b709c1524ce12251fb,success
jellyfin/jellyfin-web,5367784581,Production,2026-07-08T21:34:35Z,a1238dba5e3881db6b55430ccd019e8eac2b32ec,success
jellyfin/jellyfin-web,5363409880,Production,2026-07-08T15:43:30Z,3fb0ebfb8e61d1270976052a0ee3e5f776bc70a0,success
jellyfin/jellyfin-web,5353622330,Production,2026-07-08T00:29:55Z,53ab5e25a29b497d89d5e972a76cd4ba10b61599,success
jellyfin/jellyfin-web,5350079937,Production,2026-07-07T18:55:14Z,88069a08f6268eadbbd75a3b6b920c007148ec50,success
jellyfin/jellyfin-web,5349591980,Production,2026-07-07T18:16:04Z,a5219462c6f34a8c92d065615e7fba435695a393,success
jellyfin/jellyfin-web,5348354908,Production,2026-07-07T16:36:45Z,e4001a51e4f760bca1a9737e7e4599bb1311fa33,success
jellyfin/jellyfin-web,5337817040,Production,2026-07-07T00:29:10Z,45103424f80051a400f1d6fceaf211f1baa5c30f,success
jellyfin/jellyfin-web,5336011349,Production,2026-07-06T21:10:45Z,54b51089b6700cf7a94dad875edc4643a690d434,success
jellyfin/jellyfin-web,5333326441,Production,2026-07-06T17:29:52Z,1adc643ddf77d32b894a20ef424a9d43dc5b97b2,success
jellyfin/jellyfin-web,5331709245,Production,2026-07-06T15:26:39Z,295f6d43706fd6f6b0af1af69be506d6614105ab,success
jellyfin/jellyfin-web,5326780342,Production,2026-07-06T09:00:29Z,9466329206e9963267ff94146fe370114a8e03ed,success
jellyfin/jellyfin-web,5326416319,Production,2026-07-06T08:27:48Z,89b8cf5c4a26af94faaf653bd54e39e25d8ca9f3,success
jellyfin/jellyfin-web,5325805159,Production,2026-07-06T07:29:58Z,12ccd4b501b02e703d409440e68cb15471a26d81,success
jellyfin/jellyfin-web,5320527357,Production,2026-07-05T18:29:53Z,dc4243e8e8ed47503b40f964cb20c1ed81e4940d,success
jellyfin/jellyfin-web,5319700542,Production,2026-07-05T16:30:02Z,e4c734d4ba8493f1effc5d6348f1c49a55b41e07,success
jellyfin/jellyfin-web,5318861602,Production,2026-07-05T14:29:35Z,8547894ea0256c6d6eea566e3e244694eb62b67e,success
jellyfin/jellyfin-web,5317711162,Production,2026-07-05T11:29:38Z,1c1565de67a4002c8b4833c4244490bc6aacd7e2,success
jellyfin/jellyfin-web,5316599398,Production,2026-07-05T08:13:51Z,75ea077651b0abc2086b11b825faf48e3e89405c,success
jellyfin/jellyfin-web,5312729807,Production,2026-07-04T19:29:18Z,321371b310707c92a1481da12340ee85b97a5165,success
jellyfin/jellyfin-web,5305845107,Production,2026-07-03T23:28:41Z,4b13b3f58b41734f8c2c7ab6ebd57256fbb13625,success
jellyfin/jellyfin-web,5303423729,Production,2026-07-03T18:29:32Z,07c1638a2f8bed3d650832aee6bb9845ec15ce6a,success
jellyfin/jellyfin-web,5300934740,Production,2026-07-03T14:29:49Z,2c4a70b574a5b5a1806956aba5cabfa9bf61cc18,success
jellyfin/jellyfin-web,5298187275,Production,2026-07-03T10:29:52Z,8d339400949dbdb0dd2982a5b25cb199c0bb8054,success
jellyfin/jellyfin-web,5294317504,Production,2026-07-03T03:29:32Z,d5bfa28bc4adbcdd5d741619b0fd533092e41f44,success
jellyfin/jellyfin-web,5293019431,Production,2026-07-03T00:29:39Z,8a176379ec02bcaadf2867fbf78000f4756b29aa,success
jellyfin/jellyfin-web,5292775462,Production,2026-07-02T23:56:58Z,3ae739acca5c3f9ae71b6a9d7f1b41d3bff77891,success
jellyfin/jellyfin-web,5292341547,Production,2026-07-02T23:02:35Z,4d6837b46ec8aed22f11019f8b00ae3803878ccf,success
jellyfin/jellyfin-web,5291459686,Production,2026-07-02T21:29:34Z,4c9366fca3b623e0a8b17c3115177d4b539fc9b5,success
jellyfin/jellyfin-web,5290572157,Production,2026-07-02T20:15:03Z,3284b58ba604fd61201364d8c86c91e84d00a92b,success
jellyfin/jellyfin-web,5288526490,Production,2026-07-02T17:26:55Z,b22b8d1b7611ce782a2e71e56ae85ec64a70bd1f,success
jellyfin/jellyfin-web,5287793740,Production,2026-07-02T16:30:16Z,6b174039c705f4a0aac58dd1e80dc7134d476c4e,success
jellyfin/jellyfin-web,5287156740,Production,2026-07-02T15:44:49Z,9cc1a12bdb537f33e46dbb34ee7b66b49168165f,success
jellyfin/jellyfin-web,5276455472,Production,2026-07-01T22:29:49Z,479749865dfc16ec37c0f5915b16aa9b1fa63c18,success
jellyfin/jellyfin-web,5275168187,Production,2026-07-01T20:32:26Z,a857e65dc161c8a1429fe1ec8e4974cdf7360e4d,success
jellyfin/jellyfin-web,5274931803,Production,2026-07-01T20:11:19Z,62788d04dd83345971654183d4fafd59e89b50a5,success
jellyfin/jellyfin-web,5274820965,Production,2026-07-01T20:01:33Z,93a4d297e0557014eac00d2193ae4612633d176d,success
jellyfin/jellyfin-web,5274749003,Production,2026-07-01T19:55:01Z,66181697d6d6844f82a6a22ceb3e88f13e31eca2,success
jellyfin/jellyfin-web,5274695883,Production,2026-07-01T19:50:04Z,e91c68e7f37349b4f2085946fa101d4c8f92a056,error
jellyfin/jellyfin-web,5274494602,Production,2026-07-01T19:32:29Z,83fbb3d0f70377da2ca47a3b09fe3801af0bc8f3,success
jellyfin/jellyfin-web,5274455506,Production,2026-07-01T19:29:11Z,8dfd4dcb21e3e4ee845a5ab34cb915645128e4e5,success
jellyfin/jellyfin-web,5273194437,Production,2026-07-01T17:40:15Z,554106a4ef9aa7e5cd56cfae1332b2592a29ea49,success
jellyfin/jellyfin-web,5273102827,Production,2026-07-01T17:32:35Z,472cc0dbfd4b8dec49cc2e754ad8f74d28bd5143,success
jellyfin/jellyfin-web,5272053060,Production,2026-07-01T16:06:12Z,8e560f6f86c7eb5b0f9c5c7f3fddbd409aa200c6,success
jellyfin/jellyfin-web,5266086566,Production,2026-07-01T08:12:35Z,a35c68e688050015f414e6f6f31f775bef33bf05,success
jellyfin/jellyfin-web,5259760788,Production,2026-06-30T19:53:45Z,beeb4968b5d9771bbaeb4ebb61bf73b900a91988,success
jellyfin/jellyfin-web,5259548619,Production,2026-06-30T19:35:42Z,b3f49dbb9f70eba74adc7f2e30848b1382f45fe7,success
jellyfin/jellyfin-web,5259405775,Production,2026-06-30T19:23:26Z,2450be89fead841bb57229a46456787d99b0e03a,error
jellyfin/jellyfin-web,5259288244,Production,2026-06-30T19:13:08Z,7fd38149a0bdd24b0fbc4e4ae259d0d145be2961,success
jellyfin/jellyfin-web,5258970900,Production,2026-06-30T18:46:39Z,d18019a77b8f1a16530c6ff531be8a81762ab9b3,success
jellyfin/jellyfin-web,5258741763,Production,2026-06-30T18:28:33Z,0fdc646b17a4218868c7d0ac912e490be15741f8,success
jellyfin/jellyfin-web,5258550727,Production,2026-06-30T18:12:34Z,9ed4fb2853b2f575279c3b4f86b91027f4f58320,success
jellyfin/jellyfin-web,5255739492,Production,2026-06-30T14:39:34Z,dd4e14079001ac550d81e4cd9611bb48cae39e15,success
jellyfin/jellyfin-web,5254264422,Production,2026-06-30T12:55:27Z,eae90014d61f9cbe72ad2ceeef8636619628a130,success
jellyfin/jellyfin-web,5252510666,Production,2026-06-30T10:29:41Z,e6cb4b71f3619b2e21444c66f83a98b845b8c846,success
jellyfin/jellyfin-web,5251621719,Production,2026-06-30T09:14:16Z,77ddfea23bd8fda75bdf9b7abb0782ef281b49c3,success
jellyfin/jellyfin-web,5249400312,Production,2026-06-30T05:30:27Z,7868d4da5b6d89ba33ff54c26c9e4c0536712fc9,success
jellyfin/jellyfin-web,5246338650,Production,2026-06-29T22:29:49Z,fa57a5ed534e90be035ab683467809654484a90b,success
jellyfin/jellyfin-web,5245511889,Production,2026-06-29T21:06:49Z,834596b96637146db8a89277ef25be72de2433f7,success
jellyfin/jellyfin-web,5245263620,Production,2026-06-29T20:46:56Z,418da31757f4c490387565394d96cce5ae6b0e00,success
jellyfin/jellyfin-web,5237621431,Production,2026-06-29T10:20:44Z,5611ad18bce3dcdadeaa6c85058b37b133fbce4a,success
jellyfin/jellyfin-web,5227129724,Production,2026-06-28T08:29:12Z,24074b9dcb922b8b9012b1fc56895f1168903775,success
jellyfin/jellyfin-web,5225469341,Production,2026-06-28T02:19:24Z,14e1113935c06e774e62bc500fcc4930e2e52c15,success
jellyfin/jellyfin-web,5216924471,Production,2026-06-26T23:29:50Z,958fdca47392b31de28cecd30dc4bb0e6565bfdd,success
jellyfin/jellyfin-web,5213581762,Production,2026-06-26T17:29:49Z,d6982e28e548e2b78e8f7db46d3e0ab1232a5503,success
jellyfin/jellyfin-web,5208786713,Production,2026-06-26T10:29:45Z,af3426d0c38782feb494a13c105cf8578325aa6c,success
jellyfin/jellyfin-web,5205757320,Production,2026-06-26T04:53:55Z,5703d666bb94ca59184a2df9e73a587d74d40952,success
jellyfin/jellyfin-web,5198233959,Production,2026-06-25T15:29:43Z,b84095d4871dc9ac009f37b1db2ea8657b594722,success
jellyfin/jellyfin-web,5192782762,Production,2026-06-25T08:12:16Z,e9b44de9e2034410b07298726e4971f1f91d1bcc,success
jellyfin/jellyfin-web,5187062169,Production,2026-06-24T20:29:55Z,e842fd2b9f888ef2204b9d76c76a9b14115b26c6,success
jellyfin/jellyfin-web,5178122452,Production,2026-06-24T08:29:11Z,341521f5d6794ef4cd1e05e13a661e90b0e9412e,success
jellyfin/jellyfin-web,5175156808,Production,2026-06-24T02:29:44Z,0956d0567670756016d297c38b5a8aded2536896,success
jellyfin/jellyfin-web,5168863844,Production,2026-06-23T16:04:58Z,d0f64bb3e14dda68dea5243fa515428c08092a0a,success
jellyfin/jellyfin-web,5166026770,Production,2026-06-23T12:29:42Z,326684d1bc2166257e79aaa5d81cdb3e3c0f371b,success
jellyfin/jellyfin-web,5163931066,Production,2026-06-23T09:29:54Z,83be45bb465ebd2ed7726a2e31bb169d3a418be0,success
jellyfin/jellyfin-web,5162574836,Production,2026-06-23T07:29:42Z,09c1b2be7c3e6c9e3d2d972680c5b0b9738a5f24,success
jellyfin/jellyfin-web,5158402453,Production,2026-06-22T22:29:33Z,32020f8b02f20d9b65e1f72e5869e8629996f719,success
jellyfin/jellyfin-web,5157651001,Production,2026-06-22T21:14:09Z,4505948f0af6bd43bad7a53f49b077ee9a4f29e0,success
jellyfin/jellyfin-web,5153529203,Production,2026-06-22T15:29:47Z,b9e984342485a53c38042146d6cabd1129dfd313,success
jellyfin/jellyfin-web,5152083667,Production,2026-06-22T13:47:02Z,08f3a44c7103f3bbe729da554cb8113ca7a10ab6,success
jellyfin/jellyfin-web,5150235749,Production,2026-06-22T11:19:02Z,56a645bb8a76f8b5efaceac48f314fda5007e095,success
jellyfin/jellyfin-web,5148835113,Production,2026-06-22T09:14:29Z,277cfa9b862ecb711386f4ce1e2f262d6eae554a,success
jellyfin/jellyfin-web,5148519108,Production,2026-06-22T08:46:21Z,6a585602bcdb691fb2a8c8126a1312b2dc04b2d0,success
jellyfin/jellyfin-web,5148310967,Production,2026-06-22T08:27:28Z,a3a7293a4614a9858a94417454d31e612aeb0b10,success
jellyfin/jellyfin-web,5147143357,Production,2026-06-22T06:23:29Z,8382537fe6a5e2aa6c6b2df2085ad5f199df1712,success
jellyfin/jellyfin-web,5145290183,Production,2026-06-22T01:29:29Z,992a7069b4f5ae1504990446c0a533ffbe285cb9,success
jellyfin/jellyfin-web,5139986197,Production,2026-06-21T10:20:50Z,44de23ab3d3d15a34f4c70e9604ba3daa380d077,success
jellyfin/jellyfin-web,5133060951,Production,2026-06-20T12:08:06Z,592f4e1097ab72e85c454ff6a0b76a6c3576d4aa,success
jellyfin/jellyfin-web,5132547519,Production,2026-06-20T10:30:04Z,a736af4e98f7815a223197fb114a3e49ff6c5793,success
jellyfin/jellyfin-web,5129344025,Production,2026-06-19T23:29:57Z,a2226a6272ef2dd64f84dfe58b8ace25da2d2b05,success
jellyfin/jellyfin-web,5119085369,Production,2026-06-19T05:29:46Z,c99eda041b32413a88c4ad7e4cb61e5a54cb7c6c,success
jellyfin/jellyfin-web,5116255584,Production,2026-06-18T22:29:51Z,0e6400f26700d5f99bf9b36b07d71cd5f9aeae79,success
jellyfin/jellyfin-web,5115081507,Production,2026-06-18T20:35:10Z,fcfd6ed082a4b63915ed32eacf7c2dbcf5c4dba6,success
jellyfin/jellyfin-web,5113731944,Production,2026-06-18T18:36:16Z,95978af1b740ebb149a73716ecbd3faef4e90575,success
jellyfin/jellyfin-web,5113045700,Production,2026-06-18T17:37:18Z,7535128d44cc04014c3352659c8bf4397dd4a1f6,success
jellyfin/jellyfin-web,5111394209,Production,2026-06-18T15:25:13Z,3bd0001918976259c1156ab84523a5ba9a94424a,success
jellyfin/jellyfin-web,5107615863,Production,2026-06-18T10:29:58Z,1f9d1549e04264f67d7f3f820aae5c1347314e72,success
jellyfin/jellyfin-web,5101929011,Production,2026-06-17T23:07:46Z,4986e4d94755f6796bdcbb9b73ed2818a2a28375,success
jellyfin/jellyfin-web,5101814301,Production,2026-06-17T22:53:19Z,64f37731caed03577d494f73c1ccc1efe2b3aa83,success
jellyfin/jellyfin-web,5101610076,Production,2026-06-17T22:29:47Z,24a0416507215d390b1b57d20ca901fb7ad620d3,success
jellyfin/jellyfin-web,5100607854,Production,2026-06-17T20:53:19Z,eedd3caf1fb075fc1fbe004d1b15651fd4487691,success
jellyfin/jellyfin-web,5100546640,Production,2026-06-17T20:47:51Z,1d2777c97e4f47534d81ef0bdf7f16609dc0b811,success
jellyfin/jellyfin-web,5100485105,Production,2026-06-17T20:42:22Z,439662a9d5253d07577420ef57bca1b3944cea99,success
jellyfin/jellyfin-web,5098574438,Production,2026-06-17T17:58:48Z,5c8f6f047679c00f1912532aefe8dcba44f5032d,success
jellyfin/jellyfin-web,5098532004,Production,2026-06-17T17:55:28Z,74059467ab8eb3a2f2abb646049309fa04dea8e1,error
jellyfin/jellyfin-web,5098225959,Production,2026-06-17T17:29:48Z,add0a5d00cd2de241c207b7731aae043f9945c7c,success
jellyfin/jellyfin-web,5098093562,Production,2026-06-17T17:18:30Z,4536270b484fcf937dc2f40daf8769a0f8b0a118,success
jellyfin/jellyfin-web,5094225351,Production,2026-06-17T12:29:48Z,8ac30526798d8383f51a772c57e7380dc3460ac7,success
jellyfin/jellyfin-web,5090829187,Production,2026-06-17T07:29:40Z,1e5fa73e0fdba787b243dd8ccee6377c7a8ec1fb,success
jellyfin/jellyfin-web,5088525146,Production,2026-06-17T02:24:31Z,f033c861701c4d59819d6a73a01afb57d44b39f9,success
jellyfin/jellyfin-web,5084804142,Production,2026-06-16T19:29:25Z,af2ca3adfc6e2e1839e82879e34e4e4e0a3ee86e,success
jellyfin/jellyfin-web,5083987672,Production,2026-06-16T18:20:30Z,2c798e48906e686a5af03db79e8cc85c750f015c,success
jellyfin/jellyfin-web,5082645692,Production,2026-06-16T16:26:47Z,d6fade670fe1683359116621a3a603d7733f1827,success
jellyfin/jellyfin-web,5081367229,Production,2026-06-16T14:52:41Z,d3b4e2c9f7ee40d2544690944ab443daaddbe252,success
jellyfin/jellyfin-web,5080184078,Production,2026-06-16T13:30:33Z,8d36e55dcb1956a43d8504f0bb60d28f6957b9e4,success
jellyfin/jellyfin-web,5074523775,Production,2026-06-16T04:32:24Z,11c163690bebc748b1bc83e4370d977e51009f6b,success
jellyfin/jellyfin-web,5069876879,Production,2026-06-15T19:29:45Z,991d9b818efa50d4c4c17f665d1955f63aa7fc60,success
jellyfin/jellyfin-web,5066958609,Production,2026-06-15T15:29:57Z,fbdd1aeb13d199d2b95435cf2d30720a5db96cd1,success
jellyfin/jellyfin-web,5065288091,Production,2026-06-15T13:29:52Z,ba77099fff3a27e29be670dc2567a4ccf8722a8c,success
jellyfin/jellyfin-web,5061827879,Production,2026-06-15T08:29:52Z,f0e06c780181bc61dcce258d4df9a0a9e7d0658e,success
jellyfin/jellyfin-web,5060780500,Production,2026-06-15T06:42:01Z,78130e6ff96605836fa0d6cd05e966e2e4608c78,success
jellyfin/jellyfin-web,5059105805,Production,2026-06-15T02:29:45Z,db1aa02c39f63b35a59c9b12fd060ea10350a92f,success
jellyfin/jellyfin-web,5051962618,Production,2026-06-14T06:29:40Z,df87d518b826d5db50b599dbb10e55cf03a2553e,success
jellyfin/jellyfin-web,5051081556,Production,2026-06-14T03:07:27Z,66b021d1433619328a47fc4d6bae7c00dd29d25d,success
jellyfin/jellyfin-web,5050903414,Production,2026-06-14T02:25:10Z,fb7577e8e8660bc56a1ecbb07c3079098d6f8408,success
jellyfin/jellyfin-web,5050247031,Production,2026-06-13T23:56:35Z,43ec23fc8b34cc69c1f723fb25b7ad9b1fd2f039,success
jellyfin/jellyfin-web,5050218483,Production,2026-06-13T23:50:04Z,ea6e99da189af672573557107d66a75cac12dc10,success
jellyfin/jellyfin-web,5049991193,Production,2026-06-13T23:00:59Z,5391b6b687544e0b221579dcac462a5544f34808,success
jellyfin/jellyfin-web,5049838429,Production,2026-06-13T22:29:30Z,e2390d0f7a00c4af2da9f7042491489cbd00a8f0,success
jellyfin/jellyfin-web,5037519086,Production,2026-06-12T15:54:06Z,5fd5996b020396167598c9360095c0da722157d1,success
jellyfin/jellyfin-web,5033603838,Production,2026-06-12T10:29:38Z,2ed72d5160bfa9e07c5a725ca4a6af025499786f,success
jellyfin/jellyfin-web,5031977883,Production,2026-06-12T07:58:30Z,485ceee9c011fb7c463113d6766110cf5d510d03,success
jellyfin/jellyfin-web,5016387424,Production,2026-06-11T07:29:43Z,cdbf4a7bd09347be8d1f06273e183dbb1a5a54a6,success
jellyfin/jellyfin-web,5011933571,Production,2026-06-10T22:13:27Z,20bf0fe8a4411a93577a4380679079c76caee214,success
jellyfin/jellyfin-web,4991080637,Production,2026-06-09T14:29:47Z,0db82f6ee425143230c1ddfbd442ba1299654cb6,success
jellyfin/jellyfin-web,4988056341,Production,2026-06-09T10:29:43Z,557d07b400f3073276227126e2bc9d4c1a12d0db,success
jellyfin/jellyfin-web,4986707727,Production,2026-06-09T08:29:43Z,7d6e0185630f669dce2033a81f4306cbf67a495f,success
jellyfin/jellyfin-web,4980772333,Production,2026-06-08T20:29:37Z,dbb821653bcb22d2506463e915cc26db86191536,success
jellyfin/jellyfin-web,4978878198,Production,2026-06-08T17:46:27Z,aa3852bbef700b654008b59ce0671dce289c33da,success
jellyfin/jellyfin-web,4978600980,Production,2026-06-08T17:22:31Z,b678ec439dc5e673f53fbf2d977f1ea20c69cc20,success
jellyfin/jellyfin-web,4975564771,Production,2026-06-08T13:29:46Z,8f52e2bdefdcaa82830bd0a1293298237a1280fa,success
jellyfin/jellyfin-web,4972794224,Production,2026-06-08T09:29:46Z,c4eff0183cae6221b5a8344a148f3e43618ef872,success
jellyfin/jellyfin-web,4968557748,Production,2026-06-07T23:29:38Z,854d1ee57f70c5a7143ca77c25eaea6a6cfcbd2e,success
jellyfin/jellyfin-web,4966394428,Production,2026-06-07T17:29:38Z,ec0cc552d8352abf481c15cf24c0b0c3f9f9903d,success
jellyfin/jellyfin-web,4964565264,Production,2026-06-07T12:29:29Z,bac55754a6962ffe25c78814299c5027ff19ef02,success
jellyfin/jellyfin-web,4963029623,Production,2026-06-07T07:29:46Z,ec05f2b87d55e6249afe25ff9176fc450b33b978,success
jellyfin/jellyfin-web,4960040768,Production,2026-06-06T20:29:34Z,6278e3843014d9487644ed3f35d44c769e475e40,success
jellyfin/jellyfin-web,4959364440,Production,2026-06-06T18:29:48Z,5061f11018f17bf6be22b33297e218f7191ea803,success
jellyfin/jellyfin-web,4958650761,Production,2026-06-06T16:29:38Z,37e8c8a280e0e6e4575f400c74374a846472d032,success
jellyfin/jellyfin-web,4951661525,Production,2026-06-05T20:00:11Z,d00969f0944da78a22fcf18bd2cb216bcfa48509,success
jellyfin/jellyfin-web,4949421737,Production,2026-06-05T16:23:02Z,c1ecf681ba690ef7a4102d0cc06adfb2fca1b364,success
jellyfin/jellyfin-web,4949357509,Production,2026-06-05T16:17:10Z,49faa30358830ab62a11d71734351d67d4ee7080,error
jellyfin/jellyfin-web,4947757252,Production,2026-06-05T14:01:10Z,af9fa7b0be54f0e586e9d926c0e5d9765061ef1f,success
jellyfin/jellyfin-web,4941787373,Production,2026-06-05T02:59:56Z,3dbeb2574a2cd509bdfaf722dba7af3eb39afbe6,success
jellyfin/jellyfin-web,4919270162,Production,2026-06-03T13:23:35Z,936a06cf09a4fa64b6ee999367a800c53efb1943,success
jellyfin/jellyfin-web,4911296961,Production,2026-06-02T22:17:38Z,2be667795284424a4ba3e167f54136056ee6a960,success
jellyfin/jellyfin-web,4909304644,Production,2026-06-02T19:12:52Z,645ee9d244b9fdc389f52685c3f422ac6cbc738b,success
jellyfin/jellyfin-web,4899737584,Production,2026-06-02T05:14:44Z,a17a175df905dccbbf12f57c2421aec5582e8f4f,success
jellyfin/jellyfin-web,4899672055,Production,2026-06-02T05:05:20Z,873e73020df662754525c53725ff1cca6481835d,success
jellyfin/jellyfin-web,4890329153,Production,2026-06-01T13:12:07Z,e1c7e99a1efe544990b6ececdebfa2e89ed5f0d6,success
jellyfin/jellyfin-web,4882634558,Production,2026-05-31T20:26:15Z,e3bff2be1aad5af5ceb6ab2c14831110a4529eb2,success
jellyfin/jellyfin-web,4881575792,Production,2026-05-31T17:32:48Z,4f625ae4c29c1f41b7fb9c90a217f1ba554785e7,success
jellyfin/jellyfin-web,4881553561,Production,2026-05-31T17:29:13Z,f7d03c3c1e48c6abb055be46f6e260c9074a92a9,error
jellyfin/jellyfin-web,4881437535,Production,2026-05-31T17:10:48Z,9cd38c366c380851f444bcfe0cd2b6926a56c377,success
jellyfin/jellyfin-web,4881387639,Production,2026-05-31T17:02:36Z,a1ce98e3e7c2a93a515110a6e79966d646d914eb,error
jellyfin/jellyfin-web,4881314368,Production,2026-05-31T16:50:40Z,35b23aea2deb95e5347d17377ec2615314b32e00,success
jellyfin/jellyfin-web,4867165196,Production,2026-05-29T20:06:18Z,8e8cdf548990c57d38b4612b0935eaaed12217f6,success
jellyfin/jellyfin-web,4867135364,Production,2026-05-29T20:03:11Z,b780d77e2d56b8eaefda956f26318e7ac10625e1,error
jellyfin/jellyfin-web,4867083874,Production,2026-05-29T19:57:56Z,ee87b46c740fa9f96cc1560bb1cef1e4d3826295,success
jellyfin/jellyfin-web,4866747092,Production,2026-05-29T19:23:28Z,9065b1dbc26d2fe3d234e144a8ec82e761ead549,success
jellyfin/jellyfin-web,4866674410,Production,2026-05-29T19:16:20Z,f765214652a1cccdbddc0db7d6ef0783feb1047c,success
jellyfin/jellyfin-web,4837896320,Production,2026-05-27T16:52:36Z,1f61b640f0686a141343f073ff2e401a994dea4e,success
jellyfin/jellyfin-web,4837446091,Production,2026-05-27T16:14:00Z,881b13e213948df78c90f30aa4420163ffe2f4b0,success
jellyfin/jellyfin-web,4835497165,Production,2026-05-27T13:45:58Z,711e52322593aa928d3c9244feded3f1ba4bd1a5,success
jellyfin/jellyfin-web,4826702921,Production,2026-05-26T20:55:03Z,ffd52823d7dfd7b146ad90989f0ec5fd85f69ec3,success
jellyfin/jellyfin-web,4824664991,Production,2026-05-26T17:50:53Z,c009fa02dc697756fbc745058121dfaac611ce81,success
jellyfin/jellyfin-web,4824614357,Production,2026-05-26T17:46:14Z,237b07b6b0ee861934a70fb2f779bb022d464d4b,success
jellyfin/jellyfin-web,4824547192,Production,2026-05-26T17:40:01Z,f7ea7549f60fc8f950b1d00921f08d181b37432b,success
jellyfin/jellyfin-web,4824434075,Production,2026-05-26T17:29:36Z,83925f6d4b520250072a9304836d44879125214f,success
jellyfin/jellyfin-web,4818924102,Production,2026-05-26T08:41:29Z,2c32aa4790260ec9671f41ce4369e4eea36267a0,success
jellyfin/jellyfin-web,4818790545,Production,2026-05-26T08:28:36Z,cd440c28c20b0bdbc361cf8258798be30ce45689,success
jellyfin/jellyfin-web,4811841765,Production,2026-05-25T16:56:58Z,fbe4206db6fcfd8d13e1f57a31a0b407baa0de5f,success
jellyfin/jellyfin-web,4811666878,Production,2026-05-25T16:37:15Z,e5f25e01377cee87ace2807854fae23ad5bd0cfa,success
jellyfin/jellyfin-web,4809844192,Production,2026-05-25T13:29:37Z,d5ecc9b55fe4089f83aa6c029b519977f319d0b4,success
jellyfin/jellyfin-web,4808720395,Production,2026-05-25T11:29:48Z,18ae7b433b2496d53d7dab58e64e65e7594fbb66,success
jellyfin/jellyfin-web,4807189307,Production,2026-05-25T08:29:47Z,8cb5d13c073a539e6440560dc77b3fcdadb379d7,success
jellyfin/jellyfin-web,4804035638,Production,2026-05-24T23:55:35Z,82ebb387b8d1583eabae2bca4b016163a06e67d4,success
jellyfin/jellyfin-web,4801504494,Production,2026-05-24T16:29:43Z,df4ea5831f215f737ad2948ffd173d81bad2a221,success
jellyfin/jellyfin-web,4800870809,Production,2026-05-24T14:42:27Z,27d6ac2e54eeda55ed27a5478ac7bffa8c267e37,success
jellyfin/jellyfin-web,4800448060,Production,2026-05-24T13:29:44Z,480d2c6f678df9b43458600544b95d3555979e9c,success
jellyfin/jellyfin-web,4799807005,Production,2026-05-24T11:29:43Z,61e81584e561593fc392383c1e3defdf659a051d,success
jellyfin/jellyfin-web,4799219979,Production,2026-05-24T09:29:41Z,567c96d4a1179ca7bc06135db4c6497ade86ca58,success
jellyfin/jellyfin-web,4798767765,Production,2026-05-24T07:54:07Z,6d68158620855fac07dc36cc69d135cb4e94b6d8,success
jellyfin/jellyfin-web,4798388724,Production,2026-05-24T06:29:43Z,d759a5661e5ad99060477a50efa2133db503d9bf,success
jellyfin/jellyfin-web,4797882805,Production,2026-05-24T04:29:42Z,05e564f98dea7cde531a720f0686ff4ac4a93985,success
jellyfin/jellyfin-web,4797397903,Production,2026-05-24T02:29:28Z,6c11be5d194e768dde83924b5a3e454334d7d401,success
jellyfin/jellyfin-web,4796363443,Production,2026-05-23T22:29:10Z,b6085734d10cff9c5ba3fd43485140fed511248e,success
jellyfin/jellyfin-web,4795392470,Production,2026-05-23T19:29:17Z,bf9e68c320a087b90fc01f33ae167e5129d3c428,success
jellyfin/jellyfin-web,4794730263,Production,2026-05-23T17:29:27Z,4537a916835c71b421a4b336c7b71a047ddcb1df,success
jellyfin/jellyfin-web,4794073915,Production,2026-05-23T15:31:54Z,74926313848c78ed2938b5aacb1e022e8642a7c6,success
jellyfin/jellyfin-web,4793409132,Production,2026-05-23T13:29:39Z,922cab9e713390fcebffb02df81f7e94dc828748,success
jellyfin/jellyfin-web,4792817482,Production,2026-05-23T11:29:38Z,795ed55d0dd730489de997610e92700ea6e9676c,success
jellyfin/jellyfin-web,4792277213,Production,2026-05-23T09:29:51Z,79cf44ba443348819825735a1c2c675faf4c99ed,success
jellyfin/jellyfin-web,4791885030,Production,2026-05-23T08:00:59Z,5882d946080d47b5c77a9d8c1d1d0bee4728b06b,success
jellyfin/jellyfin-web,4791834955,Production,2026-05-23T07:49:44Z,8e87ccc092054ef8c4d6e168c9eae79312a1182e,success
jellyfin/jellyfin-web,4791749206,Production,2026-05-23T07:29:51Z,35b73f0767f48ece8d0e8371ad482ef86b496426,success
jellyfin/jellyfin-web,4791480835,Production,2026-05-23T06:27:26Z,17806ba8edbf13465e6a0314ebc9550e75f1425c,success
jellyfin/jellyfin-web,4791453254,Production,2026-05-23T06:20:43Z,cacc4cb35f05a3b9dc91a38bfe7295bf36a942e2,success
jellyfin/jellyfin-web,4791229689,Production,2026-05-23T05:29:41Z,9c79c75252c336c2acbd7b3d045a5ada0e2fd7a1,success
jellyfin/jellyfin-web,4790712501,Production,2026-05-23T03:29:38Z,ac42dc7650233307c4f0b85d1525fd4e1ce534a0,success
jellyfin/jellyfin-web,4789172118,Production,2026-05-22T22:29:46Z,1b8c06e9c1ae7c6cc66fe771ee7c66125c33c353,success
jellyfin/jellyfin-web,4788171320,Production,2026-05-22T20:29:46Z,c25f76a2b611e7ffaa2071943ef9282bd4905d60,success
jellyfin/jellyfin-web,4787037114,Production,2026-05-22T18:30:12Z,f0fbea79f81f3abd6a8d674c4100511edf361728,success
jellyfin/jellyfin-web,4785166787,Production,2026-05-22T15:29:34Z,f0d82f2db0e50d422ce50c12607e683a5daa4ad5,failure
jellyfin/jellyfin-web,4783750293,Production,2026-05-22T13:29:38Z,9203b30b4f519eb19639ffd2d11cd01c0532c35f,success
jellyfin/jellyfin-web,4780685248,Production,2026-05-22T08:28:40Z,e4d146d259cf1f6680c497709099c1faba408e21,success
jellyfin/jellyfin-web,4779578530,Production,2026-05-22T06:22:28Z,55b7722837c24e291e156c24cc3aa23b0c55247a,success
jellyfin/jellyfin-web,4778116910,Production,2026-05-22T02:29:45Z,95afcc6b309611885b11fd1494e3bdba9b0c7f7c,success
jellyfin/jellyfin-web,4773389455,Production,2026-05-21T17:29:26Z,a87cba9ebc6cc6271a0bb9414f3b5f606e06c4ed,success
jellyfin/jellyfin-web,4771986446,Production,2026-05-21T15:29:40Z,bddaebb8300108be581917b7e9e39150e8520f1a,success
jellyfin/jellyfin-web,4770381400,Production,2026-05-21T13:29:45Z,a47f66357507307dfcf3e3e651274dadf06febb5,success
jellyfin/jellyfin-web,4769041952,Production,2026-05-21T11:38:20Z,ec8d24f3b8106cb0294f077632446eeb5f55e97c,success
jellyfin/jellyfin-web,4768826177,Production,2026-05-21T11:18:03Z,5cdba47be4b01dc95a8d379deca3791cbbfdd78a,success
jellyfin/jellyfin-web,4767822782,Production,2026-05-21T09:43:05Z,cacee69cfa02946bfcde904eed8b87dd80a50e20,success
jellyfin/jellyfin-web,4766882369,Production,2026-05-21T08:14:46Z,67f30dfd8a863e0e199dce157dd5108663a7c864,success
jellyfin/jellyfin-web,4766622929,Production,2026-05-21T07:48:47Z,156e03a240e14603f250fb75a6716aa7e50bb349,success
jellyfin/jellyfin-web,4765886250,Production,2026-05-21T06:29:44Z,457d48ba6a0ada1608b16b4c5cff5fd5d81594d6,success
jellyfin/jellyfin-web,4765414618,Production,2026-05-21T05:26:47Z,420e181d5c4177f5480af19327f4b9079ceffdb8,success
jellyfin/jellyfin-web,4765022626,Production,2026-05-21T04:29:38Z,43b1f4511bfaffee86cb7cec2048a00e19a556b9,success
jellyfin/jellyfin-web,4762707570,Production,2026-05-20T22:46:07Z,df9c20cfb4d9b97f440fb626f664e9f4f8b6720a,success
jellyfin/jellyfin-web,4761383105,Production,2026-05-20T20:29:42Z,517da9c0fa3efed41a98257490ef0c6cc100552d,success
jellyfin/jellyfin-web,4760084597,Production,2026-05-20T18:29:41Z,127d4b52a1b3e7ff5a9b11b9da372b8b717eda25,success
jellyfin/jellyfin-web,4759149759,Production,2026-05-20T17:02:57Z,6b70bd88fc44c7416050d298d76bca261de7bc94,success
jellyfin/jellyfin-web,4758859499,Production,2026-05-20T16:35:24Z,70dc43869fd183eb6e4f07c56675862a60c4c86c,success
jellyfin/jellyfin-web,4758284551,Production,2026-05-20T15:43:11Z,f186366b95c064aacadd6254fe0f93d64fb62114,success
jellyfin/jellyfin-web,4758121820,Production,2026-05-20T15:29:51Z,224d83dec1008313e9ded10022c73b98922575a0,success
jellyfin/jellyfin-web,4756579940,Production,2026-05-20T13:29:45Z,a101f57b0be77329f79d4c8c2c91332c09640eed,success
jellyfin/jellyfin-web,4754906369,Production,2026-05-20T11:03:19Z,1d778496a0a42cf901ac70ed5ee6cb3e97e64755,success
jellyfin/jellyfin-web,4753936098,Production,2026-05-20T09:29:47Z,68bc6b64a89206d8d103e5f6bfe932e92d847d78,success
jellyfin/jellyfin-web,4752688193,Production,2026-05-20T07:29:51Z,8c857b0d03f7cfc17703047077fd9eb11eeddc63,success
jellyfin/jellyfin-web,4750233064,Production,2026-05-20T01:29:45Z,ed0ab829eddd6f7bf76b64d6910022b31aa00c3d,success
jellyfin/jellyfin-web,4748516324,Production,2026-05-19T21:29:44Z,8e1b9bd38f5a0d2d943c5a45be68ef48944e0d2b,success
jellyfin/jellyfin-web,4744395688,Production,2026-05-19T15:29:35Z,7ec82654a25fc94ce2a4cd6eca7cbda2fbe2c31e,success
jellyfin/jellyfin-web,4734938396,Production,2026-05-18T22:29:26Z,dc02bce5e18ba70b4b5b4e9b93efb549327168bf,success
jellyfin/jellyfin-web,4734086086,Production,2026-05-18T20:56:51Z,493d3c14e6effe00eb5bde84908340d31f08d6ad,success
jellyfin/jellyfin-web,4731148395,Production,2026-05-18T16:29:46Z,3720829d898756186bdf4cf8b1eab11e7f55ce0e,success
jellyfin/jellyfin-web,4728878454,Production,2026-05-18T13:29:45Z,1ab79ea44c43409d5b7339d88759592142af5f65,success
jellyfin/jellyfin-web,4725025373,Production,2026-05-18T07:29:47Z,99b9fda875347ea09ca663704395573636dd334b,success
jellyfin/jellyfin-web,4721072944,Production,2026-05-17T20:29:25Z,08dc20fe29dcf72eaf0633a5798b4619e54a34d0,success
jellyfin/jellyfin-web,4716643083,Production,2026-05-17T07:29:43Z,2e0885d03734cf603c3f8d16c673a0744290bdcc,success
jellyfin/jellyfin-web,4712713872,Production,2026-05-16T17:29:38Z,86128a9c9212657318814d0f1ab20238ee80c4b4,success
jellyfin/jellyfin-web,4709991685,Production,2026-05-16T09:11:24Z,f24eefc626e3b4e95638ca3c6447f97625619df8,success
jellyfin/jellyfin-web,4709776609,Production,2026-05-16T08:25:28Z,d66007b4f7b1a7db31262d55a964b3108c24bebb,success
jellyfin/jellyfin-web,4709245570,Production,2026-05-16T06:29:29Z,0142bc605bce847a7f17b23d5aba35b2a0eb8a5f,success
jellyfin/jellyfin-web,4708172536,Production,2026-05-16T02:20:03Z,ba2ae91106699c6412f99b0fb95242420834e29a,success
jellyfin/jellyfin-web,4702245788,Production,2026-05-15T14:29:37Z,e7141c20282a35be183a7345ca60d8a4866eff92,success
jellyfin/jellyfin-web,4700353428,Production,2026-05-15T11:29:24Z,6a5b1d0267fb0e7c3a9769bb4ba1f93bc37db50c,success
jellyfin/jellyfin-web,4699452146,Production,2026-05-15T09:50:45Z,8c0f104f31e692e9297c503aa3a9c35a1db2e399,success
jellyfin/jellyfin-web,4697771324,Production,2026-05-15T06:29:19Z,ceec6181b1c4b9c5dae050feadad7d5d8bcf7a04,success
jellyfin/jellyfin-web,4691526784,Production,2026-05-14T17:12:42Z,a9f6c0aad91362f29263a55afb84cba09b4781da,success
jellyfin/jellyfin-web,4691233904,Production,2026-05-14T16:46:02Z,2f686e4598e6ffbd1c524a625d7789a24e93b290,success
jellyfin/jellyfin-web,4690964245,Production,2026-05-14T16:22:12Z,933392918637983f7140010c6f3e4da5181719cb,success
jellyfin/jellyfin-web,4690877782,Production,2026-05-14T16:14:31Z,ab95ddbb627fa21791927ed2ed9be9c33c069610,success
jellyfin/jellyfin-web,4688909213,Production,2026-05-14T13:29:40Z,e63ba312d6f9c3cb3eb8c6314a939573d42456ea,success
jellyfin/jellyfin-web,4687909333,Production,2026-05-14T11:54:55Z,3111f794ffbe6f3f9fa4e418634c10a4b13edec8,success
jellyfin/jellyfin-web,4680636486,Production,2026-05-13T20:29:44Z,fb7a6c6dd9a2e3d7778c6be80ca03e8c0478d077,success
jellyfin/jellyfin-web,4680413497,Production,2026-05-13T20:08:45Z,b6b3af8c5d375a4d05bcb8bf9d7b8a59e8197946,success
jellyfin/jellyfin-web,4679322361,Production,2026-05-13T18:29:44Z,ac6302c70c24db81ff263cbae2d2af66042e2003,success
jellyfin/jellyfin-web,4678439208,Production,2026-05-13T17:11:14Z,91e09a62953ccdb90fc74689a3c07495847915e8,success
jellyfin/jellyfin-web,4677905854,Production,2026-05-13T16:24:52Z,adf491aec2ec09332de5105b0815faa60e912107,success
jellyfin/jellyfin-web,4677509910,Production,2026-05-13T15:52:45Z,a5c529e1199b180dda768bd39d4c7eeeb3dae4dd,success
jellyfin/jellyfin-web,4676635944,Production,2026-05-13T14:44:51Z,b2fc95df1b723bda9d486968a2d29d55214f3a08,success
jellyfin/jellyfin-web,4675766179,Production,2026-05-13T13:38:34Z,924610e768d1a02b79cab94a06960013715c148d,success
jellyfin/jellyfin-web,4675682733,Production,2026-05-13T13:32:13Z,09543a5d52eb45b5b2e4c700ecb22b1e816c0de3,success
jellyfin/jellyfin-web,4671763549,Production,2026-05-13T07:29:32Z,8679acd25f539b38a1f5cba182391226fdbe7aea,success
jellyfin/jellyfin-web,4667905368,Production,2026-05-12T22:15:07Z,3c9ed9d3abbc3c3ce3f799dc18945be5c5f69977,success
jellyfin/jellyfin-web,4667633455,Production,2026-05-12T21:43:47Z,d0f7a5ceb8239638fd7f194400da90e4cfbee36f,success
jellyfin/jellyfin-web,4667551116,Production,2026-05-12T21:35:01Z,76689e3f2667b77784cf5c79b7fe1f703bd8eb8a,success
jellyfin/jellyfin-web,4666202205,Production,2026-05-12T19:28:33Z,83d81c7ba60a7d6607c73c3991653fc55be3da14,success
jellyfin/jellyfin-web,4665998518,Production,2026-05-12T19:09:55Z,23d4a2a71122e875cda05d5ab993fd72fb444824,success
jellyfin/jellyfin-web,4665831650,Production,2026-05-12T18:54:53Z,785dac6687dbcdebf2834c37ae7c81b427431115,success
jellyfin/jellyfin-web,4665283548,Production,2026-05-12T18:06:00Z,dd6afe6deb5b3fa6c00545db4225bdd2218456ab,success
jellyfin/jellyfin-web,4663755322,Production,2026-05-12T15:52:32Z,0cfdd04b00c5780b2587ec6529e9de70d9e4e3ab,success
jellyfin/jellyfin-web,4655568469,Production,2026-05-12T01:44:25Z,6b09f87aa0fbc38e9fe6cecbaddf7add0572f1d2,success
jellyfin/jellyfin-web,4655068365,Production,2026-05-12T00:29:38Z,f4652a77f3b93b783ee00f992c735c194e867426,success
jellyfin/jellyfin-web,4652924881,Production,2026-05-11T20:17:15Z,55f8e2547d1098785eb5e6b0da2f0477396731cc,success
jellyfin/jellyfin-web,4644446464,Production,2026-05-11T07:29:48Z,dffc32e3e11f2c9094864ca8d51cf056e9b5fe8a,success
jellyfin/jellyfin-web,4639686873,Production,2026-05-10T17:29:44Z,d5fd1096e94b43b35345e6a48549e1bdb102b318,success
jellyfin/jellyfin-web,4639019635,Production,2026-05-10T15:31:30Z,dbd6b29d778900a398c59e76d2689e508bc6d2b7,success
jellyfin/jellyfin-web,4636371393,Production,2026-05-10T06:29:21Z,97fc81ee1bbe03ad9ce7dde2c799e90995f7ad9d,success
jellyfin/jellyfin-web,4631582875,Production,2026-05-09T13:29:45Z,96a50fab54fd383a1c075eb7cb2768516ad5e31c,success
jellyfin/jellyfin-web,4629626545,Production,2026-05-09T06:34:52Z,684ce072eb9ed11a0f9a341d84168e35ec281cf5,success
jellyfin/jellyfin-web,4625714408,Production,2026-05-08T19:20:04Z,4cee01f55cefcef9acb41d5f2ead507accae7edf,success
jellyfin/jellyfin-web,4616996595,Production,2026-05-08T03:08:49Z,324a7c95309e25d9b71bde2303cb2a9433a225d9,success
jellyfin/jellyfin-web,4611752768,Production,2026-05-07T16:49:57Z,86a8457d7d5ad84b4138e8076f5b7bbdddc92d48,success
jellyfin/jellyfin-web,4601440295,Production,2026-05-06T21:45:12Z,4a655be5f1e086f7a525561ec17ac470dae17c8e,success
jellyfin/jellyfin-web,4597428354,Production,2026-05-06T15:29:50Z,6bdfab5f46de8bd8d69c22fa623558c950b636f9,success
jellyfin/jellyfin-web,4595995202,Production,2026-05-06T13:35:13Z,e3ce2cab268ef5c27ff8eb84df00a687d0e38c0d,success
jellyfin/jellyfin-web,4589140332,Production,2026-05-05T23:15:32Z,b7db7d5f3e33af0ce6d8084ca0259595f258bddc,success
jellyfin/jellyfin-web,4588476410,Production,2026-05-05T21:47:27Z,0f468a9e64ccddcec86238cea567f302b2e90943,success
jellyfin/jellyfin-web,4584866283,Production,2026-05-05T16:00:52Z,07b976c7ab8c55360a8e73c96e51cb1150dd904c,success
jellyfin/jellyfin-web,4583084135,Production,2026-05-05T13:30:22Z,92e25a7b25ac47a9a316c085d9f64a627c13d69b,success
jellyfin/jellyfin-web,4582792907,Production,2026-05-05T13:06:09Z,167ff8fe2735bf00abadacd2ed6d3fed667a0ac4,success
jellyfin/jellyfin-web,4581760780,Production,2026-05-05T11:29:54Z,09beafe3c1ebd30aa75a9b63d35e25bf6bf388ee,success
jellyfin/jellyfin-web,4575843795,Production,2026-05-04T22:00:02Z,92fd3200a97c48312bf344b23e6d837a820100ba,success
jellyfin/jellyfin-web,4572419810,Production,2026-05-04T16:10:08Z,db590cd4f11f275b966c0b527647a9eefb11dda2,success
jellyfin/jellyfin-web,4565729583,Production,2026-05-04T02:31:12Z,97e7d784481dff449967d69f926f21d4e301a16a,success
jellyfin/jellyfin-web,4562092743,Production,2026-05-03T15:00:34Z,00458abef6cea47956363e5636856e53408fc7c9,success
jellyfin/jellyfin-web,4561600933,Production,2026-05-03T13:29:34Z,168c69e015fb9a383db248f587b938361bcc9aa2,success
jellyfin/jellyfin-web,4559787948,Production,2026-05-03T06:46:33Z,c0df8812ac13a1ad3437f7272688747b506d59fe,success
jellyfin/jellyfin-web,4559591983,Production,2026-05-03T05:55:23Z,ae3e393362af046957653bf008ff09c18c324c42,success
jellyfin/jellyfin-web,4559495317,Production,2026-05-03T05:28:55Z,ea4b28de0bd631de741b0a73f487d973d06730cb,success
jellyfin/jellyfin-web,4557024858,Production,2026-05-02T19:29:42Z,4549d5af8b9b8e55269dc53a794a330fdfd356c7,success
jellyfin/jellyfin-web,4554687744,Production,2026-05-02T11:41:02Z,547b235ced5a7024e7578cb00d1a1eaf9098226f,success
jellyfin/jellyfin-web,4554355539,Production,2026-05-02T10:22:38Z,968758a7f6e4e3b3896450018a7dc2e2e857f1f9,success
jellyfin/jellyfin-web,4552942190,Production,2026-05-02T04:29:29Z,1c0a5075c85d30d112465d8ed1e316be11669535,success
jellyfin/jellyfin-web,4546246515,Production,2026-05-01T11:29:36Z,8b4dc8c8af985e2d30432d34f7670d6f035af83f,success
jellyfin/jellyfin-web,4545534695,Production,2026-05-01T09:32:56Z,e4f3dbd224a696d6d3d97e76d292542508579a4b,success
jellyfin/jellyfin-web,4545060966,Production,2026-05-01T08:12:15Z,284a7dbe467dcff7ec7dc93b43acbb8d2e879d17,success
jellyfin/jellyfin-web,4520278441,Production,2026-04-29T06:48:42Z,ec637414e5d64424de7a62cc89fa175429789d80,success
jellyfin/jellyfin-web,4520137256,Production,2026-04-29T06:29:36Z,8a42906bf0b711bd2a0214939fd438f00cba8ca4,success
jellyfin/jellyfin-web,4501877228,Production,2026-04-27T17:55:46Z,27a5645ee713f8895a2ec20a77a691d50f6d90f8,success
jellyfin/jellyfin-web,4488158302,Production,2026-04-26T08:05:33Z,93d2173c0a6e2055b8c89dbf4872e93a431e4ecb,success
jellyfin/jellyfin-web,4482314513,Production,2026-04-25T10:29:22Z,cb1017300b9439750b796db999b36a22c9a7416a,success
jellyfin/jellyfin-web,4481807763,Production,2026-04-25T08:29:23Z,f9239a754a235708d4fbe47a1c7b101e8b324dd3,success
jellyfin/jellyfin-web,4475355805,Production,2026-04-24T15:16:54Z,392a9a914faa4c1f7323054aa93f7c6f5ba6f795,success
jellyfin/jellyfin-web,4467957516,Production,2026-04-23T23:29:23Z,eeee6c05b3a8bddb321f17406b894e0427020aaf,success
jellyfin/jellyfin-web,4462902914,Production,2026-04-23T14:37:36Z,065399e2d970e9a170a43e805cbc3eac60299fa8,success
jellyfin/jellyfin-web,4458700204,Production,2026-04-23T07:29:42Z,0b375d98ee9cb018e1dd99578008cdd32d552371,success
jellyfin/jellyfin-web,4447490886,Production,2026-04-22T09:29:29Z,3139a6fe9f7afa605c57b1da4c034783d868e133,success
jellyfin/jellyfin-web,4443137730,Production,2026-04-21T22:48:05Z,34c12e565ba515c7f9ed698d04d9e1db7ccb40f4,success
jellyfin/jellyfin-web,4439625793,Production,2026-04-21T16:27:31Z,97b3f047a0e26bbb3b57cea2e6c004a3faf2afb9,success
jellyfin/jellyfin-web,4434115429,Production,2026-04-21T07:24:50Z,44c3a210cd6afa4d7b5daf87207a95514fad5cc3,success
jellyfin/jellyfin-web,4427928917,Production,2026-04-20T17:29:45Z,519eb00b694081f2141ba847d107b4bd4f71463d,success
jellyfin/jellyfin-web,4424632275,Production,2026-04-20T12:29:31Z,49c19ffddd0019af6474e8eae655dff7ed64dd20,success
jellyfin/jellyfin-web,4421821725,Production,2026-04-20T07:29:40Z,e6d2b96570b07d72fd92843747c233ff09fffe93,success
jellyfin/jellyfin-web,4418264866,Production,2026-04-19T20:30:50Z,d903b65b4c569c1f341dc03d4279b26110cbf7e0,success
jellyfin/jellyfin-web,4416243726,Production,2026-04-19T14:29:24Z,2b9c24cc75b0676c32f6fe9de62ca538f948aff3,success
jellyfin/jellyfin-web,4415226495,Production,2026-04-19T11:04:39Z,235deadd752cb23a08b52eed90db0d3def3a50f0,success
jellyfin/jellyfin-web,4414422770,Production,2026-04-19T07:58:11Z,3feb8bce67930a2efc0e46cc2703b8e5fc8b6ad5,success
jellyfin/jellyfin-web,4411776519,Production,2026-04-18T20:45:23Z,e0994bb68349cb1f917d0ede9c898f37659b5f02,success
jellyfin/jellyfin-web,4410818781,Production,2026-04-18T17:38:22Z,a021f1bee90ba1b0abe157d5321eefd59ea4ae96,success
jellyfin/jellyfin-web,4408524396,Production,2026-04-18T09:34:26Z,8cdd63e41f4d9ad16882719ba62865b49171d613,success
jellyfin/jellyfin-web,4405083323,Production,2026-04-17T21:01:56Z,f5f5fa1b184a8947eb999466ff1de0752929af81,success
jellyfin/jellyfin-web,4404298821,Production,2026-04-17T19:29:52Z,51303a2d9555d51507fb2d4310d02926bc7b9507,success
jellyfin/jellyfin-web,4402570847,Production,2026-04-17T16:18:21Z,3f46f6ac8b7a6978a64c1ccd69cda90b0e74fb31,success
jellyfin/jellyfin-web,4402164717,Production,2026-04-17T15:37:11Z,9462861db71b28723c0839044ce1b2fe896ab8d9,success
jellyfin/jellyfin-web,4399636858,Production,2026-04-17T11:30:38Z,179723427cb9e0d70b15abe0e9077c9201e28d4d,success
jellyfin/jellyfin-web,4397566736,Production,2026-04-17T07:36:22Z,ef1b6f9fde7734fa616cb161cb4dd36fbb9915b4,success
jellyfin/jellyfin-web,4392232030,Production,2026-04-16T18:51:04Z,f813efeb68bf2a332125b20895063e82ca4c5a0a,success
jellyfin/jellyfin-web,4392021457,Production,2026-04-16T18:29:45Z,0b8ac66fc64e04578ad79a68523726b571861374,success
jellyfin/jellyfin-web,4386083026,Production,2026-04-16T08:48:56Z,c2213324a8d8fe2850ff6a8192d784b77ffb540d,success
jellyfin/jellyfin-web,4379918716,Production,2026-04-15T18:31:01Z,a8fc3cf8ff00af3aeb92d5baa16f2a74fa23337f,success
jellyfin/jellyfin-web,4378658664,Production,2026-04-15T16:21:37Z,bc915d5a5c3d9f0fe1c51f6fdee4c32a6e7575b8,success
jellyfin/jellyfin-web,4378513518,Production,2026-04-15T16:07:05Z,2a3313699938f259557118e81ac1844a6ca1c0e2,success
jellyfin/jellyfin-web,4378289111,Production,2026-04-15T15:44:41Z,e405c0d1e0f2a8560062b2d37299a694904dc537,success
jellyfin/jellyfin-web,4377901425,Production,2026-04-15T15:06:50Z,0eb761309adbe5a52e330f0d39ac9433d9dc548c,success
jellyfin/jellyfin-web,4377828093,Production,2026-04-15T14:59:31Z,c8e2e85f600b43b5be864c54589c2e0aa2e0cced,success
jellyfin/jellyfin-web,4377789983,Production,2026-04-15T14:55:44Z,47040d4d546c96013c6ad80bc315757b1e5fc20b,error
jellyfin/jellyfin-web,4377720504,Production,2026-04-15T14:48:53Z,8e29923036d3b8ecc30ec089b6b2b41da1a33f8a,success
jellyfin/jellyfin-web,4377679646,Production,2026-04-15T14:44:52Z,6ec2b821264a19c0c91f0225510f779aa644ba74,success
jellyfin/jellyfin-web,4377609356,Production,2026-04-15T14:38:46Z,42a7a69747760df8db14dfa2a3b45c265955e4f9,success
jellyfin/jellyfin-web,4377511060,Production,2026-04-15T14:30:32Z,0d9f99f9501595d288d46631e21882dea6a2e9dd,success
jellyfin/jellyfin-web,4377466889,Production,2026-04-15T14:26:47Z,0ab68dbd76af3fbe075adb92d5f99a26a52ab60f,error
jellyfin/jellyfin-web,4370608998,Production,2026-04-14T23:47:42Z,21ba6df2578579b42df195d3a7096d0d91092235,success
jellyfin/jellyfin-web,4365174946,Production,2026-04-14T14:12:20Z,3b85332289f10a33d550c39751f615c8b5fe5555,success
jellyfin/jellyfin-web,4362903217,Production,2026-04-14T10:29:36Z,60fbc737bbe3c50bcda4587c3a205f50d5e14e03,success
jellyfin/jellyfin-web,4356747541,Production,2026-04-13T20:20:09Z,6b6c071bfe57f3b0a675a62e42cc66aa0422a2c6,success
jellyfin/jellyfin-web,4355300103,Production,2026-04-13T17:50:14Z,786992a0774b1acb17ab081fc6770f7a3b6bab4c,success
jellyfin/jellyfin-web,4355028368,Production,2026-04-13T17:22:22Z,56417e28db2a71cf9fd951edb32930e7ce44b1a2,success
jellyfin/jellyfin-web,4354549343,Production,2026-04-13T16:33:26Z,be64db97cc6888809b18984acd9b671b290872dd,success
jellyfin/jellyfin-web,4354488741,Production,2026-04-13T16:27:38Z,edaddd51f5a90313fb86117a97126dc2527fae32,success
jellyfin/jellyfin-web,4351600047,Production,2026-04-13T11:56:26Z,0cd96f32cbf917535a1130ed2cb5f59e2c7f44e8,success
jellyfin/jellyfin-web,4349751357,Production,2026-04-13T08:29:34Z,c1fce480e3e2a65d1772654f1ee4bbe37b3080a1,success
jellyfin/jellyfin-web,4348811103,Production,2026-04-13T06:27:48Z,6989302b0cc4c5b0cc9fae78100292dddb0aab27,success
jellyfin/jellyfin-web,4348738983,Production,2026-04-13T06:16:17Z,50277ac2b640b95feb621d3c0210ab3a898b1d9a,success
jellyfin/jellyfin-web,4346126005,Production,2026-04-12T21:25:43Z,6101b0babda413a537ee48b03541ac7bf25282d2,success
jellyfin/jellyfin-web,4345924619,Production,2026-04-12T20:46:29Z,9f52f3de8385b25fc622b0e218fc02bb07a34191,success
jellyfin/jellyfin-web,4345839358,Production,2026-04-12T20:29:52Z,4342f7cc570c6f7e0e8ebc587914a4084424057a,success
jellyfin/jellyfin-web,4345810215,Production,2026-04-12T20:24:54Z,b0c7e6230b0403205eb6c9c4f57859cd6baf71ae,success
jellyfin/jellyfin-web,4340363230,Production,2026-04-11T23:51:00Z,b5146214869e5aa14c5763e633b5487c7617e7f2,success
jellyfin/jellyfin-web,4336915158,Production,2026-04-11T11:39:02Z,7ccab10c780dae53d60849399696f9d16972aa08,success
jellyfin/jellyfin-web,4333077108,Production,2026-04-10T21:03:25Z,e6f1b8f54ebbcf288929dda7af885b166e5d9b30,success
jellyfin/jellyfin-web,4326769993,Production,2026-04-10T09:29:22Z,6633524f990a59a720dc1e011d751bd0bbe15fb4,success
jellyfin/jellyfin-web,4325352751,Production,2026-04-10T06:29:24Z,806b410b02917dded7a3f2e2f7804c7ba402db9e,success
jellyfin/jellyfin-web,4317304318,Production,2026-04-09T13:29:45Z,390cf64a583df1335a1c23527cfc32c9b4fc74e6,success
jellyfin/jellyfin-web,4315986496,Production,2026-04-09T11:17:43Z,70b233b9b014bbceb77474f2ce095d808ce490a1,success
jellyfin/jellyfin-web,4315554258,Production,2026-04-09T10:29:20Z,c44f9e808edacf0d314df124083f5fd6cab49cb8,success
jellyfin/jellyfin-web,4313564457,Production,2026-04-09T06:38:39Z,3c79982c9f42aaea5ffa92c666ae908bc9c9e734,success
jellyfin/jellyfin-web,4312981551,Production,2026-04-09T05:06:40Z,aebad313bc2fcd143b301bba60f818c3c59415fb,success
jellyfin/jellyfin-web,4309104479,Production,2026-04-08T19:29:54Z,eeab17c40fb1646991cd1a8bebf781cdf034a6fc,success
jellyfin/jellyfin-web,4307983269,Production,2026-04-08T17:29:22Z,0b15641cc955aefa5a6a715a7ccefa99600291d2,success
jellyfin/jellyfin-web,4304796383,Production,2026-04-08T12:29:48Z,90f5892e416569553228a965d974ca3cd073d63c,success
jellyfin/jellyfin-web,4299709108,Production,2026-04-08T00:36:27Z,86d5212a6d1f1123097dce6dfe3a460ee2f2fff4,success
jellyfin/jellyfin-web,4299328811,Production,2026-04-07T23:29:31Z,c255c7fea1384cce1137821f989f50e8db78107c,success
jellyfin/jellyfin-web,4297959295,Production,2026-04-07T20:29:32Z,e9b92ee5a905c0f0436008bcbc36f99835d9d1e3,success
jellyfin/jellyfin-web,4296832314,Production,2026-04-07T18:29:54Z,064e486c6d6901c8af68abb50f4118e569140f3f,success
jellyfin/jellyfin-web,4293122451,Production,2026-04-07T12:29:37Z,8985f8df42e74dfb038181a910afaf2010afbc7f,success
jellyfin/jellyfin-web,4290945987,Production,2026-04-07T08:22:59Z,0b4b8efb61ea830e09e8da3e10806aaa8c77a6a6,success
jellyfin/jellyfin-web,4289375987,Production,2026-04-07T04:29:15Z,dff2ce4262ccdaac11e2c8a80a5063071e5bc951,success
jellyfin/jellyfin-web,4288706961,Production,2026-04-07T02:24:37Z,20ad035a33f66bcece14788c944ba596bcb28f9f,success
jellyfin/jellyfin-web,4287727928,Production,2026-04-06T23:29:16Z,af8eba7271d8284f06661ed8e1c0a3061280a553,success
jellyfin/jellyfin-web,4286961369,Production,2026-04-06T21:34:04Z,161d05b32d0e8ef6d529517f42b781fd09036272,success
jellyfin/jellyfin-web,4286338590,Production,2026-04-06T20:18:50Z,6560e5212f39232231c254455e8e05f32d484e0b,success
jellyfin/jellyfin-web,4286002469,Production,2026-04-06T19:40:24Z,8385873f753fdaccc11efb41b4e2cac459d0aa3d,success
jellyfin/jellyfin-web,4285684539,Production,2026-04-06T19:04:34Z,6a8839ace0a621c4572b15b10ff2f938d8fbac1e,success
jellyfin/jellyfin-web,4283933028,Production,2026-04-06T15:40:18Z,393cf9d13f2b72d05e98588bc358679f7246a83e,success
jellyfin/jellyfin-web,4283176844,Production,2026-04-06T14:12:59Z,1d2e88b3765faa803cec9bb81753ebc41524ebc9,success
jellyfin/jellyfin-web,4282363065,Production,2026-04-06T12:28:48Z,1def85a44d7b5566e2d40d9a55370fa84d96b9dc,success
jellyfin/jellyfin-web,4281975787,Production,2026-04-06T11:31:41Z,7a69a50cc810d12f995c9d02a640322e63aa6e57,success
jellyfin/jellyfin-web,4281264413,Production,2026-04-06T09:40:44Z,425b3696729167e44a998ac3f2aea19bdfd5ce05,success
jellyfin/jellyfin-web,4281050027,Production,2026-04-06T09:07:12Z,fcb9659ef31b80f77054087458d2f97c3a996ec3,success
jellyfin/jellyfin-web,4280810209,Production,2026-04-06T08:29:38Z,02fc116b92ff7e0005389c92def7e23f5eca6bca,success
jellyfin/jellyfin-web,4278758620,Production,2026-04-06T01:34:48Z,b72255904166b5197ef6577e2d5b1829e6c88e03,success
jellyfin/jellyfin-web,4278734511,Production,2026-04-06T01:29:35Z,91e6132d8e77fead68cc4b1558f9c19da5136552,success
jellyfin/jellyfin-web,4277909963,Production,2026-04-05T22:11:56Z,444d40dd62123d4153955b59709cd065efc85c2a,success
jellyfin/jellyfin-web,4276543623,Production,2026-04-05T17:29:28Z,3278cac4da1ce759a4dab026400bb199224006c7,success
jellyfin/jellyfin-web,4276088266,Production,2026-04-05T15:58:25Z,58a16e152477c7193601e8047d4e8fec5f269c7d,success
jellyfin/jellyfin-web,4275987088,Production,2026-04-05T15:38:19Z,5f98d702a2e2044076cb3f34dc6955b1ce321321,success
jellyfin/jellyfin-web,4274386359,Production,2026-04-05T09:29:46Z,96dcf43f2d7fdfc920192f7a3e23806772307b3c,success
jellyfin/jellyfin-web,4273922995,Production,2026-04-05T07:29:27Z,cd0a81c53ed0ae751573cb5efc35abbbad6c6f34,success
jellyfin/jellyfin-web,4272229501,Production,2026-04-04T23:29:39Z,7a0db46bf1b1bd26978c7de9061e9f6e27dd2356,success
jellyfin/jellyfin-web,4268926199,Production,2026-04-04T11:29:37Z,7242b908c64022484c363cf036742de42bbd2b29,success
jellyfin/jellyfin-web,4265126796,Production,2026-04-03T20:30:59Z,2d1add59805cf4a4b63a94dd1eccaff55b3a7d79,success
jellyfin/jellyfin-web,4264825274,Production,2026-04-03T19:49:24Z,c4ef6ace6565f0b40c3c2e6b387858caedadf4cd,success
jellyfin/jellyfin-web,4263855276,Production,2026-04-03T17:29:36Z,d2cb96564f7d0ea6c23dd3eec52e1c5a910a5cef,success
jellyfin/jellyfin-web,4260921321,Production,2026-04-03T10:29:41Z,86e621bd8778f295b617e24c96a4348d1fbf25dc,success
jellyfin/jellyfin-web,4256351823,Production,2026-04-02T20:49:10Z,7c462455332ab47770b3d6ed64ea6a6ee757f1de,success
jellyfin/jellyfin-web,4256269005,Production,2026-04-02T20:39:12Z,d72cc8a6be92a9bf3527ffeaf5be9f67e0db0fa3,success
jellyfin/jellyfin-web,4256036576,Production,2026-04-02T20:13:35Z,411d2cac9d89d3bbfa45c0979158dac82f64eab2,success
jellyfin/jellyfin-web,4255341942,Production,2026-04-02T18:52:26Z,891db9e6c9b26b1f7fd6d449b1242ea5424e2bc7,success
jellyfin/jellyfin-web,4255029694,Production,2026-04-02T18:17:10Z,b672fbf8a9328d8724a3871e93d20511df3bfbef,success
jellyfin/jellyfin-web,4253818278,Production,2026-04-02T16:02:46Z,fe0c63d0a38a5ea22021bd026a36e0f4c44e4a34,success
jellyfin/jellyfin-web,4253448339,Production,2026-04-02T15:25:42Z,005d78575784596b7ca4168ce388fc8813da6612,success
jellyfin/jellyfin-web,4253281319,Production,2026-04-02T15:09:23Z,d751b0304c7f297d7e08efb242c53aa0d70aadf4,success
jellyfin/jellyfin-web,4252234653,Production,2026-04-02T13:28:52Z,cdf44ba265bc1339563d50d26653b59feb735121,success
jellyfin/jellyfin-web,4252202690,Production,2026-04-02T13:25:33Z,8ddbc18c6fc6bf2d2f9507adce03c4afc2cfe6be,error
jellyfin/jellyfin-web,4252133456,Production,2026-04-02T13:18:22Z,a228b92c6411a5990e2b03dba2da545d54032edd,success
jellyfin/jellyfin-web,4252074391,Production,2026-04-02T13:12:10Z,c6b2c507e1e93ce3b63d3f9dfa8116b5ce1c9953,success
jellyfin/jellyfin-web,4251824751,Production,2026-04-02T12:45:52Z,ad11a79e9e5e7d66b8095eaad67bc80c8986cbe2,success
jellyfin/jellyfin-web,4248238405,Production,2026-04-02T04:52:08Z,5f07d569870f82f53aa2e3af467c94704d7d4ae8,success
jellyfin/jellyfin-web,4245477660,Production,2026-04-01T21:03:19Z,10814cc000b959eca9abf806eff262292925fa81,success
jellyfin/jellyfin-web,4243571650,Production,2026-04-01T17:37:58Z,75bff0a929353feee16c7eefcb9c661e275a3d70,success
jellyfin/jellyfin-web,4243111559,Production,2026-04-01T16:49:23Z,7de282a1808196052af3cb1f16b5b619fdde9dbb,success
jellyfin/jellyfin-web,4242843600,Production,2026-04-01T16:21:52Z,988e40ffc5b2cdcea9e7252c8a4d9ad76d280ff4,success
jellyfin/jellyfin-web,4236437113,Production,2026-04-01T03:38:55Z,56a4dc6d3c85f3e779cf705046da69d8688b37de,success
jellyfin/jellyfin-web,4235755641,Production,2026-04-01T01:29:32Z,d02a2c8697d38f488dfd907aba1f5a3790e13738,success
jellyfin/jellyfin-web,4234811475,Production,2026-03-31T22:42:40Z,bce3769fcbbb548b3ddcddaf39d2f84662e7cd42,success
jellyfin/jellyfin-web,4234272664,Production,2026-03-31T21:29:38Z,d741d0bd8c738d0da9cb576256d6e5c807abf442,success
jellyfin/jellyfin-web,4234214446,Production,2026-03-31T21:22:28Z,fb26f7b1c48fc79f5a5b283a7ac52190449f867b,success
jellyfin/jellyfin-web,4233267982,Production,2026-03-31T19:29:28Z,f992faa5826789c3c296fe70d17d9088ec97b292,success
jellyfin/jellyfin-web,4232770112,Production,2026-03-31T18:32:19Z,91d440ca1327d374579580f7e8302f77b19ea257,success
jellyfin/jellyfin-web,4231347717,Production,2026-03-31T16:04:43Z,b89a64e3ae11f7d012f78c7d3e2ea7a8c9f27996,failure
jellyfin/jellyfin-web,4224217006,Production,2026-03-31T01:29:36Z,924053312687a4c32a36b09af9efaf7b0dbd4edb,failure
jellyfin/jellyfin-web,4223534367,Production,2026-03-30T23:29:34Z,9cb5c4ab0e88a4dcfe0f4bd11c565523b3442e5a,failure
jellyfin/jellyfin-web,4222697251,Production,2026-03-30T21:29:46Z,4d6fb906c655b62503f5a65bd057c5733d3419d8,failure
jellyfin/jellyfin-web,4222056384,Production,2026-03-30T20:19:01Z,ae6d8c3254ee391697e0503dd28239621d19eb35,failure
jellyfin/jellyfin-web,4220657513,Production,2026-03-30T17:52:33Z,5aeb777e61fb9478542a153bf027b97ef9a06bf8,failure
jellyfin/jellyfin-web,4220367987,Production,2026-03-30T17:22:17Z,ad603d785120f20274b4ee551588840e25af6014,failure
jellyfin/jellyfin-web,4219229579,Production,2026-03-30T15:29:48Z,a54b8b642502ec72a69fe804d052cf7c675f7028,failure
jellyfin/jellyfin-web,4218140039,Production,2026-03-30T13:50:48Z,b8fe445429fec6741860182f63c95f570389c2fd,failure
jellyfin/jellyfin-web,4212046578,Production,2026-03-29T22:29:28Z,5c3de4cb1a2d8c7de8955e6a4ff175497e18e9d6,failure
jellyfin/jellyfin-web,4211139553,Production,2026-03-29T19:29:47Z,21f9542a72c63d833de156acf3399aaf86f52f02,failure
jellyfin/jellyfin-web,4206094140,Production,2026-03-28T23:29:32Z,998dc21767339af2eb734d885eae8f78077a6aa5,failure
jellyfin/jellyfin-web,4202655023,Production,2026-03-28T11:29:13Z,edc5dd48030630c11ed07339cd0afcfd070c1f5b,failure
jellyfin/jellyfin-web,4195919736,Production,2026-03-27T15:33:30Z,779a7221b02553bd7278c1d8c66cb0cf4adaf9ae,failure
jellyfin/jellyfin-web,4193553155,Production,2026-03-27T11:29:28Z,bec3f0967a526f31027017e7dfad293b23706040,failure
jellyfin/jellyfin-web,4190329255,Production,2026-03-27T02:56:55Z,3ddc6b00531bcdb3368316b2737048bc6fbe7aa7,failure
jellyfin/jellyfin-web,4188199799,Production,2026-03-26T20:54:36Z,c6937b4ad98019f4e098812f346cb932f541fceb,failure
jellyfin/jellyfin-web,4183642029,Production,2026-03-26T13:09:51Z,396685c729189f942cedab50b011f6dcee6d8ca3,failure
jellyfin/jellyfin-web,4183587313,Production,2026-03-26T13:04:15Z,32bd2daf804bf8372a38156b5f0e49b0cf13369c,failure
jellyfin/jellyfin-web,4178549353,Production,2026-03-26T00:26:34Z,670e1a3162b11d66d088a0362ceb5583cf0f2d13,failure
jellyfin/jellyfin-web,4178260995,Production,2026-03-25T23:34:34Z,e53cb9698c5588d3c8e756f7828c05ec3c7a8f1b,failure
jellyfin/jellyfin-web,4178213703,Production,2026-03-25T23:26:22Z,8a80eda41a8b2ffcb9ff46b7964792aae29b014f,error
jellyfin/jellyfin-web,4178061368,Production,2026-03-25T23:01:58Z,f07d08ce29fee1368710f2c5670aa8f5e816c7c3,failure
jellyfin/jellyfin-web,4177551197,Production,2026-03-25T21:48:46Z,85aa5eb19f7d292ebb34c0d77f65a6f0fa1740f7,failure
jellyfin/jellyfin-web,4173716274,Production,2026-03-25T15:05:11Z,d49e6c05332c34f8817f7ad937981ffe87fcf69f,failure
jellyfin/jellyfin-web,4172146829,Production,2026-03-25T12:39:21Z,28c8c25e8301826f640c768df7505ba0e29976d3,failure
jellyfin/jellyfin-web,4171266829,Production,2026-03-25T11:04:00Z,4b724f6bfa4360d80fbd7c13a049879d47d4a4cf,failure
jellyfin/jellyfin-web,4169926626,Production,2026-03-25T08:29:41Z,9ec6091d24c39ad24c06f84571aacd28799b503d,failure
jellyfin/jellyfin-web,4168752503,Production,2026-03-25T05:29:44Z,729a752078fe68f5e2d36b70416743d36048791d,failure
jellyfin/jellyfin-web,4164717109,Production,2026-03-24T19:25:24Z,9f1365dfd7b26125f2053baae8500b7c743697ab,failure
jellyfin/jellyfin-web,4162220408,Production,2026-03-24T15:22:37Z,89e48a4dae4e0abcbd79ee4a0c9c6482bfcc01c5,failure
jellyfin/jellyfin-web,4160307916,Production,2026-03-24T12:27:00Z,345099f9ede9589cad1f3c37b68cc9d6192534de,failure
jellyfin/jellyfin-web,4160264649,Production,2026-03-24T12:22:33Z,baadf93a285023d222851b2f95470b6d84c48ff3,failure
jellyfin/jellyfin-web,4159715087,Production,2026-03-24T11:22:47Z,99524a71debdfbfda711c3839a21aa742e034ca4,failure
jellyfin/jellyfin-web,4156343572,Production,2026-03-24T03:29:19Z,a2831bca7106b637c99e20a34f1fe9b8e26ec07e,failure
jellyfin/jellyfin-web,4155807601,Production,2026-03-24T01:51:39Z,3a34c5990a2574acbdef725aa9b1eeda38fa2fa0,failure
jellyfin/jellyfin-web,4153023963,Production,2026-03-23T19:29:17Z,c305985655419e6c513486864e02c5beb3c4f98e,failure
jellyfin/jellyfin-web,4149359380,Production,2026-03-23T13:29:43Z,36a548ab085a32fc379b7283baeec8cd12682a14,failure
jellyfin/jellyfin-web,4147725159,Production,2026-03-23T10:29:41Z,94576b02de1841aff83f3b4e57b0bbad5df95ecd,failure
jellyfin/jellyfin-web,4146713866,Production,2026-03-23T08:29:35Z,d617ae8ad604b99f6773e747a70381c817443ee8,failure
jellyfin/jellyfin-web,4146050007,Production,2026-03-23T06:50:39Z,8ed7e7eb3bd33bf9fe25419ffdf21679a2994e96,failure
jellyfin/jellyfin-web,4142501290,Production,2026-03-22T18:50:22Z,3040fceba3e300c7a706bd66669f6ad37ab89dd8,failure
jellyfin/jellyfin-web,4139463940,Production,2026-03-22T07:29:34Z,ac49e20db03e49d0c5e0e59c23ef842038ba7457,failure
jellyfin/jellyfin-web,4137759368,Production,2026-03-21T23:29:28Z,1874929aff871d38fd689ad3f5af8204533c2e6b,failure
jellyfin/jellyfin-web,4136080914,Production,2026-03-21T17:22:48Z,27df1a48688fad2b30526a006e066666824748e5,failure
jellyfin/jellyfin-web,4132143530,Production,2026-03-21T00:44:51Z,2877d20f0139c8b776c0609564125aebd576f5c5,failure
jellyfin/jellyfin-web,4132071353,Production,2026-03-21T00:28:56Z,76beb10e2ba1b30fa91f98c18c4702a450b79aa3,failure
jellyfin/jellyfin-web,4131790323,Production,2026-03-20T23:29:35Z,f13d17c93c91b673562f5f2bdbd687a4ebe7d994,failure
jellyfin/jellyfin-web,4130411139,Production,2026-03-20T19:57:18Z,5b3804708a4f598b27a5946ab8c91dfff343b170,failure
jellyfin/jellyfin-web,4130250626,Production,2026-03-20T19:36:04Z,6b7104cee2489d6f1c27cf770128fef9ee56740f,failure
jellyfin/jellyfin-web,4129716167,Production,2026-03-20T18:29:40Z,18b185f2c7c1e25c0880bf71c7c741079213d15b,failure
jellyfin/jellyfin-web,4129450516,Production,2026-03-20T17:58:47Z,efd95d4f6ff5ce9e314cc82b10083745e76b2308,failure
jellyfin/jellyfin-web,4129417582,Production,2026-03-20T17:54:44Z,1d05624c1294280e45b38e7b5c2650b207f9627b,failure
jellyfin/jellyfin-web,4128814105,Production,2026-03-20T16:45:10Z,b2813d1e332dd1c738a1dadf12546ea8526a19fb,failure
jellyfin/jellyfin-web,4128678321,Production,2026-03-20T16:29:50Z,a0c89dbcb65e4e38e3150e96b5c3b974769f6aa3,failure
jellyfin/jellyfin-web,4126447847,Production,2026-03-20T12:29:38Z,95475776300d8e090410b3b54b13b1b1a03f307f,failure
jellyfin/jellyfin-web,4124557446,Production,2026-03-20T08:18:24Z,edc7b747266dc016b0234f722f73ca6cc5cb6530,failure
jellyfin/jellyfin-web,4123031631,Production,2026-03-20T03:29:34Z,7f67092faba920972dbb49303a5dafd8be9617dc,failure
jellyfin/jellyfin-web,4122530256,Production,2026-03-20T01:44:12Z,f653c4900f90ea9df9651e7787ec71d6732c5aec,failure
jellyfin/jellyfin-web,4122069643,Production,2026-03-20T00:17:46Z,7e484a8add348dde1f199fc20ce6465d89630e6d,failure
jellyfin/jellyfin-web,4122013335,Production,2026-03-20T00:07:56Z,d6bf14ae077ccb4ba90f94d55e83721cee5e77e1,failure
jellyfin/jellyfin-web,4121843269,Production,2026-03-19T23:38:06Z,573ffac1470876c38fa46ce22ced86b71721a8a4,failure
jellyfin/jellyfin-web,4121403784,Production,2026-03-19T22:29:25Z,ef55c1b4dca1da3edcff8033ce9c31fe7166e7ac,failure
jellyfin/jellyfin-web,4120940462,Production,2026-03-19T21:29:41Z,ac618cfac4da3b4e6d36ad2198c3adee9cdf0d38,failure
jellyfin/jellyfin-web,4120781199,Production,2026-03-19T21:10:57Z,abe12772dd0ced44852c90843c2c58847ff43c78,failure
jellyfin/jellyfin-web,4120221839,Production,2026-03-19T20:07:55Z,56d877d5e85c024b08b92e58047509d10cec2c81,failure
jellyfin/jellyfin-web,4119423024,Production,2026-03-19T18:40:01Z,629d9e1adefe3f9aef1316215546134b2672e5dc,failure
jellyfin/jellyfin-web,4119387313,Production,2026-03-19T18:36:08Z,c740f244052cc51c12442a2476065ae9101c6926,failure
jellyfin/jellyfin-web,4119299759,Production,2026-03-19T18:26:45Z,48915fb1690ca4a992a8774bca33e4301e20ce56,failure
jellyfin/jellyfin-web,4118755530,Production,2026-03-19T17:29:38Z,f0970446932e2211d7ef3835d253fa78f52c679c,failure
jellyfin/jellyfin-web,4117622293,Production,2026-03-19T15:38:09Z,2757cf7acecdc623f3e295bd656805f91f015443,failure
jellyfin/jellyfin-web,4116468468,Production,2026-03-19T13:52:22Z,eff87d67015819f2d7d57c37620991f11ea60428,failure
jellyfin/jellyfin-web,4116235352,Production,2026-03-19T13:29:40Z,ff82bcb6fefea46f47d3aba29db149a7526fc76b,failure
jellyfin/jellyfin-web,4114734404,Production,2026-03-19T10:39:33Z,249867358e58e1c2f6cb80ef2a86f546bfe2c1cc,failure
jellyfin/jellyfin-web,4114147403,Production,2026-03-19T09:29:33Z,4299f735125d9b24ee801f250d603fec5cfa2828,failure
jellyfin/jellyfin-web,4113215084,Production,2026-03-19T07:21:14Z,1fd15f43d351095fa56513085ab55ede7fcab014,failure
jellyfin/jellyfin-web,4111819764,Production,2026-03-19T03:00:32Z,c3c0b4b9fe14eba9bde2d8a71064569ca5a0d6ef,failure
jellyfin/jellyfin-web,4110817582,Production,2026-03-18T23:51:17Z,be594f74b641c59bbcae3f5e346f8bca3b4325ac,failure
jellyfin/jellyfin-web,4110752112,Production,2026-03-18T23:40:14Z,caacc5861f3aaacbd0f15ed6b7f1581f71ee8b36,failure
jellyfin/jellyfin-web,4110724169,Production,2026-03-18T23:35:42Z,e5d55e566a5f8af600bfeb28009d8f5d6a784b4a,failure
jellyfin/jellyfin-web,4110701039,Production,2026-03-18T23:31:53Z,4874e0bb6a81e9b8a7c30823c0d09ef762b0587b,failure
jellyfin/jellyfin-web,4110661033,Production,2026-03-18T23:25:37Z,3e8019919a54623f09490fa7eace11b1b9eb0bfb,error
jellyfin/jellyfin-web,4110609637,Production,2026-03-18T23:17:31Z,94b5c789346678cd0077bb7fbeb9eb687c35796d,failure
jellyfin/jellyfin-web,4110568182,Production,2026-03-18T23:11:32Z,04a81992f0c93f12b006ea9f662dd8227a15845e,failure
jellyfin/jellyfin-web,4110493248,Production,2026-03-18T23:00:23Z,3fa66019c543b1587fc40b5b62bbd7231186a30d,failure
jellyfin/jellyfin-web,4110216303,Production,2026-03-18T22:20:21Z,d9bde1c3de81e74e995bed54fd4d0fbd15153be8,failure
jellyfin/jellyfin-web,4110049159,Production,2026-03-18T21:59:34Z,16d98e97eb05d6f2684faa9f358233d44baad9a2,failure
jellyfin/jellyfin-web,4109882950,Production,2026-03-18T21:38:11Z,1c2c5e903656032b1ac8326f33fe2b154dcab4da,success
jellyfin/jellyfin-web,4109756796,Production,2026-03-18T21:22:44Z,9fbd2b5c1863e9b6b83e28395540244a710c50e3,success
jellyfin/jellyfin-web,4108583677,Production,2026-03-18T19:13:52Z,ecdae9f4503e8a5b6d9eb55076cc69f4e6f278e8,failure
jellyfin/jellyfin-web,4108556379,Production,2026-03-18T19:10:42Z,6882b6b721bf7c5caef5ec0042d075fda2c5cce8,error
jellyfin/jellyfin-web,4108470652,Production,2026-03-18T19:01:07Z,118e26b7403c788cba5609a26edc8a11fd3a91c9,success
jellyfin/jellyfin-web,4107615883,Production,2026-03-18T17:29:42Z,7e4bed15f9552cdb8f32b50be3dec0d676962a3b,success
jellyfin/jellyfin-web,4105366997,Production,2026-03-18T13:59:01Z,8f16bc7885c8639c4798c1f7ac7fdff0bf77fb62,success
jellyfin/jellyfin-web,4105230267,Production,2026-03-18T13:46:21Z,0bb1e1878dabd7b42c5838761bd86e010e293aff,success
jellyfin/jellyfin-web,4104604217,Production,2026-03-18T12:41:57Z,39e4f8693bb8b64c7fb051cb1681bacaa6ca62aa,success
jellyfin/jellyfin-web,4099642388,Production,2026-03-18T00:16:31Z,6099a5e5a21ca74ef37f4bce26df86e47c9f842a,success
jellyfin/jellyfin-web,4098115156,Production,2026-03-17T20:37:59Z,9cc26e90d7a4304d2edc5d8fcc61b83f19574e51,success
jellyfin/jellyfin-web,4096972973,Production,2026-03-17T18:29:24Z,fea817d8abefaab7461c3eb817d73d74ab4e3057,success
jellyfin/jellyfin-web,4095788499,Production,2026-03-17T16:28:24Z,f9607e0af9ae9c7610b50c35d2b160cb41be2fde,success
jellyfin/jellyfin-web,4094395151,Production,2026-03-17T14:21:04Z,1cafe1c1f05554310b2a127ff1f6c9c1f629df75,success
jellyfin/jellyfin-web,4094285269,Production,2026-03-17T14:10:55Z,b9829c157e5f288b59c7e6035c13d835e8b51340,success
jellyfin/jellyfin-web,4093848455,Production,2026-03-17T13:30:04Z,57a0f499e18839a50ac387b634cf39fa67b7bc7b,success
jellyfin/jellyfin-web,4092638050,Production,2026-03-17T11:17:43Z,fdd68d468edd7006df2578213dbe4d237fa984da,success
jellyfin/jellyfin-web,4074879630,Production,2026-03-15T14:48:22Z,4edf319e337a710b7941168bf463609dccd98518,success
jellyfin/jellyfin-web,4073385454,Production,2026-03-15T08:29:23Z,e6fe869a3b94fef35811bcd8ea4a9c0a713979b6,success
jellyfin/jellyfin-web,4073063282,Production,2026-03-15T06:53:00Z,18fe6bf0d440d01c489848a0ff73a3c8e6028649,success
jellyfin/jellyfin-web,4071327456,Production,2026-03-14T22:29:41Z,797ca21aec5188f81ea04487dc2afd7567bc0b46,success
jellyfin/jellyfin-web,4070850836,Production,2026-03-14T20:34:02Z,d43f4e65b2507b130b74674f64f7e2ac28b4add3,success
jellyfin/jellyfin-web,4070560766,Production,2026-03-14T19:29:34Z,a71e4d491c29957c00e7774d7d2412eef4e92abb,success
jellyfin/jellyfin-web,4070126416,Production,2026-03-14T17:50:45Z,b103423c47af0c7f392df9a64d3f21e5eaebbb6d,success
jellyfin/jellyfin-web,4069317792,Production,2026-03-14T14:47:17Z,ed10632a44b60d8359f13a61e832a3ef1ab3aa04,success
jellyfin/jellyfin-web,4065640277,Production,2026-03-13T22:29:29Z,3169493515995962e2983645ce157c8d5a4fa8eb,success
jellyfin/jellyfin-web,4061848403,Production,2026-03-13T14:30:49Z,1632edc28605db935377c5640ac1e79975541361,success
jellyfin/jellyfin-web,4051800776,Production,2026-03-12T15:07:08Z,ef6d604873beb8807ae5ef79d2598a33bc1ba478,success
jellyfin/jellyfin-web,4047327183,Production,2026-03-12T05:55:39Z,8337fd9406ec239e50fee5d45e08f39d51346eed,success
jellyfin/jellyfin-web,4047302887,Production,2026-03-12T05:50:43Z,81066b2e379d13adee45d3889f47e575e87ce743,success
jellyfin/jellyfin-web,4039935111,Production,2026-03-11T13:05:09Z,fb88eca03462e10dc07445dbbbb18560c1321590,success
jellyfin/jellyfin-web,4027922008,Production,2026-03-10T10:29:29Z,217ed146ccc2f530643800764575d71812bd3e8e,success
jellyfin/jellyfin-web,4026685444,Production,2026-03-10T07:50:55Z,51efd8bb96ca59b1b3990292d0cde8765167edbf,success
jellyfin/jellyfin-web,4024971081,Production,2026-03-10T02:29:30Z,5bf485825450527533ca4bdf8d19e70d69e50a1c,success
jellyfin/jellyfin-web,4022225955,Production,2026-03-09T19:29:41Z,c7b5b6d172c4ab07227a161756c4cd7600b9503a,success
jellyfin/jellyfin-web,4012475056,Production,2026-03-08T18:29:32Z,5c3b0bceb192210b724fe7c23f39f11966549faf,success
jellyfin/jellyfin-web,4007329192,Production,2026-03-07T19:29:29Z,296a15ec8979a5ff250bf0f2ed6e91c46f626ba2,success
jellyfin/jellyfin-web,4002902898,Production,2026-03-06T23:29:35Z,2905001acaa1fde7309c9d9e8776f6173f242b65,success
jellyfin/jellyfin-web,3993971209,Production,2026-03-06T01:36:12Z,3702133f92cb395886651c9738b66f5741a4dcca,success
jellyfin/jellyfin-web,3991575304,Production,2026-03-05T19:29:51Z,f27be5b0496c0bfd95bd46d679624e371a7fc0ac,success
jellyfin/jellyfin-web,3982940079,Production,2026-03-04T22:29:33Z,6015d9a5de7b2e5a3904e14bcf27a554dbb998d0,success
jellyfin/jellyfin-web,3978329212,Production,2026-03-04T13:29:33Z,7f902c160a5b730aae20a0c108272e8f37bfa9e7,success
jellyfin/jellyfin-web,3976488489,Production,2026-03-04T09:29:33Z,92a501861996b3f894a9f6eda3fc07cc5fd0d745,success
jellyfin/jellyfin-web,3974483172,Production,2026-03-04T03:29:32Z,08d85660513c47d97a9dcb97a6dc31f7e3ac3333,success
jellyfin/jellyfin-web,3974079766,Production,2026-03-04T02:03:26Z,0c3ad03531f094849f2ab46240c81b3be000a518,success
jellyfin/jellyfin-web,3971153205,Production,2026-03-03T18:29:30Z,1c9caae797b1bda75292d1ea7b139d7677a109f4,success
jellyfin/jellyfin-web,3970241231,Production,2026-03-03T16:41:08Z,63482c65d440b87be1758e9aa6131f5543066752,success
jellyfin/jellyfin-web,3965574250,Production,2026-03-03T06:29:39Z,d717ad4eab464e39f34da84463ecde7175e2bf06,success
jellyfin/jellyfin-web,3963231208,Production,2026-03-02T22:29:30Z,77f830096ec4220e8e1975938292e2b0cc1d1b52,success
jellyfin/jellyfin-web,3961454947,Production,2026-03-02T18:29:30Z,96cf9626b665c82863b7f6cce62046f22e7bb4f0,success
jellyfin/jellyfin-web,3959944306,Production,2026-03-02T15:29:34Z,8ea720bf0ea5ece5650331672bfc6171e8527423,success
jellyfin/jellyfin-web,3957647209,Production,2026-03-02T10:29:54Z,25cb2d314c7bbdb98b433b5f830bd71ac77337f1,success
jellyfin/jellyfin-web,3956801889,Production,2026-03-02T08:29:37Z,3d1b9f144ab0952555a28e64b02f43fd8568fdf2,success
jellyfin/jellyfin-web,3955907560,Production,2026-03-02T05:35:37Z,8178cd1a215d2ccabad0c28c13514d7893f5b1d6,success
jellyfin/jellyfin-web,3954536864,Production,2026-03-01T23:40:37Z,fe8c635ddc96af330efa98daf1e0da6fc042753b,success
jellyfin/jellyfin-web,3952391345,Production,2026-03-01T14:39:42Z,bf3cdb462f8bb381b51b633bf7f1fcd3c226fb8c,success
jellyfin/jellyfin-web,3948911277,Production,2026-02-28T20:03:03Z,9c5674b309efec56bfd8273b889e8cc778213d77,success
jellyfin/jellyfin-web,3948573315,Production,2026-02-28T18:29:35Z,48480443a424bb1cd7161bd2fe42c87063d7f2b1,success
jellyfin/jellyfin-web,3945314791,Production,2026-02-28T01:39:02Z,6e0d7c60c2b571c4015db17ed9b33c907bd3abd8,success
jellyfin/jellyfin-web,3944155630,Production,2026-02-27T21:29:41Z,dabbe3b3002bf0593e81aefa4aafe1f738800f50,success
jellyfin/jellyfin-web,3943655434,Production,2026-02-27T20:13:40Z,f3475a254f04dff52020c2d40fb637cfb6e8398b,success
jellyfin/jellyfin-web,3941250678,Production,2026-02-27T14:51:58Z,7e3d2593fd9f1bea3a8631b9eabffa2baee8fd42,success
jellyfin/jellyfin-web,3940592501,Production,2026-02-27T13:29:21Z,20c934ca18b0eb133cacd33d1c59e38f8eb37443,success
jellyfin/jellyfin-web,3938219571,Production,2026-02-27T07:29:29Z,24b92dd3a8c17c04478def040ece479f93dee14e,success
jellyfin/jellyfin-web,3936252656,Production,2026-02-27T00:17:09Z,fa629a1728557ac90dd49dbc70051d867e746e84,success
jellyfin/jellyfin-web,3936177459,Production,2026-02-27T00:02:24Z,4e7c867fd9a3eaf4bbf14227ece7a23378d441bc,success
jellyfin/jellyfin-web,3931960005,Production,2026-02-26T14:42:44Z,cf62a3374b9206dd207fc71dd5e3cd6827aa3962,success
jellyfin/jellyfin-web,3931397396,Production,2026-02-26T13:35:59Z,5fc832b5e05bdce2ee81c1134c60fd1b57a670ac,success
jellyfin/jellyfin-web,3928798380,Production,2026-02-26T07:36:24Z,00ec2abfad5eb4e0d32a7a7a4918a1c6fa1d4103,success
jellyfin/jellyfin-web,3918492875,Production,2026-02-25T04:50:17Z,7ab3f5f9ba13f660f281fe8558ce204ef4ec90bd,success
jellyfin/jellyfin-web,3910774927,Production,2026-02-24T10:12:57Z,388b4538fa3716f41d5b6cbd9d58df5fc6a97aaf,success
jellyfin/jellyfin-web,3882529301,Production,2026-02-20T05:03:35Z,c9d70d742ef5dcffea3dad47cd3ac350b8128f73,success
jellyfin/jellyfin-web,3868771697,Production,2026-02-18T15:09:14Z,938966609576e89f67e8a797ccd66bd103ca3005,success
jellyfin/jellyfin-web,3858892585,Production,2026-02-17T12:09:15Z,8bd5cd7daa911d9ce57a5b292327dda9b72cfc5d,success
jellyfin/jellyfin-web,3858247679,Production,2026-02-17T10:31:36Z,22992ad299c9840179b20f9af3a6e0be71a40820,success
jellyfin/jellyfin-web,3853423736,Production,2026-02-16T17:34:51Z,9b2ff277a6e191d294d3d14530dba4fc5d1844e1,success
jellyfin/jellyfin-web,3852581506,Production,2026-02-16T15:33:56Z,16eb30d042eea32400a10a0a064f19d0e76e8a56,success
jellyfin/jellyfin-web,3851116086,Production,2026-02-16T12:09:19Z,b6697e238e12850a19a1cc868ebb15d28fee3ae2,success
jellyfin/jellyfin-web,3845859886,Production,2026-02-15T14:09:06Z,f430d6459ba49ef6c35205e31c10a0694fdc97ac,success
jellyfin/jellyfin-web,3844985054,Production,2026-02-15T09:09:02Z,c3e89dba87033a4f293bd961b3de2d42534efbb9,success
jellyfin/jellyfin-web,3844793588,Production,2026-02-15T07:56:37Z,522f75312846a1c7261309b69d8e01366a41a0f0,success
jellyfin/jellyfin-web,3844754055,Production,2026-02-15T07:40:34Z,8bf3396561ce54984ba483d7b8ab5c009f95ed0c,success
jellyfin/jellyfin-web,3843969392,Production,2026-02-15T02:09:19Z,7190a6747b64ce3b6022c9be26de285d661c78b7,success
jellyfin/jellyfin-web,3843531543,Production,2026-02-14T23:08:19Z,a31c9ff68977f4549965e93c56c9d7af02b0c9ec,success
jellyfin/jellyfin-web,3842577015,Production,2026-02-14T18:01:16Z,33e005cf0bdf2aef61b6a42e33fbfeb1592c9a5e,success
jellyfin/jellyfin-web,3842234489,Production,2026-02-14T16:14:20Z,5801ebdd5e11457909a4fc4c10a527017576bfb3,success
jellyfin/jellyfin-web,3842183111,Production,2026-02-14T16:00:20Z,e61f5e109490a1db52a65c46709bdf75b8872ba6,success
jellyfin/jellyfin-web,3841831457,Production,2026-02-14T14:09:11Z,2d23d73bb4c094835bd3c4b6796b9421be43975b,success
jellyfin/jellyfin-web,3816951749,Production,2026-02-11T10:37:37Z,49da73d57d4bd18a18bc928a2dd395536a1ae473,success
jellyfin/jellyfin-web,3809050950,Production,2026-02-10T12:36:01Z,a30dd7e0dc8b62a0d48bd2ef90ef562f28ffb918,success
jellyfin/jellyfin-web,3808305783,Production,2026-02-10T10:48:35Z,4f8b3b331f6e4cbfd7c9c8ee7a366e7658adf3dd,success
jellyfin/jellyfin-web,3807924535,Production,2026-02-10T09:54:51Z,4017f0dc4024272419f339b7d80f2c40eac687fb,success
jellyfin/jellyfin-web,3807241578,Production,2026-02-10T08:12:08Z,b68def918e0bbbec1b060eea2e627b38f48b0711,success
jellyfin/jellyfin-web,3807117293,Production,2026-02-10T07:50:10Z,b52ad327a1188b3a89ae2a98d1ff0dffe0b9927d,success
jellyfin/jellyfin-web,3804850174,Production,2026-02-09T23:09:46Z,0fb5fc7c5bd302ccc471270ca0bea15002b9c407,success
jellyfin/jellyfin-web,3801000514,Production,2026-02-09T13:09:21Z,4c0a7d2559a3b2693ccd08a8edf8a8f5f0290580,success
jellyfin/jellyfin-web,3800402558,Production,2026-02-09T11:40:42Z,4e7ad5dbc6f8fde74c3e44a7c7890c41e78f46bd,success
jellyfin/jellyfin-web,3800142535,Production,2026-02-09T11:00:42Z,a24e3032cdaf5d1fe124669bb730a78bdda1a127,success
jellyfin/jellyfin-web,3799832571,Production,2026-02-09T10:13:58Z,27baf554ac2ace28928d4caa021336d73ec3f2b9,success
jellyfin/jellyfin-web,3793451289,Production,2026-02-08T02:07:10Z,ae3fff4a4b4167f89636e525d9f0ee16099e92fb,success
jellyfin/jellyfin-web,3790944700,Production,2026-02-07T12:00:33Z,c2f6f83522847a7f4c655a4adbf6e0c8728c73da,success
jellyfin/jellyfin-web,3788585205,Production,2026-02-06T22:11:38Z,b8d777f04f9937559dadb94de66602b4f037fcdd,success
jellyfin/jellyfin-web,3780707579,Production,2026-02-05T22:09:22Z,096a2a5b800fafbcf52f6e9857190756f50d4aef,success
jellyfin/jellyfin-web,3772241317,Production,2026-02-04T22:09:14Z,b6b1190714bf415bd503ad15ae55968657184599,success
jellyfin/jellyfin-web,3766721244,Production,2026-02-04T09:09:13Z,4d2f794cf54a32bff390238a331bf682c0b580f4,success
jellyfin/jellyfin-web,3762607251,Production,2026-02-03T19:09:09Z,e524f139bd54175776a9b9f7d187a73e7272a5a9,success
jellyfin/jellyfin-web,3753170046,Production,2026-02-02T16:09:10Z,e6b6c715868f6a8a09fb30c8fc4eca61b7b96768,success
jellyfin/jellyfin-web,3751762892,Production,2026-02-02T13:09:09Z,d8dcc162c61ad8918c48f0cd1550d8e440052ddc,success
jellyfin/jellyfin-web,3750978636,Production,2026-02-02T11:09:16Z,66815e730c8fa07b42d9ef82ee47908b25918894,success
jellyfin/jellyfin-web,3750212836,Production,2026-02-02T09:09:14Z,1b6319707ac3a0e930fd9d9329c578c185624dce,success
jellyfin/jellyfin-web,3747946717,Production,2026-02-01T23:06:44Z,6cb536f6a1d2739fbbd47fe503e38c89f45c67a4,success
jellyfin/jellyfin-web,3747616965,Production,2026-02-01T21:20:41Z,4560e44a768502bcc52286dc67a1b53a04050f7e,success
jellyfin/jellyfin-web,3746379420,Production,2026-02-01T15:09:08Z,b806b1fe1d4162e853a86d2cf82ed4aa913d7424,success
jellyfin/jellyfin-web,3745834579,Production,2026-02-01T12:09:18Z,a7911553756ff89a0d676865149a4abde984a502,success
jellyfin/jellyfin-web,3740410445,Production,2026-01-31T01:08:58Z,bac9cd35dd04eebd4fbaeecfc3af6370c56c7938,success
jellyfin/jellyfin-web,3739761742,Production,2026-01-30T22:09:07Z,325d89a151591c55d32953265e3a9f1d9e61e138,success
jellyfin/jellyfin-web,3733276136,Production,2026-01-30T02:03:11Z,217605c539ae48da9d4ddd59abc39ca5761fb8d7,success
jellyfin/jellyfin-web,3732858187,Production,2026-01-30T00:13:05Z,16e52713ea91a46c41dfaa92e59a045156c33fae,success
jellyfin/jellyfin-web,3731930241,Production,2026-01-29T21:09:00Z,6e87e75acbc942800cba17db54d48d7ceacf4760,success
jellyfin/jellyfin-web,3731178289,Production,2026-01-29T19:09:03Z,23c8cc1c29760856b1885f1ab8688da04e930ca1,success
jellyfin/jellyfin-web,3730386196,Production,2026-01-29T17:10:24Z,7f90c73b9183ae2943471fcdbfbcb55c33936c67,success
jellyfin/jellyfin-web,3730335656,Production,2026-01-29T17:03:01Z,d83d7aef1748ae1267305c94b13e95a2ed1b78f1,success
jellyfin/jellyfin-web,3729437278,Production,2026-01-29T15:06:12Z,5a4f03120b9145523f85bef65a6a6cca2ce3fb64,success
jellyfin/jellyfin-web,3729315162,Production,2026-01-29T14:50:51Z,ca9b9d5ba576df5b910ba748aa9e828bd89e280e,success
jellyfin/jellyfin-web,3729230683,Production,2026-01-29T14:40:25Z,7a4b7126e6375854fec9d2f57b6979c2271af20d,success
jellyfin/jellyfin-web,3726067011,Production,2026-01-29T06:09:10Z,5b3c3509f41bade7726de4bd62b739bce12e3f3e,success
jellyfin/jellyfin-web,3724447787,Production,2026-01-28T23:09:34Z,fdbcaa639b3883780c45a35daebf118b6ddfa1ff,success
jellyfin/jellyfin-web,3723149274,Production,2026-01-28T19:30:41Z,92713ed567dbc29811a0935f32fa750919efd646,success
jellyfin/jellyfin-web,3723003728,Production,2026-01-28T19:09:14Z,48c4d3168ebe76dc2746b863020031d596186896,success
jellyfin/jellyfin-web,3720556885,Production,2026-01-28T14:03:36Z,e30feaf5bd1159b4d44c39c8a1eaeba8f0d2e745,success
jellyfin/jellyfin-web,3719892650,Production,2026-01-28T12:38:14Z,dc73917239727eb48b7cc929e38af7a7aa78b29b,success
jellyfin/jellyfin-web,3719256324,Production,2026-01-28T11:09:04Z,635cd4b7ada364117baf698e67c2dbd650ab0cba,success
jellyfin/jellyfin-web,3718380581,Production,2026-01-28T09:09:20Z,08e4c6d9d8ed643f0c3eebcb209f5c37e922a5a8,success
jellyfin/jellyfin-web,3717836115,Production,2026-01-28T07:43:22Z,8cf75f6b5d54ad479483999ecde54284578fc80f,success
jellyfin/jellyfin-web,3715200745,Production,2026-01-27T22:46:16Z,7d1c52f0b82c4f2114a4bba60f24740c93368e4e,success
jellyfin/jellyfin-web,3714665248,Production,2026-01-27T21:25:53Z,bb7a2dce2f3122efea1bd6b8dd7d10d0eeaac052,success
jellyfin/jellyfin-web,3713707931,Production,2026-01-27T19:10:03Z,8616f12f695e4c2409183f00bf4e0c4ab03d5fcb,success
jellyfin/jellyfin-web,3710013642,Production,2026-01-27T10:37:24Z,487e7056cf7c328783c7755cbc2f40476918dd92,success
jellyfin/jellyfin-web,3707367586,Production,2026-01-27T01:08:54Z,32dbbfd75b6bf473f529156b5ebad6b5703a194d,success
jellyfin/jellyfin-web,3702525097,Production,2026-01-26T12:07:06Z,185519a4c30dfddf95a9c1210f5afd2420dc4d47,success
jellyfin/jellyfin-web,3702206734,Production,2026-01-26T11:09:29Z,b0459026ed66ac83a8bb42a03a33966a5bc4b173,success
jellyfin/jellyfin-web,3701646026,Production,2026-01-26T09:32:40Z,657e27a66a7e4649b3db4d22e84522fc1a043248,success
jellyfin/jellyfin-web,3700934226,Production,2026-01-26T07:03:10Z,6b90debcf78fabe2733de4fc08580880bfbf8ab7,success
jellyfin/jellyfin-web,3699129540,Production,2026-01-25T21:08:44Z,d09acef30e742d6b5ba32002599884dc189488c8,success
jellyfin/jellyfin-web,3697875838,Production,2026-01-25T14:36:34Z,c4a3bc67b8c9124b79887a8029818a4fcba4044f,success
jellyfin/jellyfin-web,3697599423,Production,2026-01-25T13:01:49Z,f09da204a3bd9b8004ceb2d573d095f6ccb9e70d,success
jellyfin/jellyfin-web,3697583071,Production,2026-01-25T12:55:23Z,c017626da6da1ad6d7499d85cac8a2c3401cb07f,success
jellyfin/jellyfin-web,3697535280,Production,2026-01-25T12:37:03Z,b36017ef11a2464b031a676d35f7d969bf036055,success
jellyfin/jellyfin-web,3697391525,Production,2026-01-25T11:44:45Z,f6dcbd67585367f28c120f3e64f6a8c0dc0b50ae,success
jellyfin/jellyfin-web,3697144698,Production,2026-01-25T10:07:54Z,ecabd40b6d7235cab8af4d85b2eff6ddd0f967f1,success
jellyfin/jellyfin-web,3696449407,Production,2026-01-25T05:11:15Z,8d43f3ceb5ace3177700ad9af363a29cd5943233,success
jellyfin/jellyfin-web,3696357701,Production,2026-01-25T04:29:32Z,33b2862f551a654f3ea5620667e82df7e81c9349,success
jellyfin/jellyfin-web,3696241894,Production,2026-01-25T03:38:13Z,2a167a06c924d88fe9df09c1bb17aa86401a8e24,success
jellyfin/jellyfin-web,3696181458,Production,2026-01-25T03:09:08Z,02667573475377f0f75c4fe0b89fbe3454f9eac7,success
jellyfin/jellyfin-web,3695982091,Production,2026-01-25T01:34:09Z,732a8cc1153eb77b07c5ef54977a674fd1e81830,success
jellyfin/jellyfin-web,3695838395,Production,2026-01-25T00:28:56Z,18ef4a8574851cbbb18b152bdcf7c6e042918f9d,success
jellyfin/jellyfin-web,3695647274,Production,2026-01-24T23:09:18Z,30e297d3fb788842eff92563300e5a9e7e1b4694,success
jellyfin/jellyfin-web,3692671430,Production,2026-01-24T04:25:43Z,0953379df1468f5ec95f468a689d235d43d99213,success
jellyfin/jellyfin-web,3685286026,Production,2026-01-23T02:27:22Z,1e51c40b1dc9089a78f21addcadc0d84bf895382,failure
jellyfin/jellyfin-web,3684047530,Production,2026-01-22T21:25:57Z,4bddb83aa7f56249a3262511af9e0a746ef78241,success
jellyfin/jellyfin-web,3669431168,Production,2026-01-21T00:41:57Z,127b7dba884c854950fd39de052c4d0412067d46,success
jellyfin/jellyfin-web,3658844668,Production,2026-01-19T14:56:31Z,bbced2590b334056ce97c8ef913f7efd8a9a6a55,success
jellyfin/jellyfin-web,3656345272,Production,2026-01-19T08:09:34Z,985bb20fcce69c69af8729357853ffc9372d7f0e,success
jellyfin/jellyfin-web,3653116060,Production,2026-01-18T14:37:40Z,12e64471f333c93a9b148a837e8b3695bc65e4a4,success
jellyfin/jellyfin-web,3650251510,Production,2026-01-17T18:26:19Z,d8ef1e5137f23d6d26cfe02b2c6dffe2b9d75145,success
jellyfin/jellyfin-web,3650215753,Production,2026-01-17T18:13:33Z,563dcfb4374aca971ad5c3167f649fa2710da758,success
jellyfin/jellyfin-web,3646045440,Production,2026-01-16T18:29:20Z,d0270d5f654c863a30279bbbd2085ca218849e6b,failure
jellyfin/jellyfin-web,3639078424,Production,2026-01-15T18:44:08Z,3fbf7654372a1830c414e54ba3bfdfad1cb26ae1,success
jellyfin/jellyfin-web,3633743602,Production,2026-01-15T01:29:09Z,2edc26da022ceefa5f558feab3a8218936c86a15,success
jellyfin/jellyfin-web,3633674377,Production,2026-01-15T01:08:21Z,be8c0de3ab9c1677e3d4318b7fa5a9def8530624,success
jellyfin/jellyfin-web,3629027870,Production,2026-01-14T11:52:45Z,db87ce61963861d24cf71aa6379556f4cda24858,success
jellyfin/jellyfin-web,3626641517,Production,2026-01-14T03:02:15Z,2cfcfc90beab24e52d441cc5f2eaa9f07e053e2d,success
jellyfin/jellyfin-web,3607842827,Production,2026-01-10T22:03:57Z,1a792e9f82c4dfdea78541fb2349c9f5565e4d6f,success
jellyfin/jellyfin-web,3606321167,Production,2026-01-10T12:09:21Z,cf7485c26cf877fa619b53cead3440e392f72026,success
jellyfin/jellyfin-web,3604313265,Production,2026-01-09T22:10:20Z,ae0998aec54e36ac0a910089ef6116b444d5ad79,success
jellyfin/jellyfin-web,3604198030,Production,2026-01-09T21:44:24Z,48ae845f165a1bd101bf5b4cb60744b824a3fdc2,success
jellyfin/jellyfin-web,3602450657,Production,2026-01-09T16:09:29Z,f808735c9f1cd8293f7cb840b970583e179598d6,success
jellyfin/jellyfin-web,3600364824,Production,2026-01-09T10:09:23Z,09068344e6e2ec5b6fceb7a50547f9e62e2264c0,success
jellyfin/jellyfin-web,3595902772,Production,2026-01-08T17:01:20Z,ec332cf6f59ba7b45a2f574db0da27db8483e400,success
jellyfin/jellyfin-web,3592972807,Production,2026-01-08T09:09:27Z,a7e3cdfcbb33f1317ef230d6dcbf9cf682cf9dbe,success
jellyfin/jellyfin-web,3583606948,Production,2026-01-06T22:09:30Z,151d31cbfda15b8f52dedc557df20c7c0489480b,success
jellyfin/jellyfin-web,3582850472,Production,2026-01-06T19:39:49Z,dcab6b5cf82fc30e7ba9ba38c3cf08c002dd4068,success
jellyfin/jellyfin-web,3580273777,Production,2026-01-06T12:14:20Z,fe5f2af4b41baa68acc0cdf68c76033bfba2dd7f,success
jellyfin/jellyfin-web,3579914273,Production,2026-01-06T11:01:14Z,902e6b1a8f6c60dd8cd273a371abaa1f233e985e,success
jellyfin/jellyfin-web,3577696876,Production,2026-01-06T01:01:39Z,a8ac0578c362019e172ae5f018f894db308d7f70,success
jellyfin/jellyfin-web,3575864684,Production,2026-01-05T18:09:36Z,d181111e3175bd4c5f949e91241838a6bbe286c2,success
jellyfin/jellyfin-web,3573807537,Production,2026-01-05T12:09:56Z,9073ad587d4cd1ca688cabf829669ca766f135ed,success
jellyfin/jellyfin-web,3573221312,Production,2026-01-05T10:09:29Z,2bf602f8b34242ace03ded3b6687136aed399ebe,success
jellyfin/jellyfin-web,3572440798,Production,2026-01-05T07:09:32Z,b9a21c45b5995afa8adbbb13e5ea751b16261fa2,success
jellyfin/jellyfin-web,3570799812,Production,2026-01-04T20:53:33Z,ae62467478bda51ef592dd7e340269c963cfa14d,success
jellyfin/jellyfin-web,3570051879,Production,2026-01-04T16:09:35Z,5cfbfd946f6b6172e9d1690e0825fcb50fa83226,success
jellyfin/jellyfin-web,3562722860,Production,2026-01-02T14:10:01Z,92b96971cbc6d3cddacf23b26531a84fd4bee403,success
jellyfin/jellyfin-web,3562656345,Production,2026-01-02T13:53:45Z,1995eccb4bd989276d08f42987d6c8ca527a1663,success
jellyfin/jellyfin-web,3562594978,Production,2026-01-02T13:37:24Z,e4e4f550c8c1cdb1c7152cc72b2c7fa68b09a607,success
jellyfin/jellyfin-web,3562333282,Production,2026-01-02T12:22:37Z,37e5b9abea44299ec86fe3bc5e187733ed03a327,success
jellyfin/jellyfin-web,3562194619,Production,2026-01-02T11:43:00Z,38b199ad3f545700bd052ff0ce8c91762f3e9a64,success
jellyfin/jellyfin-web,3561693611,Production,2026-01-02T09:09:23Z,3003d964df831247267c93cdbbe3dc9aea28753c,success
jellyfin/jellyfin-web,3561202619,Production,2026-01-02T06:09:21Z,e11d8cba4e5bf4cfd3d75f6df81079c494d606c7,success
jellyfin/jellyfin-web,3559980543,Production,2026-01-01T20:36:51Z,64bf4e70eee39e8b34110c6b1cda54556797c1e9,success
jellyfin/jellyfin-web,3557546361,Production,2026-01-01T01:09:23Z,201c98829bcf760629870c0732303f0c39eca245,success
jellyfin/jellyfin-web,3553958039,Production,2025-12-31T04:09:28Z,73c1274011c266dfa8e001713dc1a10b7c3bee3e,success
jellyfin/jellyfin-web,3553683161,Production,2025-12-31T02:09:26Z,6a70ed2ba7812b24a8145b1eac77f059b46a2f47,success
jellyfin/jellyfin-web,3547079741,Production,2025-12-29T17:09:29Z,0ecdde9f2667b319a053ab8282402ca6ffec7ce2,success
jellyfin/jellyfin-web,3546548050,Production,2025-12-29T15:09:29Z,2b18fc36368ece10ab6a5278c98e874d98d18715,success
jellyfin/jellyfin-web,3545571421,Production,2025-12-29T11:08:10Z,42d1a0563f92da92a26bde170a2a4dc8b285cf70,success
jellyfin/jellyfin-web,3543649588,Production,2025-12-28T23:09:28Z,40ad1fc59592a8b949677011007c1f977d5aeff4,success
jellyfin/jellyfin-web,3543072209,Production,2025-12-28T18:50:52Z,f4544a676fe4eea22aea149876aa9b27622c42bc,success
jellyfin/jellyfin-web,3542397498,Production,2025-12-28T14:09:33Z,e9d0832cb2266baf73021b04484bf7d16cc3ec03,success
jellyfin/jellyfin-web,3540009752,Production,2025-12-27T18:09:21Z,b80b9712319aa310e186d8352eb08f66f0a16f25,success
jellyfin/jellyfin-web,3539347487,Production,2025-12-27T13:09:30Z,97bfdddacc83c638874649088e58e5491956d1aa,success
jellyfin/jellyfin-web,3538125918,Production,2025-12-27T02:09:27Z,32cee8ac282329a7e759a75744f2f75c2a7a8b4d,success
jellyfin/jellyfin-web,3533977665,Production,2025-12-25T21:09:19Z,ed4417b7de88bce02992f0ab91cde230c05d9fed,success
jellyfin/jellyfin-web,3533733761,Production,2025-12-25T19:09:20Z,a326654542e3c710ddf4f42ccebbb5e19e847603,success
jellyfin/jellyfin-web,3520572365,Production,2025-12-22T19:09:25Z,948d792677b62ac5afe28813fed827c5e24b7090,success
jellyfin/jellyfin-web,3510434676,Production,2025-12-20T02:58:37Z,b7f1a468418b4a59f03db69196c79b0f5ea673cb,success
jellyfin/jellyfin-web,3510196502,Production,2025-12-20T00:58:46Z,ff42033d77e2233eb7a4bc451398a00db7dafefd,success
jellyfin/jellyfin-web,3508305498,Production,2025-12-19T16:55:21Z,a1bc62d158a02254ef267d0480fc581ac8d1c4e3,success
jellyfin/jellyfin-web,3506404106,Production,2025-12-19T10:58:56Z,742918f39f9efe1f80e52dfa6e6d82f527695879,success
jellyfin/jellyfin-web,3504937921,Production,2025-12-19T04:48:57Z,4781f5e99faa86d36d7f034685150db77f5d6b5e,success
jellyfin/jellyfin-web,3503556024,Production,2025-12-18T21:45:53Z,522b7455f4519082b161b88a23466d3210107b43,success
jellyfin/jellyfin-web,3498891271,Production,2025-12-18T07:58:44Z,9766d77fd411fcaf8739b04185c04cd8d8c0b7a9,success
jellyfin/jellyfin-web,3496916606,Production,2025-12-17T22:18:39Z,1376d435b8c7fa30be8309b73e960deb92e3456b,success
jellyfin/jellyfin-web,3490738784,Production,2025-12-17T01:58:43Z,66013fe785c3b0c1a004ce52a32698ca495685b5,success
jellyfin/jellyfin-web,3488221589,Production,2025-12-16T16:58:54Z,890d0a6d410f2118b7df6db20881ae795cdc8582,success
jellyfin/jellyfin-web,3486260674,Production,2025-12-16T11:58:39Z,63d9b0310643c304932ceab425bddcc2bbf8bcfc,success
jellyfin/jellyfin-web,3485581425,Production,2025-12-16T09:58:43Z,dd20b323eb54a437722a22ab61d739c91f60cfbe,success
jellyfin/jellyfin-web,3483065007,Production,2025-12-15T22:54:02Z,20dcfb439806b1eb5e8b9900eeb175ee99d8ba87,success
jellyfin/jellyfin-web,3482521581,Production,2025-12-15T20:58:43Z,5bf657c57a4ed37715ad1e1f24331a09d7e1470f,success
jellyfin/jellyfin-web,3481191910,Production,2025-12-15T16:58:40Z,5cf6b3e902a2101d76574287e091701d69289d16,success
jellyfin/jellyfin-web,3479244691,Production,2025-12-15T11:58:34Z,10625a03604b568a9634d477f2070f9decaba547,success
jellyfin/jellyfin-web,3478578797,Production,2025-12-15T09:57:26Z,01f1e97f3b24a4a774e5754e00db11bd41cc89c7,success
jellyfin/jellyfin-web,3476305016,Production,2025-12-14T22:28:38Z,3ca62290231f58397ef516416fe88ca63e15b3ea,success
jellyfin/jellyfin-web,3475197878,Production,2025-12-14T14:58:47Z,c7ec17bf094ff159ee2cf58f593d1c66845161b5,success
jellyfin/jellyfin-web,3472900348,Production,2025-12-13T20:00:49Z,f583c72e13a58e990b9b8f8b8f9e3c23973de6ab,success
jellyfin/jellyfin-web,3471182836,Production,2025-12-13T06:58:23Z,d0e37f637389ce00e6a119dcf2150d20417821b3,success
jellyfin/jellyfin-web,3470291320,Production,2025-12-12T23:58:44Z,4b8f6d14a0b48017f8a204c598fd0ada7938d5b1,success
jellyfin/jellyfin-web,3468960793,Production,2025-12-12T18:36:14Z,7ccc98ec7abf907c69db86c68bf92f9d756f5699,success
jellyfin/jellyfin-web,3467350023,Production,2025-12-12T13:58:45Z,193d610d0d5c24d11e3cee860c89bd85044ebe47,success
jellyfin/jellyfin-web,3466734185,Production,2025-12-12T12:07:52Z,1985c7deb72e450d7efd499944d90f3f15c08e1a,success
jellyfin/jellyfin-web,3461837385,Production,2025-12-11T17:23:59Z,3b1509afc0b221894aa03844e315db72b3d1e158,success
jellyfin/jellyfin-web,3460901361,Production,2025-12-11T14:59:04Z,0e97d3a7f867337aa371b7c3c2d8bfbfd90afefa,success
jellyfin/jellyfin-web,3460118925,Production,2025-12-11T12:58:44Z,42e618070083687f0f85b035750e2f6dcaeef150,success
jellyfin/jellyfin-web,3458148829,Production,2025-12-11T06:35:56Z,bf72cd699a8d72e7bc22d558efa61023a30d7dc1,success
jellyfin/jellyfin-web,3453929038,Production,2025-12-10T14:59:48Z,dc7226eeeaa88121edc9ac614fd4d4634e47115a,success
jellyfin/jellyfin-web,3451243619,Production,2025-12-10T06:55:31Z,46ddff668b2836de6f3a57a389361926fd878b9d,success
jellyfin/jellyfin-web,3450258818,Production,2025-12-10T01:58:50Z,ca3cf922f9cad57b5806d67c6290758587b8ad2c,success
jellyfin/jellyfin-web,3449988811,Production,2025-12-10T00:33:44Z,2abce18d1a0e73662d8bbf483718b4f57ab72b3b,success
jellyfin/jellyfin-web,3449865064,Production,2025-12-09T23:58:32Z,0769eec31456068b360739447f1622eafaef4fdf,success
jellyfin/jellyfin-web,3449373375,Production,2025-12-09T21:58:38Z,364841c24c3223765f9fa515363e574a2b8dd169,success
jellyfin/jellyfin-web,3448605982,Production,2025-12-09T19:31:01Z,15644cb097c2bc7e61dbcc6c59da7a73906d7978,success
jellyfin/jellyfin-web,3447314199,Production,2025-12-09T15:58:48Z,6d8dce739b4b989e1d0f35c0671e1adc353fe883,success
jellyfin/jellyfin-web,3446075452,Production,2025-12-09T12:58:45Z,c9e04a33f52e356ad50321699df2d67f3b93738e,success
jellyfin/jellyfin-web,3444296088,Production,2025-12-09T07:36:41Z,768dba60bd902e07c2ba5da9f83367e617dc6ba4,success
jellyfin/jellyfin-web,3442466229,Production,2025-12-08T22:58:39Z,0a6309de449737dc53b0bf94600042803cf69ddc,success
jellyfin/jellyfin-web,3440535451,Production,2025-12-08T16:55:51Z,46223f4af377e16f9e684dad69145220a1ffb277,success
jellyfin/jellyfin-web,3439772782,Production,2025-12-08T14:58:46Z,7bbfa02c4a52389a3953407fdd0e358ecca0563d,success
jellyfin/jellyfin-web,3438355786,Production,2025-12-08T10:58:41Z,3b5b1345faec6eb8bfb4e4faadea71676fab1c60,success
jellyfin/jellyfin-web,3437706824,Production,2025-12-08T08:58:44Z,eafc65c5082d1e172888c9cb57aa71539a5c8b53,success
jellyfin/jellyfin-web,3435974558,Production,2025-12-07T23:58:49Z,6cb53c7c139a87043b33f3ba10b9750236f60296,success
jellyfin/jellyfin-web,3435682914,Production,2025-12-07T21:56:28Z,21f708d3f473b74a338e037302ddb1ab3367bd65,success
jellyfin/jellyfin-web,3434610754,Production,2025-12-07T14:58:37Z,56275a3a7b9d513eb58edee378b7787a14f163b6,success
jellyfin/jellyfin-web,3433682791,Production,2025-12-07T08:13:23Z,2a10d1125344b7595c7d2726162581708b3431c3,success
jellyfin/jellyfin-web,3432686429,Production,2025-12-06T23:20:32Z,5df49ca297e21c9d9d98e3b7135a07ce9b05420a,success
jellyfin/jellyfin-web,3432179981,Production,2025-12-06T19:28:46Z,f7cebe7381fce5b53bfa4c592cc3df25f73870b0,success
jellyfin/jellyfin-web,3428934000,Production,2025-12-05T20:58:39Z,068f2e691bea9ee6e66dd2e613763cceb7272d85,success
jellyfin/jellyfin-web,3425742232,Production,2025-12-05T10:58:43Z,c32a3c8386b42a40798f9dd028fbafe2fb76d50b,success
jellyfin/jellyfin-web,3424007410,Production,2025-12-05T03:33:24Z,7e4eb2f43f02153a518d4e465700405764131ddd,success
jellyfin/jellyfin-web,3423178765,Production,2025-12-04T23:07:32Z,3d721d96583d483c559f9f4565e1f54ad3911b9a,success
jellyfin/jellyfin-web,3423138227,Production,2025-12-04T22:58:39Z,6c38e30e31fa5468c62a26576154dd315a82f482,success
jellyfin/jellyfin-web,3422576630,Production,2025-12-04T20:59:31Z,c24b7376f8576839c3411d17cad13f81c8cb6688,success
jellyfin/jellyfin-web,3420316301,Production,2025-12-04T14:46:54Z,c2df080ad825399c7a522d530abb3745f7f2a791,success
jellyfin/jellyfin-web,3415560137,Production,2025-12-03T21:25:05Z,7e663d57f1a00330effe6e50eca5a1974810147c,success
jellyfin/jellyfin-web,3413499717,Production,2025-12-03T15:40:39Z,cd8f3c4831e2af17b904c62105e7c05588640c48,success
jellyfin/jellyfin-web,3408388365,Production,2025-12-02T21:06:29Z,2ec16d73dccc76396e008262fe2e765ce8c778ec,success
jellyfin/jellyfin-web,3406621330,Production,2025-12-02T15:58:54Z,f11ca9584a96fc7406f923fcf1de97e097c9b801,success
jellyfin/jellyfin-web,3405070302,Production,2025-12-02T11:58:46Z,e1c761031c7bfe1b54d200327eaf3843541850cc,success
jellyfin/jellyfin-web,3402563608,Production,2025-12-02T02:11:13Z,46616a1d257828a2f6e193549e594cfb600512b0,success
jellyfin/jellyfin-web,3401376552,Production,2025-12-01T20:58:41Z,e7b79388415a6f77c0c6b0074172df41b816c0de,success
jellyfin/jellyfin-web,3397971946,Production,2025-12-01T10:58:44Z,498efbe4934e647f9edd4cb9b38b8fcbb5eb6125,success
jellyfin/jellyfin-web,3392187422,Production,2025-11-29T20:35:38Z,1b54ae6caca05b6fc60ce325664d9a90c38f63ea,success
jellyfin/jellyfin-web,3392105528,Production,2025-11-29T19:58:56Z,0efb74e0b77001ca4b0129a9c0f9beace436f3b9,success
jellyfin/jellyfin-web,3389081952,Production,2025-11-28T20:06:13Z,468f3085d258fcb714a9c35b94ba9f23b6661952,success
jellyfin/jellyfin-web,3383468725,Production,2025-11-27T18:32:17Z,b575915f2450bdefed0ad62494236ea2316dad2f,success
jellyfin/jellyfin-web,3381688504,Production,2025-11-27T12:58:39Z,5bbcf2dd9629bec421136fe6e44771ac3a298b0d,success
jellyfin/jellyfin-web,3381173544,Production,2025-11-27T11:22:47Z,1f7ee737c32741e06be75071831ebb1ce87683c2,success
jellyfin/jellyfin-web,3380233834,Production,2025-11-27T08:27:24Z,96467b7c5140f7746c1c87f5b57bec668aab115b,success
jellyfin/jellyfin-web,3379462131,Production,2025-11-27T04:58:51Z,e1d9abc3f929b5e5dc077fca76715954222f076b,success
jellyfin/jellyfin-web,3369519050,Production,2025-11-25T16:03:55Z,41bde8ecd8884130d86ebc9da1578a3d8f052984,success
jellyfin/jellyfin-web,3364242801,Production,2025-11-24T20:58:34Z,20fbb8f24eaa9f3828d90a0b1aaa9f22263330e7,success
jellyfin/jellyfin-web,3358307387,Production,2025-11-23T22:58:42Z,d9adbd6bc844e0655f41aa860304e67eb90e190a,success
jellyfin/jellyfin-web,3356108753,Production,2025-11-23T06:53:36Z,c23b722426efbbdce4903c53f52037c93cec4ce7,success
jellyfin/jellyfin-web,3354170508,Production,2025-11-22T14:58:36Z,fa122fc15a34992dadd7a682cce230d3eecf0407,success
jellyfin/jellyfin-web,3352144494,Production,2025-11-21T22:58:52Z,4e4d21111749d9037c03e8c3536a5e1bcf971781,success
jellyfin/jellyfin-web,3350848603,Production,2025-11-21T17:58:43Z,11860af730151525f29437c36fcd2c4197cd77ba,success
jellyfin/jellyfin-web,3342963947,Production,2025-11-20T13:58:51Z,761bd31519226969a42bc57c1f9ae14696b3ddb0,success
jellyfin/jellyfin-web,3340114166,Production,2025-11-20T03:49:09Z,652682bbe151063f15030aa56550877b30754265,success
jellyfin/jellyfin-web,3339070056,Production,2025-11-19T22:36:24Z,3ec4b58ff843ec9780f0979d81aa3ec1bddfaf5d,success
jellyfin/jellyfin-web,3338667207,Production,2025-11-19T21:10:33Z,74240bd2657607918bf851555a7d478363a6f20a,success
jellyfin/jellyfin-web,3336162229,Production,2025-11-19T14:20:30Z,1a7fe7ece097ff220ac3ba27a7f24c6a284b8c09,success
jellyfin/jellyfin-web,3331828906,Production,2025-11-18T21:58:42Z,6e06787a0a871865443bec3004049c8ba8eb4045,success
jellyfin/jellyfin-web,3323867374,Production,2025-11-17T17:17:10Z,2d7a38c9cc20a4b2263a26b68052b67723159aea,success
jellyfin/jellyfin-web,3323511363,Production,2025-11-17T16:18:09Z,a2e92319830bda9649be194edc5ed711891a2331,success
jellyfin/jellyfin-web,3320957811,Production,2025-11-17T08:58:41Z,23184b3e18949202bc5fb8e68607060883eb90fd,success
jellyfin/jellyfin-web,3318376429,Production,2025-11-16T17:13:34Z,611f9eb9625a143eb4bedf620e4239fe0b96b025,success
jellyfin/jellyfin-web,3314259695,Production,2025-11-15T06:51:56Z,0bec3f257749205589aeecba824fd9c257acce7a,success
jellyfin/jellyfin-web,3313879005,Production,2025-11-15T03:29:24Z,f1e6d8726ca003592a7994edb6e9666ab69985bf,success
jellyfin/jellyfin-web,3313744715,Production,2025-11-15T02:20:22Z,1a8e6d4adde4dca648d3b254089bde963171d760,success
jellyfin/jellyfin-web,3303186500,Production,2025-11-13T10:58:48Z,026349babbf65270672bc13eba603af4bfb3b63d,success
jellyfin/jellyfin-web,3300619171,Production,2025-11-12T23:25:45Z,e1724f5ec11269f78ae458ad9585877ab20ec2c8,success
jellyfin/jellyfin-web,3299058056,Production,2025-11-12T18:00:08Z,7e89b5f5648f7dccbea7bc358c1ac468acf08859,success
jellyfin/jellyfin-web,3293937922,Production,2025-11-11T22:58:51Z,77df7d5d855d3622b01bbde01d40c955c97dea76,success
jellyfin/jellyfin-web,3292804254,Production,2025-11-11T18:35:47Z,afb4c4c830a9eccc8b7918cca3867b253a5f05d3,success
jellyfin/jellyfin-web,3279949743,Production,2025-11-09T11:00:32Z,1295d5592eb62097806069116f48d1e6e17da311,success
jellyfin/jellyfin-web,3277629122,Production,2025-11-08T14:11:41Z,c70fd693159628a3d84729cb8e79fa7c502ed22b,success
jellyfin/jellyfin-web,3277310932,Production,2025-11-08T11:31:48Z,d4ff5a27def1b817978bb617c999d5e2d27817eb,success
jellyfin/jellyfin-web,3267750948,Production,2025-11-06T15:58:46Z,acf7b6889d1656bc245b2df935aa38218409d147,success
jellyfin/jellyfin-web,3263570471,Production,2025-11-05T23:58:46Z,1d1542c446c4a0195ad1481480d36da8ba72b61b,success
jellyfin/jellyfin-web,3262550397,Production,2025-11-05T19:58:48Z,c5c5fc674345b17c503136cca76aeb692288e7a0,success
jellyfin/jellyfin-web,3259441227,Production,2025-11-05T10:55:25Z,d1df6ae42b95545b54d5501f1e7946217f2baa8c,success
jellyfin/jellyfin-web,3257051083,Production,2025-11-04T23:55:36Z,220ff70d306a8a6cb5b2be1537cab9cff09d5c48,success
jellyfin/jellyfin-web,3256595856,Production,2025-11-04T21:55:35Z,0427ae6bb108b6ce20ab1d86fa4aecb7ece95d01,success
jellyfin/jellyfin-web,3256028236,Production,2025-11-04T19:55:27Z,702412a425895167c082834c7e7bd1d3b911665d,success
jellyfin/jellyfin-web,3250368396,Production,2025-11-03T22:55:31Z,f4883e19a83393996a13d72439c76963d5f16e9e,success
jellyfin/jellyfin-web,3249561244,Production,2025-11-03T19:55:33Z,2fae712ea9ceda7f02d1394a5544afcd4a555974,success
jellyfin/jellyfin-web,3247906175,Production,2025-11-03T14:55:21Z,0a545e1c7c0ab34b1bbf88076830bd0bd0ee007f,success
jellyfin/jellyfin-web,3244905119,Production,2025-11-03T03:03:14Z,530df76316f4e51a47b24a85150cbd34a61b8637,success
jellyfin/jellyfin-web,3243088695,Production,2025-11-02T12:55:29Z,2687b3daf1258c729be688f64c026240e2266b03,success
jellyfin/jellyfin-web,3238827923,Production,2025-10-31T21:55:30Z,de2fe3f52d3e6469ba8f2da1fb151fdbd444022b,success
jellyfin/jellyfin-web,3235856316,Production,2025-10-31T11:32:54Z,ac2d0592194570a3f3cea84b83571699b95b2771,success
jellyfin/jellyfin-web,3233258670,Production,2025-10-30T22:28:25Z,134848d082e0b49967ddfd95b2dd5ab4acf308d6,success
jellyfin/jellyfin-web,3232875219,Production,2025-10-30T20:55:32Z,95da2b38688da324de70872be67829efda10200b,success
jellyfin/jellyfin-web,3232515852,Production,2025-10-30T19:38:36Z,4c88d6b28b0ca7da1393535f9e920a0d57742f20,success
jellyfin/jellyfin-web,3232303299,Production,2025-10-30T18:55:26Z,3616f5b81eb12c1cbcb5ff9c002c07a59d7d2834,success
jellyfin/jellyfin-web,3231645878,Production,2025-10-30T16:55:39Z,5857c02921d73b224ce9a17a405791980e2253c4,success
jellyfin/jellyfin-web,3231264063,Production,2025-10-30T15:52:13Z,d46c34a9014a29260d90d496fe58dd8004bcf7c5,success
jellyfin/jellyfin-web,3227174396,Production,2025-10-29T23:55:30Z,90744a57bac407c1f6d2a2b82da67f54a78dd3a0,success
jellyfin/jellyfin-web,3226976154,Production,2025-10-29T22:50:48Z,5648423c12df0f444135f55ea48a2b39ceff1e97,success
jellyfin/jellyfin-web,3226518155,Production,2025-10-29T20:55:44Z,81663eec1582e10cf02dff1d9f4c8816c4830f31,success
jellyfin/jellyfin-web,3224780202,Production,2025-10-29T15:22:59Z,4da2be503808b17e416c70ffbdd31f25c6489903,success
jellyfin/jellyfin-web,3219880605,Production,2025-10-28T19:55:30Z,cbac1465583cfa713aef545c1e371dd820c6dae9,success
jellyfin/jellyfin-web,3219468003,Production,2025-10-28T18:31:50Z,625ab3fede8f37070a9d2dbfbc1406dacf85a5bd,success
jellyfin/jellyfin-web,3214251801,Production,2025-10-27T22:55:37Z,13f35d0e4b4e156fcc28bfe59532372a491290ab,success
jellyfin/jellyfin-web,3213480240,Production,2025-10-27T19:50:56Z,d168815ba40d518c40b5bf3885375cb798eb8784,success
jellyfin/jellyfin-web,3213212713,Production,2025-10-27T18:55:42Z,a9955fcb3544dacab851a9ac4d4347a95623f382,success
jellyfin/jellyfin-web,3211828889,Production,2025-10-27T14:56:47Z,430e8fb98c8ee4ade114a7fa958fd2d39680d352,success
jellyfin/jellyfin-web,3211261398,Production,2025-10-27T13:27:53Z,1e77ecffcc2cfd08bbad9a422804238a2b7d130d,success
jellyfin/jellyfin-web,3210103331,Production,2025-10-27T09:45:13Z,788475b7b82cf270210c143c643b1f7ba4a12885,success
jellyfin/jellyfin-web,3209595922,Production,2025-10-27T07:55:20Z,c72f093f88ffbd254e9053336796b35fdc5d8d7b,success
jellyfin/jellyfin-web,3208102498,Production,2025-10-26T21:51:55Z,54a828c123fe7767c96fa7898eab306b6a1b9e32,success
jellyfin/jellyfin-web,3207017799,Production,2025-10-26T13:15:17Z,0cd8dcf946fe039a7d27287180ecd25820582f5f,success
jellyfin/jellyfin-web,3206850728,Production,2025-10-26T11:55:40Z,813f0a639987cacd59abed393d5d081a25fd787d,success
jellyfin/jellyfin-web,3206318373,Production,2025-10-26T06:55:28Z,9d17ef0dcec35d77e4538c14601b4a1529259f45,success
jellyfin/jellyfin-web,3205028341,Production,2025-10-25T17:55:27Z,b94f7021dc390cfc0acf4bbf2f0e3b4c0b2ebbe6,success
jellyfin/jellyfin-web,3203793413,Production,2025-10-25T06:55:36Z,29bd1a2dc8d352ea2200e8a9f76dd14a4b229a6c,success
jellyfin/jellyfin-web,3202782054,Production,2025-10-24T21:55:34Z,95f910cc6afcd3e3e95ca751c4c40d1533fff273,success
jellyfin/jellyfin-web,3201296768,Production,2025-10-24T15:58:07Z,531ceedcbbdb898f9bd98467a719bc11f83a5643,success
jellyfin/jellyfin-web,3195287635,Production,2025-10-23T15:22:01Z,d2afde2e017a7025cd6147eac6e8eba932577aab,success
jellyfin/jellyfin-web,3194366119,Production,2025-10-23T12:54:48Z,860fbbf371af649517f54eae4b701c7ce77b9e03,success
jellyfin/jellyfin-web,3193231574,Production,2025-10-23T09:08:08Z,0a14b8212dd7b9244ede6dc1bd483da9b1245611,success
jellyfin/jellyfin-web,3187319373,Production,2025-10-22T09:55:12Z,068a42c5bf598f4f09f7734451cae7c6d1ffbeab,failure
jellyfin/jellyfin-web,3186321387,Production,2025-10-22T06:11:17Z,7f2bd12e98c8000a23c322e95a03e1d75da762b4,failure
jellyfin/jellyfin-web,3185777952,Production,2025-10-22T02:55:18Z,6ae937eab438f4f378f493a59457acfdb831c66a,success
jellyfin/jellyfin-web,3184393831,Production,2025-10-21T19:55:18Z,535104ac80ecc7d3e1fe9ab3ce713bf21548e04a,success
jellyfin/jellyfin-web,3183004375,Production,2025-10-21T15:25:04Z,258ee7bacfff447b7d98c506d259d89fe2ef8387,success
jellyfin/jellyfin-web,3181342416,Production,2025-10-21T10:34:57Z,64870f92475111e96e73c54566772c2f8fe76a3d,success
jellyfin/jellyfin-web,3181152657,Production,2025-10-21T09:55:10Z,7ff64900288635cc7ae3441b4549cf3dbcdeb3ee,success
jellyfin/jellyfin-web,3180205562,Production,2025-10-21T06:28:24Z,a7d5b09bbdf5c5c0d770a40eb007b2a439878577,success
jellyfin/jellyfin-web,3180040825,Production,2025-10-21T05:36:58Z,cc933c66785ba80157a0b06c8b7bcbfe8726e103,success
jellyfin/jellyfin-web,3179035280,Production,2025-10-20T23:23:17Z,751985cab3d8267f320d576f79149de77a9bf5f1,success
jellyfin/jellyfin-web,3178219078,Production,2025-10-20T19:04:13Z,e956a0a63504c73ece82c3628941998db57e0fec,success
jellyfin/jellyfin-web,3178157897,Production,2025-10-20T18:49:38Z,f701a1fcbd7ac819f679b89c71e5c6e0d3de6492,success
jellyfin/jellyfin-web,3177544289,Production,2025-10-20T16:23:45Z,d0341fb3d823e26c42f1eb0d316f5c89969a205e,success
jellyfin/jellyfin-web,3176971140,Production,2025-10-20T14:34:01Z,a8c93b339482ff66071111749793ea3ed8bdbd06,success
jellyfin/jellyfin-web,3176746706,Production,2025-10-20T13:54:58Z,505cc64ef6c8a99c776d675ab1820cb8e6d26891,success
jellyfin/jellyfin-web,3176227339,Production,2025-10-20T12:13:57Z,24477e8025e99a432c8775a71626dc79e7c3d926,success
jellyfin/jellyfin-web,3175874529,Production,2025-10-20T10:55:07Z,23097a45020aaf4743b34b6b4325cd1310407743,success
jellyfin/jellyfin-web,3175360649,Production,2025-10-20T08:43:44Z,5464ee5ba40db7624b61d8f270f319f8bc0f8d18,success
jellyfin/jellyfin-web,3175192435,Production,2025-10-20T07:55:05Z,9e284cc93e16e92badfbf88ec4dff00026829f08,success
jellyfin/jellyfin-web,3174120267,Production,2025-10-20T00:49:00Z,4c14a8b529128636d5cb597f58d8eff9e732ee1b,success
jellyfin/jellyfin-web,3173739458,Production,2025-10-19T21:33:41Z,c09237f4ce6b6685db099e035e0b513554bf5f36,success
jellyfin/jellyfin-web,3173294717,Production,2025-10-19T17:54:55Z,ad342a0b1ed24e5d4799a0c9fdaacb914c84778c,success
jellyfin/jellyfin-web,3172966210,Production,2025-10-19T15:16:59Z,c68dd09ebe16d8d9de1b174784e3ab7f84615410,success
jellyfin/jellyfin-web,3172892263,Production,2025-10-19T14:41:45Z,daee19c4ac0ddcbe16d5bd378917b3f4423eaa92,success
jellyfin/jellyfin-web,3172884749,Production,2025-10-19T14:37:51Z,edb196c6b0ea8a9c803b5bbf0e700f621257a4a8,error
jellyfin/jellyfin-web,3172677253,Production,2025-10-19T12:55:01Z,d0eabd31162cd1561e067bfb62ea07db4f6f3774,success
jellyfin/jellyfin-web,3172328570,Production,2025-10-19T09:42:21Z,1189b6b84bd0c5110a82b464c7429feb37d22fe9,success
jellyfin/jellyfin-web,3171106131,Production,2025-10-18T20:48:30Z,e31e646b7b1dded7610e668e3c11222d0b82a08a,success
jellyfin/jellyfin-web,3171058550,Production,2025-10-18T20:22:09Z,5b0c88bd6b3e47b3a658202a457a65d9e0c6593d,success
jellyfin/jellyfin-web,3170780347,Production,2025-10-18T17:55:02Z,22f0706789286a9c9c434b59885978fa0688c936,success
jellyfin/jellyfin-web,3169893635,Production,2025-10-18T09:55:08Z,7606dfaf4bb51c5602a9867eea052b60af4d5037,success
jellyfin/jellyfin-web,3169601361,Production,2025-10-18T07:00:22Z,4f9a105921b5c1027f6098a508a12fd6c35ce26b,success
jellyfin/jellyfin-web,3169594670,Production,2025-10-18T06:55:19Z,1dc435986c1f6c263ef871e32763d62fdcc45696,success
jellyfin/jellyfin-web,3169589182,Production,2025-10-18T06:51:28Z,fbbf879006da1970a648843f60cd85c4f89f2944,error
jellyfin/jellyfin-web,3168993116,Production,2025-10-18T00:49:14Z,6dab926437a6c7835af5e7c0948268af90e2ed13,success
jellyfin/jellyfin-web,3168774723,Production,2025-10-17T23:04:09Z,c2d94327d0b516d768fe489d04b7f11add9c0188,success
jellyfin/jellyfin-web,3168689446,Production,2025-10-17T22:27:58Z,91f210f378e71ea3cf9adebdccdced9a6c629858,success
jellyfin/jellyfin-web,3168399623,Production,2025-10-17T20:56:01Z,7281ce480d5faeaff4a563973ad8283e6af06f79,success
jellyfin/jellyfin-web,3168367955,Production,2025-10-17T20:47:09Z,3bcaf84ecb860cf9ec81bd052be5bac35c9d3e2a,success
jellyfin/jellyfin-web,3166820183,Production,2025-10-17T14:55:13Z,d48e2c4cd73ed5b1e0840891f178a4bd5b1341a4,success
jellyfin/jellyfin-web,3165875163,Production,2025-10-17T11:55:10Z,a95599b60f8f1f93ad1c49cd48d9fe662dac78df,success
jellyfin/jellyfin-web,3164527039,Production,2025-10-17T06:47:19Z,dfd461cf4cd400bd76780a2d4e88277589ac2753,success
jellyfin/jellyfin-web,3160521929,Production,2025-10-16T13:40:01Z,3215be4cd8d2c0db5d487f239dac728dd017f4cf,success
jellyfin/jellyfin-web,3159331802,Production,2025-10-16T09:55:03Z,e91a7556cfbb137ba40235f463386236641f9a35,success
jellyfin/jellyfin-web,3157633530,Production,2025-10-16T02:10:03Z,e6d57d8e89d076e07da5ba36329e9121da674259,success
jellyfin/jellyfin-web,3151456972,Production,2025-10-15T01:55:04Z,0682ca3b995c4b50ae2e9cfb706e19813ffb3fb8,success
jellyfin/jellyfin-web,3149084527,Production,2025-10-14T15:54:53Z,d39c58675d5b56e374bb5a952c23d5fe41d644f8,success
jellyfin/jellyfin-web,3147658969,Production,2025-10-14T11:55:01Z,5292162fdd09fa47afbdcd4349be64d83235328b,success
jellyfin/jellyfin-web,3144400657,Production,2025-10-13T20:28:31Z,f44b64251453422a770ffe2d71638c05af9e2a4b,success
jellyfin/jellyfin-web,3144206022,Production,2025-10-13T19:39:55Z,d37b6304fa16cc2414b2cff440f21e94088f8533,success
jellyfin/jellyfin-web,3141907515,Production,2025-10-13T11:52:36Z,7d20728ae344a415de8c34455bac937f7c90775d,success
jellyfin/jellyfin-web,3141156567,Production,2025-10-13T09:12:05Z,cdf9613e089dba00a75271dd66a7ee0850d2847b,success
jellyfin/jellyfin-web,3140563020,Production,2025-10-13T06:55:09Z,0f6fcd8daf10cb1ab2b4f990f70d7e94ab556953,success
jellyfin/jellyfin-web,3139472889,Production,2025-10-12T23:04:35Z,b89a90ebf539af3f505f82044de196853f5324f2,success
jellyfin/jellyfin-web,3138735828,Production,2025-10-12T16:55:09Z,a98f740ad8dda3ea792b0fea3363906d97210f30,success
jellyfin/jellyfin-web,3138141580,Production,2025-10-12T11:55:04Z,c6c951a37718ae99ca9ce3ae5d71a449cb617793,success
jellyfin/jellyfin-web,3137829117,Production,2025-10-12T08:54:54Z,a8af5c31cd6c554d274cf326da7003c4ac61002a,success
jellyfin/jellyfin-web,3137533291,Production,2025-10-12T05:55:05Z,b847506c1b29d1342c28b1b589dcec7d763a1509,success
jellyfin/jellyfin-web,3135594655,Production,2025-10-11T10:55:04Z,776755a81c5695fcad4c1ca4c9d563aef79ece1a,success
jellyfin/jellyfin-web,3135387353,Production,2025-10-11T08:55:04Z,f936c9366fbd549421bdfb342c7944ae0681726f,success
jellyfin/jellyfin-web,3135192476,Production,2025-10-11T06:59:42Z,9b7d9218450c2830333ee7ec420e7f82f26b687e,success
jellyfin/jellyfin-web,3135082152,Production,2025-10-11T05:54:57Z,b08df1ed8090ce15d69586797dd98685d5c4e15d,success
jellyfin/jellyfin-web,3134211384,Production,2025-10-10T22:00:52Z,9ebe4b7f57cd40b8f35c386e472be93bc790f39b,success
jellyfin/jellyfin-web,3134004348,Production,2025-10-10T20:55:12Z,9f6964fb519c3d1a478888b8406e28c322ab0929,success
jellyfin/jellyfin-web,3133032822,Production,2025-10-10T16:55:04Z,3787889b411afc01b817307088626af71c968210,success
jellyfin/jellyfin-web,3131627563,Production,2025-10-10T12:18:09Z,91da2edae57be072647105659ad5ce4f75ea19c4,success
jellyfin/jellyfin-web,3131250604,Production,2025-10-10T10:55:03Z,d5e54157ed5bc7766b444a1079bf99fc28cf620f,success
jellyfin/jellyfin-web,3130202541,Production,2025-10-10T06:55:03Z,ed8dbf1bd959aef2ae7adce835495c6653554087,success
jellyfin/jellyfin-web,3129981604,Production,2025-10-10T05:46:18Z,a19ccf54399542febd470292b1724da063637065,success
jellyfin/jellyfin-web,3129894363,Production,2025-10-10T05:13:45Z,ae99ac8b033e3be6830b1c2d69c75060aa632894,success
jellyfin/jellyfin-web,3129535017,Production,2025-10-10T02:54:50Z,e83279b69f7b37a90fae6d32a1e344a749cb50a7,success
jellyfin/jellyfin-web,3128488269,Production,2025-10-09T20:50:54Z,5bf0b0314c59359882054a41e0849bf17491124d,success
jellyfin/jellyfin-web,3128231970,Production,2025-10-09T19:54:59Z,5d1a19a65d08a54f17afaf3127d3c9d959ee295c,success
jellyfin/jellyfin-web,3128173705,Production,2025-10-09T19:41:41Z,ce24556dad24cd2627b46a4e3fb19e2ca37aac82,success
jellyfin/jellyfin-web,3128154019,Production,2025-10-09T19:37:21Z,2b92a87006a9d10359114e3dfbab0bed03e574e7,success
jellyfin/jellyfin-web,3127979005,Production,2025-10-09T19:00:13Z,2a58eb8194fe00c6574f3436e9eaf98d81debb5b,success
jellyfin/jellyfin-web,3126033439,Production,2025-10-09T12:43:15Z,76fbfbbe8423e8101a564a1c47996da0647126dd,success
jellyfin/jellyfin-web,3125780866,Production,2025-10-09T11:55:00Z,d26cc473a9c741ac6eefcdb8667eb64a7a0d9cdf,success
jellyfin/jellyfin-web,3124617306,Production,2025-10-09T07:54:57Z,a3baf9a257df17bee90d8b48b80f26c1ed6a9809,success
jellyfin/jellyfin-web,3122261331,Production,2025-10-08T19:35:46Z,1435ea1560efb7d7a4a3a710d5df71abbb341064,success
jellyfin/jellyfin-web,3120675218,Production,2025-10-08T14:31:04Z,1d07721de8b2e3b3aa8cfd273e1965e9920ed33e,success
jellyfin/jellyfin-web,3120647891,Production,2025-10-08T14:26:29Z,5a1ca91babdff4c35447939cb2b6fa1b9ddcc870,success
jellyfin/jellyfin-web,3118146321,Production,2025-10-08T05:54:51Z,41e5b7b6bcbb29bd532a606551c8801beeb3a593,success
jellyfin/jellyfin-web,3116319472,Production,2025-10-07T19:49:47Z,1194cff68d45aa0d58f849e04e39c25fdbd3d26d,success
jellyfin/jellyfin-web,3116063178,Production,2025-10-07T18:55:06Z,35507a8303f699563b3925981b3ef164f74bde20,success
jellyfin/jellyfin-web,3113766459,Production,2025-10-07T11:55:05Z,4d59c2055030fc0b3901adefb27edc202aada8e2,success
jellyfin/jellyfin-web,3112124822,Production,2025-10-07T05:40:42Z,e9e56af09279ba8b84bdcc87814d8e3788b79c38,success
jellyfin/jellyfin-web,3110650850,Production,2025-10-06T20:55:09Z,3efd339d91b596719e030762ba201b0ef22f7b6c,success
jellyfin/jellyfin-web,3110028514,Production,2025-10-06T18:36:32Z,403d116338a601ce316c150770b57a70d7e23cd9,success
jellyfin/jellyfin-web,3108895507,Production,2025-10-06T14:55:10Z,0a9db2bda94bc998403f501e057051baab905399,success
jellyfin/jellyfin-web,3108189720,Production,2025-10-06T12:55:05Z,39ab3a52d8b805dd92a62a0b1803c667ce1e3ba2,success
jellyfin/jellyfin-web,3107560024,Production,2025-10-06T10:44:29Z,49988dbd35068661ada3256e8991aee6266450a9,success
jellyfin/jellyfin-web,3106985459,Production,2025-10-06T08:41:59Z,d0618719552e63215ca5525bd7b166dd6533e6da,success
jellyfin/jellyfin-web,3106771604,Production,2025-10-06T07:54:58Z,ec73f0e0fc0bc12feab521d0b7c73954aeac9d09,success
jellyfin/jellyfin-web,3106505065,Production,2025-10-06T06:44:03Z,3d75ba4a7eeb09f9bdbf4779cd976704ba209903,success
jellyfin/jellyfin-web,3104887847,Production,2025-10-05T17:54:58Z,527c25388e4d343be14f3fb0fef9941d756083c4,success
jellyfin/jellyfin-web,3104219615,Production,2025-10-05T12:26:23Z,68d69351ea37f6f942995a23f4836c58cf63aba9,success
jellyfin/jellyfin-web,3104120830,Production,2025-10-05T11:25:27Z,72e20c95ae787c63e706f90eded9dbe1a9e83288,success
jellyfin/jellyfin-web,3103763556,Production,2025-10-05T07:54:59Z,fc3ac97e75090d8656898ffe919bb0d0192743e9,success
jellyfin/jellyfin-web,3102976439,Production,2025-10-04T22:55:00Z,72392ec2ede20d5faeb60339180e696bc46cfa56,success
jellyfin/jellyfin-web,3102717273,Production,2025-10-04T20:17:40Z,e602b50e5b46ca5e3a2000a7e711ff7a234dc43e,success
jellyfin/jellyfin-web,3102489076,Production,2025-10-04T18:11:54Z,eaa0ca4b79b33d94f04204c549344f5ede018043,success
jellyfin/jellyfin-web,3102222497,Production,2025-10-04T15:55:04Z,c8ca4f3bb46131399989a000c3fe2283b17a7af2,success
jellyfin/jellyfin-web,3101577618,Production,2025-10-04T09:55:19Z,3e30c0494174673c7e73514a2d6ef949ebe2004f,success
jellyfin/jellyfin-web,3100875417,Production,2025-10-04T02:34:10Z,874a3cc7278b8189c3a74545581d24b5b7d68f04,success
jellyfin/jellyfin-web,3100060885,Production,2025-10-03T20:37:25Z,8a0176eba250ea910264bab777bba8e44f470a09,success
jellyfin/jellyfin-web,3099575306,Production,2025-10-03T18:33:22Z,f20aaa31958ccff3ba220c66766faf44d818d8be,success
jellyfin/jellyfin-web,3099015234,Production,2025-10-03T16:22:03Z,ad00b160697c0d4a4fc0e44a151f9b62fc9ede33,success
jellyfin/jellyfin-web,3098584582,Production,2025-10-03T14:54:46Z,9c4bb658f6bd12753813943314abea869a4bcaf3,success
jellyfin/jellyfin-web,3098117022,Production,2025-10-03T13:24:41Z,429170bb6590ec27e00b8cf8f3c0f6b86d9b1136,success
jellyfin/jellyfin-web,3091503606,Production,2025-10-02T08:55:19Z,c3d1f78e153fcfb4a65f5b96515d291a2ad08d5d,success
jellyfin/jellyfin-web,3091031911,Production,2025-10-02T06:55:03Z,3667493bc2f3217098f7f2d4d326b88d268ba979,success
jellyfin/jellyfin-web,3090176206,Production,2025-10-02T01:18:07Z,5660931dd15313ea19d3a6b704b3b6868f9e1b02,success
jellyfin/jellyfin-web,3086612212,Production,2025-10-01T11:53:34Z,ab62a00574114a937f7a6825bc89b353f8dfc0f4,success
jellyfin/jellyfin-web,3085164203,Production,2025-10-01T06:14:39Z,a55eea3e623958c03db32b2e44c9edd6946215d3,success
jellyfin/jellyfin-web,3083329846,Production,2025-09-30T19:55:04Z,9b2f03629641a29d419c300cfed261f714640561,success
jellyfin/jellyfin-web,3082780773,Production,2025-09-30T17:55:03Z,26c065c52de14d05af9701c00a4063db51b2b3d4,success
jellyfin/jellyfin-web,3082602941,Production,2025-09-30T17:16:37Z,3a747addbf67e63f9e32f31fb84998e9a94c4220,success
jellyfin/jellyfin-web,3082484163,Production,2025-09-30T16:52:21Z,ae56c9ee6473297cd414dcab3fa667d3fe80d419,success
jellyfin/jellyfin-web,3082459525,Production,2025-09-30T16:47:14Z,f87421bde8982f779087bdc376a59d77d21729e9,success
jellyfin/jellyfin-web,3082442020,Production,2025-09-30T16:43:21Z,5411a0a0e7a7a35348483f8d02d3f49eacf674e1,error
jellyfin/jellyfin-web,3081207526,Production,2025-09-30T13:10:19Z,ff42b285206b4adea3f153caaab5135f2e2d374b,success
jellyfin/jellyfin-web,3079068384,Production,2025-09-30T05:22:31Z,37aa7b8b08945508af009b1e0a241bc67341b627,success
jellyfin/jellyfin-web,3078395928,Production,2025-09-30T01:05:58Z,b39360bf61194ad84dcd046bc0c854af045e905f,success
jellyfin/jellyfin-web,3077890393,Production,2025-09-29T22:06:03Z,13f3f61b39889efd2429386ff2ddd48134373eef,success
jellyfin/jellyfin-web,3070685644,Production,2025-09-28T06:54:58Z,a238b5ef8a00a99e46d00399f650dbc3b624e032,success
jellyfin/jellyfin-web,3069924563,Production,2025-09-27T22:03:20Z,713bb551cf16a5e89bcb68858825f1e7b26e8a34,success
jellyfin/jellyfin-web,3069913067,Production,2025-09-27T21:56:28Z,68eb5b9e36402e0a90fda8416c06c902c5bba58a,success
jellyfin/jellyfin-web,3067739566,Production,2025-09-26T23:55:00Z,966e69354a6a0fceb8df57e8149a672ef083ee22,success
jellyfin/jellyfin-web,3064390522,Production,2025-09-26T10:02:33Z,89c5119aed8c50e77ea779cc25991f689b274d7e,success
jellyfin/jellyfin-web,3048580589,Production,2025-09-23T14:56:01Z,38fc5db9c241cef368b1bb06464f6811e40239b1,success
jellyfin/jellyfin-web,3044952254,Production,2025-09-22T22:19:54Z,a8f06c4fa8b92c54e60298cc8fd4404877bac5ee,success
jellyfin/jellyfin-web,3044196432,Production,2025-09-22T19:11:24Z,2729f77aa801c5663fc31ba6cb811d447b8a8d69,success
jellyfin/jellyfin-web,3042017507,Production,2025-09-22T12:08:23Z,0606493bd97f5bb6a201c28a25ceea3a495a92f4,success
jellyfin/jellyfin-web,3041952018,Production,2025-09-22T11:55:12Z,b78b5fc4f08df9b3d038b59e68236e7f0595e444,success
jellyfin/jellyfin-web,3038172973,Production,2025-09-21T10:49:11Z,646773b30ad27b8464b276777d61713cdb8ecc2f,success
jellyfin/jellyfin-web,3015835620,Production,2025-09-16T14:54:56Z,6c3a3a7205e543bca2eece03984a8fc93d9afd89,success
jellyfin/jellyfin-web,3010380282,Production,2025-09-15T15:55:15Z,df1626e95b53a20b422133a7e1656ce9aabb53c1,success
jellyfin/jellyfin-web,3007665689,Production,2025-09-15T06:34:32Z,e9cc027340ac8286d9524e99d80f5e36a5d39749,success
jellyfin/jellyfin-web,3004812049,Production,2025-09-14T05:12:26Z,e8846f71a113b46bb8a33f361bb981b020b048dc,success
jellyfin/jellyfin-web,3004077853,Production,2025-09-13T20:36:45Z,8c099c87feda0041d0a40dbad2d535c1e27ec5ef,success
jellyfin/jellyfin-web,3004010598,Production,2025-09-13T19:59:27Z,79d2c178e90814e7fd57b65b7f1beb409709a651,success
jellyfin/jellyfin-web,3001532265,Production,2025-09-12T20:41:37Z,a25295194fa0afd9dc4b4826f1e466d6f10b247f,success
jellyfin/jellyfin-web,3000975923,Production,2025-09-12T18:13:44Z,9562a188c4120ec441f0902ab8d091beeb7a5111,success
jellyfin/jellyfin-web,3000897028,Production,2025-09-12T17:55:06Z,d581dd9c68b3b4e122ce9e3a24755ef9ca2e4c4e,success
jellyfin/jellyfin-web,2994704865,Production,2025-09-11T14:55:00Z,19a28b441ec54f198477695533d9d9e372c11fd6,success
jellyfin/jellyfin-web,2990632332,Production,2025-09-10T20:38:43Z,ddae83d2ed71206965f29bfc8d93aeb62993df9f,success
jellyfin/jellyfin-web,2990544080,Production,2025-09-10T20:18:10Z,e04c8674246ca93ed44db10194faaafd4f47e497,success
jellyfin/jellyfin-web,2985217785,Production,2025-09-09T21:55:04Z,eaf4b16abbc02bcb53be88d8ca3c685e9cd2d19e,success
jellyfin/jellyfin-web,2980648454,Production,2025-09-09T05:38:02Z,82d9e465a3be29b19bcb1033e245fbf86ecfab40,success
jellyfin/jellyfin-web,2978966647,Production,2025-09-08T19:55:04Z,b2db3370b4955cb76e9b6002333d37fb4b4708ec,success
jellyfin/jellyfin-web,2977623777,Production,2025-09-08T15:05:38Z,2d35d763b998691079486e6518330e7fc347d6f0,success
jellyfin/jellyfin-web,2976311474,Production,2025-09-08T10:54:57Z,5f6b7138e0357967c7a4c95733d456a6d008a8e3,success
jellyfin/jellyfin-web,2972816889,Production,2025-09-07T10:55:03Z,ac6b24b3eb8b8277227037bfff958bb7f3e12b81,success
jellyfin/jellyfin-web,2970081217,Production,2025-09-06T06:16:11Z,edeb5d6f0c667641901ed92ddf3446124d732407,success
jellyfin/jellyfin-web,2970044100,Production,2025-09-06T05:54:38Z,94b007544a9c3fceebc8c35520f41b43b354a295,success
jellyfin/jellyfin-web,2969957418,Production,2025-09-06T04:55:01Z,5969f7b600762de0927d235998034df525ae41d4,success
jellyfin/jellyfin-web,2968998348,Production,2025-09-05T20:42:46Z,60d810b3a19af2a62de51b080640384905db3732,success
jellyfin/jellyfin-web,2966448055,Production,2025-09-05T10:55:00Z,2e90aa6c54dabac32123d41f34190d1a4c4e13a2,success
jellyfin/jellyfin-web,2952771456,Production,2025-09-02T21:55:10Z,44f4d9c537b0bb48e4a594a6dd9c647a31d675cf,success
jellyfin/jellyfin-web,2946122340,Production,2025-09-01T14:54:54Z,808ece5db48b40bcf841e99c96adf5b8213d77e3,success
jellyfin/jellyfin-web,2945541928,Production,2025-09-01T12:52:38Z,69b7c5216e301184a28021d55a7f96df53d62e36,success
jellyfin/jellyfin-web,2945029217,Production,2025-09-01T10:55:00Z,a5fce23949bb2a6ad9cef05ecbc52516850b9059,success
jellyfin/jellyfin-web,2944253214,Production,2025-09-01T07:55:04Z,77272cb35cf57cc0f0c39837b64a5568126b99f0,success
jellyfin/jellyfin-web,2941393786,Production,2025-08-31T07:08:14Z,89a59608c940a04db6a80c8877a9664ca4ceecc3,success
jellyfin/jellyfin-web,2940044237,Production,2025-08-30T15:32:17Z,107bdd276c71054f85a1bea803ae53783a476da5,success
jellyfin/jellyfin-web,2940036556,Production,2025-08-30T15:27:56Z,b620fcaf965c04802cfc93c76c63738610d4f946,success
jellyfin/jellyfin-web,2938941448,Production,2025-08-30T03:41:28Z,122379306c1f143af8dedf5409c5dc4c72b6b712,success
jellyfin/jellyfin-web,2923902393,Production,2025-08-27T07:14:14Z,18f3083e69e17634c52ff842e003b1b01c17fcb0,success
jellyfin/jellyfin-web,2918879262,Production,2025-08-26T09:11:03Z,b006b487722a72810033906c88d1efee6904d2d4,success
jellyfin/jellyfin-web,2913639977,Production,2025-08-25T09:32:41Z,018bfa2c8ce8112a4de8944eb7414f52b947c341,success
jellyfin/jellyfin-web,2911084496,Production,2025-08-24T14:29:45Z,a2f8d43970ab24adf241510f1fa0edde01c31c48,success
jellyfin/jellyfin-web,2910597126,Production,2025-08-24T09:41:40Z,d8363144e38923512cb17c0c9c97ed3704cd0652,success
jellyfin/jellyfin-web,2909469161,Production,2025-08-23T20:18:34Z,b2e634bc951db751ed48502d1fa153d8df8612e7,success
jellyfin/jellyfin-web,2909442896,Production,2025-08-23T20:03:33Z,f8c12e7c175ef0194de9f7c1ab1eac760b77c06d,success
jellyfin/jellyfin-web,2909124955,Production,2025-08-23T16:52:24Z,cf234ccb989da220af2e95c7943523b54c078c7e,success
jellyfin/jellyfin-web,2908962524,Production,2025-08-23T15:19:20Z,6bab9cd7b9755a2baeaf5cf2442faa3871c335c5,success
jellyfin/jellyfin-web,2908799593,Production,2025-08-23T13:45:36Z,8644db92b080a7ffee29fccc36314eef10847ba3,success
jellyfin/jellyfin-web,2908762410,Production,2025-08-23T13:23:43Z,66a3a6ffb72f8580b9f752dedbf49ef36c68866e,success
jellyfin/jellyfin-web,2908751975,Production,2025-08-23T13:17:29Z,c6ce01eaa654641d9557e821fa427beb9ef236fe,success
jellyfin/jellyfin-web,2908738684,Production,2025-08-23T13:09:48Z,d7b9ea641a7e24f2a7973ce47350ed8fa2d82a4e,success
jellyfin/jellyfin-web,2908434119,Production,2025-08-23T10:01:06Z,89879edf9207ab3e31a4f90dfb48d88a3b451809,success
jellyfin/jellyfin-web,2907565217,Production,2025-08-23T00:19:01Z,992289c8cdfec8f7e957078e66401b97e4b26144,success
jellyfin/jellyfin-web,2907095592,Production,2025-08-22T21:00:42Z,796301ca9be66f61234a70f05ff8e03e09de9655,success
jellyfin/jellyfin-web,2904817722,Production,2025-08-22T11:54:50Z,ca2e4523f9b4dcfe33e4d7e475db57db53e164d1,success
jellyfin/jellyfin-web,2903898324,Production,2025-08-22T08:05:23Z,b49de1b9e0619cd567dc65f4d4e7402a3db69b3c,success
jellyfin/jellyfin-web,2898261941,Production,2025-08-21T07:03:48Z,4c5a025e958bc79e1bd3a04335a5097a2703f207,success
jellyfin/jellyfin-web,2895770811,Production,2025-08-20T17:30:55Z,221d678899158174436ed13219684d7443a7f538,success
jellyfin/jellyfin-web,2895329389,Production,2025-08-20T15:55:02Z,a7d041ae963c0833dc11ebb033a047c7fc74f88c,success
jellyfin/jellyfin-web,2890883648,Production,2025-08-19T19:46:57Z,6d11d4ab4040adc9365a3ef6c493d116d4843824,success
jellyfin/jellyfin-web,2890367831,Production,2025-08-19T17:46:20Z,25481cae7eb30723c86a8ea9c542eb10080e3f29,success
jellyfin/jellyfin-web,2886744048,Production,2025-08-19T03:43:53Z,be68305bd7058f33ca6a3e2a895c8e7e20394b51,success
jellyfin/jellyfin-web,2885984748,Production,2025-08-18T22:26:37Z,09ca934c0dd05f799e26c74e09924520954d47a1,success
jellyfin/jellyfin-web,2885595493,Production,2025-08-18T20:32:03Z,c4c009b7958870f0fd9646316e6790fb9cb478c8,success
jellyfin/jellyfin-web,2884840128,Production,2025-08-18T17:26:46Z,c4f8cfc5892c590239e46e09e8dfe5767e9955c4,success
jellyfin/jellyfin-web,2884802046,Production,2025-08-18T17:17:42Z,af8c65a4c2d86503c9f2a02aed41a4ebec2997d4,success
jellyfin/jellyfin-web,2884666259,Production,2025-08-18T16:46:42Z,fb622b15f97c9309e7c13c7b70131d49789e5801,success
jellyfin/jellyfin-web,2884260415,Production,2025-08-18T15:21:38Z,efd1609049e41d98e46943854e0e6ad37042903e,success
jellyfin/jellyfin-web,2884230678,Production,2025-08-18T15:15:43Z,ebca102eaa227a3db20d2eedfeb5d8f096de74ab,success
jellyfin/jellyfin-web,2884040125,Production,2025-08-18T14:40:10Z,7694ee695b518becad76a354d07eb213a0ad6052,success
jellyfin/jellyfin-web,2883922057,Production,2025-08-18T14:18:09Z,6ea2a7b2201d5d875684f7e657421703aaf666cd,success
jellyfin/jellyfin-web,2883889912,Production,2025-08-18T14:12:09Z,481ba04d4e82e3f1fc5f20de23617a84d1a0107c,success
jellyfin/jellyfin-web,2883816047,Production,2025-08-18T13:59:03Z,d75d84484d47d57f8930b8f14d7378f0aac1df37,success
jellyfin/jellyfin-web,2883577488,Production,2025-08-18T13:13:40Z,48a5a6eef7776300192aba602eaf10886bc4c377,success
jellyfin/jellyfin-web,2883055722,Production,2025-08-18T11:20:15Z,8a25ff534b390961848610c3262771464a641c41,success
jellyfin/jellyfin-web,2882931571,Production,2025-08-18T10:50:21Z,065a97cf9f1b8d03329a6e2ce07d26674289a12a,success
jellyfin/jellyfin-web,2882756549,Production,2025-08-18T10:06:38Z,bba17cc2fa7b371a9209e401f6b10aa0e0f11fca,success
jellyfin/jellyfin-web,2882512743,Production,2025-08-18T09:10:21Z,872d7fde93a31505df9e35bd213f4fc170386def,success
jellyfin/jellyfin-web,2882430009,Production,2025-08-18T08:51:41Z,9b9ee3c258e9f12de5d834db4e4308eb39ce5a56,success
jellyfin/jellyfin-web,2882075489,Production,2025-08-18T07:21:24Z,df99a37356580354be42371041ff3aac36e4d406,success
jellyfin/jellyfin-web,2880070122,Production,2025-08-17T13:54:46Z,8b3999716665ae0ca28ca64722b43740001975da,success
jellyfin/jellyfin-web,2879680463,Production,2025-08-17T09:54:57Z,6d24d7ccf5911d6dcc3a2ff03a83383b0fad9020,success
jellyfin/jellyfin-web,2877507271,Production,2025-08-16T08:54:46Z,9cbcd891ef1742abd0e7bd4c74c6d8c38e93c608,success
jellyfin/jellyfin-web,2875936387,Production,2025-08-15T19:00:00Z,ea760e6eb09b0db63e20b8445a11da5f0d0878eb,success
jellyfin/jellyfin-web,2874776807,Production,2025-08-15T13:55:01Z,261536a671a6dd5b84cefd37995addbf9ef75aa0,success
jellyfin/jellyfin-web,2874353631,Production,2025-08-15T11:54:55Z,a7f676aa3a40b4c98edfaeb332db8a841d5bc14a,success
jellyfin/jellyfin-web,2873994227,Production,2025-08-15T09:54:45Z,185223d2fc1a64c4dbddb38aa149688cd11f8023,success
jellyfin/jellyfin-web,2873075495,Production,2025-08-15T04:00:44Z,9a6b54aa9aa1792ab2655742943128f2cce3a18b,success
jellyfin/jellyfin-web,2873059774,Production,2025-08-15T03:53:24Z,761df06ef3a48f91ea5a4dbbdbe59a06971bdc56,success
jellyfin/jellyfin-web,2872558177,Production,2025-08-14T23:55:00Z,e483dfcc89d43bfb65aed01cec943ceeca6e34bb,success
jellyfin/jellyfin-web,2872080973,Production,2025-08-14T21:03:51Z,4ef907f89e5b85f2c099135a3e55347cffb954cc,success
jellyfin/jellyfin-web,2871881581,Production,2025-08-14T20:11:05Z,110c2052d3034abcba37a3c72a861b984060fe18,success
jellyfin/jellyfin-web,2871440009,Production,2025-08-14T18:22:27Z,7740c5d61a36e0d3f61bc684d670c8eed1c4a991,success
jellyfin/jellyfin-web,2863700489,Production,2025-08-13T09:54:50Z,13412e3eea6ae41837d94e10e826aebd445152a6,success
jellyfin/jellyfin-web,2858032567,Production,2025-08-12T08:54:33Z,f7e580196c0cf6dec00e3d794c6111a9a7fa7d03,success
jellyfin/jellyfin-web,2855967050,Production,2025-08-11T20:54:54Z,a4084a061008acb7439b405fe5e44606de3f081e,success
jellyfin/jellyfin-web,2853776660,Production,2025-08-11T12:54:51Z,ccd9448c49a62d88afc2f27e092a1cdeb08975e9,success
jellyfin/jellyfin-web,2853327454,Production,2025-08-11T11:13:17Z,8d09be6664ff5562999ab60b9e3dd5e38c02cf52,success
jellyfin/jellyfin-web,2852293460,Production,2025-08-11T06:54:56Z,7e26935a41bd5eef77ba92bbb0f170badfdd4f53,success
jellyfin/jellyfin-web,2850409177,Production,2025-08-10T14:01:02Z,e9f943cc99ee9be293062a95180e5b666ce3084d,success
jellyfin/jellyfin-web,2849225532,Production,2025-08-10T00:16:34Z,fd876f4def0cd453c0eb1008460b5a5509f14be4,success
jellyfin/jellyfin-web,2847833424,Production,2025-08-09T08:55:36Z,45495caa558338ba83b60b37e9121b3f25d4d339,success
jellyfin/jellyfin-web,2845726181,Production,2025-08-08T16:41:27Z,3aea9bc7ae700cba3732f05d501a60f47f9f2c58,success
jellyfin/jellyfin-web,2841621021,Production,2025-08-07T19:56:38Z,c92e06a4c2cca31698c5486cf49a343a18be47f5,success
jellyfin/jellyfin-web,2835602084,Production,2025-08-06T16:38:50Z,9f947ceac8d3cf45d39ea90d105f742ffb1b1a61,success
jellyfin/jellyfin-web,2830954746,Production,2025-08-05T18:55:02Z,15f5c5df64956328b1b3e5b8fc5b4c2292d73041,success
jellyfin/jellyfin-web,2829004783,Production,2025-08-05T11:55:03Z,b0cfdab7c3d3584f80bb00d919e072dabff2e72c,success
jellyfin/jellyfin-web,2827976065,Production,2025-08-05T07:54:48Z,187f1368c2dff91ef7434bd0ca774800f4e9e0c8,success
jellyfin/jellyfin-web,2827199841,Production,2025-08-05T03:21:02Z,50bfabff706f9f971ad74caa2ba175352f1de542,success
jellyfin/jellyfin-web,2826457854,Production,2025-08-04T21:54:53Z,dae7cfc8a8951ea723a19d0a0de665ece0955231,success
jellyfin/jellyfin-web,2825821180,Production,2025-08-04T18:54:58Z,cbb6dd2466454a7938c65383ccc719766bc59979,success
jellyfin/jellyfin-web,2825096087,Production,2025-08-04T15:54:55Z,e2e592a722a8973ce441c3f34eb5174bf3744cb9,success
jellyfin/jellyfin-web,2824840756,Production,2025-08-04T15:02:09Z,71102e3d555ac7702100df8662c7922c35d58b14,success
jellyfin/jellyfin-web,2824648498,Production,2025-08-04T14:25:38Z,279ecdd62dc531c02e28f0d585ca429e3835825f,success
jellyfin/jellyfin-web,2824515976,Production,2025-08-04T14:00:50Z,452479b7b23659426314ca33321a1954bdb5132e,success
jellyfin/jellyfin-web,2824366717,Production,2025-08-04T13:30:59Z,acada92e7d06be4a6a6134b6dbe821947d6a90d4,success
jellyfin/jellyfin-web,2824060572,Production,2025-08-04T12:24:54Z,e0409ced8f7b25b160a35aaaed1bf472c39f32d4,success
jellyfin/jellyfin-web,2823692213,Production,2025-08-04T10:59:23Z,4debb10c494ae4f81ae497fc68c5fb9017684faf,success
jellyfin/jellyfin-web,2823438810,Production,2025-08-04T09:55:13Z,2e026b5790ae461ea97f3f8c8c7e47c001519f32,success
jellyfin/jellyfin-web,2822865908,Production,2025-08-04T07:32:53Z,7a8e934c7e3e1e1f12ec08178af4c175b5ab2b70,success
jellyfin/jellyfin-web,2822755557,Production,2025-08-04T07:01:32Z,47a3ecbea5051bc1b12280186fb3149684de0902,success
jellyfin/jellyfin-web,2821687973,Production,2025-08-03T21:54:56Z,e607c45162c9a1d95311b0f6462d21a792fdf906,success
jellyfin/jellyfin-web,2821483392,Production,2025-08-03T19:46:07Z,274228a0958d145212be31f044809deeb8c56857,success
jellyfin/jellyfin-web,2821398993,Production,2025-08-03T18:54:54Z,d39bbc69e2b0277a0de18fb0ea086a1305da0163,success
jellyfin/jellyfin-web,2820516273,Production,2025-08-03T09:55:05Z,faf6b14cf431330e282b0cc2e9cdfe3b77733f6e,success
jellyfin/jellyfin-web,2820016118,Production,2025-08-03T03:48:08Z,5fc9fb30847d7ec505ec218d5294bba5214ad4e2,success
jellyfin/jellyfin-web,2818438755,Production,2025-08-02T09:05:27Z,e9cb48d7eff961f386d4323e11d586baed95a7a7,success
jellyfin/jellyfin-web,2814204959,Production,2025-08-01T07:32:10Z,b66d8463246de51a4eee5694ea17bdcf5bf1409e,success
jellyfin/jellyfin-web,2814164376,Production,2025-08-01T07:19:36Z,6724c72ce5fe9daf721281c5e7d530eb47f0c329,success
jellyfin/jellyfin-web,2812037341,Production,2025-07-31T18:22:29Z,b4efb6f5de8b615890d8806dad06ef84f105701f,success
jellyfin/jellyfin-web,2809459642,Production,2025-07-31T09:00:27Z,b1c69890d8192978e18533f11c3ae767d7b5ed77,success
jellyfin/jellyfin-web,2809191366,Production,2025-07-31T07:56:38Z,29fa59d8b3ee779259536fae7e42b4d2e62bf459,success
jellyfin/jellyfin-web,2809088285,Production,2025-07-31T07:29:18Z,bf1b7cae80db1e66315a3aa41ebec9761b5a61f4,success
jellyfin/jellyfin-web,2808880303,Production,2025-07-31T06:26:54Z,7d87f8c5b20753bb25c86d4c5028c5d9f6bd3436,success
jellyfin/jellyfin-web,2808790727,Production,2025-07-31T05:58:18Z,a75de89d433e658421455a2f14fa38652912baf9,success
jellyfin/jellyfin-web,2808218229,Production,2025-07-31T01:42:07Z,6bc6831c1355943f758aee67313fd12d4e947105,success
jellyfin/jellyfin-web,2808182367,Production,2025-07-31T01:26:28Z,1b281ef2998a0623a7cecc43c0cf726df1fadfff,success
jellyfin/jellyfin-web,2808155750,Production,2025-07-31T01:12:25Z,0a532a96f38e1fbcbde2a4fc57af3c46b5afe10f,success
jellyfin/jellyfin-web,2807896982,Production,2025-07-30T23:17:25Z,9903b9052c2e6ea5743157c675d20911cfd2d1a7,success
jellyfin/jellyfin-web,2807430666,Production,2025-07-30T20:44:38Z,c23f1ba2318a014186148fc012fecc254d3c79e0,success
jellyfin/jellyfin-web,2807397625,Production,2025-07-30T20:35:57Z,6c4cb665bf3abef9aabae14cd81e315299a7db07,success
jellyfin/jellyfin-web,2803185808,Production,2025-07-30T03:20:07Z,38ac3355447a91bf280df419d745f5d49d05aa9b,success
jellyfin/jellyfin-web,2798789173,Production,2025-07-29T08:17:05Z,a7eb42c439171677181d0ad54b238faa52194e27,success
jellyfin/jellyfin-web,2798675028,Production,2025-07-29T07:49:04Z,1245d892245c22d607dd7d294f4b7aa5b551631c,success
jellyfin/jellyfin-web,2798513340,Production,2025-07-29T07:05:34Z,f8f71a8b1fd91490e6f4b5757e7a06a0b1aa95a6,success
jellyfin/jellyfin-web,2798443618,Production,2025-07-29T06:44:37Z,4c828845d4a4463daaeb115b9c66b22698377c1a,success
jellyfin/jellyfin-web,2797015898,Production,2025-07-28T21:00:33Z,c3df42c6cc85d077302acc67483a1d9539a8a843,success
jellyfin/jellyfin-web,2796025592,Production,2025-07-28T16:50:05Z,fb0f4ee284d89bf6e32ba6263a13e2e934064f8f,success
jellyfin/jellyfin-web,2795779419,Production,2025-07-28T15:55:01Z,b7f330e01c49f380c345500af256779b7ed14907,success
jellyfin/jellyfin-web,2795161845,Production,2025-07-28T13:54:57Z,c9d7e20b44e88d5ea0e0278e5437f59699676b82,success
jellyfin/jellyfin-web,2793630135,Production,2025-07-28T07:55:00Z,d1460f2d3c940457e2240bef4ede497a6205bb93,success
jellyfin/jellyfin-web,2792664116,Production,2025-07-28T00:54:51Z,de7176af1bd84c79dc0621d715271212c5fbfb49,success
jellyfin/jellyfin-web,2791429048,Production,2025-07-27T12:07:50Z,4b658123c1143129defd3c9c7a7d24497691d9d5,success
jellyfin/jellyfin-web,2791359785,Production,2025-07-27T11:24:41Z,fa59e0c2b9151eeb40c35712b5a80d37f4a70384,success
jellyfin/jellyfin-web,2791203554,Production,2025-07-27T09:38:30Z,88a065a80d255812a55b4b13e70982e0e017e0d7,success
jellyfin/jellyfin-web,2790630499,Production,2025-07-27T02:17:30Z,5e3aa28d57852abc33cae94ad950d7fdb5ecc546,success
jellyfin/jellyfin-web,2790108216,Production,2025-07-26T19:23:08Z,4ffbaed5acee435d967fafffe1ba56723779b8e6,success
jellyfin/jellyfin-web,2789748463,Production,2025-07-26T15:31:58Z,517012522821026b40e9b427a77bb0de8d31b57b,success
jellyfin/jellyfin-web,2789546017,Production,2025-07-26T13:21:20Z,b193e454a42fa31de77ba8f6de38c18dd91673b3,success
jellyfin/jellyfin-web,2789390067,Production,2025-07-26T11:37:46Z,9afc6e6bf38c35900293b368f8b6966f2efca515,success
jellyfin/jellyfin-web,2789359059,Production,2025-07-26T11:15:40Z,9089f3d450cc4ce26a18ad3cf2eabfef02a6f9c6,success
jellyfin/jellyfin-web,2789314496,Production,2025-07-26T10:44:51Z,a643738e2f415082a7d00fac870abb42bb1caa1e,success
jellyfin/jellyfin-web,2789239108,Production,2025-07-26T09:49:52Z,5fec647f11bebfe5bbce38d7f5e568160d3ddd7d,success
jellyfin/jellyfin-web,2787628668,Production,2025-07-25T18:55:01Z,2ce3f72c0ac02c65d1cb3bb649a83c1a1d4b8888,success
jellyfin/jellyfin-web,2787328501,Production,2025-07-25T17:29:09Z,949e8684c14a7200533e35cd5380f04018b06931,success
jellyfin/jellyfin-web,2787289654,Production,2025-07-25T17:17:55Z,998e991264e5ac8d4961cde99883c3ff5fad1ee9,success
jellyfin/jellyfin-web,2784622225,Production,2025-07-25T05:24:11Z,069d9f62bda79132d7d9b8da5cde11d5792cbb61,success
jellyfin/jellyfin-web,2784493614,Production,2025-07-25T04:25:09Z,5e1af7e40cdad95ba899f39b039c87e43bb462e3,success
jellyfin/jellyfin-web,2783288944,Production,2025-07-24T20:16:25Z,ba8d4f9c2b519dfee8d64dd6fbf48113e6dcb26b,success
jellyfin/jellyfin-web,2782629318,Production,2025-07-24T17:31:08Z,9424d8d79cc29eed76c73ff1face0a9494e82206,success
jellyfin/jellyfin-web,2782217683,Production,2025-07-24T15:55:01Z,f38afeb06ff5ea4922cdf9d6cda48b98a347bb38,success
jellyfin/jellyfin-web,2781027087,Production,2025-07-24T11:54:51Z,cb97eb834d002b52864d1e46ae2ce35618c50e24,success
jellyfin/jellyfin-web,2780527944,Production,2025-07-24T09:55:08Z,bfa516664df5c4a8ca3cea4a6a09594d76e0d04f,success
jellyfin/jellyfin-web,2779610941,Production,2025-07-24T05:54:58Z,a8577f363e4bc94028f379938c791a992f454193,success
jellyfin/jellyfin-web,2778821018,Production,2025-07-23T23:55:00Z,671c0aa7a0a56bc0efc0f52ba7ea713bfe14a04b,success
jellyfin/jellyfin-web,2777370846,Production,2025-07-23T16:54:48Z,801b96413b23a6f22c3f4c6b438b68724f31152e,success
jellyfin/jellyfin-web,2776803066,Production,2025-07-23T14:55:02Z,c9412241d80f64000bc203f5cc3fe004bad93a00,success
jellyfin/jellyfin-web,2775909215,Production,2025-07-23T11:54:53Z,2b0499c3415868902c022da2db0a3e998172938d,success
jellyfin/jellyfin-web,2769857271,Production,2025-07-22T08:25:25Z,bc7f5547e19086b5746f1735423d6d7c80199e52,success
jellyfin/jellyfin-web,2769197119,Production,2025-07-22T05:07:01Z,cbbbbf1186d4602a6bcb096c5606845a594f8f07,success
jellyfin/jellyfin-web,2766455198,Production,2025-07-21T14:42:27Z,8c78769ff5f9f5d3d911065de94498697f14f353,success
jellyfin/jellyfin-web,2761561972,Production,2025-07-19T22:25:39Z,ba9b84f4dd2f771f7bdbbf0df34096563535ec6e,success
jellyfin/jellyfin-web,2761532457,Production,2025-07-19T22:03:42Z,8077d21f63820f902dbdde3fef2304c78e916116,success
jellyfin/jellyfin-web,2761523288,Production,2025-07-19T21:57:39Z,f7f332197327f2cee14a0e548ea95dc6425b230f,success
jellyfin/jellyfin-web,2761478388,Production,2025-07-19T21:23:38Z,378bdaee0f7c2b26d941cf40cb3256cf5cacccb0,success
jellyfin/jellyfin-web,2760865266,Production,2025-07-19T14:36:09Z,2247380318216fb03efe86d5bd626bf133aa90cc,success
jellyfin/jellyfin-web,2760477964,Production,2025-07-19T10:08:10Z,6d83464ab7bb82400ffd05a8903cc4439155c2a0,success
jellyfin/jellyfin-web,2760461927,Production,2025-07-19T09:58:53Z,c9714565886e889e0f004e5364d74f74bbb3a560,success
jellyfin/jellyfin-web,2760435116,Production,2025-07-19T09:37:27Z,95d632811ea6de7b73f4c39ef63663aac1aa8c78,success
jellyfin/jellyfin-web,2760419060,Production,2025-07-19T09:25:34Z,9f39a060d065b3be92664e8c3db652c39d5e6658,success
jellyfin/jellyfin-web,2760403867,Production,2025-07-19T09:14:10Z,126a963b71c630fc7171c2a5c74ff907a182b170,success
jellyfin/jellyfin-web,2759609731,Production,2025-07-18T23:30:30Z,32f5595f757448b4c29fb5e475cc474ada2ef016,success
jellyfin/jellyfin-web,2759501190,Production,2025-07-18T22:34:54Z,d169af9014a8a7ae39924cde5569911f75fe7434,success
jellyfin/jellyfin-web,2759467197,Production,2025-07-18T22:17:59Z,2f1b79f404840878279a60713de8c0c628523aca,success
jellyfin/jellyfin-web,2759434731,Production,2025-07-18T22:04:26Z,344e809bbbaa87af6070a9fa336898d8425c655e,success
jellyfin/jellyfin-web,2759389467,Production,2025-07-18T21:46:03Z,d3974a22ce8f5cd97cf4e21563840b18d2584dde,success
jellyfin/jellyfin-web,2759368708,Production,2025-07-18T21:37:20Z,6b6e0f290d05b8d9a0a2e38e93fb6720b7b6c117,success
jellyfin/jellyfin-web,2759334407,Production,2025-07-18T21:24:12Z,25cdfbbeed6deea32b8c87e0900cc1386438f2a3,success
jellyfin/jellyfin-web,2755152242,Production,2025-07-17T23:48:55Z,e92715616a417da8ae137673147a7c99d4da1e37,success
jellyfin/jellyfin-web,2755143835,Production,2025-07-17T23:45:02Z,aad1fd7c2dbad2df7e429af143401b3cff173c3e,error
jellyfin/jellyfin-web,2754248255,Production,2025-07-17T18:58:39Z,8ba3019a5d06a832fd1847211241356a7ab9807a,success
jellyfin/jellyfin-web,2748110277,Production,2025-07-16T14:45:54Z,f4ec138c4ff8f33622fb5895783bcd4e59508dfa,success
jellyfin/jellyfin-web,2747006714,Production,2025-07-16T10:45:59Z,316aee7d3aebac773463913c70c33be22a976895,success
jellyfin/jellyfin-web,2743360844,Production,2025-07-15T15:39:29Z,29cbf1d8cef9dae968e567f93f37aa8ee33a4913,success
jellyfin/jellyfin-web,2742168517,Production,2025-07-15T11:36:56Z,06b3a5767d1f14ecfe68d3ee957e3cfdc954edfc,success
jellyfin/jellyfin-web,2741243596,Production,2025-07-15T07:54:48Z,60a15440207e7eba3ebf111fb7c689b1f69a0224,success
jellyfin/jellyfin-web,2739757042,Production,2025-07-14T21:57:58Z,95bfdb296bb607ab0c46ecd316032f6195593fdf,success
jellyfin/jellyfin-web,2739564237,Production,2025-07-14T20:59:04Z,0ee769241d6223af8410b7122cb7e148fd065785,success
jellyfin/jellyfin-web,2739393240,Production,2025-07-14T20:11:04Z,318b9cf259b65293d5e3fbb49ebb669ffaf7f553,success
jellyfin/jellyfin-web,2739126384,Production,2025-07-14T19:01:12Z,d23acce0bce5d5d5a65dc2c896f3046bc194a591,success
jellyfin/jellyfin-web,2739100776,Production,2025-07-14T18:54:52Z,3a620b76913f1d934acd67fa0f3f5abea81c3d30,success
jellyfin/jellyfin-web,2738630069,Production,2025-07-14T16:54:50Z,2fa8921a1274c29bead9491755c64473abf02d72,success
jellyfin/jellyfin-web,2737023642,Production,2025-07-14T10:54:45Z,265a986343070e3fdf90452886c53d5615c1249a,success
jellyfin/jellyfin-web,2736744447,Production,2025-07-14T09:42:18Z,725f3714966547e9e9e1dd204209aa872a9df57d,success
jellyfin/jellyfin-web,2736557033,Production,2025-07-14T08:54:59Z,42f70685ae94a81215532bc1193d2a6fc3d5d69d,success
jellyfin/jellyfin-web,2735397637,Production,2025-07-14T00:54:48Z,6924093f7b42e5232a23c638120a7cf6e8663e09,success
jellyfin/jellyfin-web,2734946381,Production,2025-07-13T19:54:50Z,af54e8f239ede50b320cd5c7a5fced386d091911,success
jellyfin/jellyfin-web,2734837957,Production,2025-07-13T18:43:20Z,c7c7dbd4b2e6886477e959189ce1a5e4f1865086,success
jellyfin/jellyfin-web,2734187556,Production,2025-07-13T11:54:42Z,813acf4722181cd57bef805128b32788c5f3ffbd,success
jellyfin/jellyfin-web,2733764589,Production,2025-07-13T06:54:51Z,a7f46e449481daffacbd7b51cf1cef8c82a8ef52,success
jellyfin/jellyfin-web,2733410307,Production,2025-07-13T01:54:55Z,1e646f1060c1651be750bf141ac844a454806514,success
jellyfin/jellyfin-web,2730987848,Production,2025-07-11T21:17:57Z,5046b1df0ff862de822ded654a405a913c76f940,success
jellyfin/jellyfin-web,2730468056,Production,2025-07-11T18:35:14Z,6773d89d32df93931716958e99a623bf4030d701,success
jellyfin/jellyfin-web,2730450456,Production,2025-07-11T18:30:35Z,4428b8eed7ebb9d0ff21767aa2ece05ba6a4248c,success
jellyfin/jellyfin-web,2726767060,Production,2025-07-10T22:54:50Z,7cabe79ac31e904b0c82f20d430944d62dcf78b9,success
jellyfin/jellyfin-web,2722450860,Production,2025-07-10T03:54:51Z,3327502fede7cc72476f1f3f7ef90dd1e52a1871,success
jellyfin/jellyfin-web,2721149664,Production,2025-07-09T19:19:00Z,bb752cdcb2b6d76108a13dc3630012a968012c29,success
jellyfin/jellyfin-web,2720957322,Production,2025-07-09T18:26:31Z,abef239ba705032dca795b938f0d98eb47fa8beb,success
jellyfin/jellyfin-web,2720933088,Production,2025-07-09T18:19:59Z,64a708b73a525377e6b4a77e08bf783b69f7dc76,success
jellyfin/jellyfin-web,2720703421,Production,2025-07-09T17:18:22Z,74f83e6547674f4d8995081d8d2efae8d246a66b,success
jellyfin/jellyfin-web,2720675970,Production,2025-07-09T17:10:52Z,4410631564e3ecb8ffbba05a49e8c49ed7c93222,success
jellyfin/jellyfin-web,2718969859,Production,2025-07-09T10:54:49Z,0b6b1e5292fa470884ad378e59e2928491d1fe48,success
jellyfin/jellyfin-web,2716364938,Production,2025-07-08T19:55:02Z,6d70ec2af03c167a030f82de98e82b7c860f90ef,success
jellyfin/jellyfin-web,2713959976,Production,2025-07-08T10:55:29Z,a8bfe22534d2be5bc4069870c4aef4a4a2156220,success
jellyfin/jellyfin-web,2712515012,Production,2025-07-08T03:55:01Z,21e2339eb49d645b9cea476c5ba89ed32eb2266d,success
jellyfin/jellyfin-web,2711315489,Production,2025-07-07T19:54:42Z,2afb355fd11ed5e2c39af7d5c6d9d609f6cd86d1,success
jellyfin/jellyfin-web,2710381907,Production,2025-07-07T15:54:59Z,2986a4057565f2a8620326b5ad4d5df2f18b646a,success
jellyfin/jellyfin-web,2709793864,Production,2025-07-07T13:55:19Z,58a6bbe01681327f25c7f8aa662536d986faa8a1,success
jellyfin/jellyfin-web,2709238876,Production,2025-07-07T11:54:51Z,5662ca1c17de19b8ccbecdf4bc662c56702c3320,success
jellyfin/jellyfin-web,2708286168,Production,2025-07-07T07:54:47Z,e8f0211883aa7db8c7c561d0763235db7b67c18e,success
jellyfin/jellyfin-web,2705970248,Production,2025-07-06T11:54:45Z,682cfe4d68598296798bf1d693a1aee68e7dc177,success
jellyfin/jellyfin-web,2704642489,Production,2025-07-05T17:54:50Z,1fabd707118f803a9e072779a00a7324203fb921,success
jellyfin/jellyfin-web,2703944440,Production,2025-07-05T09:39:44Z,87d2274ce85f1c6003f281f901a258be5193f665,success
jellyfin/jellyfin-web,2703052448,Production,2025-07-04T21:45:10Z,848562716f43a96f27d25b48299293300549ae5d,success
jellyfin/jellyfin-web,2702046649,Production,2025-07-04T14:54:53Z,d0bf67a5a5797f550fcd01a1622c153154a1993d,success
jellyfin/jellyfin-web,2701337019,Production,2025-07-04T11:44:41Z,0dea95070a9eb26b6a031155f98fd6217954cf73,success
jellyfin/jellyfin-web,2699562933,Production,2025-07-04T00:54:55Z,348823900815bf53d9f906fcd21ac0bb3ece9fac,success
jellyfin/jellyfin-web,2699326254,Production,2025-07-03T22:54:48Z,470bacaaff07316175ae35c4dadd5f8ed91361e7,success
jellyfin/jellyfin-web,2698623276,Production,2025-07-03T18:54:44Z,10e25c6660b71a92d75a525700b5dfc45d257c52,success
jellyfin/jellyfin-web,2696266813,Production,2025-07-03T09:46:25Z,23223926e9fc2b040d4f78944cfaac094ce4572b,success
jellyfin/jellyfin-web,2693768205,Production,2025-07-02T18:54:48Z,92fd96ad28b81e1c54664c5f6749b9c4f5da69d3,success
jellyfin/jellyfin-web,2693233069,Production,2025-07-02T16:37:07Z,3067ab874c4f694d51708447dee00a2d6b1e6a27,success
jellyfin/jellyfin-web,2692707802,Production,2025-07-02T14:45:41Z,c75d453f96cf8b300dc9d42f3c8e952acb483693,success
jellyfin/jellyfin-web,2692608129,Production,2025-07-02T14:26:00Z,ca874bd009f3eab1dacd00a0523e93133d645f0d,success
jellyfin/jellyfin-web,2692112577,Production,2025-07-02T12:46:45Z,e704095f57d44a25f9dfbd36773b7cb8ce33e47c,success
jellyfin/jellyfin-web,2691432753,Production,2025-07-02T10:04:08Z,c6701e75b16a524470c4c7e5418f895846ba27b0,success
jellyfin/jellyfin-web,2690989404,Production,2025-07-02T08:20:16Z,f05df8fb740459305c1a7143970103da415bc85f,success
jellyfin/jellyfin-web,2690493758,Production,2025-07-02T05:54:57Z,c96e397e6f5bd1656ec67d9e289d67ad8a91a18b,success
jellyfin/jellyfin-web,2690135206,Production,2025-07-02T03:14:34Z,29619eab07bed193e020ca34807028f0970dae31,success
jellyfin/jellyfin-web,2688827952,Production,2025-07-01T18:47:00Z,fcc8c8c879a8055b20ba3838e4c009ec336048a7,success
jellyfin/jellyfin-web,2686779409,Production,2025-07-01T10:54:57Z,e10b5cda578d3c6e8fdcb5ffa4b82ce60e4621e9,success
jellyfin/jellyfin-web,2685492463,Production,2025-07-01T05:00:00Z,6316bdb53bfd1548bf8742e5c48d1f009e3dcfa9,success
jellyfin/jellyfin-web,2685110783,Production,2025-07-01T01:54:52Z,b979240a9fcecce49c29d8a600bea591832db777,success
jellyfin/jellyfin-web,2684967646,Production,2025-07-01T00:44:15Z,f97b1c52ef6bc282019f4b43cf7739762297cfe1,success
jellyfin/jellyfin-web,2684948647,Production,2025-07-01T00:36:22Z,78ea4d934246f5ffc96218d69043ec843c9947aa,success
jellyfin/jellyfin-web,2684570295,Production,2025-06-30T21:54:47Z,9f6e3c306190726384e4251217a8110b3e13258b,success
jellyfin/jellyfin-web,2683968238,Production,2025-06-30T18:54:59Z,5a1f44391df66e9c6d70dcf297e446b55666b1a4,success
jellyfin/jellyfin-web,2683528915,Production,2025-06-30T16:54:50Z,a53a2a6c86c924b3aab9a3c3e58a48f95691cbd3,success
jellyfin/jellyfin-web,2681899176,Production,2025-06-30T10:54:45Z,855276e8afe0ef42d4754918d9e8c6d647ff9f65,success
jellyfin/jellyfin-web,2681179840,Production,2025-06-30T07:54:53Z,2fd6ce69befd084d4c797792e4e11cf50e9d5626,success
jellyfin/jellyfin-web,2679716111,Production,2025-06-29T18:54:55Z,b61b96c94ddc3ac26c0b8c660445f6b74522b9da,success
jellyfin/jellyfin-web,2679434728,Production,2025-06-29T15:54:48Z,5d009c5b88b101d6bd92277f0271d2eb4264616d,success
jellyfin/jellyfin-web,2678976049,Production,2025-06-29T10:54:58Z,bd6e235806ac3e2cb63bd41023ed54c680d564ab,success
jellyfin/jellyfin-web,2678810261,Production,2025-06-29T08:54:55Z,2311203d1c40b40c9009070c01b92ec1cb5ee350,success
jellyfin/jellyfin-web,2678648070,Production,2025-06-29T06:54:47Z,a93fda3e239128430be2e2e15bc44c4bd3f77a8a,success
jellyfin/jellyfin-web,2678301131,Production,2025-06-29T01:54:47Z,44c499973a40ce12c34cc8d6cbdd379f940d5397,success
jellyfin/jellyfin-web,2678169571,Production,2025-06-28T23:54:53Z,5dcd020b1c24d1dc563475c1244f855a02f40294,success
jellyfin/jellyfin-web,2678043134,Production,2025-06-28T22:04:21Z,cfa3d64b6038bba7960adc19619e728ee7825d32,success
jellyfin/jellyfin-web,2678019852,Production,2025-06-28T21:45:23Z,2508a3e45bdd34096310af7647a1ddeaf2a75da4,success
jellyfin/jellyfin-web,2677952765,Production,2025-06-28T20:54:02Z,a0091546f9fba6760c759df3d6065898935ee7f6,success
jellyfin/jellyfin-web,2677787147,Production,2025-06-28T18:54:51Z,9ad3076e39a9e388df3b1064c8f7171247392ced,success
jellyfin/jellyfin-web,2677606527,Production,2025-06-28T16:54:49Z,ea63d71fc0e7e9934f285b1efee94935a6681c39,success
jellyfin/jellyfin-web,2677429672,Production,2025-06-28T15:01:44Z,b79500853fb3ddbb6af298e40e328f6d7a40a3ef,success
jellyfin/jellyfin-web,2677419938,Production,2025-06-28T14:54:55Z,821ae4b112375752f58afb7f560c21767063c2f9,success
jellyfin/jellyfin-web,2677241114,Production,2025-06-28T12:54:57Z,760dc0a1099c92e7a4a6ae2181ea0b8788ec8257,success
jellyfin/jellyfin-web,2677067757,Production,2025-06-28T10:54:45Z,ca990e649cdcb4728fbadaff7e8b49fa01c53e44,success
jellyfin/jellyfin-web,2676907084,Production,2025-06-28T08:54:43Z,1cbf73e92df92dc5f279ec1fa0d12a71a05f5ca2,success
jellyfin/jellyfin-web,2676747399,Production,2025-06-28T06:54:55Z,3a9be356708682f2c411f36962fa34578252f46f,success
jellyfin/jellyfin-web,2676704706,Production,2025-06-28T06:22:07Z,e8f920c10be6373ebbe732d91850d2b643958629,success
jellyfin/jellyfin-web,2676670979,Production,2025-06-28T05:58:48Z,aba3de03f2d0de1f89f91d7830059489df26777b,success
jellyfin/jellyfin-web,2676440226,Production,2025-06-28T02:54:56Z,8cb05b58a00bbd5d66baa48e2577306dcf15c1ed,success
jellyfin/jellyfin-web,2676104209,Production,2025-06-27T22:54:43Z,b9e411c660c4c81ecbead436de71fc020875c5dc,success
jellyfin/jellyfin-web,2675644123,Production,2025-06-27T19:54:50Z,f38dc83ca681e8b3d4dad67549fa3c380b8ea3c1,success
jellyfin/jellyfin-web,2675244328,Production,2025-06-27T17:55:01Z,c1678affff6d1c5e26c7518c467116084b47556e,success
jellyfin/jellyfin-web,2675182394,Production,2025-06-27T17:36:19Z,83faac6c4ff2d42063816e2997cb070c05df5e09,success
jellyfin/jellyfin-web,2675083397,Production,2025-06-27T17:07:24Z,76670c0f560e9beebbc59228c51138c1bb9c012e,success
jellyfin/jellyfin-web,2674941059,Production,2025-06-27T16:27:15Z,40d98ab6e15e9757f19d40bbaafe93b27b2e1023,success
jellyfin/jellyfin-web,2674836410,Production,2025-06-27T16:00:07Z,b823d146855e4e75da9bff0bb38d2efcf32923fb,success
jellyfin/jellyfin-web,2674512261,Production,2025-06-27T14:42:13Z,9679a45048a4390d59ce02e6df99ffdfedb1df50,success
jellyfin/jellyfin-web,2674490862,Production,2025-06-27T14:37:22Z,33637a82f589f97007cc9ad479314935bd020cd6,error
jellyfin/jellyfin-web,2673730867,Production,2025-06-27T11:31:33Z,ab8b58f32428f339e0c254279b584e815a067da2,success
jellyfin/jellyfin-web,2672266765,Production,2025-06-27T03:33:19Z,249c84b85375174acbcde2647bca480c14dce9ed,success
jellyfin/jellyfin-web,2672234510,Production,2025-06-27T03:17:46Z,dc3032249a0861a15e083fb5caba768ca270e75c,success
jellyfin/jellyfin-web,2672210155,Production,2025-06-27T03:03:42Z,46f9cac2fa5668930756a49a2b457d25fc43b2fc,success
jellyfin/jellyfin-web,2672194726,Production,2025-06-27T02:54:58Z,432776b8f4048d182a904d7328417fbebd4bc899,success
jellyfin/jellyfin-web,2672178741,Production,2025-06-27T02:45:45Z,31c3884c8a2e7c6b3f92923ad482377c307e248e,error
jellyfin/jellyfin-web,2672059409,Production,2025-06-27T01:42:55Z,a47702477754375042920742bcb1d95cc074145a,success
jellyfin/jellyfin-web,2671715652,Production,2025-06-26T22:54:46Z,f19bcf2e911a22e60c80c358fbeb7921abac5ccb,success
jellyfin/jellyfin-web,2671373153,Production,2025-06-26T20:54:50Z,2ed7623d617979fb8bb44ca5f2d0d48f760c7a13,success
jellyfin/jellyfin-web,2670936477,Production,2025-06-26T18:54:45Z,858da75601030916a215123a88c6aee92fe7c16a,success
jellyfin/jellyfin-web,2670677408,Production,2025-06-26T17:47:23Z,2e5e480ef75242f7dc606cef7e401e0c42c5caa5,success
jellyfin/jellyfin-web,2669941945,Production,2025-06-26T14:55:10Z,f2d23db4836c4f11626d5f4d0623f782e2042595,success
jellyfin/jellyfin-web,2668595250,Production,2025-06-26T09:54:52Z,f4153ae7060642b2a7466393ef79a6cdc18d5cf0,success
jellyfin/jellyfin-web,2668094917,Production,2025-06-26T07:55:03Z,acd6ccf3b3a902bd414ffd0e5738e3833d9a8cfa,success
jellyfin/jellyfin-web,2667567094,Production,2025-06-26T04:54:49Z,ccb9b202220fcad5970c0e144a3414acb18638b3,success
jellyfin/jellyfin-web,2662013621,Production,2025-06-25T00:05:17Z,e59614f373d204143f8b2c131ee77fbf8ab60f7d,success
jellyfin/jellyfin-web,2661553594,Production,2025-06-24T21:05:08Z,a925c2deabf83dbe2f67bfcea256f95a6b1ebb65,success
jellyfin/jellyfin-web,2661116105,Production,2025-06-24T19:05:13Z,8dcc089e3af09945ae5190613dfc8b7015aae0b5,success
jellyfin/jellyfin-web,2660647676,Production,2025-06-24T17:06:17Z,c2d113c7919f06e7a28d79d568863cc1183f420d,success
jellyfin/jellyfin-web,2660109550,Production,2025-06-24T15:05:14Z,cbc78e4ac740f81942fc382936b26ee5de5d142b,success
jellyfin/jellyfin-web,2656963125,Production,2025-06-23T23:26:45Z,42c71dcb97516fb0bd83b065a55b70fca84dffaf,success
jellyfin/jellyfin-web,2656585247,Production,2025-06-23T21:05:14Z,a3402d15bd42cea5a401345f5a5c39ae1af2b087,success
jellyfin/jellyfin-web,2653127091,Production,2025-06-23T07:05:21Z,19102c4afd134107141f7ebe636ca02158c37b70,success
jellyfin/jellyfin-web,2651860752,Production,2025-06-22T19:04:58Z,b3a6d105322b3079cc40a8fd0fade4a23c8e2740,success
jellyfin/jellyfin-web,2651132976,Production,2025-06-22T11:05:13Z,da316634a37e217673cc0e86224f0297dd54a363,success
jellyfin/jellyfin-web,2650541024,Production,2025-06-22T03:05:05Z,59d972e4211b25855ec7fff13713646c6bf981f7,success
jellyfin/jellyfin-web,2649904734,Production,2025-06-21T18:05:00Z,31c38ff79b194950b1a44a6a5cfffd4f8a432d94,success
jellyfin/jellyfin-web,2649078373,Production,2025-06-21T08:05:19Z,b274d89d0bafe8c72e42f262d421640bd853c788,success
jellyfin/jellyfin-web,2644777245,Production,2025-06-20T03:15:59Z,5c329c037dc968d535018188934ce511d29b3c8d,success
jellyfin/jellyfin-web,2643003898,Production,2025-06-19T15:05:08Z,14b6163e7ba391899d0f3b344d8be194d8dc61b6,success
jellyfin/jellyfin-web,2642278785,Production,2025-06-19T12:05:03Z,e8251b2169a49760881e37f126be43b78af1916e,success
jellyfin/jellyfin-web,2641183092,Production,2025-06-19T07:05:14Z,6adf7c2feac79f22997dbd04b4eae1e7625adda9,success
jellyfin/jellyfin-web,2640133217,Production,2025-06-18T23:05:10Z,2bd632f4094cf67cb9a09661b33c54ffe9628339,success
jellyfin/jellyfin-web,2639808524,Production,2025-06-18T21:05:05Z,f226155e46a369bc85d19fdcd8ef3ee88bb48c7a,success
jellyfin/jellyfin-web,2639377391,Production,2025-06-18T19:05:06Z,2b9f2c8ecce4bb7772c4b8a36ae896d31a0e4f21,success
jellyfin/jellyfin-web,2638915392,Production,2025-06-18T17:04:55Z,f3633c19b9e6076c8b9899a3ed9ad271018e1fd4,success
jellyfin/jellyfin-web,2638604639,Production,2025-06-18T15:50:54Z,bd52466dd477ce35aa0bf191c70fc8747096e0ed,success
jellyfin/jellyfin-web,2636301041,Production,2025-06-18T07:04:56Z,61796dc7ed9c1deedd929a867462784f4b4c6ca4,success
jellyfin/jellyfin-web,2635227303,Production,2025-06-17T23:05:01Z,fcaf870bd83336579f4788b2ab88adc088f9bcdc,success
jellyfin/jellyfin-web,2635059629,Production,2025-06-17T22:00:41Z,3715ff425a23b14d85c955194f31f89890d8c5da,success
jellyfin/jellyfin-web,2634890197,Production,2025-06-17T21:05:13Z,fbb49f2b29224944d5f2744467f232994a9f049e,success
jellyfin/jellyfin-web,2634559218,Production,2025-06-17T19:26:20Z,ed3c072e0dc8f0bb63d6d58178421399778a5581,success
jellyfin/jellyfin-web,2634302995,Production,2025-06-17T18:19:00Z,ae7b1c6c3828827590a651294878f3e5e9f79759,success
jellyfin/jellyfin-web,2632102461,Production,2025-06-17T10:05:03Z,a192cc0368c8704ee45de726bc10cf03b40b4815,success
jellyfin/jellyfin-web,2631837662,Production,2025-06-17T09:04:02Z,a5b32697d7b55742f567f9a143bed2f79069dd31,success
jellyfin/jellyfin-web,2630274384,Production,2025-06-16T23:05:07Z,a4e6965cf236bbea01ee1ca6cdfb2df24e6b5c0b,success
jellyfin/jellyfin-web,2629941519,Production,2025-06-16T21:05:17Z,b8f0f62aa7b98a0412ff0e82447af215cc455207,success
jellyfin/jellyfin-web,2626733720,Production,2025-06-16T08:05:04Z,0906959ab65ee35b2991de449075b7e1599f7639,success
jellyfin/jellyfin-web,2625978174,Production,2025-06-16T03:05:12Z,4579943c5929be2478c760bb5f9b3af128b69da5,success
jellyfin/jellyfin-web,2625448915,Production,2025-06-15T21:05:08Z,65e70e21dca4dbf6ccaffb62aaef76dd5a46bf60,success
jellyfin/jellyfin-web,2625183072,Production,2025-06-15T18:05:06Z,d025442baf3203f2e810617a51960ee6ac3c7fd1,success
jellyfin/jellyfin-web,2623382178,Production,2025-06-14T19:05:04Z,9d190535b1480875b1f67cf862951537fe1ededc,success
jellyfin/jellyfin-web,2623207360,Production,2025-06-14T17:05:07Z,3dceba2b469d35be26aee5ef6076f9cc4bd9bdca,success
jellyfin/jellyfin-web,2622382974,Production,2025-06-14T07:05:08Z,4da41010875b30f80d2fc7c9f5850de1440cb640,success
jellyfin/jellyfin-web,2618657806,Production,2025-06-13T08:05:08Z,1b633a45eca969ad11c239bfaaf15b44b840c496,failure
jellyfin/jellyfin-web,2617690015,Production,2025-06-13T01:05:09Z,c533883a39abaf661068eedfe5c9e3563a0bda8a,failure
jellyfin/jellyfin-web,2617469015,Production,2025-06-12T23:14:38Z,5448357d99a512ec3b5ae622f355d4a3c9f8a2f9,success
jellyfin/jellyfin-web,2616666341,Production,2025-06-12T18:24:20Z,9d434cc40d801f0473b290a77552e47675a7f8c5,failure
jellyfin/jellyfin-web,2616388015,Production,2025-06-12T17:05:27Z,b695c24489f0d9c8e04916279116f8dd7a3b94c5,success
jellyfin/jellyfin-web,2615280250,Production,2025-06-12T13:05:14Z,a47e85372028e653e72e75d6bae124bbc57fcef0,success
jellyfin/jellyfin-web,2613840045,Production,2025-06-12T07:05:06Z,e809040423e076cb62411d85adc937e840b43df0,success
jellyfin/jellyfin-web,2612791368,Production,2025-06-11T23:05:07Z,9921163d0ab4a84ccc49107064c40f8776a8072f,success
jellyfin/jellyfin-web,2612256451,Production,2025-06-11T20:06:08Z,e59e0a2815fec7b13621ad2ee99e684727ceaeb2,failure
jellyfin/jellyfin-web,2611808632,Production,2025-06-11T18:05:08Z,af0094691b793cc0587594b0edbfbabdfe4ba779,success
jellyfin/jellyfin-web,2610754596,Production,2025-06-11T14:05:49Z,c05178c6e2f0cf871d24185549824492d42f4f7b,failure
jellyfin/jellyfin-web,2610187124,Production,2025-06-11T12:05:04Z,92b7794136cb194ab622b7acd7420fe781091356,success
jellyfin/jellyfin-web,2609709661,Production,2025-06-11T10:05:15Z,a954af4628fb03ec3dae5bf9a949b16fc025df65,success
jellyfin/jellyfin-web,2608998183,Production,2025-06-11T07:05:04Z,3aaba84281192dd876ca4becfe46e4f24399cd11,failure
jellyfin/jellyfin-web,2608469884,Production,2025-06-11T03:29:07Z,9ae974f337abb3156c83c8673de2bc1e378b1c0a,success
jellyfin/jellyfin-web,2608075337,Production,2025-06-11T00:05:16Z,81401ebad68e87b4dce6ed39f00f96550e1bfda6,success
jellyfin/jellyfin-web,2607870820,Production,2025-06-10T22:31:18Z,5accabafda8d58366da8c8ccb8a2a58cdb5ed81e,failure
jellyfin/jellyfin-web,2607832357,Production,2025-06-10T22:15:17Z,5a919f9e962300817083c23561d3813e7559a323,success
jellyfin/jellyfin-web,2607540711,Production,2025-06-10T20:41:08Z,7cbd523d7af092bc8024dabbc86695a33e016ca4,failure
jellyfin/jellyfin-web,2607411220,Production,2025-06-10T20:05:20Z,cc25fa22a6de4715bf58dd7306a834178d6464a0,success
jellyfin/jellyfin-web,2606966767,Production,2025-06-10T18:05:20Z,19e14d399cb47efa39962c33f4545e8b9b9ca728,success
jellyfin/jellyfin-web,2606507737,Production,2025-06-10T16:05:28Z,d68fdcb6e7b60582a5b9358424a18b2e19317c21,success
jellyfin/jellyfin-web,2605398101,Production,2025-06-10T12:05:18Z,887b00494fc90c4e435f7cc0389e74006d835c69,success
jellyfin/jellyfin-web,2604940526,Production,2025-06-10T10:05:18Z,78ebed33f70e4bd83884cfbd51b057b5b901ac4c,success
jellyfin/jellyfin-web,2604464052,Production,2025-06-10T08:05:25Z,52fc8890a9aa64ae973537ca20389533f30018bc,success
jellyfin/jellyfin-web,2602998850,Production,2025-06-09T21:40:40Z,77913c84d4237e5db8d613fddd2d470ee9240db1,success
jellyfin/jellyfin-web,2600988506,Production,2025-06-09T12:44:05Z,02d4857a9e646cc7fe6396b2be68824bfe317dd7,success
jellyfin/jellyfin-web,2599973590,Production,2025-06-09T07:32:15Z,f32249d15ea6607710302cb4c019e10f6ad85e1d,success
jellyfin/jellyfin-web,2599961880,Production,2025-06-09T07:27:40Z,f919944ffe40ec3c63087000c58c7ae67cfa86b2,success
jellyfin/jellyfin-web,2599913806,Production,2025-06-09T07:09:20Z,fff297b3d3452ccf4ee353480f869e45b1f0d4d9,failure
jellyfin/jellyfin-web,2599857770,Production,2025-06-09T06:47:54Z,3c1b0bf9a9b74eb6e66c89ec6df0d8dc5c438f1b,success
jellyfin/jellyfin-web,2599786840,Production,2025-06-09T06:16:53Z,c90cb79b7116aea1fea34feca2d8ca04e478fd35,success
jellyfin/jellyfin-web,2598803217,Production,2025-06-08T19:25:45Z,96c741ac3802a80a0d02626e97f5a39714a9d310,success
jellyfin/jellyfin-web,2598255248,Production,2025-06-08T13:05:04Z,36e5f1b29fc2086af2cfbc39e2070a856266bb1f,success
jellyfin/jellyfin-web,2597651589,Production,2025-06-08T05:05:03Z,2bf4de6a7996ac704931b14875f978f82c572e4f,success
jellyfin/jellyfin-web,2597536621,Production,2025-06-08T03:27:46Z,6257d1ee07bdfb9f1d5f741655a851ade248b179,success
jellyfin/jellyfin-web,2597500086,Production,2025-06-08T02:48:22Z,3889d381d1001b46399279c59409e3cb8bc15119,success
jellyfin/jellyfin-web,2596425812,Production,2025-06-07T12:05:21Z,bd985dc4952fa4e563b757c65deb54e57fd0283d,success
jellyfin/jellyfin-web,2594669218,Production,2025-06-06T18:05:12Z,a4dcb55b52722e7221ff7a3536c4d8a03eb4b11d,success
jellyfin/jellyfin-web,2594461367,Production,2025-06-06T17:01:06Z,376cd3832c19cb0057a5a46de6879b9562aafe09,success
jellyfin/jellyfin-web,2593551101,Production,2025-06-06T13:05:14Z,7b678a88c90065ae212ec31c57cc8a94038b4f58,success
jellyfin/jellyfin-web,2593211306,Production,2025-06-06T11:29:40Z,bd6c7b7125d74ef0d52e9bef061646d445fd614c,success
jellyfin/jellyfin-web,2592776999,Production,2025-06-06T09:20:24Z,365b2b09b85691b6e8a1f4bd31de66fa6e91f1d8,success
jellyfin/jellyfin-web,2592339882,Production,2025-06-06T07:05:04Z,adc01f15c4a4660d63dc83a963719bdaefc85910,success
jellyfin/jellyfin-web,2591747388,Production,2025-06-06T02:15:22Z,d514a01a4bcfe9647ea227533ea583dd22bfdbd1,success
jellyfin/jellyfin-web,2591626896,Production,2025-06-06T01:05:10Z,e4c04a9bca4cad94265f3e8ffc551b4466822a4d,failure
jellyfin/jellyfin-web,2591375488,Production,2025-06-05T22:57:05Z,8fa53f369b335fc9d6fd4080793562aff10fce3f,success
jellyfin/jellyfin-web,2591273308,Production,2025-06-05T22:10:20Z,c14cca78a99f60f7e9a401ea23f890860e84917d,success
jellyfin/jellyfin-web,2590889077,Production,2025-06-05T20:05:07Z,397efa20b81fbb7bac75b76f7783035f397249fb,success
jellyfin/jellyfin-web,2590332319,Production,2025-06-05T17:05:10Z,a875475ecaf2fdfd94e5d075fbd6a60cb236ed3c,success
jellyfin/jellyfin-web,2588752177,Production,2025-06-05T11:05:29Z,015001970328e1939a45b00120134ad0d72d4425,failure
jellyfin/jellyfin-web,2586793103,Production,2025-06-04T23:05:10Z,7ceae3a799fed2d4c515da18625248cb18b43c27,success
jellyfin/jellyfin-web,2586473056,Production,2025-06-04T21:05:14Z,ec33a8004eaa010e2679c6d22d410401ac7e378b,success
jellyfin/jellyfin-web,2581930356,Production,2025-06-03T22:49:03Z,e8c5c83551c2b9eb0daa49bc070d137b70c1448a,success
jellyfin/jellyfin-web,2579661481,Production,2025-06-03T13:05:22Z,4c8ae195eb6d95229a63b392092658635602e2bf,success
jellyfin/jellyfin-web,2577049321,Production,2025-06-02T22:05:13Z,9c211382cf26524eb6464a930aed82fd1c6ea065,success
jellyfin/jellyfin-web,2576684825,Production,2025-06-02T20:08:37Z,e852931968b0c52e97b02dcd821cbd9769e29a8c,failure
jellyfin/jellyfin-web,2572766042,Production,2025-06-01T23:18:01Z,5847f58138740705c7188dd555415be5f189a4bf,success
jellyfin/jellyfin-web,2566150376,Production,2025-05-30T08:05:11Z,ddd897335f5efa4a5bc78c261353a4957b8466dd,failure
jellyfin/jellyfin-web,2560582304,Production,2025-05-28T22:14:33Z,6eee5c649e445a008398285f0327ec5ca974e08a,success
jellyfin/jellyfin-web,2557947433,Production,2025-05-28T11:05:09Z,9d53d4a107c22ad89ae5065a908854e6f1cba973,success
jellyfin/jellyfin-web,2555497309,Production,2025-05-27T20:05:15Z,3c4258c8f0b951b22bfab4b733b624259e857425,success
jellyfin/jellyfin-web,2553746699,Production,2025-05-27T13:05:05Z,0901ad8be70290c75e38782f56ef649c41fd4ae9,success
jellyfin/jellyfin-web,2553397556,Production,2025-05-27T11:44:18Z,1424e38abb1c618b5c91b126e34dc7d50b8358dc,success
jellyfin/jellyfin-web,2553245162,Production,2025-05-27T11:05:11Z,b0c3ceadcac210b30dd89e4baa10b8e76fb253bc,success
jellyfin/jellyfin-web,2552531301,Production,2025-05-27T08:05:13Z,685ef0c3cc12954061b67f12f9c2b44c4241e8ac,success
jellyfin/jellyfin-web,2551265730,Production,2025-05-26T22:06:31Z,88a9871da5c000a7a059057590379b29e9e6c4e2,success
jellyfin/jellyfin-web,2550857167,Production,2025-05-26T19:05:13Z,65d90b5190a6c4da9c012f846c942d7d3e5b27ee,success
jellyfin/jellyfin-web,2550373174,Production,2025-05-26T16:05:17Z,ec4d16d201fb0d40848a8eeab329ad653a5b826b,success
jellyfin/jellyfin-web,2548804436,Production,2025-05-26T09:05:16Z,81e001c74702756530eb3badf65911315501cbaf,success
jellyfin/jellyfin-web,2548495796,Production,2025-05-26T07:05:32Z,0f4ff1d86e8eae7e24cfb46e99c9f60d86612171,success
jellyfin/jellyfin-web,2547155992,Production,2025-05-25T17:05:09Z,2f811a1066ee8082cf4f2c6718a1ebc0127a7d34,success
jellyfin/jellyfin-web,2545955365,Production,2025-05-25T01:00:32Z,c18be02ba6c93a219e80cfdbab0098d305484321,success
jellyfin/jellyfin-web,2545835360,Production,2025-05-24T23:05:02Z,fd3c7814f065aa73ee1f2bd53277bf73a20d3df9,success
jellyfin/jellyfin-web,2545702151,Production,2025-05-24T21:05:07Z,3ce609649dee4ec0a36e160c76094a6d92239efb,success
jellyfin/jellyfin-web,2540752834,Production,2025-05-23T06:34:55Z,15b7847c2ede2b7a64b021a2db3fba8c372f3c0c,success
jellyfin/jellyfin-web,2540549273,Production,2025-05-23T05:05:05Z,09b0e1b677db0e54c50e1082953d388bbb674172,success
jellyfin/jellyfin-web,2540323072,Production,2025-05-23T03:11:35Z,b8a566b476e4d771522cdee5c7b02930ac51a61e,success
jellyfin/jellyfin-web,2538915824,Production,2025-05-22T18:05:08Z,ebeb81a2359861a99f954dedcc562aca766b648d,success
jellyfin/jellyfin-web,2538168539,Production,2025-05-22T15:00:14Z,087c994e226d47f083b6a41c84db394be2176861,success
jellyfin/jellyfin-web,2532954163,Production,2025-05-21T13:05:24Z,a208ccea9d541602fcb60a622514c24b3b5ba970,success
jellyfin/jellyfin-web,2529776264,Production,2025-05-20T19:05:12Z,e91089a3006cde1c1e837b1f45271ca92203b613,success
jellyfin/jellyfin-web,2525754691,Production,2025-05-19T22:45:08Z,4d2d46de4bf00fcab5b73862b6aaf4660c6aa903,success
jellyfin/jellyfin-web,2523670193,Production,2025-05-19T13:05:13Z,7791a55b36da8cf89d646318f6fe45ef568d208e,success
jellyfin/jellyfin-web,2523194363,Production,2025-05-19T11:05:09Z,392b1dc3a6dc81f0925667fc597769c46b85595c,success
jellyfin/jellyfin-web,2522732969,Production,2025-05-19T09:05:06Z,d0abbe9a27f65ff3365d86ad8e021d4441159137,success
jellyfin/jellyfin-web,2520046866,Production,2025-05-18T06:05:10Z,e9ab8b4d5f5dc5afef0ee8c3c50388bc7a0ca7a7,success
jellyfin/jellyfin-web,2519759564,Production,2025-05-18T01:41:19Z,f582c83e8ed96605b65f430737d86473d9ff06a6,success
jellyfin/jellyfin-web,2519203624,Production,2025-05-17T18:05:13Z,2f14cb5605ea4255f8dfc2a649a0ceaf27373f13,success
jellyfin/jellyfin-web,2518633991,Production,2025-05-17T11:05:04Z,5306c66bac9800026046e57f0228894f7921950c,success
jellyfin/jellyfin-web,2517801923,Production,2025-05-17T00:05:05Z,511c148b288d498e9435c1382f84f71c8b1773df,success
jellyfin/jellyfin-web,2517113890,Production,2025-05-16T19:05:12Z,5d9cda6dc917f04ba9b11f71a3137cdcc8dfbdab,success
jellyfin/jellyfin-web,2516916829,Production,2025-05-16T18:03:11Z,0ef29aa5a8cd367b3f29e340e1accc8b79991aa5,success
jellyfin/jellyfin-web,2516736930,Production,2025-05-16T17:05:08Z,d120a66a54c9ead53fbd68c98572e3b3f0783de8,success
jellyfin/jellyfin-web,2515508727,Production,2025-05-16T11:43:55Z,60cd07309d23494e3ba740ad1c6ff609bf94d01e,success
jellyfin/jellyfin-web,2515496684,Production,2025-05-16T11:40:08Z,63c041bb34d611ea19c258af0eb4d29447b8c54d,error
jellyfin/jellyfin-web,2515376046,Production,2025-05-16T11:04:44Z,fb0a610166534eae26133d87cc62543bf74fc6d1,success
jellyfin/jellyfin-web,2515097097,Production,2025-05-16T09:43:02Z,f000f1102b9495467b48e0dff93e7320c6261de6,success
jellyfin/jellyfin-web,2514747638,Production,2025-05-16T08:04:37Z,db0780ab407e34e74020ca4b6f5a1e0504417aea,success
jellyfin/jellyfin-web,2513966168,Production,2025-05-16T02:23:20Z,b818d40031b9bac22238451dbe3b2189c6485c85,success
jellyfin/jellyfin-web,2513948279,Production,2025-05-16T02:12:25Z,772bbb74b9e7837c1dd4f60dc1b60c4079133711,success
jellyfin/jellyfin-web,2513310291,Production,2025-05-15T21:04:55Z,2b9562509a6e1b920afb432cdef792bd1bf9ebe6,success
jellyfin/jellyfin-web,2512618625,Production,2025-05-15T17:43:00Z,086fc1911be6318c2510bbcd5cd68fe933657a53,success
jellyfin/jellyfin-web,2512488541,Production,2025-05-15T17:06:21Z,c501bb08ac47d117436829c6c799dac88b457d76,success
jellyfin/jellyfin-web,2512455749,Production,2025-05-15T16:58:12Z,94f064c9dcb57f0a9a62b7d142f418a73a9ad612,error
jellyfin/jellyfin-web,2512373930,Production,2025-05-15T16:35:18Z,915f7609e003e12bceabd1a154faf3642db1db8d,success
jellyfin/jellyfin-web,2511168584,Production,2025-05-15T12:04:41Z,54c8e995d9cc06e78f116bf91d72d77aa0f3a950,success
jellyfin/jellyfin-web,2509216618,Production,2025-05-15T00:04:49Z,58768e6ee1f055e6f09944b4ec4cb98d6591462e,success
jellyfin/jellyfin-web,2507962654,Production,2025-05-14T17:04:44Z,6903ee52abc6c7e6251d626be36c5dd8444d1644,success
jellyfin/jellyfin-web,2507777851,Production,2025-05-14T16:14:20Z,a718e744cc735bcb36dc1d3e6a0dd17b1ce23f61,success
jellyfin/jellyfin-web,2507717667,Production,2025-05-14T16:00:03Z,17196d56fdd0fe52ee4fa1faeb4cd156958f068c,success
jellyfin/jellyfin-web,2507561896,Production,2025-05-14T15:23:18Z,7135656e2a3a677e67a941523b9597bab67fbfc4,success
jellyfin/jellyfin-web,2507474650,Production,2025-05-14T15:04:41Z,8e31e2087c60c601013d41345ccef68ea5b5ac10,success
jellyfin/jellyfin-web,2507317952,Production,2025-05-14T14:32:50Z,1de8130c2aab042e91ab2825c1cd51a10f020ff2,success
jellyfin/jellyfin-web,2507232359,Production,2025-05-14T14:15:31Z,4fba4aa93dc32ab1c02919a8a6f615938699490b,success
jellyfin/jellyfin-web,2506840741,Production,2025-05-14T12:53:17Z,a54fdc22f21595ee37b6497046a508494296d206,success
jellyfin/jellyfin-web,2505956983,Production,2025-05-14T09:04:40Z,8976d9d9cd8867e79d171cf899ca553449a0d237,success
jellyfin/jellyfin-web,2505518803,Production,2025-05-14T07:04:57Z,537486755207dd64cbfce39279c183bd5a029047,success
jellyfin/jellyfin-web,2505035188,Production,2025-05-14T03:32:14Z,11a54bea59ee98eb007557b21592e87c1d641ecc,success
jellyfin/jellyfin-web,2504650056,Production,2025-05-14T00:04:35Z,89172fe5d28670964d5b869bca466a38c1d56e0d,success
jellyfin/jellyfin-web,2504266265,Production,2025-05-13T21:16:13Z,affe5b3b06f07ddfed8857a7868f09e28331815b,success
jellyfin/jellyfin-web,2504230466,Production,2025-05-13T21:04:50Z,586e3060e4a574511abd72423a9515466ea325e2,success
jellyfin/jellyfin-web,2503938427,Production,2025-05-13T19:38:49Z,7dfc1a1494b76cff316075c4dced92ee52f0eae4,success
jellyfin/jellyfin-web,2503603604,Production,2025-05-13T18:04:38Z,b08f7d73c1d259c3c60874f3093c20827504b6a8,success
jellyfin/jellyfin-web,2502892883,Production,2025-05-13T15:04:34Z,b8d2573eed03dfb22f1b151447dd86456d8382bc,success
jellyfin/jellyfin-web,2502686430,Production,2025-05-13T14:21:17Z,531bd573d66b226098898074cf90e6ead79fb6b9,success
jellyfin/jellyfin-web,2501374023,Production,2025-05-13T09:04:35Z,fec58cc8aaa9dc665105d2677b5b721415360aee,success
jellyfin/jellyfin-web,2500928406,Production,2025-05-13T07:04:38Z,7c1b3982ab899bfa5a59d17fbd35ed7174cb64ac,success
jellyfin/jellyfin-web,2500625154,Production,2025-05-13T05:04:37Z,873be50fa2f238b4d920e509ea728bccf3e888d8,success
jellyfin/jellyfin-web,2499816248,Production,2025-05-12T22:08:00Z,fc1f45e46c1c2c5c4fe7f8d4cef0e67f6b6060a5,success
jellyfin/jellyfin-web,2499639685,Production,2025-05-12T21:05:20Z,cceff83ce117d24af482a4b670c730488803f25d,success
jellyfin/jellyfin-web,2499233930,Production,2025-05-12T19:04:38Z,ee70011a62af5f5afbd71d68fe5e9c86fcea858b,success
jellyfin/jellyfin-web,2498803097,Production,2025-05-12T17:04:47Z,8eeac683ee2977519d4ce248a70233ba5c46f8dc,success
jellyfin/jellyfin-web,2498525744,Production,2025-05-12T15:53:02Z,a0e479b31f3a99e97561633e954a464e6eddfef0,success
jellyfin/jellyfin-web,2497508555,Production,2025-05-12T12:05:00Z,f71cafeb9b54f5a66f4274ded4aca8e3d7b35d96,success
jellyfin/jellyfin-web,2497073883,Production,2025-05-12T10:04:48Z,0e984bed357908dfa73cf9ee7597b4e7ecc0ef35,success
jellyfin/jellyfin-web,2496623311,Production,2025-05-12T08:04:45Z,787d08c14913b9c894d76ca1633a801a3bef7aea,success
jellyfin/jellyfin-web,2495928451,Production,2025-05-12T03:04:42Z,4731151c651ea74ef874c8a14d75563f2b1ae695,success
jellyfin/jellyfin-web,2495438620,Production,2025-05-11T21:04:53Z,d6a504e9891716c261a7a3013538a7bd25c4feff,success
jellyfin/jellyfin-web,2495107176,Production,2025-05-11T17:04:55Z,8b97bcca5978ba0d31bc3a7b06f5546de603ed1b,success
jellyfin/jellyfin-web,2494938595,Production,2025-05-11T15:04:51Z,ba3f68fe04dd321b1db6ac5eebba855dfd809d75,success
jellyfin/jellyfin-web,2494726987,Production,2025-05-11T12:32:28Z,6b12b47ec7d3ed18e4db364e25a5a2864f140c85,success
jellyfin/jellyfin-web,2494646444,Production,2025-05-11T11:32:16Z,ab6c9902b213862a52430164a491e65cc7c26f88,success
jellyfin/jellyfin-web,2493871454,Production,2025-05-11T00:04:48Z,0611b84548563a4f8127cd476fe14042aeba2dfe,success
jellyfin/jellyfin-web,2493750614,Production,2025-05-10T22:04:44Z,5924d3f7c06e52b5bae0203cf5f0b16ab54ec0fc,success
jellyfin/jellyfin-web,2483173454,Production,2025-05-07T20:05:02Z,c83fa6890cf2012cedc01812b639d9e9f787f670,success
jellyfin/jellyfin-web,2482771463,Production,2025-05-07T18:04:53Z,db4ef94fa93518cfc73c62f0c6f9a45a85bbda03,success
jellyfin/jellyfin-web,2482141319,Production,2025-05-07T15:18:07Z,7ba20879b30a7009aeb8bf73950866f9ec9d92b3,success
jellyfin/jellyfin-web,2481280742,Production,2025-05-07T12:05:02Z,eeb2e77b5a7d2f128f4a854617aaf11f8208e835,success
jellyfin/jellyfin-web,2480611753,Production,2025-05-07T09:04:43Z,d5f3f2fa1de2c29f47df756b06dec8b6b00b8a0b,success
jellyfin/jellyfin-web,2480176228,Production,2025-05-07T07:04:42Z,961e252bbe40cd43c4c17e379568498f0284b9de,success
jellyfin/jellyfin-web,2478379601,Production,2025-05-06T18:17:24Z,8b938bba18061d3d38bf74841fb19563bf62ed57,success
jellyfin/jellyfin-web,2477888512,Production,2025-05-06T16:04:50Z,996a127f1a003999e7675800c84d6987cca23c70,success
jellyfin/jellyfin-web,2477689550,Production,2025-05-06T15:18:14Z,bbbf35b6878f2fde6a4935a1411477e988a2df8f,success
jellyfin/jellyfin-web,2477348389,Production,2025-05-06T14:04:52Z,19a1644062d294b38767845cdfd5a18630db3eb9,success
jellyfin/jellyfin-web,2476900996,Production,2025-05-06T12:23:48Z,406c0b6bf9b7ef0de60a2827241fd052c736b4ee,success
jellyfin/jellyfin-web,2474583941,Production,2025-05-05T21:32:36Z,bea66ea857170039411ebe0d28562d3a90e57c49,success
jellyfin/jellyfin-web,2473904821,Production,2025-05-05T18:04:44Z,98fae262c5ebf1b9a1f7a530ac5bf9fa240cb427,success
jellyfin/jellyfin-web,2473488205,Production,2025-05-05T16:04:45Z,984d7a4f6761e3557b5914a30007976af15bffcd,success
jellyfin/jellyfin-web,2472368065,Production,2025-05-05T11:05:07Z,babe1c200dc0337daeddcae65af9aabbe90432ec,success
jellyfin/jellyfin-web,2471806519,Production,2025-05-05T08:04:47Z,7021f5c617b8e916896b9a6eea8dd6dc6e8c2733,success
jellyfin/jellyfin-web,2471030534,Production,2025-05-05T01:04:57Z,2fd4c7e8552d69bc78e39a0dd30bd603ff64e4b8,success
jellyfin/jellyfin-web,2470255350,Production,2025-05-04T15:04:42Z,cc90795f2e2a2d2a6488cf9422308d451f8b2519,success
jellyfin/jellyfin-web,2469063215,Production,2025-05-03T21:04:48Z,e4ae7404b27a268c7b4865001416d34f7e3e8c9d,success
jellyfin/jellyfin-web,2468922634,Production,2025-05-03T19:04:49Z,cbbf5c85d346e11afe6f348fb1d138b1c60323a2,success
jellyfin/jellyfin-web,2468776867,Production,2025-05-03T17:04:41Z,b1d6fd1f20314f6717916c4d69f67f2dfe4c8437,success
jellyfin/jellyfin-web,2468624881,Production,2025-05-03T15:04:56Z,0066ddaedcfe824c9df350cdb29dca8cc74b08a9,success
jellyfin/jellyfin-web,2468399510,Production,2025-05-03T12:04:49Z,a27e64f3485892e6384bcdf1e68c3eb65c174e23,success
jellyfin/jellyfin-web,2467982999,Production,2025-05-03T05:57:03Z,dd3de2815897d1e0d8d94e5eed50620c66fc3eb8,success
jellyfin/jellyfin-web,2467976708,Production,2025-05-03T05:50:09Z,18e8c6b6cbb3dc5787abb5e5fe6f54c7dd69a0a3,success
jellyfin/jellyfin-web,2467970492,Production,2025-05-03T05:44:17Z,9a3af16ebc6d5174b86a8b40cd1a23b3375cf165,success
jellyfin/jellyfin-web,2467791875,Production,2025-05-03T03:04:48Z,aa62921b98c64c1694386d689497980a7ea79be0,success
jellyfin/jellyfin-web,2467664756,Production,2025-05-03T01:04:50Z,53b9f3febd68b62d7aee61711ea078830b198e81,success
jellyfin/jellyfin-web,2467260497,Production,2025-05-02T21:04:40Z,d389c5c5c94ebbb04feebb476a019d218b940814,success
jellyfin/jellyfin-web,2466937997,Production,2025-05-02T19:04:54Z,b658f6992408e214cb641e6c2b1b35922c323edd,success
jellyfin/jellyfin-web,2465244288,Production,2025-05-02T10:04:45Z,f59c52ccdf63a584a4b1c7ee5b2f86f36286a7a9,success
jellyfin/jellyfin-web,2464195356,Production,2025-05-02T02:04:51Z,09d6eea700905e8909835dab618a54e499ca960f,success
jellyfin/jellyfin-web,2462966290,Production,2025-05-01T17:04:52Z,00d43d5d27049b5a0bc0b5139765e10cac09c3bb,success
jellyfin/jellyfin-web,2462594696,Production,2025-05-01T15:04:41Z,42fdbc967ea70a8164aedddebd3a76324ef97817,success
jellyfin/jellyfin-web,2462480195,Production,2025-05-01T14:27:13Z,f9e0817df8dc1d6ba52e2a2e48b15b5fef253689,success
jellyfin/jellyfin-web,2462105888,Production,2025-05-01T12:04:45Z,44dae15452ec0961129d1f6c15b7d0e46cd2f735,success
jellyfin/jellyfin-web,2461722276,Production,2025-05-01T09:04:48Z,b76f3bbe4143332efe7ba68ae34a2fc39c6ca800,success
jellyfin/jellyfin-web,2460758150,Production,2025-05-01T00:04:46Z,6228d369566b324752ca00e1697915f17c4f0cd4,success
jellyfin/jellyfin-web,2460520042,Production,2025-04-30T22:05:48Z,1230f45434de5e970093831ff5763c5099ed2611,success
jellyfin/jellyfin-web,2459780111,Production,2025-04-30T18:06:46Z,bb810a183a3a083f81095e1486ac063f62c8f838,success
jellyfin/jellyfin-web,2459150243,Production,2025-04-30T15:17:05Z,2ce2aec5981bbe66198b90c4c76f21d3fe5aecd7,success
jellyfin/jellyfin-web,2457113787,Production,2025-04-30T06:05:09Z,fa68da5fd128fbfac5c48e03192d8f5d78ab9b9d,success
jellyfin/jellyfin-web,2456310697,Production,2025-04-29T23:04:50Z,1b4d450bd9ae7ab692a143e0975596510ff16ea6,success
jellyfin/jellyfin-web,2455849921,Production,2025-04-29T20:15:29Z,96ba9bf8bec778b0c5a7cc8e18689f6d262d8e23,success
jellyfin/jellyfin-web,2455833576,Production,2025-04-29T20:10:32Z,d190fdb27c600a298867aa72a9377828a064e2dd,success
jellyfin/jellyfin-web,2454483477,Production,2025-04-29T14:18:29Z,da7135e77a4404e23d060c0a2ae952de967647bc,success
jellyfin/jellyfin-web,2453395739,Production,2025-04-29T09:45:57Z,fd9f754740c8742aabc35077ecd2669a7254f425,success
jellyfin/jellyfin-web,2453015161,Production,2025-04-29T08:04:52Z,66b21c5925e268b0d26150d1507d0eaa9814cadd,success
jellyfin/jellyfin-web,2451564049,Production,2025-04-28T21:04:55Z,f9f1f11406f9e0444874c6b1dd97815e3ac012d8,success
jellyfin/jellyfin-web,2450777127,Production,2025-04-28T17:05:03Z,c31dbc21c07c6f9414242760e57d6bc80a5db9b4,success
jellyfin/jellyfin-web,2449148261,Production,2025-04-28T10:05:54Z,ce41095ba97b92732d5a65004b6a1e9b35f750fb,success
jellyfin/jellyfin-web,2447354357,Production,2025-04-27T18:04:44Z,4e2b6290aaa4d2f99e0b190088b1bd0d89ee4ff8,success
jellyfin/jellyfin-web,2447031400,Production,2025-04-27T14:04:59Z,46febba85b6f077eb73f53e78f780f6d7c4a1b22,success
jellyfin/jellyfin-web,2446874989,Production,2025-04-27T12:04:41Z,4d23589f2d3fe776dcaad43bc85bc7fa47aa4aed,success
jellyfin/jellyfin-web,2446724948,Production,2025-04-27T10:04:49Z,9d856bb9b33e10ff90631f8763a27e00a485c589,success
jellyfin/jellyfin-web,2445017815,Production,2025-04-26T09:04:53Z,b468f0dbeba60180965e31f627c4b0e85890115b,success
jellyfin/jellyfin-web,2444078951,Production,2025-04-25T21:04:44Z,20816d4edbadb035dede0617cf5447275697f876,success
jellyfin/jellyfin-web,2440099955,Production,2025-04-24T21:05:02Z,5d1b1e266a4f5d8e861a16991f35b83de993eb02,success
jellyfin/jellyfin-web,2439494577,Production,2025-04-24T18:05:03Z,8cde855daa9bac7304ce056e551fa4d7eb04ccf9,success
jellyfin/jellyfin-web,2438625016,Production,2025-04-24T14:27:46Z,0e52e92e0bfe330652a6e9580e9cf41d734258a1,success
jellyfin/jellyfin-web,2438239749,Production,2025-04-24T13:05:02Z,2ca88c8e675b6f2aaba995e9e65017f4a669e7eb,success
jellyfin/jellyfin-web,2435648039,Production,2025-04-23T21:05:06Z,a1a8ce1eaf4ac5cd62ee0bda1883790a5400ead4,success
jellyfin/jellyfin-web,2434330676,Production,2025-04-23T15:04:46Z,08c19fd59ae16318ce952228e89c04e3df6dffcc,success
jellyfin/jellyfin-web,2434302397,Production,2025-04-23T14:58:59Z,904014c2d548b2182bfb6f8654f2a63c1c84cc4e,success
jellyfin/jellyfin-web,2433090326,Production,2025-04-23T10:04:57Z,cb2c64c6d5db5f993c25e963245a61e104543c4b,success
jellyfin/jellyfin-web,2432636076,Production,2025-04-23T08:05:02Z,ddd4d0143bca145849a6f8e473829bb7b47eff6f,success
jellyfin/jellyfin-web,2430578660,Production,2025-04-22T18:04:54Z,1f76a661337c8af82ba8072176cbd2ba88d44ae9,success
jellyfin/jellyfin-web,2430444152,Production,2025-04-22T17:24:43Z,833ecf8b0ca7ae005663cef035c140fc661790e9,success
jellyfin/jellyfin-web,2427984984,Production,2025-04-22T06:40:50Z,abfc14d745f25db354b606bfc094f2588857df8f,success
jellyfin/jellyfin-web,2427227698,Production,2025-04-22T00:04:40Z,110f442916be92657efd9788ab59587ad8fdf694,success
jellyfin/jellyfin-web,2426847380,Production,2025-04-21T21:04:57Z,06e0007564c5b2b1f25952c7e8265ca29e4f4aca,success
jellyfin/jellyfin-web,2426165604,Production,2025-04-21T17:04:47Z,785ce73858067a6711a78cd22299b2cfca8c6f41,success
jellyfin/jellyfin-web,2425340979,Production,2025-04-21T12:04:46Z,423161d5514ecdef2d10061a87c20b5a1465d908,success
jellyfin/jellyfin-web,2424802345,Production,2025-04-21T08:04:47Z,09e82bc9f3bc900a4e4c4b4647f0963e821d1af7,success
jellyfin/jellyfin-web,2424555975,Production,2025-04-21T06:04:42Z,c01efe7e2fcfffad254dbb217d389d871ad1d62c,success
jellyfin/jellyfin-web,2424522918,Production,2025-04-21T05:46:04Z,3e0556f093a60536f563841cfd5cde0d7ceafaa5,success
jellyfin/jellyfin-web,2423459752,Production,2025-04-20T16:04:48Z,0c51a335a419adead64b95cb27a91093c92ff7fd,success
jellyfin/jellyfin-web,2423248944,Production,2025-04-20T13:22:00Z,28f8528b2b5a25b6665039dfa48d6b16314044c2,success
jellyfin/jellyfin-web,2423151726,Production,2025-04-20T12:04:46Z,ea0f97ded4dd98be4eddc6fc172896621ec0e82c,success
jellyfin/jellyfin-web,2423020823,Production,2025-04-20T10:15:48Z,fffcfcdf8c91cbf55724eebb96c881c3fd4b0998,success
jellyfin/jellyfin-web,2422929310,Production,2025-04-20T08:58:45Z,487085e0dd219a9a0a765b1847ded3969689ab33,success
jellyfin/jellyfin-web,2422311147,Production,2025-04-19T23:05:20Z,1ce388882594fe61a074e713f9107186e15b8d31,success
jellyfin/jellyfin-web,2421987569,Production,2025-04-19T18:21:32Z,67b8f7d314fb4e185475cc68001c147271d511e9,success
jellyfin/jellyfin-web,2421967966,Production,2025-04-19T18:05:48Z,a0c4f4a7e33ea19fd52d23e6e90b677d726ea7d2,success
jellyfin/jellyfin-web,2421960146,Production,2025-04-19T18:01:16Z,017895307619e2646d7332caf5aaf77de38c11b2,success
jellyfin/jellyfin-web,2421722637,Production,2025-04-19T14:55:21Z,04e43f880d7733ff5f5acc78a0b50c6afaf3be5f,success
jellyfin/jellyfin-web,2421647929,Production,2025-04-19T13:56:01Z,51f35f591d8563a35ff147e6bc7140e55025c8f4,success
jellyfin/jellyfin-web,2421134370,Production,2025-04-19T06:35:07Z,ad72b9015cf6f2fe6a7625c7402078dcd953f137,success
jellyfin/jellyfin-web,2420897055,Production,2025-04-19T03:04:52Z,44553a8ba018b81753cef5f208334910d6c791d7,success
jellyfin/jellyfin-web,2420698561,Production,2025-04-19T00:04:49Z,282f834ae7d9e3b42c0838599cee1e5d65f935c7,success
jellyfin/jellyfin-web,2420171213,Production,2025-04-18T19:04:49Z,d49618ca371e9e047c17fe4ccac774e7d453b368,success
jellyfin/jellyfin-web,2419713076,Production,2025-04-18T15:52:04Z,9e48d77196bcd283471351711a1fe17684df8a4a,success
jellyfin/jellyfin-web,2419385216,Production,2025-04-18T13:43:06Z,9e20d5d95415a0e9b6f8b334a2858d906edb9259,success
jellyfin/jellyfin-web,2418385047,Production,2025-04-18T06:04:47Z,ed1e872f83fdedeaee4c63d9438efdbf150d2a79,success
jellyfin/jellyfin-web,2417885266,Production,2025-04-18T00:36:10Z,65539a96645e2872ce6ca6f45603d68091ebee4a,success
jellyfin/jellyfin-web,2417866051,Production,2025-04-18T00:25:22Z,b4bbd864ea38c1360aded712a5144fe5b7044fd6,success
jellyfin/jellyfin-web,2416509569,Production,2025-04-17T16:04:41Z,26a0bc44b8d3480747ba30f38763735f42e3df15,success
jellyfin/jellyfin-web,2414538793,Production,2025-04-17T07:04:39Z,9226fbd9eb12d849c2eed945a8cfce74c9fe2bf1,success
jellyfin/jellyfin-web,2414147839,Production,2025-04-17T04:04:47Z,12931033be4d2659427f54cefaf17a3b605490f2,success
jellyfin/jellyfin-web,2413008317,Production,2025-04-16T19:38:40Z,b1de18a49eede50a027fd7f6ed6579c4bd81cdcf,success
jellyfin/jellyfin-web,2412004633,Production,2025-04-16T15:05:40Z,4ccaa5c29cf7d060dd39884b629bd569687c7517,success
jellyfin/jellyfin-web,2411211855,Production,2025-04-16T12:05:41Z,c4032df8ff945648e20c2e93c69c47582545e8c5,success
jellyfin/jellyfin-web,2409295490,Production,2025-04-16T00:04:49Z,1decc872356598a0da160cd3036d7e243d9b4afb,success
jellyfin/jellyfin-web,2409179644,Production,2025-04-15T23:03:19Z,19e22d014fe0c4d709578c21f6c642dc6353a743,success
jellyfin/jellyfin-web,2407655543,Production,2025-04-15T15:18:15Z,2ce1388858bf382d95671dd9aae3ec53cfd5ceec,success
jellyfin/jellyfin-web,2406865900,Production,2025-04-15T12:24:15Z,d975d86595c3f24f57c882dda14d1985c1a5e671,success
jellyfin/jellyfin-web,2405978432,Production,2025-04-15T08:26:33Z,010ca8f3d3b773356ae74ead3428bd478497f077,success
jellyfin/jellyfin-web,2404718481,Production,2025-04-14T23:02:45Z,ea1e7435fea8a5336c3304c9f3e14371c7161b80,success
jellyfin/jellyfin-web,2403692402,Production,2025-04-14T17:26:33Z,e526067d295f7a5dd95067d049cc0dd0264944ae,success
jellyfin/jellyfin-web,2403437010,Production,2025-04-14T16:15:18Z,a840b1e8eec6174397ef4406f819255ec166e91e,success
jellyfin/jellyfin-web,2402747469,Production,2025-04-14T13:37:13Z,68be96b629035a3db4e114a2613f18f09807ed0b,success
jellyfin/jellyfin-web,2401680915,Production,2025-04-14T08:53:55Z,0264a0145f3519cb24716fdcf184db166761563f,success
jellyfin/jellyfin-web,2401292759,Production,2025-04-14T06:54:38Z,754615635a118559c9bdf5406e1fd59a3bb3315a,success
jellyfin/jellyfin-web,2401257944,Production,2025-04-14T06:40:52Z,a8107c5867a432f09cd486a9f327f04313719be1,success
jellyfin/jellyfin-web,2400805633,Production,2025-04-14T02:44:06Z,4468463a4d2ebbc4ce8088ed213274fdd3da3b01,success
jellyfin/jellyfin-web,2400772017,Production,2025-04-14T02:24:41Z,d3b8e911f7df67e1667b7fa6e11ab067a47407d1,success
jellyfin/jellyfin-web,2400659931,Production,2025-04-14T01:04:54Z,fce0a7e999609b83db8e273c45e9b2e6e567fa98,failure
jellyfin/jellyfin-web,2400114167,Production,2025-04-13T18:04:42Z,ffbd8aa8377086d57d90c1ec9e7e1b92b0fd8f8d,success
jellyfin/jellyfin-web,2400057568,Production,2025-04-13T17:22:59Z,f32fbca32a88b417e0a18969313d68bbff651846,success
jellyfin/jellyfin-web,2399872409,Production,2025-04-13T15:04:59Z,026beb5384570a7276c19624199694c07520deab,success
jellyfin/jellyfin-web,2399100058,Production,2025-04-13T04:04:36Z,f03bb2f57863f792804bdab420bd8b4a3a221f33,success
jellyfin/jellyfin-web,2398660892,Production,2025-04-12T20:20:10Z,e064d61e7270b95ae6af302f57c3f21a85c8ac72,success
jellyfin/jellyfin-web,2398421162,Production,2025-04-12T17:04:55Z,d632a90a9de14ecf1d37398c42def318510a3fa8,success
jellyfin/jellyfin-web,2398199507,Production,2025-04-12T14:12:31Z,47e1a5fd72b6628331869463f3f1e453a812e549,success
jellyfin/jellyfin-web,2398113127,Production,2025-04-12T13:04:53Z,833c33a417d2f5ee61acac53d9be377bb64a7beb,success
jellyfin/jellyfin-web,2397692265,Production,2025-04-12T07:04:48Z,f3bd3bd8fb13786f8cdf4ac733a6628631057a98,success
jellyfin/jellyfin-web,2397644158,Production,2025-04-12T06:21:18Z,f033a8d62f3d007ce579baa1e5285c01f2a33fb0,success
jellyfin/jellyfin-web,2397557466,Production,2025-04-12T05:04:54Z,7be8cfe5d0e70d2493cbdc4256d57558514648bf,success
jellyfin/jellyfin-web,2397310935,Production,2025-04-12T01:33:59Z,24f95cffbff59c01f6c2c372f9c59210799e9fab,success
jellyfin/jellyfin-web,2397276739,Production,2025-04-12T01:04:52Z,c33bd7df14175aef8fbac8ee866e0ba279d33cd5,success
jellyfin/jellyfin-web,2396976458,Production,2025-04-11T21:53:09Z,5ad748060483dc18ba87a7605c928f4eefa29e4b,success
jellyfin/jellyfin-web,2396965104,Production,2025-04-11T21:47:41Z,d2f1a1a45c4d1ae555d7c00057c308f3f160de75,success
jellyfin/jellyfin-web,2396919956,Production,2025-04-11T21:27:29Z,61b49d2d67162269574ba5c3e4b0d4627bf8e2b9,success
jellyfin/jellyfin-web,2396833979,Production,2025-04-11T20:53:30Z,fb355a73deacdd6b33500b6ad5e54a1cb2736c16,success
jellyfin/jellyfin-web,2396801475,Production,2025-04-11T20:41:05Z,b55cb609cbd965dd7ac2cef0ab2ff84cb43146a0,success
jellyfin/jellyfin-web,2396727413,Production,2025-04-11T20:14:14Z,298236e5a0e225973c89af11700dd26dade53313,success
jellyfin/jellyfin-web,2396675822,Production,2025-04-11T19:56:51Z,17f41fc33a3f228768fe410fa923382a3433ee8e,success
jellyfin/jellyfin-web,2396604762,Production,2025-04-11T19:31:15Z,a9b25d9d816c443f2ee34d72c437d40741648dbd,success
jellyfin/jellyfin-web,2396549581,Production,2025-04-11T19:11:37Z,0e07c6b45113e05c066357e2fe8399ec4a28777e,success
jellyfin/jellyfin-web,2395644716,Production,2025-04-11T14:40:42Z,c1376c1d8df10450c4f99a6ad191fcc9f729f311,success
jellyfin/jellyfin-web,2395576991,Production,2025-04-11T14:23:39Z,f91f934b3de8a4ed5d0be8fce097e94d175a24fd,success
jellyfin/jellyfin-web,2394446582,Production,2025-04-11T09:04:48Z,c574092c8b900650194262457670d0631b24e06c,success
jellyfin/jellyfin-web,2393864888,Production,2025-04-11T05:40:06Z,75bc06b264aa468fb2fa6ab78c59ecdea819d4a1,success
jellyfin/jellyfin-web,2393779517,Production,2025-04-11T04:57:11Z,971dcc162dc1f286967f53f158cd8e05846755f2,success
jellyfin/jellyfin-web,2392987097,Production,2025-04-10T21:57:41Z,d142c4d16cce959606657fd74c8e364eac1322b7,success
jellyfin/jellyfin-web,2392841676,Production,2025-04-10T21:04:45Z,8671b6e0c30987fa6443b25b99ad1f55d3cb8bf8,success
jellyfin/jellyfin-web,2391575025,Production,2025-04-10T15:06:13Z,60cd6fb95347a71d730af54aaf0eb9cb01a5975a,success
jellyfin/jellyfin-web,2389177377,Production,2025-04-10T03:08:54Z,c9ccec834a759b0480a00fccdb2a2cdbe3954df4,success
jellyfin/jellyfin-web,2388253925,Production,2025-04-09T20:05:03Z,1fee2d00d7ac00db43dde21e618e71fab750ea14,success
jellyfin/jellyfin-web,2387858439,Production,2025-04-09T18:04:46Z,3668d829e091798e3d9f2c5cd1bb4e09307c606f,success
jellyfin/jellyfin-web,2387406094,Production,2025-04-09T15:59:56Z,21296eb4fc6882475d860e865a8a61a03ede6d0c,success
jellyfin/jellyfin-web,2386898319,Production,2025-04-09T14:04:58Z,c1780ea8b0f0482d2dbbeec8f057c94efa59cc87,success
jellyfin/jellyfin-web,2386356760,Production,2025-04-09T11:57:35Z,5139be936847c20b41411189e70e5a0d1b2428aa,success
jellyfin/jellyfin-web,2385511288,Production,2025-04-09T08:04:57Z,fc8e4ee6c2d934f56196d552466468131a29a1d9,success
jellyfin/jellyfin-web,2383872397,Production,2025-04-08T20:04:56Z,1c296630c776fa302c392fe8cb79735ae835eb44,success
jellyfin/jellyfin-web,2383253841,Production,2025-04-08T17:04:48Z,5bf2d93d8f36543f8df2fcc2e7fd8c89b0088579,success
jellyfin/jellyfin-web,2382771473,Production,2025-04-08T15:05:03Z,10365f9087d7899580ecc6bfe08a1e1b461f623b,success
jellyfin/jellyfin-web,2382246353,Production,2025-04-08T13:11:34Z,84faee2afb935dec27e2347d2dc63ad535036426,success
jellyfin/jellyfin-web,2381306208,Production,2025-04-08T09:04:41Z,9157674ca51f81afff9f0d89b789e7a1203fac69,success
jellyfin/jellyfin-web,2380841070,Production,2025-04-08T06:54:16Z,b057b7728fb254255df3130e7e2196a00da471df,success
jellyfin/jellyfin-web,2380740895,Production,2025-04-08T06:16:29Z,a306bdaded87001259d6d1e726f8c42c4bb021f0,success
jellyfin/jellyfin-web,2380730700,Production,2025-04-08T06:12:20Z,7c85627d75a579e36ef70f93005867bac7e8f9e5,error
jellyfin/jellyfin-web,2380716857,Production,2025-04-08T06:07:29Z,536e5ffb42483c4cfdcf4a3d95811abff19a052e,success
jellyfin/jellyfin-web,2380693691,Production,2025-04-08T05:59:13Z,5d095f5c4667805e62fcdc407f4ae55d4e4fd325,success
jellyfin/jellyfin-web,2379603380,Production,2025-04-07T21:04:52Z,df435e6962c7872ba89eb5cf18b516de4172cc8e,success
jellyfin/jellyfin-web,2379210125,Production,2025-04-07T19:04:48Z,a59d0a9d14823cb242ec63c04428c65c32a73a9b,success
jellyfin/jellyfin-web,2378809807,Production,2025-04-07T17:04:48Z,4c23e4b58f3f75b9aaf072e773058f4ecd6e9f93,success
jellyfin/jellyfin-web,2378568739,Production,2025-04-07T15:59:22Z,38466eb244603f4ecdc6a19f4b3a1ffafc5de17c,success
jellyfin/jellyfin-web,2378326968,Production,2025-04-07T15:01:32Z,54b644dbd5caf941d255efc74e6f94f42272035a,success
jellyfin/jellyfin-web,2378151926,Production,2025-04-07T14:22:16Z,b05a03a23b11b4a79d4575de118e03c480782f0d,success
jellyfin/jellyfin-web,2377581849,Production,2025-04-07T12:08:08Z,0f77a28442d47f50cddf0310f90685524af4f087,success
jellyfin/jellyfin-web,2377552480,Production,2025-04-07T12:00:57Z,e1ff34e7606fd8f016b755e3adad3abeb11fa870,success
jellyfin/jellyfin-web,2377534848,Production,2025-04-07T11:55:47Z,085d28a9d84729d7b27f9e038c84e87c70acc33e,success
jellyfin/jellyfin-web,2377355304,Production,2025-04-07T11:05:01Z,4249514a7b65ac5947109050d9d49cabbc063c74,success
jellyfin/jellyfin-web,2376600074,Production,2025-04-07T07:31:15Z,8fe2c04afd6fe91edb97b3fd607169f9bd768432,success
jellyfin/jellyfin-web,2375559338,Production,2025-04-06T21:04:58Z,82b82ee97d333bce2a19b3db43e694436579ab6e,success
jellyfin/jellyfin-web,2375237869,Production,2025-04-06T17:04:44Z,a5e6e278a666eae8cfd893575fa2de53f3ac354d,success
jellyfin/jellyfin-web,2374836501,Production,2025-04-06T12:04:42Z,8e3ca1ff4e368ba9c37a9727ae49abfd649d7841,success
jellyfin/jellyfin-web,2374689630,Production,2025-04-06T10:04:55Z,a6e7b419e4392a6d7be202b70ae8038b273d43ee,success
jellyfin/jellyfin-web,2374544595,Production,2025-04-06T08:04:54Z,a580e2998fc11645a1caf99568599421ccba39d5,success
jellyfin/jellyfin-web,2374287867,Production,2025-04-06T04:04:44Z,ddd3c698053c3f8f5c9d70fa1d9375460a69dddd,success
jellyfin/jellyfin-web,2373795343,Production,2025-04-05T20:04:43Z,27a6264f1b672b6406d553e469e8a4176413e56e,success
jellyfin/jellyfin-web,2373566976,Production,2025-04-05T17:04:07Z,239da6e3e1a688e9c2cc5eeb367d21f976ac5ed7,success
jellyfin/jellyfin-web,2373489483,Production,2025-04-05T16:04:45Z,cf9145830e23d9244813e66577b40488391ba497,success
jellyfin/jellyfin-web,2372683483,Production,2025-04-05T04:36:09Z,8f57b7450c247b671e09e056b835d6cca3e3609c,success
jellyfin/jellyfin-web,2370946569,Production,2025-04-04T15:04:54Z,6387d7977627c1f3130c469c97d2a5a71ad85ab7,success
jellyfin/jellyfin-web,2369686803,Production,2025-04-04T09:04:54Z,80a79203064daedbc9a3529bca07dfa90c36fe9e,success
jellyfin/jellyfin-web,2368127597,Production,2025-04-03T21:04:58Z,071ce31c1fe3edbb7268b7e8de58626f27c6a284,success
jellyfin/jellyfin-web,2367749675,Production,2025-04-03T19:04:48Z,ec7b2e51f47fedcdb584fde2c5139852e7358ae2,success
jellyfin/jellyfin-web,2367341970,Production,2025-04-03T17:05:01Z,c3023452269aab1629bd00697c72e8e64c5890d0,success
jellyfin/jellyfin-web,2365888802,Production,2025-04-03T11:04:47Z,1b797bbe184aa1515285362ee94c580470df5388,success
jellyfin/jellyfin-web,2365455807,Production,2025-04-03T09:04:56Z,cdbefe1bf2ce5189eef11991c4af8c16b28585df,success
jellyfin/jellyfin-web,2365078312,Production,2025-04-03T07:16:09Z,aef49e450cebc093f6bd24adedbbf1e93dc55f2a,success
jellyfin/jellyfin-web,2365044128,Production,2025-04-03T07:04:45Z,524be2aed55f68a414ebab33faa2de49ac4b2e22,success
jellyfin/jellyfin-web,2364544419,Production,2025-04-03T03:04:50Z,bac86c6de64e658ec42ad51502664616063d7cfd,success
jellyfin/jellyfin-web,2364224006,Production,2025-04-03T00:05:10Z,13b75ac370a0f7db45173cf5e436eee9b37c0b2d,success
jellyfin/jellyfin-web,2364105961,Production,2025-04-02T23:03:07Z,9e50b3908d83046613d4f6591955567f39539343,success
jellyfin/jellyfin-web,2363617759,Production,2025-04-02T20:04:49Z,90a10d5b720e434688bae3d2aa729d3b19e63664,success
jellyfin/jellyfin-web,2363279629,Production,2025-04-02T18:20:10Z,00ed3399714e3d3ff6e345969d71f93b48fed144,success
jellyfin/jellyfin-web,2363199666,Production,2025-04-02T17:56:27Z,bec2329c81d627865bb587503c3fb497a1763e00,error
jellyfin/jellyfin-web,2362739091,Production,2025-04-02T15:48:54Z,a26f6eae55d42aa5f6e6cc7bea359b9639800485,success
jellyfin/jellyfin-web,2362718141,Production,2025-04-02T15:43:44Z,938287e2ab297f18e5e35e97794a357b3132f615,success
jellyfin/jellyfin-web,2362639979,Production,2025-04-02T15:24:45Z,28ef1b49fe01b843c023eb573577abd3ae851916,success
jellyfin/jellyfin-web,2362281908,Production,2025-04-02T14:04:54Z,b95a9455c2ebfecbc5bc1cbabba2d455d664915e,success
jellyfin/jellyfin-web,2361780982,Production,2025-04-02T12:04:51Z,444a4c80c4ff1d384ba5b888fcfef1a92aa3de89,success
jellyfin/jellyfin-web,2360913409,Production,2025-04-02T08:04:51Z,d49db2a46405d337a5cddd9ad2550e9506da6187,success
jellyfin/jellyfin-web,2360828885,Production,2025-04-02T07:39:26Z,54ec400873939d437ee48b6d7cf665b021fd1977,success
jellyfin/jellyfin-web,2360600671,Production,2025-04-02T06:17:37Z,2a327dace91a226420888b15dffb90e3643ab948,success
jellyfin/jellyfin-web,2360498475,Production,2025-04-02T05:31:03Z,248d88a584a79ce052fcab23a26c01f44328c003,success
jellyfin/jellyfin-web,2360489625,Production,2025-04-02T05:25:58Z,bf30d76ac00cb01b5c10ea0d6e1ea737f1da6e73,success
jellyfin/jellyfin-web,2360447878,Production,2025-04-02T05:04:42Z,627abf9db80efd6a0b0667e90351d897c9f5a2b1,success
jellyfin/jellyfin-web,2360008569,Production,2025-04-02T01:04:51Z,6ecd29339e764474451fa950d1886a65ea09d4ee,failure
jellyfin/jellyfin-web,2359980096,Production,2025-04-02T00:48:22Z,315c66e9c4ae5421cd9378c2cd440f5f165674c4,success
jellyfin/jellyfin-web,2359783024,Production,2025-04-01T23:04:56Z,aa6e0468cd127a2e15457605aefc29880655485f,success
jellyfin/jellyfin-web,2359417296,Production,2025-04-01T20:43:19Z,cc8e403c8d3a7bd7fc04d537f577ce991153095f,success
jellyfin/jellyfin-web,2359152603,Production,2025-04-01T19:22:12Z,8e9fb472863fd668ff37e6d5a3c99dc422c455e8,success
jellyfin/jellyfin-web,2359125656,Production,2025-04-01T19:14:20Z,d4995834df2b77d2055a06588ae2beb00575cd8e,success
jellyfin/jellyfin-web,2358211492,Production,2025-04-01T15:04:52Z,2685950934a4714aef8181a2f440fba437545551,success
jellyfin/jellyfin-web,2357001318,Production,2025-04-01T10:04:46Z,fd911cb714a804bc7f8f7ed9aaffe1d9648357d5,success
jellyfin/jellyfin-web,2355772623,Production,2025-04-01T02:05:08Z,a1499b18dcd6919c4d42ecf2708094df36431ecd,success
jellyfin/jellyfin-web,2355297007,Production,2025-03-31T22:04:40Z,70dbe45e2ef8485eca68fb62a11d5a06a08f97f7,success
jellyfin/jellyfin-web,2354944039,Production,2025-03-31T20:04:55Z,48f9111572b4bafd182633e45ae3423fcbb517fc,success
jellyfin/jellyfin-web,2353290125,Production,2025-03-31T12:35:02Z,dbb0941fef0aecd840a45b85e87e856c9ae3bad2,success
jellyfin/jellyfin-web,2352803142,Production,2025-03-31T10:05:01Z,5a295f961b15367b6b4195d9e20102d3ee7988e8,success
jellyfin/jellyfin-web,2350843134,Production,2025-03-30T15:04:47Z,7d84185d0e423b4f214c5d70ac635603a5220046,success
jellyfin/jellyfin-web,2350748135,Production,2025-03-30T13:52:55Z,98b78c12597f46280da24157926c7886a436bf5b,success
jellyfin/jellyfin-web,2349502912,Production,2025-03-29T19:04:49Z,4638e80b21adf5dcd412361592cc749b37a689e9,success
jellyfin/jellyfin-web,2349197598,Production,2025-03-29T15:04:46Z,f347e79bc8ad1d6c0e93f3579e1f8240fef286de,success
jellyfin/jellyfin-web,2349050171,Production,2025-03-29T13:04:39Z,fbe688c83f48f91686ef5c5c268ff6c36c942eea,success
jellyfin/jellyfin-web,2348844250,Production,2025-03-29T10:04:45Z,1858d84d62d620bf017d1c1d19c053c48c391b46,success
jellyfin/jellyfin-web,2348709660,Production,2025-03-29T08:04:39Z,d84826831f50bc1baf3bf441493a67dbf3112646,success
jellyfin/jellyfin-web,2348310252,Production,2025-03-29T02:04:48Z,75c364e2cbe2f626cd575672484028b0ea269fd8,success
jellyfin/jellyfin-web,2348294076,Production,2025-03-29T01:48:52Z,d64e634d4c16bc30a6c9bbfeb2adabab28d4dbfe,success
jellyfin/jellyfin-web,2348287836,Production,2025-03-29T01:42:48Z,a031155bcf7aecc979e1fdeccd8e159a550b2629,success
jellyfin/jellyfin-web,2347106769,Production,2025-03-28T17:03:58Z,27e92802d520c0c59245bf29b7222a1cbfd463a5,success
jellyfin/jellyfin-web,2346670825,Production,2025-03-28T15:04:45Z,ae142947ab63a8e8a64774039aef06bfaa40b4f7,success
jellyfin/jellyfin-web,2345791683,Production,2025-03-28T11:04:45Z,f008d803e819c324cbac2ae1d2e7d578a7de9e28,success
jellyfin/jellyfin-web,2344328148,Production,2025-03-28T00:13:18Z,3df2a1fe53f1c5ed3dc058f4c56ce2bd76b3d868,success
jellyfin/jellyfin-web,2342595439,Production,2025-03-27T15:08:49Z,ccd10704170d478d78a5d885e95eef831b0e67ba,success
jellyfin/jellyfin-web,2342029120,Production,2025-03-27T13:04:41Z,d79839a528b7fbe3bbf5bcfd046052654415773c,success
jellyfin/jellyfin-web,2341363459,Production,2025-03-27T10:04:52Z,40e1c975074153e7a705846dda0b6d947a0f16ed,success
jellyfin/jellyfin-web,2340953276,Production,2025-03-27T08:04:48Z,4f938412df269200394929115fc2233fc3906beb,success
jellyfin/jellyfin-web,2340198634,Production,2025-03-27T02:04:50Z,f6bc738bcbe0c1e367b524519c300ead0fd7ef10,success
jellyfin/jellyfin-web,2339895786,Production,2025-03-26T23:18:52Z,913bd319b1b26061b7457eb26d38fbbe87972001,success
jellyfin/jellyfin-web,2339882474,Production,2025-03-26T23:12:03Z,d6cd1e92be251ed45079b48207178bb29e09248f,success
jellyfin/jellyfin-web,2339851241,Production,2025-03-26T22:59:04Z,7aae8745a802f188d513451432bb904b566d65ff,success
jellyfin/jellyfin-web,2339726914,Production,2025-03-26T22:04:45Z,26e86f49a4baa38ae1f89e34fbea04c1175978b2,success
jellyfin/jellyfin-web,2339616716,Production,2025-03-26T21:23:17Z,cf6a3d052b1d3203a1ca69442505452be144fdf4,success
jellyfin/jellyfin-web,2336140011,Production,2025-03-26T04:52:12Z,27febb599cd447b0b72e56ada6382bac40547789,success
jellyfin/jellyfin-web,2334491577,Production,2025-03-25T17:37:23Z,f315729b64ecb4cfc7ea291fd4a28faa6747f90c,success
jellyfin/jellyfin-web,2332993513,Production,2025-03-25T11:49:58Z,58c0617f411c3590f6d5565c056e383f5e7156b0,success
jellyfin/jellyfin-web,2331320852,Production,2025-03-25T01:11:43Z,e430f8b43ae84dfd14e13f9fb960f9b897dab6cf,success
jellyfin/jellyfin-web,2331283358,Production,2025-03-25T00:51:24Z,a5f6e2db35ec0d4f1d656a53e19e1f7ee40b61cf,success
jellyfin/jellyfin-web,2331275501,Production,2025-03-25T00:47:16Z,ed684a2b9eaf7ed056ca284596e099bda0c8c6a3,error
jellyfin/jellyfin-web,2329704909,Production,2025-03-24T16:05:45Z,a9ded390ed4e925eb5da2afc665ccc8b5aae6f00,success
jellyfin/jellyfin-web,2329653576,Production,2025-03-24T15:53:48Z,691409c402a6ca38e4e6cbb51fa5d9ffe65ed124,success
jellyfin/jellyfin-web,2329499494,Production,2025-03-24T15:18:06Z,7262f0ad24adfd6fc87017a9dfa78509dded278a,success
jellyfin/jellyfin-web,2328909150,Production,2025-03-24T13:04:50Z,ab08ac3701a4f3386544103b2d47383accd98582,success
jellyfin/jellyfin-web,2328248255,Production,2025-03-24T10:04:47Z,24f699efa51b186e87b0f4a9d958bb97df41249c,success
jellyfin/jellyfin-web,2327837361,Production,2025-03-24T08:04:51Z,77101a79af29e8a1b36f1fb9b5bf99f6de77a61b,success
jellyfin/jellyfin-web,2326587281,Production,2025-03-23T19:04:46Z,93c5567e85a243b8ad0a57c4f6e0797514b27682,success
jellyfin/jellyfin-web,2326264577,Production,2025-03-23T15:01:43Z,27f4b8a7e5e94e33b89bad7a60714a6789782bdd,success
jellyfin/jellyfin-web,2326258619,Production,2025-03-23T14:57:08Z,11759004bb2c2e70dffaf0a3853933ebca9451e3,success
jellyfin/jellyfin-web,2326249302,Production,2025-03-23T14:49:20Z,3c4c1a8dc6d8c834bb6cebde79afe7dae923f000,success
jellyfin/jellyfin-web,2325740522,Production,2025-03-23T07:48:10Z,1e2602eb28fcd9c60be7d7a7b659e768780ec187,success
jellyfin/jellyfin-web,2325661882,Production,2025-03-23T06:30:54Z,51c32aa75caafd64a2401bc35366347512e7f78f,success
jellyfin/jellyfin-web,2325353835,Production,2025-03-23T01:12:30Z,de366ac4373941b65cb770b7074035f33028cc33,success
jellyfin/jellyfin-web,2325283050,Production,2025-03-23T00:04:40Z,14730ec293f1ee7645f546cfec1a508d1fb187c3,success
jellyfin/jellyfin-web,2325003984,Production,2025-03-22T19:43:13Z,ca69c49068a4c5f6637eceba749c452670a58ca9,success
jellyfin/jellyfin-web,2324999054,Production,2025-03-22T19:38:40Z,d25057de441268025a9e20f355120261e4698b41,success
jellyfin/jellyfin-web,2323791754,Production,2025-03-22T02:04:46Z,b5b4f00dd1c6de8b27498fa7131a521c98a9cafc,success
jellyfin/jellyfin-web,2322602119,Production,2025-03-21T17:01:05Z,da0cf958d33e02a050a9fe196ba4fa1dbbd4d907,success
jellyfin/jellyfin-web,2322168051,Production,2025-03-21T15:04:42Z,5d7aaa78a6b55aaf81e2686ac7d57791ea08dfdf,success
jellyfin/jellyfin-web,2321096008,Production,2025-03-21T10:04:37Z,ea7e9a44ca946ed438230fa821cba79289f10a20,success
jellyfin/jellyfin-web,2319422676,Production,2025-03-20T21:04:43Z,df736afb7e9a3021fba0f11fead2921f9375df9d,success
jellyfin/jellyfin-web,2319001905,Production,2025-03-20T18:52:26Z,106cbb75c19e712ada55a96e0285a02888ed905a,success
jellyfin/jellyfin-web,2318982698,Production,2025-03-20T18:46:52Z,3cf7b6d61bc5dc747fdce838b7c1f7aa5ca9b053,success
jellyfin/jellyfin-web,2318965306,Production,2025-03-20T18:41:22Z,5e2e326f4fc675715487d65813a181147867ec5a,success
jellyfin/jellyfin-web,2318860459,Production,2025-03-20T18:10:54Z,787f30afb095a498e623e5530558d6b9873f7695,success
jellyfin/jellyfin-web,2318673205,Production,2025-03-20T17:19:52Z,67e8050cf07bbf5ddf9f2dde54e51125c1e8018f,success
jellyfin/jellyfin-web,2318642033,Production,2025-03-20T17:11:23Z,f1da3ba19d693dd839743e6e15f22ca29ae97014,success
jellyfin/jellyfin-web,2318615285,Production,2025-03-20T17:04:40Z,898a72515deb220c49e6b26cead5dcd37ab37dc0,success
jellyfin/jellyfin-web,2318388982,Production,2025-03-20T16:07:50Z,0b05ea7012a77fde2c4c2791882c5c1d579f3e94,success
jellyfin/jellyfin-web,2318322604,Production,2025-03-20T15:52:23Z,7653ea1d96fa5c8cefef394a787b11fdaaad2adc,success
jellyfin/jellyfin-web,2318110634,Production,2025-03-20T15:04:43Z,9bbd62cce0a94e42dcc59eafe9752ac59597e1d0,success
jellyfin/jellyfin-web,2317368639,Production,2025-03-20T12:04:42Z,ce02153db10cae1bd60f0324e60bce463625691b,success
jellyfin/jellyfin-web,2315514889,Production,2025-03-19T23:04:37Z,0327f3317ef9a9c95f85c6d40fd0878cfd268995,success
jellyfin/jellyfin-web,2313158676,Production,2025-03-19T12:04:58Z,6630dceedccfd2d37399043e9142e4f6b5a745f3,success
jellyfin/jellyfin-web,2312506944,Production,2025-03-19T09:04:36Z,2858306ad9697f992cac608f3f85023eb3c3e3ea,success
jellyfin/jellyfin-web,2312160353,Production,2025-03-19T07:04:50Z,a65ed7dcc5c540a7482c1881d274020d47b1f642,success
jellyfin/jellyfin-web,2311688965,Production,2025-03-19T03:04:44Z,e58076cec0ec23dc9a77bbe41289f80d7fbd7445,success
jellyfin/jellyfin-web,2310578386,Production,2025-03-18T19:04:50Z,2451ba2891d7572faf40a1fc8ec0c476b684da28,success
jellyfin/jellyfin-web,2309334991,Production,2025-03-18T14:04:40Z,3eead991bdac74ef457fb94ce20d006879749526,success
jellyfin/jellyfin-web,2308415270,Production,2025-03-18T10:04:41Z,942c2536ebd675892f4bd445ba7cf6503e7166db,success
jellyfin/jellyfin-web,2307160306,Production,2025-03-18T01:04:47Z,ab948ac3abed0e6cb89d038e980747f951c5893e,success
jellyfin/jellyfin-web,2306443539,Production,2025-03-17T20:04:47Z,d504b62b657a42287bf86d816ce72637771b4f14,success
jellyfin/jellyfin-web,2306066059,Production,2025-03-17T18:07:13Z,ccc9f52aec7e62954986240af7a108965a8c0ceb,success
jellyfin/jellyfin-web,2305346141,Production,2025-03-17T15:04:42Z,82d7b5b7609b556675d1a974fcdf0344095bd0ff,success
jellyfin/jellyfin-web,2304393800,Production,2025-03-17T11:04:46Z,59439673d3ba0a70bb58b3ec2768f786deb33cba,success
jellyfin/jellyfin-web,2303780414,Production,2025-03-17T08:04:39Z,82480331aa2fbd5a9e76adc20e8fffbf517be57e,success
jellyfin/jellyfin-web,2302554077,Production,2025-03-16T19:04:50Z,2ab28266f71dbc80256f9f3ac2c7177ae08c4009,success
jellyfin/jellyfin-web,2302400740,Production,2025-03-16T17:04:43Z,c38153fd5aba7532f5fdb4a5cc3e39a2b8a32027,success
jellyfin/jellyfin-web,2302364357,Production,2025-03-16T16:36:48Z,aebbe1a72403824eabe711ca467ceb5b0ce65481,success
jellyfin/jellyfin-web,2302330526,Production,2025-03-16T16:10:09Z,ad2d8de50009b80e2409fe0a8d99f62be1c55b35,success
jellyfin/jellyfin-web,2301953148,Production,2025-03-16T11:04:38Z,e037890089bb620522f6b0255d8712650e4545d2,success
jellyfin/jellyfin-web,2301292590,Production,2025-03-16T00:04:41Z,9fbda6d95916ef602ab79e9ee8f38c350253269f,success
jellyfin/jellyfin-web,2301174495,Production,2025-03-15T22:04:40Z,ccf201739ebd5e6549d764f4b12e8e856fd9b76f,success
jellyfin/jellyfin-web,2301043546,Production,2025-03-15T20:04:45Z,e13bcfef10345c6985f63571146cf3d3d10edaa3,success
jellyfin/jellyfin-web,2300609102,Production,2025-03-15T14:04:43Z,3b1e37e774ec82aa456803f9caf8e198212ff2af,success
jellyfin/jellyfin-web,2298865176,Production,2025-03-14T18:04:41Z,4631c3e898873e748fee50d8faac8862e79e8f27,success
jellyfin/jellyfin-web,2297793969,Production,2025-03-14T13:04:47Z,84f22cea3afb716f35d721d582ba562a56ef63cb,success
jellyfin/jellyfin-web,2296901943,Production,2025-03-14T08:04:43Z,e4324eec0a5d8e529734adf377d728a5830e4e3e,success
jellyfin/jellyfin-web,2295235246,Production,2025-03-13T19:04:40Z,9e736714c9967dd95af2af9900ab9248e68aa240,success
jellyfin/jellyfin-web,2294844669,Production,2025-03-13T17:15:34Z,c6347b6fbada04b2c6f3d92c9ecaf8d094afe14b,success
jellyfin/jellyfin-web,2294790310,Production,2025-03-13T17:01:55Z,411601ff687c71f6e69fbf24ae39b35334917a6e,success
jellyfin/jellyfin-web,2291583271,Production,2025-03-12T22:27:27Z,e538ea9795bc002c0cfd000fd29b0d367e7c187e,success
jellyfin/jellyfin-web,2290776331,Production,2025-03-12T18:04:35Z,ed899a77cf8a207f000a5b1c18e795dd43ad1282,success
jellyfin/jellyfin-web,2287113520,Production,2025-03-11T21:04:35Z,d9f4aff64b5a6e0f6be5e060842d66353557ad7f,success
jellyfin/jellyfin-web,2286736720,Production,2025-03-11T19:04:34Z,24283c049a9395dbc19b64d88e6c71ec760feba2,success
jellyfin/jellyfin-web,2286314854,Production,2025-03-11T17:04:49Z,6604ce214e0e912d461dba317f6887be6f76ade6,success
jellyfin/jellyfin-web,2284446734,Production,2025-03-11T09:16:32Z,17da2b0b4fa11c86c769029ff27b8837e169d1eb,success
jellyfin/jellyfin-web,2282838454,Production,2025-03-10T20:53:25Z,b847a78afd1c09ea6d3da8a05f43dc2bba91831c,success
jellyfin/jellyfin-web,2282661005,Production,2025-03-10T19:55:51Z,4f88bd46e12df0924dbdf65d2abb33042226def4,success
jellyfin/jellyfin-web,2282606988,Production,2025-03-10T19:37:54Z,fd747bf10b3283ac54256e41b57e0da50eeb389d,success
jellyfin/jellyfin-web,2282206401,Production,2025-03-10T17:37:15Z,e36c882177068a734dc03dca2136955d712bb6c2,success
jellyfin/jellyfin-web,2281797380,Production,2025-03-10T15:51:15Z,b2424b411dd44599684068ec7ea573114993f8a0,success
jellyfin/jellyfin-web,2281495633,Production,2025-03-10T14:42:19Z,5d1287b41267943ae8cbb3946465d8037b2e3fd3,success
jellyfin/jellyfin-web,2281031740,Production,2025-03-10T12:50:00Z,aa4a150f7708d1a93c310b2e01c88d2ef15aa3b9,success
jellyfin/jellyfin-web,2280853416,Production,2025-03-10T12:00:17Z,ae431efcab0e4cdb132e648ee786cc3ac3f674d2,success
jellyfin/jellyfin-web,2280793543,Production,2025-03-10T11:42:20Z,6d36df00d6c9021ad7b7f921a05b7aef702c98f5,success
jellyfin/jellyfin-web,2280636624,Production,2025-03-10T10:56:42Z,89b7fc095c6fea5fb3489f3a60376a692a023fd6,success
jellyfin/jellyfin-web,2280264979,Production,2025-03-10T09:09:23Z,bd17d30bf81c45f60ccef0e594cef32f6891a854,success
jellyfin/jellyfin-web,2280051260,Production,2025-03-10T08:00:35Z,e47c514c8c068e160e7d0007729a98712776df2e,success
jellyfin/jellyfin-web,2280016224,Production,2025-03-10T07:46:09Z,3e8039b5f329c1c224e8bd64405f3d34f12124eb,success
jellyfin/jellyfin-web,2279959200,Production,2025-03-10T07:22:30Z,c0d3fad1109bcb877635df1762e6dadee8618ddb,success
jellyfin/jellyfin-web,2279946123,Production,2025-03-10T07:17:13Z,cefc68b34f0cae7694361a122ab3fb25a193b8c9,success
jellyfin/jellyfin-web,2278968180,Production,2025-03-09T20:29:33Z,b91835005706756ad732899d38e48e91de102415,success
jellyfin/jellyfin-web,2278946341,Production,2025-03-09T20:11:45Z,b7a788789f3b05b3840f86189a74a59058e272a2,success
jellyfin/jellyfin-web,2278934091,Production,2025-03-09T20:03:10Z,a62cc48e2f06b40f6a1e1711b4742e25a440cb63,success
jellyfin/jellyfin-web,2278916496,Production,2025-03-09T19:47:47Z,994117a0855171951c4faaa97f4763160a90f079,success
jellyfin/jellyfin-web,2276961495,Production,2025-03-08T14:04:53Z,6c28e354623b64316fe23ce66b02ddcb9fb3be9a,success
jellyfin/jellyfin-web,2276690793,Production,2025-03-08T10:04:46Z,19a85290e1f2ee6716b05deb1e7641fb5fb2333e,success
jellyfin/jellyfin-web,2276562123,Production,2025-03-08T08:04:49Z,2b9404b9e8bc9db72f337b04fd89b737e033bd61,success
jellyfin/jellyfin-web,2273946295,Production,2025-03-07T12:05:07Z,eb312d170d60fa1303ece364ebaa47332b361785,success
jellyfin/jellyfin-web,2273568876,Production,2025-03-07T10:04:57Z,be284c03c36af2442b0bb02463764841bd378755,success
jellyfin/jellyfin-web,2272288924,Production,2025-03-07T00:04:54Z,8cc0be500a51ff52e48542829da640eeae25c9bc,success
jellyfin/jellyfin-web,2271664500,Production,2025-03-06T20:04:54Z,c8a2c15f65e28c4764de0b0c89f4f7686d54f881,success
jellyfin/jellyfin-web,2271238531,Production,2025-03-06T17:47:04Z,4334303632cd2878f128e12ec1138860e28193f0,success
jellyfin/jellyfin-web,2270858697,Production,2025-03-06T16:04:58Z,7691482a35fe023c4de989fdf6ab95d06a212ba5,success
jellyfin/jellyfin-web,2269971346,Production,2025-03-06T12:18:58Z,2129b7a67a04f37b1f2870cf76fe680b98601267,success
jellyfin/jellyfin-web,2269958300,Production,2025-03-06T12:15:00Z,f387e5c3919f23d960e52844741b851af628831b,error
jellyfin/jellyfin-web,2267923262,Production,2025-03-05T22:10:37Z,3c62c1dc5198ebd8d1eafdfba0cd14a5d39d9781,success
jellyfin/jellyfin-web,2266744452,Production,2025-03-05T16:05:02Z,917994ce37b46fa89788375210719cd8665c0eb7,success
jellyfin/jellyfin-web,2265637170,Production,2025-03-05T11:05:02Z,e79467bc055e838dfa84ea5d2ebdf8742fe086f4,success
jellyfin/jellyfin-web,2263909296,Production,2025-03-04T22:34:31Z,6cd8b14ad68d6a06d884d0e28ba6afe112813c1b,success
jellyfin/jellyfin-web,2263465666,Production,2025-03-04T19:50:44Z,9d4846c85b274571534a776375622a2c14a5416a,success
jellyfin/jellyfin-web,2262246842,Production,2025-03-04T14:01:49Z,b1a8b5c77e47eb95aee030563653268c4c4e0b69,success
jellyfin/jellyfin-web,2262031474,Production,2025-03-04T13:01:18Z,ba100214a320070381d005c35f79206627fd5365,success
jellyfin/jellyfin-web,2261993816,Production,2025-03-04T12:49:59Z,ef416fe099280e924874afe218266e29e4d773d8,success
jellyfin/jellyfin-web,2261816947,Production,2025-03-04T11:56:39Z,86a5596bb38a1dd54435bfb5e01ea312f04aec08,success
jellyfin/jellyfin-web,2261761228,Production,2025-03-04T11:38:49Z,eb8f8084c54ba11d1c4bfb8f8d23c211121327ad,success
jellyfin/jellyfin-web,2261166481,Production,2025-03-04T08:44:28Z,a0f68ebd8a375ee9e6a1d9508c41f2ea624324cf,success
jellyfin/jellyfin-web,2260901101,Production,2025-03-04T07:08:38Z,e80b890bd27fe4f003fac90039aad803739288eb,success
jellyfin/jellyfin-web,2260828822,Production,2025-03-04T06:36:47Z,74468add250e0c84604bb63a02bd6b288737e03a,success
jellyfin/jellyfin-web,2260770717,Production,2025-03-04T06:08:03Z,d3322388e16bef9805ea3b7c4fc8bfccc715544b,success
jellyfin/jellyfin-web,2260759626,Production,2025-03-04T06:03:54Z,22eeb0f27ec5bb3773e8e9eee0ad68aeaec85740,error
jellyfin/jellyfin-web,2260028822,Production,2025-03-03T23:23:15Z,dc92370ce6152cfb0bb5dd6b98da4f3523ce0639,success
jellyfin/jellyfin-web,2259655393,Production,2025-03-03T20:57:55Z,31c3e58f7524c1d38a1b743061324e944d7a55a0,success
jellyfin/jellyfin-web,2259644084,Production,2025-03-03T20:53:21Z,ab3765231c42654bd9f395afb69458de960ced4a,success
jellyfin/jellyfin-web,2259623088,Production,2025-03-03T20:45:54Z,ff941c700a77a4e9b5484183f5160cb2fc20c6c4,success
jellyfin/jellyfin-web,2259472325,Production,2025-03-03T19:53:02Z,2c6c28c4def676b53872326b2b5e2ea06c50705e,success
jellyfin/jellyfin-web,2259375376,Production,2025-03-03T19:18:05Z,5d0e85bf0ef794ce0a554d3bcfa04f2a65b23d55,success
jellyfin/jellyfin-web,2259231253,Production,2025-03-03T18:27:37Z,16936185898cd2afc007f7e6cb9a234e58e65d74,success
jellyfin/jellyfin-web,2259217769,Production,2025-03-03T18:23:05Z,1d25fae65b02cac70f905d26e4321fd652a81e95,success
jellyfin/jellyfin-web,2258517923,Production,2025-03-03T15:05:17Z,15e37406cedfad646c105a664c3546dca5f0e8ce,success
jellyfin/jellyfin-web,2258081590,Production,2025-03-03T13:04:56Z,baff30386edc8e9e0808b83ad809b6ce5d0990b7,success
jellyfin/jellyfin-web,2257700951,Production,2025-03-03T11:04:57Z,1ea2163c173cb65726431389cf0e531457a0d651,success
jellyfin/jellyfin-web,2257299293,Production,2025-03-03T09:04:55Z,10a6227571d909a920b27bce98b4acbca39b5cb1,success
jellyfin/jellyfin-web,2254692985,Production,2025-03-02T00:13:33Z,23b557dc53158effd61065d66370b95cd1aa866c,success
jellyfin/jellyfin-web,2253999586,Production,2025-03-01T14:03:13Z,b4dc5daef0dc409c4d38436682ca99f64b437a74,success
jellyfin/jellyfin-web,2253735424,Production,2025-03-01T10:04:58Z,ad78bb39eef0061d87f1977628ec96cefd19f327,success
jellyfin/jellyfin-web,2253575644,Production,2025-03-01T07:35:20Z,3390290fd7393b3ff7ecd4524e6781ade4825c00,success
jellyfin/jellyfin-web,2252871897,Production,2025-02-28T22:19:11Z,f39f7ca7c0addaeab10fc3918b5bda3f6368b11b,success
jellyfin/jellyfin-web,2251965827,Production,2025-02-28T16:41:25Z,d6650fa5bc2c51125f04da94947f747386c49d24,success
jellyfin/jellyfin-web,2251773157,Production,2025-02-28T15:34:43Z,a3fdd94938265ec10b41131d7069cbeaee959a32,success
jellyfin/jellyfin-web,2249521482,Production,2025-02-28T00:44:03Z,f931fdd6f18f44ed3c04d8ee3e58e4f5fa43d385,success
jellyfin/jellyfin-web,2249326735,Production,2025-02-27T23:06:24Z,c055f4c893e0686bbb87a6f0ca8eef9829a861c0,success
jellyfin/jellyfin-web,2249073197,Production,2025-02-27T21:26:58Z,2cc8e5d8daf125aaafe329944a9755d104dfd810,success
jellyfin/jellyfin-web,2248957112,Production,2025-02-27T20:48:24Z,1e59e692b98b3e5e5c6bdafb0702e3d0baf29a1c,success
jellyfin/jellyfin-web,2248614303,Production,2025-02-27T18:57:51Z,6598a25018621e32d030d0297a0f9eb660e0237f,success
jellyfin/jellyfin-web,2246981159,Production,2025-02-27T11:43:23Z,3df39d659c38c5f9dc23731e52907e487c87ccc9,success
jellyfin/jellyfin-web,2246859981,Production,2025-02-27T11:04:54Z,d1a01c13866d5c8602df87c24a4e04c7e0c4e094,success
jellyfin/jellyfin-web,2246351259,Production,2025-02-27T08:35:59Z,c83a74de64c8c06c2c8d0fafe9ed4cade6a993e4,success
jellyfin/jellyfin-web,2245896201,Production,2025-02-27T05:21:54Z,8101afb5d6dcc16e25ca3b55bb14e34b13826579,success
jellyfin/jellyfin-web,2245318609,Production,2025-02-27T00:13:03Z,97b295dd0a77f8dd3e6446041f9b52841f11757a,success
jellyfin/jellyfin-web,2245230222,Production,2025-02-26T23:29:36Z,696912aa8b38d361942b9b08a63363927fc6d1dd,success
jellyfin/jellyfin-web,2244297493,Production,2025-02-26T18:04:54Z,30ee637cd8ae9040f7c178a4e8a10bd72ef66203,success
jellyfin/jellyfin-web,2241210453,Production,2025-02-26T00:04:52Z,1a15ac2e499a8b8c4c3cc7ecd51afbc1fa851f18,success
jellyfin/jellyfin-web,2239733983,Production,2025-02-25T16:05:03Z,2290a78adf123672992a375d7a98887a3523fa94,success
jellyfin/jellyfin-web,2238788791,Production,2025-02-25T12:05:12Z,74a4c5c7cfe83a540418c714d36b066a71fa4e73,success
jellyfin/jellyfin-web,2238375318,Production,2025-02-25T10:05:08Z,577e9725646bde972009e74b04745f139a5d0f4e,success
jellyfin/jellyfin-web,2238045872,Production,2025-02-25T08:28:00Z,65b6a43aae3a1b8c2fac2cbc9c50eb5da97dd6aa,success
jellyfin/jellyfin-web,2237693271,Production,2025-02-25T06:05:04Z,451fbe40fa367bc8ce3f5594d4f135835f107bfa,success
jellyfin/jellyfin-web,2236887253,Production,2025-02-24T23:04:58Z,c99fe4a402d65c8b41904f80f7dd91cc0f10b4c5,success
jellyfin/jellyfin-web,2235800037,Production,2025-02-24T17:05:01Z,c11fe56d654c3e6cf8bb7141bc4330f961081f25,success
jellyfin/jellyfin-web,2234646600,Production,2025-02-24T12:04:58Z,c403690a4392f2a5e6f18754e3f52685952bd0d2,success
jellyfin/jellyfin-web,2234254208,Production,2025-02-24T10:05:18Z,50a0fddf0bdfad9404f77276224a12389b0fc31b,success
jellyfin/jellyfin-web,2232366115,Production,2025-02-23T14:04:59Z,f15d7613ae6c445574c5565f40663e7489b4f006,success
jellyfin/jellyfin-web,2231622472,Production,2025-02-23T02:04:58Z,7904bdd981cea1bfcd89dd6bbcf40bf90fe64369,success
jellyfin/jellyfin-web,2231158166,Production,2025-02-22T18:26:03Z,07ffab2ed12bd8c9c3287954bdbd28ce57172e06,success
jellyfin/jellyfin-web,2231122931,Production,2025-02-22T17:58:27Z,d9b15af124337022243e3c7adeb068418c0bbe0d,success
jellyfin/jellyfin-web,2230781712,Production,2025-02-22T13:04:59Z,362b21d6802255f11047bfcda09f7340c08ec41e,success
jellyfin/jellyfin-web,2230583130,Production,2025-02-22T10:04:54Z,8be11338617715654f15e8870f393ea1843fc8f2,success
jellyfin/jellyfin-web,2230456931,Production,2025-02-22T08:04:56Z,30f3c0dd83e030aee9f97dd2545840f637e693cc,success
jellyfin/jellyfin-web,2230165397,Production,2025-02-22T03:19:47Z,0cf9a10dd30ed3b85fff619cf40061a5a90bff41,success
jellyfin/jellyfin-web,2228538812,Production,2025-02-21T15:16:19Z,30a76ad0bf709b91b93150d959006bc2557561d0,success
jellyfin/jellyfin-web,2228256514,Production,2025-02-21T13:58:27Z,8e70111b9b55a44aa3aaaf3ce633dc1cb53e98a8,success
jellyfin/jellyfin-web,2228078367,Production,2025-02-21T13:05:04Z,a1ccb3998ae05c95701ec08dd040e7becd6ac556,success
jellyfin/jellyfin-web,2227171390,Production,2025-02-21T08:05:02Z,cf0a024cb13b45c0ea48623444c9bf25f74b1682,success
jellyfin/jellyfin-web,2227016623,Production,2025-02-21T06:56:29Z,e0078b5c5c3cab7519e4c7b42a3b606cf3169a9f,success
jellyfin/jellyfin-web,2226981548,Production,2025-02-21T06:37:42Z,9eaf4b0b0c8f701c459fc82dc0c6a8df7287a497,success
jellyfin/jellyfin-web,2226945168,Production,2025-02-21T06:18:20Z,ade020402412cb87f73f7cb567c74d1864dbd7ce,success
jellyfin/jellyfin-web,2226291312,Production,2025-02-21T00:05:08Z,d4a341aae77d02af4e1877543cfc26efa5030835,success
jellyfin/jellyfin-web,2226164190,Production,2025-02-20T23:03:15Z,d2f522a1e0372e6ad39d4333117e46fc9037417a,success
jellyfin/jellyfin-web,2226041015,Production,2025-02-20T22:11:01Z,1c2d7ef91812214f809295ea3b0d3e7eb04fa2a7,success
jellyfin/jellyfin-web,2226019262,Production,2025-02-20T22:03:42Z,85191710c9dbc1d50f991b69569ce03c62ced160,success
jellyfin/jellyfin-web,2225918191,Production,2025-02-20T21:25:34Z,cfe12956da6bb88a2c17dc7c8f29825405f771b9,success
jellyfin/jellyfin-web,2225859870,Production,2025-02-20T21:05:04Z,201a3c32f85dbab443970c90a8d1ecf17cf54fb7,success
jellyfin/jellyfin-web,2225624894,Production,2025-02-20T19:46:42Z,f54f24721ba00cbce476e175a75803338b59e6d9,success
jellyfin/jellyfin-web,2225612109,Production,2025-02-20T19:42:20Z,0f29a92722266da5e9ae8b1d7dbef7b632fab8c3,success
jellyfin/jellyfin-web,2225456335,Production,2025-02-20T18:51:08Z,c516534ce30a3edad229e407a3cfd7c032889c13,success
jellyfin/jellyfin-web,2222903064,Production,2025-02-20T06:04:58Z,90a3d6be52f23afe685fe96cb117367cf6c127b8,success
jellyfin/jellyfin-web,2222552484,Production,2025-02-20T02:48:50Z,8378a77d969ef22e4bdd07fc8c4ac7f6b6576def,success
jellyfin/jellyfin-web,2221997585,Production,2025-02-19T22:05:06Z,81d76d3c2b0845565f8fb0501dc976a296eca203,success
jellyfin/jellyfin-web,2217901422,Production,2025-02-18T21:39:06Z,87911a343c723149ad1135c278a9b115d0620327,success
jellyfin/jellyfin-web,2216823172,Production,2025-02-18T16:05:08Z,afc4db5559c64bdf7ed784e7cb94d1f696b1c02f,success
jellyfin/jellyfin-web,2214248025,Production,2025-02-18T00:04:54Z,003d64552ab2a635cca03aca9eaad1c8380cc3d0,success
jellyfin/jellyfin-web,2213478545,Production,2025-02-17T18:04:54Z,ceb4f8c78658099150bebbc25a64531862d78b3d,success
jellyfin/jellyfin-web,2213117208,Production,2025-02-17T16:07:17Z,78fb46808c36e477ca952f4a679eb235fc827ba3,success
jellyfin/jellyfin-web,2213042331,Production,2025-02-17T15:45:47Z,a367e61a8cdda56bbe92bb1aa60d4219b84ce41f,success
jellyfin/jellyfin-web,2212252579,Production,2025-02-17T12:05:03Z,51ea905d8497aeab844471842626f0d94ad3d68b,success
jellyfin/jellyfin-web,2211669556,Production,2025-02-17T09:05:13Z,2b70fbc6773687d97cba54f9cda2e39c46360ceb,success
jellyfin/jellyfin-web,2210131457,Production,2025-02-16T16:05:00Z,f8df5da81edc82d425df08a5522e9bf815d8552e,success
jellyfin/jellyfin-web,2209851696,Production,2025-02-16T12:04:53Z,bb0aceef5beef655b3876d3fc133af868cab0edd,success
jellyfin/jellyfin-web,2209267023,Production,2025-02-16T02:04:54Z,6843ad8f11c65fb5d53ac8f7afb16f5b2bceccb2,success
jellyfin/jellyfin-web,2209105149,Production,2025-02-15T23:04:55Z,fffa3bc19ec058b6e35d7dbe8d9f02f6dab4e8e1,success
jellyfin/jellyfin-web,2208860403,Production,2025-02-15T19:05:01Z,f4a65403162aa90425574d0951d29bfe23d3e5be,success
jellyfin/jellyfin-web,2208388271,Production,2025-02-15T12:04:59Z,f528ff8ae4fbcd21b9d301c848488454d773f1b6,success
jellyfin/jellyfin-web,2208265217,Production,2025-02-15T10:05:00Z,a275836662fd331c4923df566d03c09328a6b80a,success
jellyfin/jellyfin-web,2208144467,Production,2025-02-15T08:04:52Z,f5bb5b58138aff83a5defceee5d2a99a052f6b97,success
jellyfin/jellyfin-web,2207727658,Production,2025-02-15T01:05:03Z,badd1dff41b76caf5b805b56e512a999e078fad9,success
jellyfin/jellyfin-web,2207275476,Production,2025-02-14T20:46:11Z,0bb06f18d56d2992619921b9d95f9fdb1da6cab3,success
jellyfin/jellyfin-web,2207174651,Production,2025-02-14T20:05:01Z,1e61a4a7b3d24113596fd16b2c95df5656efbe56,success
jellyfin/jellyfin-web,2206853962,Production,2025-02-14T18:03:05Z,f2283c7ec73823c9d6f6b6d1ad57c4d68e5ca44b,success
jellyfin/jellyfin-web,2206555472,Production,2025-02-14T16:24:36Z,49064c870b45313662572c09a05a2671703ff90b,success
jellyfin/jellyfin-web,2206320318,Production,2025-02-14T15:16:54Z,85649fe8c8fc619297a68a04cc4dc8f2a55c3db8,success
jellyfin/jellyfin-web,2205346548,Production,2025-02-14T10:05:05Z,cb05b5eaf2077813dbe8358bc6b094f67194a30c,success
jellyfin/jellyfin-web,2204881186,Production,2025-02-14T07:11:01Z,cee86c4a22da1d3b30d23181de5adf5ed0b89861,success
jellyfin/jellyfin-web,2204114700,Production,2025-02-14T00:04:54Z,f1ab003a334a5732d91dbb165528a76414c3df00,success
jellyfin/jellyfin-web,2203934799,Production,2025-02-13T22:39:12Z,78f04b929d0c4cb2ddc47336a074d76139aa36ec,success
jellyfin/jellyfin-web,2203917053,Production,2025-02-13T22:31:46Z,bd8176833e5a0316a853062c8150ab511bbee219,success
jellyfin/jellyfin-web,2203849783,Production,2025-02-13T22:04:56Z,46b8e7d90c0cea423cb5e4cff1df16a292ccc415,success
jellyfin/jellyfin-web,2203776709,Production,2025-02-13T21:37:00Z,78f9a1f4e8243abef9eec76af6d9abe59fa18f7a,success
jellyfin/jellyfin-web,2203748264,Production,2025-02-13T21:27:00Z,18de10f2ea23b92b14ca082b5abc4afb056374b1,success
jellyfin/jellyfin-web,2203109560,Production,2025-02-13T18:00:41Z,973ac5f329615412841985e0a54ed3b130f97e8b,success
jellyfin/jellyfin-web,2197513471,Production,2025-02-12T11:05:05Z,218912dffdfbb99a704745c64342245e71a9228b,success
jellyfin/jellyfin-web,2195418599,Production,2025-02-11T20:05:06Z,8b974a8074b9e473e2fbeb26cad544701ae5ad56,success
jellyfin/jellyfin-web,2195124353,Production,2025-02-11T18:29:31Z,596d543e3e8d5cefd53d381bf49292a92d481c7d,success
jellyfin/jellyfin-web,2194113784,Production,2025-02-11T14:05:10Z,bed863b370892e7fb3dc82c4a084e0a0ea35e34b,success
jellyfin/jellyfin-web,2189370126,Production,2025-02-10T10:05:02Z,f5a4e0fcd57a2c69b949841aa8927fcd099646de,success
jellyfin/jellyfin-web,2188098252,Production,2025-02-09T22:04:58Z,99064537385640f08cf186caf3aee4e86adc0079,success
jellyfin/jellyfin-web,2187884642,Production,2025-02-09T19:04:55Z,e6c05fa6b6cac7448974c3a4fb3041b76336a009,success
jellyfin/jellyfin-web,2187690180,Production,2025-02-09T16:28:37Z,d8f84bc06504fedc200bbc342b369b9f51b142a7,success
jellyfin/jellyfin-web,2177327173,Production,2025-02-05T21:04:58Z,9124468fc531b7e05d2ff21323fc60e5caeee90a,success
jellyfin/jellyfin-web,2173842983,Production,2025-02-05T00:04:53Z,d641173c221fbf68f14600224df3beb5385d6b79,success
jellyfin/jellyfin-web,2173636945,Production,2025-02-04T22:26:18Z,35b73cd70b365fedea5638e1d28aba7432f88918,success
jellyfin/jellyfin-web,2169827281,Production,2025-02-03T23:05:02Z,af3e7ac41e4fcb44d75e73f9f2597cde2a2ef4ff,success
jellyfin/jellyfin-web,2169348176,Production,2025-02-03T20:05:02Z,96588562803e507ff9e4b7261675eaecd1213844,success
jellyfin/jellyfin-web,2168988492,Production,2025-02-03T18:04:53Z,76c22aedf06785e4bfb8071ed618d6118c227d51,success
jellyfin/jellyfin-web,2168886852,Production,2025-02-03T17:33:19Z,e8f03f605aa61639bf3c057337e3e95cec789834,success
jellyfin/jellyfin-web,2165966779,Production,2025-02-02T20:04:52Z,4eb578b39e346bc1d29f99bb54448db725719a04,success
jellyfin/jellyfin-web,2164276795,Production,2025-02-01T17:05:06Z,25301f3ea933b037da169baa0fa696f3dc1d4769,success
jellyfin/jellyfin-web,2163296505,Production,2025-02-01T01:17:13Z,e87fd8f150a710e15879a73674d061c24860d1f5,success
jellyfin/jellyfin-web,2163201361,Production,2025-02-01T00:04:53Z,b58e6df6d75b553925e02428fcfb54807f2c8b92,success
jellyfin/jellyfin-web,2163082279,Production,2025-01-31T22:47:13Z,ec11bfb5c131e9471153ff988d26e804a0c319d3,success
jellyfin/jellyfin-web,2162235221,Production,2025-01-31T17:05:10Z,dcbb4414f8fbf3f52a22e475690c50c9459f4556,success
jellyfin/jellyfin-web,2161838910,Production,2025-01-31T15:05:03Z,fbd2e3670a3c2f666868ca359e325f5fe6e2a225,success
jellyfin/jellyfin-web,2161659410,Production,2025-01-31T14:11:50Z,b87e8031defc7c3485bdc7b0df96873a369bde4a,success
jellyfin/jellyfin-web,2161601028,Production,2025-01-31T13:54:25Z,9909d80b401b5fdbc695acc566f05aaede9db246,success
jellyfin/jellyfin-web,2161444220,Production,2025-01-31T13:05:01Z,436d34bc6d7d7e379a15a636bf5ea497d79e2eaf,success
jellyfin/jellyfin-web,2160547843,Production,2025-01-31T07:31:07Z,9d66eae06b6d9f71a284205d99c17b892566999b,success
jellyfin/jellyfin-web,2160499140,Production,2025-01-31T07:06:15Z,f2b148bc4cddb706a15bd5ec6fd123f8cfc2eb91,success
jellyfin/jellyfin-web,2160291816,Production,2025-01-31T05:05:05Z,f85eae7b4e23aa05a26b3276628d486214826360,success
jellyfin/jellyfin-web,2159577449,Production,2025-01-30T22:04:57Z,58605ef5decb7e52e3de149bbf5fdf405dcce707,success
jellyfin/jellyfin-web,2159249281,Production,2025-01-30T20:04:59Z,33ed37cb8a554105b2dd8b4515b852981f4f8ab2,success
jellyfin/jellyfin-web,2158806480,Production,2025-01-30T17:39:07Z,e38c812a94cbbfae17002d610ff11351d7239f94,success
jellyfin/jellyfin-web,2157463550,Production,2025-01-30T11:05:02Z,80cf0931153b70e3a3d6ed9dabeba611fc8476b9,success
jellyfin/jellyfin-web,2157097261,Production,2025-01-30T09:04:57Z,2521540dd0e3a19a21d068a1415a88772ba1a786,success
jellyfin/jellyfin-web,2156250430,Production,2025-01-30T01:04:53Z,52310be5a0025643ef27070736306284535df561,success
jellyfin/jellyfin-web,2156032579,Production,2025-01-29T23:05:06Z,fa41d0fa1679afb0b482fe17cffd6d19dbf46048,success
jellyfin/jellyfin-web,2155523126,Production,2025-01-29T19:49:26Z,21ca36aaa25b228ef3c70e0d5cdf0231966e6b86,success
jellyfin/jellyfin-web,2154099645,Production,2025-01-29T13:05:06Z,3a0c68e66406991c0ab9a83ef806ce6f65ffc09f,success
jellyfin/jellyfin-web,2152989160,Production,2025-01-29T06:04:53Z,72eaccef479ec49885d8aca58835fd5223ef7268,success
jellyfin/jellyfin-web,2151880766,Production,2025-01-28T20:05:00Z,a2e083d6e47fb46b74b559a3f2fb6591fc714e34,success
jellyfin/jellyfin-web,2151098775,Production,2025-01-28T16:04:55Z,987e45a14febdedb2eb976ecbf8d43ccf85e4c95,success
jellyfin/jellyfin-web,2150410105,Production,2025-01-28T13:04:56Z,0fd0689732a1c746b2fca80a5b78c73fd9b22706,success
jellyfin/jellyfin-web,2148288876,Production,2025-01-27T21:04:55Z,6b4474a830003386b684f043298013fc3010eda1,success
jellyfin/jellyfin-web,2147297763,Production,2025-01-27T16:04:55Z,00a600e2089e82432e25d6349c905e3fbb81e5b1,success
jellyfin/jellyfin-web,2146448370,Production,2025-01-27T12:04:55Z,362259692cfc390bde2a9cc85675aaa7b917e79b,success
jellyfin/jellyfin-web,2145901347,Production,2025-01-27T09:05:16Z,cce7e1c91af7153b02ee50ea846cff442f35b70d,success
jellyfin/jellyfin-web,2145516341,Production,2025-01-27T06:04:53Z,38801f8cbba87e3472b694d2c87f54554ca2f884,success
jellyfin/jellyfin-web,2145207078,Production,2025-01-27T02:04:59Z,ceb842f11bfb3e6576e5490a4844e43929b937eb,success
jellyfin/jellyfin-web,2144535344,Production,2025-01-26T16:04:51Z,288bdec5f4f368c8ba02bbe7091dd1bb984e0c97,success
jellyfin/jellyfin-web,2144396429,Production,2025-01-26T14:04:44Z,942835eb7de6a91cf302f28a43ea8893434ef5a7,success
jellyfin/jellyfin-web,2144200911,Production,2025-01-26T11:05:09Z,bde65e673288c330e46ba5578608c92dd50d934d,success
jellyfin/jellyfin-web,2144081106,Production,2025-01-26T09:04:51Z,b5ba062e373757b05059e0816e479518cdf1c163,success
jellyfin/jellyfin-web,2144001533,Production,2025-01-26T07:44:18Z,04362fc06415a06838d2a2442a932b04dca560f1,success
jellyfin/jellyfin-web,2143548150,Production,2025-01-25T23:04:53Z,989d051d54cbb03f8c7ecf11a528604e4c18da4b,success
jellyfin/jellyfin-web,2143374527,Production,2025-01-25T20:04:59Z,b24ea478414b472d015ccf88793fa34bdaa16d87,success
jellyfin/jellyfin-web,2143183144,Production,2025-01-25T17:04:51Z,48672b7db026c7459ade9c0a01eb31b9cb4c61f1,success
jellyfin/jellyfin-web,2143103436,Production,2025-01-25T15:53:25Z,d54ce4cf16400f7125905840d3e6be1534124dd5,success
jellyfin/jellyfin-web,2142989426,Production,2025-01-25T14:04:53Z,e6995da5b664be538ecadadda58ebff1abddee90,success
jellyfin/jellyfin-web,2142864866,Production,2025-01-25T12:04:53Z,992918ab5f6b6526c65ee68a84bb7f8a91dc5a2c,success
jellyfin/jellyfin-web,2142748277,Production,2025-01-25T10:05:02Z,144507c9f0889175daa948ab6390cf311f990e42,success
jellyfin/jellyfin-web,2142634184,Production,2025-01-25T08:04:52Z,fc6e31cf51f701386ff1b817eb8f229c86478958,success
jellyfin/jellyfin-web,2141792773,Production,2025-01-24T20:50:25Z,2689c51b843f9c0243546da3a414247c3e7fe8cb,success
jellyfin/jellyfin-web,2141504146,Production,2025-01-24T18:53:06Z,70cc5bb55da756f0433ec5dd2b90ffe5e82f9af6,success
jellyfin/jellyfin-web,2141232467,Production,2025-01-24T17:12:03Z,bcf5dfd2d305e07c2bf52bdfbed0e87e7605e7a2,success
jellyfin/jellyfin-web,2140533853,Production,2025-01-24T13:38:28Z,f2a5b18ed5c5e77aa133cca9f5065558d75e9b2b,success
jellyfin/jellyfin-web,2140097746,Production,2025-01-24T11:04:56Z,3dc6850b91afb195f520afdc956a2a3d673c6d07,success
jellyfin/jellyfin-web,2139310333,Production,2025-01-24T05:19:26Z,094c0eee8fd96b5f69373c1186230a5c35ba8797,success
jellyfin/jellyfin-web,2138251514,Production,2025-01-23T20:03:35Z,0d9b2cf2760e4b6e33fc5d2bf41c373f5e6669d6,success
jellyfin/jellyfin-web,2137035737,Production,2025-01-23T14:05:06Z,4e750711b78215d6e09651944feea4964b0bdfb2,success
jellyfin/jellyfin-web,2136643358,Production,2025-01-23T12:04:58Z,8e07c426e877406d1fc406cfc0800ca247fcbcf4,success
jellyfin/jellyfin-web,2136273032,Production,2025-01-23T10:05:09Z,305890b7ff0b7918aef15979501ba07c8fa95fd6,success
jellyfin/jellyfin-web,2135919618,Production,2025-01-23T08:05:12Z,65385c2579cb41528da1b6ee2d332724d15b5e09,success
jellyfin/jellyfin-web,2135561140,Production,2025-01-23T05:04:55Z,55815f55ae5d8824ab9c31ca5af41217ec319243,success
jellyfin/jellyfin-web,2134819215,Production,2025-01-22T22:05:04Z,de2b237c38c48cb45040862f206350d962555b94,success
jellyfin/jellyfin-web,2134724707,Production,2025-01-22T21:26:51Z,b7ef77b51c720be477101b94304af4a8bfa3b73c,success
jellyfin/jellyfin-web,2134499938,Production,2025-01-22T20:04:54Z,7cec3dfb5362e63634a958db21c54fd78f07690b,success
jellyfin/jellyfin-web,2134458900,Production,2025-01-22T19:50:36Z,d379287554391407166c977260a3619239a0ddc2,success
jellyfin/jellyfin-web,2133517041,Production,2025-01-22T15:04:50Z,15508e619ca5eeaf9afc15d69f12c24996cc2dba,success
jellyfin/jellyfin-web,2133071701,Production,2025-01-22T13:04:57Z,58ab31098963366141986057d7c547c40a3cbe1c,success
jellyfin/jellyfin-web,2132208090,Production,2025-01-22T08:17:01Z,1d2a66abfafb7f1eb51489921b56d03332f4f716,success
jellyfin/jellyfin-web,2131823466,Production,2025-01-22T05:04:52Z,133f54c4bcaa6f2cc07e336e9926fa084ee3a7e9,success
jellyfin/jellyfin-web,2129822922,Production,2025-01-21T15:05:00Z,ce60bb4574893a0d85706bfa9c0acf5914a7b140,success
jellyfin/jellyfin-web,2127773770,Production,2025-01-21T01:04:58Z,235aced8326d44465293cedb400ed28d02125c35,success
jellyfin/jellyfin-web,2127133285,Production,2025-01-20T19:04:50Z,39505e693d6fe1809d0e40dcd81d409f7ca195f2,success
jellyfin/jellyfin-web,2126669193,Production,2025-01-20T16:04:55Z,a9e788b05ddb7b0eac3e29b793541e216599a4b7,success
jellyfin/jellyfin-web,2126036481,Production,2025-01-20T12:56:25Z,97f6a69a1e955cce17d0f650042e17c3cc9284f3,success
jellyfin/jellyfin-web,2125881057,Production,2025-01-20T12:05:02Z,a7bbd70c2732a416a272f6f1fc9798bb5c693bd8,success
jellyfin/jellyfin-web,2125343107,Production,2025-01-20T09:04:52Z,d4b3a398aa8efebd4519c28e2f0757e3a6c28766,success
jellyfin/jellyfin-web,2124729775,Production,2025-01-20T03:27:34Z,f10f2e4a4c0b47f48f4fa9d21a88e7cdb729d756,success
jellyfin/jellyfin-web,2123907421,Production,2025-01-19T15:07:52Z,a935811266b3562f5a91a93d1d26a979702c4829,success
jellyfin/jellyfin-web,2123340088,Production,2025-01-19T05:17:43Z,8aaea236197cf8307aa4be71674e91a0ac2f41ba,success
jellyfin/jellyfin-web,2123026450,Production,2025-01-18T22:49:05Z,0baeb1f0dfc14e818401bb37febbb289564155fc,success
jellyfin/jellyfin-web,2122596960,Production,2025-01-18T15:32:29Z,22445d2c1e7fe6e81010aa81116c2bfa29e9094e,success
jellyfin/jellyfin-web,2122098068,Production,2025-01-18T06:43:08Z,63a3bd5724febdf2fa80cc414ff62c0261679a6f,success
jellyfin/jellyfin-web,2122088192,Production,2025-01-18T06:32:03Z,5f377ed3a5e512868c9ffa0f3d2a0277c505d2cf,success
jellyfin/jellyfin-web,2121502517,Production,2025-01-17T21:46:12Z,43e1ae204a3259153bfb19649ed4001362e148b4,success
jellyfin/jellyfin-web,2117222425,Production,2025-01-16T16:04:52Z,d158c39fa447bbaaf5e58c374488f19f0a62c876,success
jellyfin/jellyfin-web,2116216531,Production,2025-01-16T11:05:00Z,1a9f52317786abc9bb5e596e2983733fbf8b28e3,success
jellyfin/jellyfin-web,2114503677,Production,2025-01-15T21:04:57Z,171c4f76060015df33322fb1de93adaf6680b552,success
jellyfin/jellyfin-web,2113621873,Production,2025-01-15T16:04:59Z,85e14582809480a5ce5d7586e4ef2d9d5d1847db,success
jellyfin/jellyfin-web,2111039793,Production,2025-01-14T21:49:55Z,ee11c7481aec1a49246e2f5d0ed11d9c1bc31a06,success
jellyfin/jellyfin-web,2110259605,Production,2025-01-14T17:05:01Z,68c4a0250068f0e73b89fa5f368f873d36654691,success
jellyfin/jellyfin-web,2109813066,Production,2025-01-14T14:59:25Z,43e6dfc15aa6666d69c7462707507f1ff3501f0a,success
jellyfin/jellyfin-web,2109622291,Production,2025-01-14T14:05:12Z,9b162b7ce2c031ccddf8f6b3497ae31c27fde56a,success
jellyfin/jellyfin-web,2108913960,Production,2025-01-14T10:04:54Z,3d53e8c61fc4d5fb982dc721f827a593a9ecbb30,success
jellyfin/jellyfin-web,2108539440,Production,2025-01-14T07:41:16Z,c7275a32dc927c0d655b778e939c0af59c8e08e7,success
jellyfin/jellyfin-web,2108524728,Production,2025-01-14T07:33:38Z,6b45d383ab6ac4b469eb698f267bee7303777d86,success
jellyfin/jellyfin-web,2108101075,Production,2025-01-14T03:05:50Z,b1b068f60a242f5ad02bc94ceaabf178a3deed26,success
jellyfin/jellyfin-web,2107654401,Production,2025-01-13T22:16:54Z,3600426058d4b9c97f901089eef4bbef1c9ef6f4,success
jellyfin/jellyfin-web,2107625767,Production,2025-01-13T22:04:53Z,854342c199b95391044e76998db61691d0995ea9,success
jellyfin/jellyfin-web,2107315085,Production,2025-01-13T20:04:55Z,5411cb854f780c2745522baa0cfca9c3341cb812,success
jellyfin/jellyfin-web,2107051326,Production,2025-01-13T18:25:51Z,f4532bd1ec7bc24652db66a73f4661a90b38355c,success
jellyfin/jellyfin-web,2107037080,Production,2025-01-13T18:20:35Z,a337f7af2b6ec57b22a8642ff326294c33992113,success
jellyfin/jellyfin-web,2107019422,Production,2025-01-13T18:14:01Z,26727ed8025272da55dd696a54569b2011c544ab,error
jellyfin/jellyfin-web,2106817596,Production,2025-01-13T17:05:05Z,f297392fd92dbf8a3e7403694e5b099263c940da,success
jellyfin/jellyfin-web,2106793661,Production,2025-01-13T16:58:00Z,9068dd52a6c27eb2bc221571517d2f8d28aee6bb,success
jellyfin/jellyfin-web,2105988663,Production,2025-01-13T13:05:06Z,75ddb0acccee8fcc941312bd8e8a00257d848104,success
jellyfin/jellyfin-web,2105640264,Production,2025-01-13T11:04:55Z,3d6bb535863cb776e44af0777991ffbac0d6d9a1,success
jellyfin/jellyfin-web,2105287078,Production,2025-01-13T09:04:55Z,d1cf61df50baa63775dd7aac0e08135c110b112e,success
jellyfin/jellyfin-web,2102979467,Production,2025-01-11T21:30:04Z,1362284d9a7f737bf9fa964cc26101f149c84752,success
jellyfin/jellyfin-web,2102900915,Production,2025-01-11T20:04:51Z,3afe67ac6f343da02d46ac41d643f4dc61ec735d,success
jellyfin/jellyfin-web,2102370310,Production,2025-01-11T11:04:49Z,3f6fa4fa6df720ac6658a94205239e29acec7e0c,success
jellyfin/jellyfin-web,2102179368,Production,2025-01-11T07:26:34Z,6858d27d665aef0924f8fd781718e088e3607359,success
jellyfin/jellyfin-web,2101863587,Production,2025-01-11T01:33:13Z,5b292ddf0c260a6ffbee688274fba2a965f276c2,success
jellyfin/jellyfin-web,2101725802,Production,2025-01-10T23:35:42Z,0fd50a560b819e0bb056a2801c6c2c3a25ba9178,success
jellyfin/jellyfin-web,2101681399,Production,2025-01-10T23:05:16Z,572efb0357bdc100a9cdc5a6908673799fe83f39,success
jellyfin/jellyfin-web,2101598910,Production,2025-01-10T22:15:34Z,7e4320b7eeb6992621506affab7d956a4bea1559,success
jellyfin/jellyfin-web,2101458507,Production,2025-01-10T21:05:00Z,9f3141cfbfa3cff37dc481936809f1dd59757f44,success
jellyfin/jellyfin-web,2101188953,Production,2025-01-10T19:04:53Z,ca7f0da1ca6bc98bc61ccb2a31901d9cd328906e,success
jellyfin/jellyfin-web,2100340887,Production,2025-01-10T14:05:02Z,b7d05ca24a774e83670e8b4dcc6e0754bf817f90,success
jellyfin/jellyfin-web,2099847497,Production,2025-01-10T11:04:50Z,dd70dfdae77575de98125150365062a7b2210757,success
jellyfin/jellyfin-web,2097455999,Production,2025-01-09T16:04:59Z,ecb701e2a2666a6c5345f3f3612fa34f7fca3de9,success
jellyfin/jellyfin-web,2094301753,Production,2025-01-08T17:04:55Z,e74acc967fde5674ccbb4b1dcde683d76ffc08bb,success
jellyfin/jellyfin-web,2093899062,Production,2025-01-08T15:04:52Z,2a34569d838e0161ca1ad7bfa86d3dcab122f91e,success
jellyfin/jellyfin-web,2091703216,Production,2025-01-07T22:04:55Z,3a73467dbac3b225d824bd686410d3ec6c5bf075,success
jellyfin/jellyfin-web,2091428874,Production,2025-01-07T20:04:53Z,ee827363392619ddafacf2202cb33b6ff7baa5e7,success
jellyfin/jellyfin-web,2091124688,Production,2025-01-07T18:05:21Z,7aa7e664eb04c2377754ea082f7256cb83f78b25,success
jellyfin/jellyfin-web,2090381177,Production,2025-01-07T14:04:53Z,50ba78c297248e5a0646afae976d4b564f8bd1db,success
jellyfin/jellyfin-web,2090042859,Production,2025-01-07T12:04:49Z,dc81acb403834f814166cde634d81750ccbe46f1,success
jellyfin/jellyfin-web,2088661212,Production,2025-01-07T00:05:04Z,12537b0d028e215685c2e2618cd79da0d9b94084,success
jellyfin/jellyfin-web,2088510797,Production,2025-01-06T22:32:27Z,9329e2279d1d216fe10a763db45e9a72b1dc6408,success
jellyfin/jellyfin-web,2088459256,Production,2025-01-06T22:04:59Z,d7a6d8d4f0e919b01183a0a4ccf88165bca20e44,success
jellyfin/jellyfin-web,2088273096,Production,2025-01-06T20:38:59Z,882b49823a519b8530d27078b7f65f24c67fbd04,success
jellyfin/jellyfin-web,2088192568,Production,2025-01-06T20:05:24Z,e4e9a7a5d35d97e11e9852b1b6ee927afd804075,success
jellyfin/jellyfin-web,2087551876,Production,2025-01-06T16:00:05Z,ec1f6336a0c7d54b04411061b89f6d3ba8e6671e,success
jellyfin/jellyfin-web,2087481619,Production,2025-01-06T15:35:18Z,d1bc4c079f1eb26c67e6c2f31aa5c5b1c0953090,success
jellyfin/jellyfin-web,2087426926,Production,2025-01-06T15:17:16Z,e8fb89378f2149beb297616e20984d8713b73676,success
jellyfin/jellyfin-web,2086498441,Production,2025-01-06T09:10:06Z,801824523b95c6916f79761e859ff49550bc147a,success
jellyfin/jellyfin-web,2086365415,Production,2025-01-06T08:06:16Z,bc9537d80fe397c24f991d1e778302506bf185dd,success
jellyfin/jellyfin-web,2086152411,Production,2025-01-06T06:04:48Z,505c986f11b4f595b333a9ffaf9acbc5c3f3c81d,success
jellyfin/jellyfin-web,2085989937,Production,2025-01-06T04:04:51Z,99091c083d4500a86c5936b45384ef4edc3ef480,success
jellyfin/jellyfin-web,2085735305,Production,2025-01-06T00:29:07Z,08ab07ff0f1c38671c659a31e5387203ee6c33e6,success
jellyfin/jellyfin-web,2085713698,Production,2025-01-06T00:11:47Z,cdeda15d7897038bbb367d311b6977660dff35b6,success
jellyfin/jellyfin-web,2085701113,Production,2025-01-06T00:01:01Z,42d926e8e909a9b65706f4c89f87f683ea4fc85b,success
jellyfin/jellyfin-web,2085682976,Production,2025-01-05T23:38:25Z,f918c27b40523c6588e9ce7814958bb7a226d8af,success
jellyfin/jellyfin-web,2085675574,Production,2025-01-05T23:31:03Z,311f3fdcf457b1012c7bdc29f9d091c73e187ca8,success
jellyfin/jellyfin-web,2085667955,Production,2025-01-05T23:22:09Z,678c6c4e75fe5c6e976cbacec5f5fdbabbe1a8ef,success
jellyfin/jellyfin-web,2085635995,Production,2025-01-05T22:50:26Z,0353a79c609b1f4d1f21878f7191743620c73d1d,success
jellyfin/jellyfin-web,2085629850,Production,2025-01-05T22:43:19Z,1da549bd54c371d9a444786629ac1f6c96ce9121,success
jellyfin/jellyfin-web,2085545205,Production,2025-01-05T21:11:30Z,1c7f380ad25bdff5044c5864e59f6f2eb44e16b8,success
jellyfin/jellyfin-web,2085361350,Production,2025-01-05T18:04:52Z,c73bc9d843d2048d047a476b804a811e50ccf25f,success
jellyfin/jellyfin-web,2084731796,Production,2025-01-05T07:04:50Z,89867d21dae1d2426e0fafe8610f0531d5b70b6f,success
jellyfin/jellyfin-web,2084589501,Production,2025-01-05T04:04:43Z,b4c171668d7b3ec39a7626e850534dce19a7cd3b,success
jellyfin/jellyfin-web,2084497516,Production,2025-01-05T02:04:47Z,5e1b7ea450c618f2ffc991bb0dfe04c82cd7172e,success
jellyfin/jellyfin-web,2084404814,Production,2025-01-05T00:04:45Z,592e1091633859ff63070d61091016e95796091f,success
jellyfin/jellyfin-web,2084310808,Production,2025-01-04T22:04:59Z,c1faf485952b91817aae15c5d95386f2fb93d4e3,success
jellyfin/jellyfin-web,2084151709,Production,2025-01-04T19:04:47Z,24f79373e31f721877e23eb58dc6d9f1651a0c26,success
jellyfin/jellyfin-web,2083092527,Production,2025-01-04T00:04:46Z,8f381c289e13a329cbdba740873ef8097df7e55f,success
jellyfin/jellyfin-web,2081666564,Production,2025-01-03T12:04:48Z,a694d6c921da2b4e4bda673304db838ec6630dec,success
jellyfin/jellyfin-web,2080522925,Production,2025-01-02T23:04:59Z,19abd4b3bafe18df8a1c4e82e89420a7aaa7000f,success
jellyfin/jellyfin-web,2080160754,Production,2025-01-02T19:39:33Z,612dc282380845826586d0815d7a0f5626dcfff3,success
jellyfin/jellyfin-web,2079696770,Production,2025-01-02T16:04:14Z,2ecab9052a98b86b35135f96dc7d968f9d9fd739,success
jellyfin/jellyfin-web,2079161226,Production,2025-01-02T12:05:02Z,ece8de34204e4d44d4db4d8e570a4b2c17611341,success
jellyfin/jellyfin-web,2078174758,Production,2025-01-02T00:04:56Z,5d00939f18ca11c15adb514ab77cf1d67d8f497b,success
jellyfin/jellyfin-web,2077871712,Production,2025-01-01T18:16:05Z,d3db9ebc37dd9c8ac6c607995300f31603d661a2,success
jellyfin/jellyfin-web,2077683773,Production,2025-01-01T15:03:42Z,1c7438c03552d8eddb0eb10ff564b3d9e6e37378,success
jellyfin/jellyfin-web,2077340733,Production,2025-01-01T09:04:53Z,f78c2922c43e91c59a2924be7937531717f874d6,success
jellyfin/jellyfin-web,2077125400,Production,2025-01-01T04:52:24Z,9614495fdef884d6418a6a960c660ec38bf8606d,success
jellyfin/jellyfin-web,2076838980,Production,2024-12-31T22:59:00Z,89f317ab62428c0a6956bbd336b7f47f1171b475,success
jellyfin/jellyfin-web,2075135998,Production,2024-12-31T00:05:02Z,c8eed9a89764d4ec0ed2defdce9c3bd7714b9c11,success
jellyfin/jellyfin-web,2074730682,Production,2024-12-30T19:04:54Z,256a7b8b1d023805401cea05356bb6697fe44e0b,success
jellyfin/jellyfin-web,2074526349,Production,2024-12-30T17:05:00Z,11cd8dd43481c69ce4aab4de1e31429a13f435b0,success
jellyfin/jellyfin-web,2074296467,Production,2024-12-30T15:04:54Z,ac8fb37c8cb89400cd0be88971d903a423a49085,success
jellyfin/jellyfin-web,2072962568,Production,2024-12-29T22:04:53Z,712affbe98882b8ae4c70c1b61bc36e17639e899,success
jellyfin/jellyfin-web,2072265820,Production,2024-12-29T09:18:29Z,d3e5041a5809f9c607e0da190cdbac9b5e4844e6,success
jellyfin/jellyfin-web,2070645328,Production,2024-12-28T00:04:47Z,225b2cd02575cfc74b75982651c1b20d2c648687,success
jellyfin/jellyfin-web,2070291116,Production,2024-12-27T19:04:47Z,512878e7356161f81711f95c78c90d07792939b0,success
jellyfin/jellyfin-web,2070109933,Production,2024-12-27T17:04:55Z,b82ec18b0bf4d2e7ce0349d11e00f4223f0d1bc1,success
jellyfin/jellyfin-web,2069530009,Production,2024-12-27T11:05:07Z,2b220ff985696e10574f3be97e8e89580f6f3e41,success
jellyfin/jellyfin-web,2065550544,Production,2024-12-24T23:04:39Z,bdb184155ca150452ccd69ab57a192163ca30785,success
jellyfin/jellyfin-web,2059557781,Production,2024-12-21T14:39:07Z,89483b2f4caa7060c61da52605ec09f71520d7e3,success
jellyfin/jellyfin-web,2058858957,Production,2024-12-21T01:04:36Z,6e3fdbb1227580dfbb7cb1b276b642b814eac0d7,success
jellyfin/jellyfin-web,2058149745,Production,2024-12-20T18:07:05Z,c36c58e6ba869f9bbd3570474fbb336c20a2a440,success
jellyfin/jellyfin-web,2058135773,Production,2024-12-20T18:02:28Z,de4d6b9d27071222ca6d46b1be8c2b157930fe33,success
jellyfin/jellyfin-web,2057445786,Production,2024-12-20T13:43:57Z,05bc77f407c6109d06c0321b52f99332ae9ad8a4,success
jellyfin/jellyfin-web,2054167176,Production,2024-12-19T13:05:00Z,0cf41f40f1d8adb50b92264392baf98de2e840c7,success
jellyfin/jellyfin-web,2053111886,Production,2024-12-19T05:55:22Z,e3e9511cc34c7a5c8d4af8808f35cc5a0390f46a,success
jellyfin/jellyfin-web,2052697849,Production,2024-12-19T01:05:00Z,268e161013ad5f31c52479489982b199317c3d71,success
jellyfin/jellyfin-web,2052505304,Production,2024-12-18T23:04:51Z,83f5a2314a987d6c367032bae9a9432dcac821c3,success
jellyfin/jellyfin-web,2052253758,Production,2024-12-18T21:04:51Z,6fd90b0c368bc8dc460fa7b404d47d9928b9be12,success
jellyfin/jellyfin-web,2050472229,Production,2024-12-18T11:04:58Z,3c8f5e9387300bbcd0e7e03722898462c6575971,success
jellyfin/jellyfin-web,2048249781,Production,2024-12-17T17:21:04Z,052eb6d5ee729d105f3867e5979a67f40432f071,success
jellyfin/jellyfin-web,2047390475,Production,2024-12-17T13:04:54Z,b1b444a8e40286449bc6431f926d80d14f2ebfe1,success
jellyfin/jellyfin-web,2040870125,Production,2024-12-14T18:50:14Z,9d7532ceabb47bca34e535f96cfc68efad0c52c1,success
jellyfin/jellyfin-web,2038153616,Production,2024-12-13T12:04:53Z,44eee5be6edb016e2e03ff8140061c1f158b0216,success
jellyfin/jellyfin-web,2036456300,Production,2024-12-12T21:04:55Z,19f604ee24174532cc7714a003cc3d6d30ceb1b4,success
jellyfin/jellyfin-web,2032970819,Production,2024-12-11T21:04:48Z,03cef65c888c1400820f5a4778d3edcb07c9ca7e,success
jellyfin/jellyfin-web,2025439885,Production,2024-12-09T19:05:06Z,e0e266d1a60853fb398b37a88440b975c22d1c4f,success
jellyfin/jellyfin-web,2020890671,Production,2024-12-07T16:04:52Z,8ef78024b21ed17b30bad89b920589d3057e7b6b,success
jellyfin/jellyfin-web,2020712916,Production,2024-12-07T13:04:47Z,c3c278b9f249cf199f25e9d13780fe10711763ef,success
jellyfin/jellyfin-web,2020604182,Production,2024-12-07T11:04:49Z,39858bc1034ab9f42582998e1b6e6ffe88749d7a,success
jellyfin/jellyfin-web,2019580599,Production,2024-12-06T20:03:52Z,94bbc8498d71ead18a384fdf5329eb10814c11d4,success
jellyfin/jellyfin-web,2016069084,Production,2024-12-05T18:03:37Z,2cb722a5885b2d6035b7ee0efc6f3d5ece9126ef,success
jellyfin/jellyfin-web,2007654413,Production,2024-12-03T11:03:41Z,a789df2addad4feafa13fbcd5f2bf0c21cf1ab1e,success
jellyfin/jellyfin-web,2006522809,Production,2024-12-03T02:03:58Z,8a0387d51c150aa55f60fbe3d683e74c3ba1846f,success
jellyfin/jellyfin-web,2004965177,Production,2024-12-02T15:04:11Z,fd6cab45cc69d3f6a554e1923a1447a49cbd323e,success
jellyfin/jellyfin-web,2004552733,Production,2024-12-02T13:03:34Z,2fb7f92cba345b85edf1a10f5041b8a674c1a058,success
jellyfin/jellyfin-web,2003868085,Production,2024-12-02T09:03:33Z,90ba7135e3e5f52be07c35427be262faa3226912,success
jellyfin/jellyfin-web,2002625417,Production,2024-12-01T17:03:45Z,9be865f47028b6939a4b9999c0276782dd4ab8bc,success
jellyfin/jellyfin-web,2002379630,Production,2024-12-01T13:04:00Z,ad881412a740cf60cbc3cd30022562fe9b703649,success
jellyfin/jellyfin-web,2002107719,Production,2024-12-01T08:03:35Z,672a6e92128ba07e6b01e92d801342b608b328ae,success
jellyfin/jellyfin-web,2001687439,Production,2024-11-30T23:13:02Z,caffdfd5fac3205890ab1148e59ac66874cff2a6,success
jellyfin/jellyfin-web,2001406423,Production,2024-11-30T17:40:44Z,bab9c86521e1156ddabd59340b1616efbea7afe1,success
jellyfin/jellyfin-web,2001314445,Production,2024-11-30T16:03:32Z,2072cca0913d2654bb07652965434316dc4b2113,success
jellyfin/jellyfin-web,2001093805,Production,2024-11-30T12:03:46Z,0826138aded67e797338a48a6c89e0e913426eec,success
jellyfin/jellyfin-web,2000792654,Production,2024-11-30T06:03:41Z,2a8a4889d40304d59ae1712f1a4f95c0ee6f228b,success
jellyfin/jellyfin-web,1998276962,Production,2024-11-29T05:03:42Z,12d2cf31e2442bcadfa502cf98a8d115876b67dc,success
jellyfin/jellyfin-web,1998128179,Production,2024-11-29T03:03:36Z,c768653020c226e41f84eddbfab805c183695b12,success
jellyfin/jellyfin-web,1998050616,Production,2024-11-29T01:55:23Z,3a70d9208ac06226109e9d55cfe61417a995f412,success
jellyfin/jellyfin-web,1997993489,Production,2024-11-29T01:03:38Z,031a9aac74bbc6165345c9b5b883626df0fce9af,success
jellyfin/jellyfin-web,1997912211,Production,2024-11-28T23:53:19Z,681ce0f8e4012ee90a3b45a0bf210494b34e81b1,success
jellyfin/jellyfin-web,1997697995,Production,2024-11-28T21:03:32Z,92b60bde6278e3bafc1f27a485a0beeea524818f,success
jellyfin/jellyfin-web,1996929275,Production,2024-11-28T15:03:40Z,1ec4f9b47980c9c345ff3fd9d2022d4001b0192f,success
jellyfin/jellyfin-web,1993928828,Production,2024-11-27T16:03:53Z,8fea5c0da0cbdafbb9183b619aa73adcc5f8c25a,success
jellyfin/jellyfin-web,1991877312,Production,2024-11-27T02:03:31Z,7f64f72c92e6e6d406d50f1048d09d25e4810105,success
jellyfin/jellyfin-web,1991479502,Production,2024-11-26T22:03:39Z,b5b1f3bb06f41c1e1c0b61d2a4d797db7fe23f91,success
jellyfin/jellyfin-web,1991193984,Production,2024-11-26T20:03:41Z,0185eb226d699fa7bdb73b90dceabb95e74514af,success
jellyfin/jellyfin-web,1987855517,Production,2024-11-25T21:04:04Z,30117bcc860524964ab73ce9507c0e611844bea4,success
jellyfin/jellyfin-web,1987520971,Production,2024-11-25T18:53:49Z,793649e83fa41597b1743acacd5ff286694c16a8,success
jellyfin/jellyfin-web,1986809397,Production,2024-11-25T15:03:53Z,e39a7dc40b52a3e9b4d9d5f14c1a9cba32a9d4f6,success
jellyfin/jellyfin-web,1984514454,Production,2024-11-24T18:04:25Z,717d30cb56734b3c591964307a387ac701798a91,success
jellyfin/jellyfin-web,1984393136,Production,2024-11-24T16:04:31Z,cb48f6b15f1fc370900dc55f0873f301a8c84266,success
jellyfin/jellyfin-web,1983957685,Production,2024-11-24T08:19:28Z,3e7de3c580e467a241dba2df52faa25d721d7c77,success
jellyfin/jellyfin-web,1979912267,Production,2024-11-22T07:35:27Z,2b0f028b6f1c471db16996a36d0d6ee6f23bde57,success
jellyfin/jellyfin-web,1979491971,Production,2024-11-22T03:03:42Z,a88110fcad50368ee7681e1a7d7d068a8d51cab5,success
jellyfin/jellyfin-web,1979340407,Production,2024-11-22T01:11:26Z,ffd7cad65c345f34b530c5e8bf44a8ddee9089e5,success
jellyfin/jellyfin-web,1978886184,Production,2024-11-21T21:08:39Z,bc4d6c95d16e97f373ea1d564aa97b8453add4ae,success
jellyfin/jellyfin-web,1978792317,Production,2024-11-21T20:30:40Z,4fed499c99ba70aac494a9001381e1a7c0fafc55,success
jellyfin/jellyfin-web,1977592303,Production,2024-11-21T14:03:55Z,0d5e49e67b6f7b1150765e76c7244eab269c69d5,success
jellyfin/jellyfin-web,1977056740,Production,2024-11-21T11:03:55Z,f0b7d7ad553fcf2e8945ee3a1c898953604a4bcb,success
jellyfin/jellyfin-web,1975694172,Production,2024-11-20T23:03:37Z,6f6d6f22bc8dc1f22642cb683ff1ca56198f2173,success
jellyfin/jellyfin-web,1972047524,Production,2024-11-19T20:47:55Z,441494d5b2d2c60d87895d53a8287d13dbffe4e3,success
jellyfin/jellyfin-web,1970577983,Production,2024-11-19T13:04:01Z,1c69ad4e6c38938ef35f866c569ef98bfa5acac4,success
jellyfin/jellyfin-web,1970227765,Production,2024-11-19T11:03:43Z,fa8c542ad7fd20027f31549644a552b7f9dca15f,success
jellyfin/jellyfin-web,1969297560,Production,2024-11-19T04:06:17Z,33b6106f26de863db826fd2ae88cf62b948c8dfa,success
jellyfin/jellyfin-web,1968689885,Production,2024-11-18T22:03:35Z,23a71cba4472fb459189d11be25164403e203f2f,success
jellyfin/jellyfin-web,1967709457,Production,2024-11-18T16:03:41Z,a077acb7c8df8358109d6e593c816333e2e77aa9,success
jellyfin/jellyfin-web,1964853078,Production,2024-11-17T12:03:43Z,7f904d5ac8d8cba02762e9ff5315f82a6b69eb96,success
jellyfin/jellyfin-web,1964746589,Production,2024-11-17T10:03:37Z,d2db4e52f6b8c6a5ac9e1134eb54637556c4a8c6,success
jellyfin/jellyfin-web,1961538453,Production,2024-11-15T13:03:50Z,2b86995fc77d52b8682ed87fb0cf3b0f88d15553,success
jellyfin/jellyfin-web,1959843289,Production,2024-11-14T22:03:52Z,1fd7bf0c5192ffa316e256a41f6a6616b547db31,success
jellyfin/jellyfin-web,1959240713,Production,2024-11-14T18:03:50Z,4a72478659d7ab8a38da6c01bd56c047a606560d,success
jellyfin/jellyfin-web,1955966238,Production,2024-11-13T19:03:49Z,79fe2d7bbaf5c64f9fcaf75f1282f055f9e3c0ec,success
jellyfin/jellyfin-web,1953918952,Production,2024-11-13T08:03:55Z,1ec222ed1d53de6383ae8c908fcd3d416842be94,success
jellyfin/jellyfin-web,1953239662,Production,2024-11-13T01:03:38Z,c29c71f839c7bab40228e07907c796c709039385,success
jellyfin/jellyfin-web,1952318564,Production,2024-11-12T18:03:48Z,3fc766b6b626c91c691b63ca71572963704950a1,success
jellyfin/jellyfin-web,1951146061,Production,2024-11-12T12:03:38Z,ff1d4fa45de71d8c598977b59d76f8c8c3efa61a,success
jellyfin/jellyfin-web,1948695406,Production,2024-11-11T16:09:26Z,f2474b5e4409c08f9d36aebfeada3324543db13a,success
jellyfin/jellyfin-web,1947484761,Production,2024-11-11T09:05:56Z,0162c502131ac7e3c090047ad928f094a19c5000,success
jellyfin/jellyfin-web,1946550584,Production,2024-11-10T22:03:38Z,ab1cf1e435c1a8e09aef8a16398ea6d82ff685e7,success
jellyfin/jellyfin-web,1946375653,Production,2024-11-10T19:03:41Z,d63b1297c2b5c45012ef0f9108f7205836508d63,success
jellyfin/jellyfin-web,1946255554,Production,2024-11-10T17:03:36Z,a965c14d77cbcaf01490e445475de699ecb67614,success
jellyfin/jellyfin-web,1945846265,Production,2024-11-10T10:03:40Z,5d49a96d9ab10a9f86e3a21294d5fe956e2dcbaa,success
jellyfin/jellyfin-web,1945507035,Production,2024-11-10T03:03:48Z,8036190ce57a48e419279088ca2a91b7888cbbf1,success
jellyfin/jellyfin-web,1945286986,Production,2024-11-09T22:03:28Z,34df712cf87c2027dfd0b21b9a2d770dfd073d61,success
jellyfin/jellyfin-web,1944794700,Production,2024-11-09T13:03:44Z,d0a1fb25582e420b7ac8924c32c32baf84f85a16,success
jellyfin/jellyfin-web,1944191414,Production,2024-11-09T01:03:37Z,d2d6c64d5f78a1230e8ac30282a273f51d78cbcc,success
jellyfin/jellyfin-web,1938780337,Production,2024-11-07T10:03:52Z,08a852dee3d157531f62782509af69f77fdbb3d3,success
jellyfin/jellyfin-web,1938334144,Production,2024-11-07T07:03:36Z,e640f0466e3a5d3562bb8fafa0a7602a52068946,success
jellyfin/jellyfin-web,1937805386,Production,2024-11-07T01:03:39Z,9b9006a6b581331eee76c098664ea2ffdaa07936,success
jellyfin/jellyfin-web,1936913912,Production,2024-11-06T18:03:43Z,bfa9562318005c54a68d11b2cf350e3631fafc23,success
jellyfin/jellyfin-web,1934742112,Production,2024-11-06T04:03:44Z,786d8c837d9356175e519f80b3d42e0c1604d1dd,success
jellyfin/jellyfin-web,1934573780,Production,2024-11-06T02:03:40Z,07eb8f9a15991736f2c8d88c1f54cf5b38a4d720,success
jellyfin/jellyfin-web,1933020327,Production,2024-11-05T15:03:44Z,79ae5c12bc83c6df3cb142a505ecaaa567804a32,success
jellyfin/jellyfin-web,1932427129,Production,2024-11-05T12:03:40Z,6ed9857f68ac6a1e480a1ee46d37abf00914d235,success
jellyfin/jellyfin-web,1932086224,Production,2024-11-05T10:03:59Z,ed4849367ea6016e9656aee3e1cc4e4cf400dc76,success
jellyfin/jellyfin-web,1930912461,Production,2024-11-04T23:03:46Z,76095a8a11a3629a68a48bc047bdb0f90b3357a4,success
jellyfin/jellyfin-web,1930190998,Production,2024-11-04T18:03:42Z,655a32f745b823107bcc7a9527d650ba0f2567d4,success
jellyfin/jellyfin-web,1929045142,Production,2024-11-04T12:03:35Z,4caa8f71435b5e364d10dbf21a20e1bc2a6cae7d,success
jellyfin/jellyfin-web,1928412133,Production,2024-11-04T08:03:47Z,9839f991d9bcb2895ba158e8df4c30f1a9a4ef6a,success
jellyfin/jellyfin-web,1928209487,Production,2024-11-04T06:03:35Z,2c363b26105cf3f154909a3e5148d0d394570afe,success
jellyfin/jellyfin-web,1927920643,Production,2024-11-04T02:04:39Z,00eacba5b4189fc8390363424edce06d92a86f45,success
jellyfin/jellyfin-web,1927747243,Production,2024-11-03T23:09:29Z,901af6b07b3376cf554d5e5cde313bbafd138995,success
jellyfin/jellyfin-web,1927636592,Production,2024-11-03T21:09:35Z,42c21b96c29ef38966efc19ab56466e9c933911a,success
jellyfin/jellyfin-web,1927409404,Production,2024-11-03T17:09:29Z,43581367d011cba262afbf3f2c03a2ce218e6a65,success
jellyfin/jellyfin-web,1927335236,Production,2024-11-03T15:58:17Z,08ad03275f4294d939751627815581b97e96a597,success
jellyfin/jellyfin-web,1926491505,Production,2024-11-02T22:45:04Z,bd7724b5fc611754c89b20668c22c293c96c8a59,success
jellyfin/jellyfin-web,1926132733,Production,2024-11-02T15:45:15Z,cb656d7e98afc6d0a4b81cfe1975a3987eb8a2f1,success
jellyfin/jellyfin-web,1926024854,Production,2024-11-02T13:45:11Z,fec00348d349117aa5b1c87070be889ec1270a44,success
jellyfin/jellyfin-web,1925919533,Production,2024-11-02T11:45:12Z,3cb08656281aa9ac8b5a7829a189b0fae162b664,success
jellyfin/jellyfin-web,1925825477,Production,2024-11-02T09:47:36Z,0146f8e329b249271d9ee29baf28279f8468897e,success
jellyfin/jellyfin-web,1925725745,Production,2024-11-02T07:45:17Z,a22bf24e5eed298e39004752cb91bfd3e5b267b4,success
jellyfin/jellyfin-web,1925394007,Production,2024-11-02T00:45:10Z,bf43cb309534dad708e58d15a85230f8f46acfc2,success
jellyfin/jellyfin-web,1924512569,Production,2024-11-01T16:45:11Z,497b723d5c6667db46a0c20e6786b02f89a34d41,success
jellyfin/jellyfin-web,1924189597,Production,2024-11-01T14:45:10Z,8991d38ba9c6d93d3dadaafbbc36a7392d3d4ff0,success
jellyfin/jellyfin-web,1922609063,Production,2024-10-31T22:45:17Z,10c8ef160c40eb6e0ef2a73f6d6df545660d2f8e,success
jellyfin/jellyfin-web,1922096111,Production,2024-10-31T18:45:12Z,686ed79eec2fd3b186a4cd54e68226888b91e558,success
jellyfin/jellyfin-web,1921182735,Production,2024-10-31T13:45:10Z,6a49fffa9aacd1953027a3b8cee7f32c55952cb1,success
jellyfin/jellyfin-web,1919619549,Production,2024-10-30T23:45:22Z,55376549118acd27f25e320785517a12eaa4e94c,success
jellyfin/jellyfin-web,1919418047,Production,2024-10-30T21:45:20Z,d8ca158a7805bdf27e78c037eec79b6a625e26f7,success
jellyfin/jellyfin-web,1919158671,Production,2024-10-30T19:55:05Z,0c818d5fddb00c30ee9905002815b151fe0230f0,success
jellyfin/jellyfin-web,1916436308,Production,2024-10-30T00:45:09Z,c3614a0c8ced93ff0ace404afe41eca5679d15b2,success
jellyfin/jellyfin-web,1915695507,Production,2024-10-29T18:45:15Z,033e2edfdd39c11e3ef66c6ced350fa4f904909c,success
jellyfin/jellyfin-web,1914919703,Production,2024-10-29T14:45:14Z,4e1e737c0ac31838ffcb53c577a1e61508d97197,success
jellyfin/jellyfin-web,1914515622,Production,2024-10-29T12:50:00Z,955053c727e29310d5786f740426f24e2d7d2cae,success
jellyfin/jellyfin-web,1913808642,Production,2024-10-29T08:45:38Z,f4c6a10972e26a85d62056e1cfc19d9bb29e3abb,success
jellyfin/jellyfin-web,1913543877,Production,2024-10-29T06:45:08Z,d0bc3e338e3ee229737a0c206d22b5c5773e5c7c,success
jellyfin/jellyfin-web,1913037134,Production,2024-10-29T00:45:11Z,8f150d50c5ee5c11c8f9793305c297338f19b058,success
jellyfin/jellyfin-web,1912742575,Production,2024-10-28T21:45:12Z,8c793172d7d97cb87a5d7e310095cd1dd6e6afe0,success
jellyfin/jellyfin-web,1912142287,Production,2024-10-28T17:45:24Z,6cc27fff3e8f770cc1278dca60930e61b0b61c1b,success
jellyfin/jellyfin-web,1911557693,Production,2024-10-28T14:45:23Z,9fbc37fbf30e986451964d3cd8fd178d1a3895be,success
jellyfin/jellyfin-web,1911147250,Production,2024-10-28T12:45:07Z,c52c17e1bcdb32651d2eee2399632d4a93df2d09,success
jellyfin/jellyfin-web,1910808751,Production,2024-10-28T10:45:41Z,d8de2cddc1bcb5b9cdc471d2fb3c890016077fdd,success
jellyfin/jellyfin-web,1909770666,Production,2024-10-28T00:45:36Z,4d5fcb5d46e257d578ce0c5021fde66b753dcd5b,success
jellyfin/jellyfin-web,1909493722,Production,2024-10-27T19:45:08Z,9a6cb89bae52f5ae21145254bf9b5b3bfce87894,success
jellyfin/jellyfin-web,1909264028,Production,2024-10-27T15:45:12Z,ecb8d7202adb7212cba84e33c844f0109bcde00e,success
jellyfin/jellyfin-web,1909147539,Production,2024-10-27T13:45:12Z,34c6cd2bd1e79b5dca29cf3bf8997343246e9099,success
jellyfin/jellyfin-web,1909035560,Production,2024-10-27T11:45:10Z,dd705c31d9208021a4ea9e9a2c706c9dbcd70e85,success
jellyfin/jellyfin-web,1908615593,Production,2024-10-27T02:45:07Z,c92c012c7e98f13947e265afff1395b924d4152b,success
jellyfin/jellyfin-web,1908450908,Production,2024-10-26T22:45:09Z,7abb02454b17b8e9520fa79d083a9215911970b6,success
jellyfin/jellyfin-web,1908288266,Production,2024-10-26T19:16:48Z,acb814a0277ce0b7a1d8844ddc1eaba5a21f90b3,success
mockoon/mockoon,6482227251,production,2026-09-16T13:41:57Z,6d60e713a8508d77dbbd415e6123ae15c0801683,success
mockoon/mockoon,6481981830,production,2026-09-16T13:29:43Z,6d60e713a8508d77dbbd415e6123ae15c0801683,failure
mockoon/mockoon,6481815115,production,2026-09-16T13:21:25Z,6d60e713a8508d77dbbd415e6123ae15c0801683,failure
mockoon/mockoon,6481787245,production,2026-09-16T13:20:00Z,6d60e713a8508d77dbbd415e6123ae15c0801683,success
mockoon/mockoon,6476408923,production,2026-09-16T08:00:33Z,6d60e713a8508d77dbbd415e6123ae15c0801683,success
mockoon/mockoon,6476408909,production,2026-09-16T08:00:33Z,6d60e713a8508d77dbbd415e6123ae15c0801683,success
mockoon/mockoon,6476408903,production,2026-09-16T08:00:33Z,6d60e713a8508d77dbbd415e6123ae15c0801683,success
mockoon/mockoon,6476408902,production,2026-09-16T08:00:33Z,6d60e713a8508d77dbbd415e6123ae15c0801683,success
mockoon/mockoon,6474937500,production,2026-09-16T06:13:50Z,4b4da945f28af612787fddebafdadc0eb8d96194,success
mockoon/mockoon,6474937499,production,2026-09-16T06:13:50Z,4b4da945f28af612787fddebafdadc0eb8d96194,success
mockoon/mockoon,6474937493,production,2026-09-16T06:13:50Z,4b4da945f28af612787fddebafdadc0eb8d96194,success
mockoon/mockoon,6474937491,production,2026-09-16T06:13:50Z,4b4da945f28af612787fddebafdadc0eb8d96194,success
mockoon/mockoon,6463064364,production,2026-09-15T16:03:16Z,c2f09ddf75253505ce7b842eff41c3cbb2e7c475,success
mockoon/mockoon,6463064345,production,2026-09-15T16:03:16Z,c2f09ddf75253505ce7b842eff41c3cbb2e7c475,failure
mockoon/mockoon,6461393686,production,2026-09-15T14:40:08Z,c2f09ddf75253505ce7b842eff41c3cbb2e7c475,failure
mockoon/mockoon,6461393668,production,2026-09-15T14:40:07Z,c2f09ddf75253505ce7b842eff41c3cbb2e7c475,success
mockoon/mockoon,6461393664,production,2026-09-15T14:40:07Z,c2f09ddf75253505ce7b842eff41c3cbb2e7c475,success
mockoon/mockoon,6461393662,production,2026-09-15T14:40:07Z,c2f09ddf75253505ce7b842eff41c3cbb2e7c475,failure
mockoon/mockoon,6461127001,production,2026-09-15T14:27:15Z,b92c1120f52f2bf932afcb7aa4f5c5a0dc941139,failure
mockoon/mockoon,6461126998,production,2026-09-15T14:27:15Z,b92c1120f52f2bf932afcb7aa4f5c5a0dc941139,success
mockoon/mockoon,6461126987,production,2026-09-15T14:27:15Z,b92c1120f52f2bf932afcb7aa4f5c5a0dc941139,failure
mockoon/mockoon,6461126960,production,2026-09-15T14:27:15Z,b92c1120f52f2bf932afcb7aa4f5c5a0dc941139,success
mockoon/mockoon,5689578244,production,2026-07-31T09:45:53Z,e76921e22d6b40975d31a3f08656c01886c64e12,success
mockoon/mockoon,5689562118,production,2026-07-31T09:44:32Z,e76921e22d6b40975d31a3f08656c01886c64e12,inactive
mockoon/mockoon,5688762321,production,2026-07-31T08:40:05Z,e76921e22d6b40975d31a3f08656c01886c64e12,inactive
mockoon/mockoon,5688762319,production,2026-07-31T08:40:05Z,e76921e22d6b40975d31a3f08656c01886c64e12,inactive
mockoon/mockoon,5688762315,production,2026-07-31T08:40:05Z,e76921e22d6b40975d31a3f08656c01886c64e12,inactive
mockoon/mockoon,5688762309,production,2026-07-31T08:40:05Z,e76921e22d6b40975d31a3f08656c01886c64e12,inactive
mockoon/mockoon,5688628455,production,2026-07-31T08:28:20Z,dd89ec662c9454f842c7adb178dd1019343d15ea,failure
mockoon/mockoon,5688628452,production,2026-07-31T08:28:20Z,dd89ec662c9454f842c7adb178dd1019343d15ea,failure
mockoon/mockoon,5688628446,production,2026-07-31T08:28:20Z,dd89ec662c9454f842c7adb178dd1019343d15ea,inactive
mockoon/mockoon,5688628442,production,2026-07-31T08:28:20Z,dd89ec662c9454f842c7adb178dd1019343d15ea,inactive
mockoon/mockoon,5120604698,production,2026-06-19T08:29:11Z,df02ba3b0d9e8b88651230f3b38d8e6fa3679b9b,inactive
mockoon/mockoon,5120586659,production,2026-06-19T08:27:14Z,df02ba3b0d9e8b88651230f3b38d8e6fa3679b9b,inactive
mockoon/mockoon,5120098056,production,2026-06-19T07:35:52Z,df02ba3b0d9e8b88651230f3b38d8e6fa3679b9b,inactive
mockoon/mockoon,5120098052,production,2026-06-19T07:35:52Z,df02ba3b0d9e8b88651230f3b38d8e6fa3679b9b,inactive
mockoon/mockoon,5120098051,production,2026-06-19T07:35:52Z,df02ba3b0d9e8b88651230f3b38d8e6fa3679b9b,inactive
mockoon/mockoon,5120098050,production,2026-06-19T07:35:52Z,df02ba3b0d9e8b88651230f3b38d8e6fa3679b9b,inactive
mockoon/mockoon,5119785163,production,2026-06-19T06:59:37Z,b3bb212cdf5b4db2650243e0dea7d4b7e1d5945c,inactive
mockoon/mockoon,5119785161,production,2026-06-19T06:59:37Z,b3bb212cdf5b4db2650243e0dea7d4b7e1d5945c,inactive
mockoon/mockoon,5119785158,production,2026-06-19T06:59:37Z,b3bb212cdf5b4db2650243e0dea7d4b7e1d5945c,inactive
mockoon/mockoon,5119785157,production,2026-06-19T06:59:37Z,b3bb212cdf5b4db2650243e0dea7d4b7e1d5945c,inactive
mockoon/mockoon,5119588406,production,2026-06-19T06:35:30Z,a5e8a092abba0228b9e3cdf0f1050f99725a0e23,inactive
mockoon/mockoon,5119588405,production,2026-06-19T06:35:30Z,a5e8a092abba0228b9e3cdf0f1050f99725a0e23,inactive
mockoon/mockoon,5119588404,production,2026-06-19T06:35:30Z,a5e8a092abba0228b9e3cdf0f1050f99725a0e23,inactive
mockoon/mockoon,5119588403,production,2026-06-19T06:35:30Z,a5e8a092abba0228b9e3cdf0f1050f99725a0e23,inactive
mockoon/mockoon,5114738079,production,2026-06-18T20:03:55Z,501a88175a9dd91115cff51d902c8f331666a57f,inactive
mockoon/mockoon,5114738078,production,2026-06-18T20:03:55Z,501a88175a9dd91115cff51d902c8f331666a57f,inactive
mockoon/mockoon,5114738075,production,2026-06-18T20:03:55Z,501a88175a9dd91115cff51d902c8f331666a57f,inactive
mockoon/mockoon,5114738073,production,2026-06-18T20:03:55Z,501a88175a9dd91115cff51d902c8f331666a57f,inactive
mockoon/mockoon,5113543571,production,2026-06-18T18:19:58Z,2850d432aa5a044b0544fa7443b0698b0ab3647c,inactive
mockoon/mockoon,5113543569,production,2026-06-18T18:19:58Z,2850d432aa5a044b0544fa7443b0698b0ab3647c,inactive
mockoon/mockoon,5113543563,production,2026-06-18T18:19:58Z,2850d432aa5a044b0544fa7443b0698b0ab3647c,inactive
mockoon/mockoon,5113543561,production,2026-06-18T18:19:58Z,2850d432aa5a044b0544fa7443b0698b0ab3647c,inactive
mockoon/mockoon,5113293792,production,2026-06-18T17:58:55Z,23914dc8b4b9767edf429d636cf0fd9eb7077ac8,inactive
mockoon/mockoon,5113293790,production,2026-06-18T17:58:55Z,23914dc8b4b9767edf429d636cf0fd9eb7077ac8,inactive
mockoon/mockoon,5113293788,production,2026-06-18T17:58:55Z,23914dc8b4b9767edf429d636cf0fd9eb7077ac8,inactive
mockoon/mockoon,5113293779,production,2026-06-18T17:58:55Z,23914dc8b4b9767edf429d636cf0fd9eb7077ac8,inactive
mockoon/mockoon,5113089861,production,2026-06-18T17:41:05Z,25a10df490ab5d9267523c6bda9833531fc4b51c,inactive
mockoon/mockoon,5113089845,production,2026-06-18T17:41:05Z,25a10df490ab5d9267523c6bda9833531fc4b51c,inactive
mockoon/mockoon,5113089843,production,2026-06-18T17:41:05Z,25a10df490ab5d9267523c6bda9833531fc4b51c,inactive
mockoon/mockoon,5113089839,production,2026-06-18T17:41:05Z,25a10df490ab5d9267523c6bda9833531fc4b51c,inactive
mockoon/mockoon,5111473287,production,2026-06-18T15:31:00Z,2c66aac590145a1e6861557527c513e875e4fd1e,inactive
mockoon/mockoon,5111473270,production,2026-06-18T15:31:00Z,2c66aac590145a1e6861557527c513e875e4fd1e,inactive
mockoon/mockoon,5111473268,production,2026-06-18T15:31:00Z,2c66aac590145a1e6861557527c513e875e4fd1e,inactive
mockoon/mockoon,5111473252,production,2026-06-18T15:31:00Z,2c66aac590145a1e6861557527c513e875e4fd1e,inactive
mockoon/mockoon,5110945948,production,2026-06-18T14:53:44Z,44345d3ecb5b24bf624b258ae7cf077144af350f,inactive
mockoon/mockoon,5110945943,production,2026-06-18T14:53:44Z,44345d3ecb5b24bf624b258ae7cf077144af350f,inactive
mockoon/mockoon,5110945940,production,2026-06-18T14:53:44Z,44345d3ecb5b24bf624b258ae7cf077144af350f,inactive
mockoon/mockoon,5110945939,production,2026-06-18T14:53:44Z,44345d3ecb5b24bf624b258ae7cf077144af350f,failure
mockoon/mockoon,5110745397,production,2026-06-18T14:39:41Z,72f76a92aae9b95a4d101bb1ec03c1d21e0db38e,inactive
mockoon/mockoon,5110745394,production,2026-06-18T14:39:41Z,72f76a92aae9b95a4d101bb1ec03c1d21e0db38e,inactive
mockoon/mockoon,5110745389,production,2026-06-18T14:39:41Z,72f76a92aae9b95a4d101bb1ec03c1d21e0db38e,inactive
mockoon/mockoon,5110745380,production,2026-06-18T14:39:41Z,72f76a92aae9b95a4d101bb1ec03c1d21e0db38e,failure
mockoon/mockoon,5109681228,production,2026-06-18T13:24:11Z,131223cd50962d93adc87e282b4be52d57f58b57,inactive
mockoon/mockoon,5109681218,production,2026-06-18T13:24:10Z,131223cd50962d93adc87e282b4be52d57f58b57,inactive
mockoon/mockoon,5109681216,production,2026-06-18T13:24:10Z,131223cd50962d93adc87e282b4be52d57f58b57,inactive
mockoon/mockoon,5109681211,production,2026-06-18T13:24:10Z,131223cd50962d93adc87e282b4be52d57f58b57,inactive
mockoon/mockoon,4249525342,production,2026-04-02T08:10:47Z,1c874584c058b891f6affbb44d5a5223f3f8f812,inactive
mockoon/mockoon,4249509888,production,2026-04-02T08:08:48Z,1c874584c058b891f6affbb44d5a5223f3f8f812,inactive
mockoon/mockoon,4249356039,production,2026-04-02T07:48:36Z,1c874584c058b891f6affbb44d5a5223f3f8f812,inactive
mockoon/mockoon,4249356038,production,2026-04-02T07:48:36Z,1c874584c058b891f6affbb44d5a5223f3f8f812,inactive
mockoon/mockoon,4249356034,production,2026-04-02T07:48:36Z,1c874584c058b891f6affbb44d5a5223f3f8f812,inactive
mockoon/mockoon,4249356032,production,2026-04-02T07:48:36Z,1c874584c058b891f6affbb44d5a5223f3f8f812,inactive
mockoon/mockoon,4249341536,production,2026-04-02T07:46:40Z,4f1e5b830ea09b8efc340788b2af9f3a26cdcfa3,error
mockoon/mockoon,4249341511,production,2026-04-02T07:46:39Z,4f1e5b830ea09b8efc340788b2af9f3a26cdcfa3,error
mockoon/mockoon,4249341507,production,2026-04-02T07:46:39Z,4f1e5b830ea09b8efc340788b2af9f3a26cdcfa3,error
mockoon/mockoon,4249341503,production,2026-04-02T07:46:39Z,4f1e5b830ea09b8efc340788b2af9f3a26cdcfa3,error
mockoon/mockoon,4249053519,production,2026-04-02T07:06:34Z,bd42d8a9169d225d9ed8465bce89c986b0c0c5aa,error
mockoon/mockoon,4249053518,production,2026-04-02T07:06:34Z,bd42d8a9169d225d9ed8465bce89c986b0c0c5aa,error
mockoon/mockoon,4249053515,production,2026-04-02T07:06:34Z,bd42d8a9169d225d9ed8465bce89c986b0c0c5aa,error
mockoon/mockoon,4249053513,production,2026-04-02T07:06:34Z,bd42d8a9169d225d9ed8465bce89c986b0c0c5aa,error
mockoon/mockoon,4248910076,production,2026-04-02T06:44:55Z,4a52c8cda4300576eeb574895c6ba40e2b15f20c,inactive
mockoon/mockoon,4248910075,production,2026-04-02T06:44:55Z,4a52c8cda4300576eeb574895c6ba40e2b15f20c,inactive
mockoon/mockoon,4248910035,production,2026-04-02T06:44:55Z,4a52c8cda4300576eeb574895c6ba40e2b15f20c,inactive
mockoon/mockoon,4248910034,production,2026-04-02T06:44:55Z,4a52c8cda4300576eeb574895c6ba40e2b15f20c,inactive
mockoon/mockoon,4237779830,production,2026-04-01T07:24:07Z,475d0f85d756dc59fb1ba751ff2e30c1da2842cc,inactive
mockoon/mockoon,4237761832,production,2026-04-01T07:21:37Z,475d0f85d756dc59fb1ba751ff2e30c1da2842cc,inactive
mockoon/mockoon,4228586456,production,2026-03-31T11:44:01Z,475d0f85d756dc59fb1ba751ff2e30c1da2842cc,inactive
mockoon/mockoon,4228586454,production,2026-03-31T11:44:01Z,475d0f85d756dc59fb1ba751ff2e30c1da2842cc,inactive
mockoon/mockoon,4228586452,production,2026-03-31T11:44:01Z,475d0f85d756dc59fb1ba751ff2e30c1da2842cc,inactive
mockoon/mockoon,4228586451,production,2026-03-31T11:44:01Z,475d0f85d756dc59fb1ba751ff2e30c1da2842cc,inactive
mockoon/mockoon,4228546463,production,2026-03-31T11:39:28Z,01089f4e484e42c7922699dc6e5ff8cdb3ec9393,failure
mockoon/mockoon,4228437120,production,2026-03-31T11:27:16Z,01089f4e484e42c7922699dc6e5ff8cdb3ec9393,inactive
mockoon/mockoon,4228437119,production,2026-03-31T11:27:16Z,01089f4e484e42c7922699dc6e5ff8cdb3ec9393,inactive
mockoon/mockoon,4228437115,production,2026-03-31T11:27:16Z,01089f4e484e42c7922699dc6e5ff8cdb3ec9393,failure
mockoon/mockoon,4228437109,production,2026-03-31T11:27:16Z,01089f4e484e42c7922699dc6e5ff8cdb3ec9393,inactive
mockoon/mockoon,3627572074,production,2026-01-14T07:25:40Z,466c8a3e7aabfc96a5991a9d2a88b40788419815,inactive
mockoon/mockoon,3627565758,production,2026-01-14T07:24:10Z,466c8a3e7aabfc96a5991a9d2a88b40788419815,inactive
mockoon/mockoon,3620726676,production,2026-01-13T09:23:39Z,466c8a3e7aabfc96a5991a9d2a88b40788419815,inactive
mockoon/mockoon,3620726667,production,2026-01-13T09:23:39Z,466c8a3e7aabfc96a5991a9d2a88b40788419815,inactive
mockoon/mockoon,3620726666,production,2026-01-13T09:23:39Z,466c8a3e7aabfc96a5991a9d2a88b40788419815,inactive
mockoon/mockoon,3620726665,production,2026-01-13T09:23:39Z,466c8a3e7aabfc96a5991a9d2a88b40788419815,inactive
mockoon/mockoon,3617191732,production,2026-01-12T19:25:05Z,ee9a02244095288e59f77ba2d2754cca695b9a82,inactive
mockoon/mockoon,3617191728,production,2026-01-12T19:25:05Z,ee9a02244095288e59f77ba2d2754cca695b9a82,inactive
mockoon/mockoon,3617191722,production,2026-01-12T19:25:05Z,ee9a02244095288e59f77ba2d2754cca695b9a82,inactive
mockoon/mockoon,3617191719,production,2026-01-12T19:25:05Z,ee9a02244095288e59f77ba2d2754cca695b9a82,inactive
mockoon/mockoon,3617131860,production,2026-01-12T19:14:00Z,482d5126e9a18da826a25b226b634e910b0720f2,failure
mockoon/mockoon,3615743110,production,2026-01-12T15:34:23Z,482d5126e9a18da826a25b226b634e910b0720f2,inactive
mockoon/mockoon,3615743060,production,2026-01-12T15:34:23Z,482d5126e9a18da826a25b226b634e910b0720f2,inactive
mockoon/mockoon,3615743028,production,2026-01-12T15:34:23Z,482d5126e9a18da826a25b226b634e910b0720f2,inactive
mockoon/mockoon,3615743027,production,2026-01-12T15:34:23Z,482d5126e9a18da826a25b226b634e910b0720f2,failure
mockoon/mockoon,3234825282,production,2025-10-31T07:37:42Z,25c7b13fdf7f1288e051a1ee74febe07cc6bab82,inactive
mockoon/mockoon,3234819631,production,2025-10-31T07:36:01Z,25c7b13fdf7f1288e051a1ee74febe07cc6bab82,inactive
mockoon/mockoon,3229338884,production,2025-10-30T10:27:04Z,25c7b13fdf7f1288e051a1ee74febe07cc6bab82,inactive
mockoon/mockoon,3229338873,production,2025-10-30T10:27:03Z,25c7b13fdf7f1288e051a1ee74febe07cc6bab82,inactive
mockoon/mockoon,3229338871,production,2025-10-30T10:27:03Z,25c7b13fdf7f1288e051a1ee74febe07cc6bab82,inactive
mockoon/mockoon,3229338870,production,2025-10-30T10:27:03Z,25c7b13fdf7f1288e051a1ee74febe07cc6bab82,inactive
mockoon/mockoon,3228592924,production,2025-10-30T07:54:46Z,87ca5292805ccc8e43d53a1d4018a98d31d2b6a8,failure
mockoon/mockoon,3228592921,production,2025-10-30T07:54:46Z,87ca5292805ccc8e43d53a1d4018a98d31d2b6a8,failure
mockoon/mockoon,3228592920,production,2025-10-30T07:54:46Z,87ca5292805ccc8e43d53a1d4018a98d31d2b6a8,failure
mockoon/mockoon,3228592919,production,2025-10-30T07:54:46Z,87ca5292805ccc8e43d53a1d4018a98d31d2b6a8,failure
mockoon/mockoon,2697254871,production,2025-07-03T13:36:23Z,d3e370a020ef5afa9f972b959b489732bf47ef90,inactive
mockoon/mockoon,2697254864,production,2025-07-03T13:36:23Z,d3e370a020ef5afa9f972b959b489732bf47ef90,inactive
mockoon/mockoon,2697254851,production,2025-07-03T13:36:22Z,d3e370a020ef5afa9f972b959b489732bf47ef90,inactive
mockoon/mockoon,2697254849,production,2025-07-03T13:36:22Z,d3e370a020ef5afa9f972b959b489732bf47ef90,inactive
mockoon/mockoon,2697133577,production,2025-07-03T13:11:55Z,a5f8648ce571f3220ce6ec5bc1d56b7fd96972e2,inactive
mockoon/mockoon,2697133570,production,2025-07-03T13:11:55Z,a5f8648ce571f3220ce6ec5bc1d56b7fd96972e2,inactive
mockoon/mockoon,2697133563,production,2025-07-03T13:11:55Z,a5f8648ce571f3220ce6ec5bc1d56b7fd96972e2,inactive
mockoon/mockoon,2697133558,production,2025-07-03T13:11:55Z,a5f8648ce571f3220ce6ec5bc1d56b7fd96972e2,inactive
mockoon/mockoon,2682919111,production,2025-06-30T14:39:42Z,eb55519f9f618a1bd3fc46130764a7635dfc7b87,inactive
mockoon/mockoon,2682919110,production,2025-06-30T14:39:42Z,eb55519f9f618a1bd3fc46130764a7635dfc7b87,inactive
mockoon/mockoon,2682919109,production,2025-06-30T14:39:42Z,eb55519f9f618a1bd3fc46130764a7635dfc7b87,inactive
mockoon/mockoon,2682919108,production,2025-06-30T14:39:42Z,eb55519f9f618a1bd3fc46130764a7635dfc7b87,inactive
mockoon/mockoon,2682881775,production,2025-06-30T14:32:47Z,8ce480b0823f5ca28f67b98c3b27cdeada6ebf2d,inactive
mockoon/mockoon,2682881758,production,2025-06-30T14:32:47Z,8ce480b0823f5ca28f67b98c3b27cdeada6ebf2d,failure
mockoon/mockoon,2682881755,production,2025-06-30T14:32:47Z,8ce480b0823f5ca28f67b98c3b27cdeada6ebf2d,inactive
mockoon/mockoon,2682881753,production,2025-06-30T14:32:47Z,8ce480b0823f5ca28f67b98c3b27cdeada6ebf2d,inactive
mockoon/mockoon,2682790102,production,2025-06-30T14:14:16Z,44d310d454b4287944e506e65afc5776aad50e60,failure
mockoon/mockoon,2682790099,production,2025-06-30T14:14:16Z,44d310d454b4287944e506e65afc5776aad50e60,inactive
mockoon/mockoon,2682790098,production,2025-06-30T14:14:16Z,44d310d454b4287944e506e65afc5776aad50e60,failure
mockoon/mockoon,2682790097,production,2025-06-30T14:14:16Z,44d310d454b4287944e506e65afc5776aad50e60,inactive
mockoon/mockoon,2682690624,production,2025-06-30T13:55:05Z,b4df37a784bba7923317d24afb4792c828102c80,failure
mockoon/mockoon,2682690623,production,2025-06-30T13:55:05Z,b4df37a784bba7923317d24afb4792c828102c80,inactive
mockoon/mockoon,2682690615,production,2025-06-30T13:55:05Z,b4df37a784bba7923317d24afb4792c828102c80,failure
mockoon/mockoon,2682690611,production,2025-06-30T13:55:04Z,b4df37a784bba7923317d24afb4792c828102c80,inactive
mockoon/mockoon,2682323429,production,2025-06-30T12:36:10Z,32ba5e9834ba601ecdd1706ecd8615b4e6ce3642,inactive
mockoon/mockoon,2682323428,production,2025-06-30T12:36:10Z,32ba5e9834ba601ecdd1706ecd8615b4e6ce3642,failure
mockoon/mockoon,2682323427,production,2025-06-30T12:36:10Z,32ba5e9834ba601ecdd1706ecd8615b4e6ce3642,inactive
mockoon/mockoon,2682323424,production,2025-06-30T12:36:10Z,32ba5e9834ba601ecdd1706ecd8615b4e6ce3642,failure
mockoon/mockoon,2681533271,production,2025-06-30T09:22:06Z,32ba5e9834ba601ecdd1706ecd8615b4e6ce3642,inactive
mockoon/mockoon,2681525862,production,2025-06-30T09:20:15Z,32ba5e9834ba601ecdd1706ecd8615b4e6ce3642,inactive
mockoon/mockoon,2496442740,production,2025-05-12T07:10:19Z,a023f504792fa5d88b88c7d8900b19eb9bb2ae7a,inactive
mockoon/mockoon,2496442706,production,2025-05-12T07:10:18Z,a023f504792fa5d88b88c7d8900b19eb9bb2ae7a,inactive
mockoon/mockoon,2496442681,production,2025-05-12T07:10:18Z,a023f504792fa5d88b88c7d8900b19eb9bb2ae7a,inactive
mockoon/mockoon,2496442652,production,2025-05-12T07:10:17Z,a023f504792fa5d88b88c7d8900b19eb9bb2ae7a,inactive
mockoon/mockoon,2496307940,production,2025-05-12T06:20:10Z,8c7c4267463520784b1fc84f1e3c900a91671a55,inactive
mockoon/mockoon,2496307920,production,2025-05-12T06:20:10Z,8c7c4267463520784b1fc84f1e3c900a91671a55,inactive
mockoon/mockoon,2496307897,production,2025-05-12T06:20:09Z,8c7c4267463520784b1fc84f1e3c900a91671a55,inactive
mockoon/mockoon,2496307876,production,2025-05-12T06:20:09Z,8c7c4267463520784b1fc84f1e3c900a91671a55,inactive
mockoon/mockoon,2289058071,production,2025-03-12T10:53:25Z,8c7c4267463520784b1fc84f1e3c900a91671a55,inactive
mockoon/mockoon,2289052719,production,2025-03-12T10:51:43Z,8c7c4267463520784b1fc84f1e3c900a91671a55,inactive
mockoon/mockoon,2288896908,production,2025-03-12T10:07:41Z,8c7c4267463520784b1fc84f1e3c900a91671a55,inactive
mockoon/mockoon,2288896878,production,2025-03-12T10:07:41Z,8c7c4267463520784b1fc84f1e3c900a91671a55,inactive
mockoon/mockoon,2288896847,production,2025-03-12T10:07:41Z,8c7c4267463520784b1fc84f1e3c900a91671a55,inactive
mockoon/mockoon,2288896799,production,2025-03-12T10:07:40Z,8c7c4267463520784b1fc84f1e3c900a91671a55,inactive
mockoon/mockoon,2288838280,production,2025-03-12T09:52:15Z,41d704cbf32a2bf1525fb63d4f4bbb6e4b2fd362,inactive
mockoon/mockoon,2288838259,production,2025-03-12T09:52:15Z,41d704cbf32a2bf1525fb63d4f4bbb6e4b2fd362,failure
mockoon/mockoon,2288838240,production,2025-03-12T09:52:14Z,41d704cbf32a2bf1525fb63d4f4bbb6e4b2fd362,failure
mockoon/mockoon,2288838214,production,2025-03-12T09:52:14Z,41d704cbf32a2bf1525fb63d4f4bbb6e4b2fd362,inactive
mockoon/mockoon,2015580636,production,2024-12-05T15:32:15Z,cb966831fb65347ced9f687ca87d924f99585ca1,inactive
mockoon/mockoon,2015580595,production,2024-12-05T15:32:14Z,cb966831fb65347ced9f687ca87d924f99585ca1,inactive
mockoon/mockoon,2015580557,production,2024-12-05T15:32:14Z,cb966831fb65347ced9f687ca87d924f99585ca1,inactive
mockoon/mockoon,2015580487,production,2024-12-05T15:32:13Z,cb966831fb65347ced9f687ca87d924f99585ca1,inactive
mockoon/mockoon,2015532511,production,2024-12-05T15:18:56Z,cb966831fb65347ced9f687ca87d924f99585ca1,inactive
mockoon/mockoon,2015532483,production,2024-12-05T15:18:56Z,cb966831fb65347ced9f687ca87d924f99585ca1,failure
mockoon/mockoon,2015532453,production,2024-12-05T15:18:55Z,cb966831fb65347ced9f687ca87d924f99585ca1,inactive
mockoon/mockoon,2015532428,production,2024-12-05T15:18:55Z,cb966831fb65347ced9f687ca87d924f99585ca1,inactive
mockoon/mockoon,2015498167,production,2024-12-05T15:09:16Z,cb966831fb65347ced9f687ca87d924f99585ca1,failure
mockoon/mockoon,2015498127,production,2024-12-05T15:09:15Z,cb966831fb65347ced9f687ca87d924f99585ca1,inactive
mockoon/mockoon,2015498091,production,2024-12-05T15:09:15Z,cb966831fb65347ced9f687ca87d924f99585ca1,inactive
mockoon/mockoon,2015498058,production,2024-12-05T15:09:14Z,cb966831fb65347ced9f687ca87d924f99585ca1,inactive
mockoon/mockoon,2015446270,production,2024-12-05T14:55:44Z,cb966831fb65347ced9f687ca87d924f99585ca1,inactive
mockoon/mockoon,2015396408,production,2024-12-05T14:42:33Z,5480f05d7dec205eb9cffd2338af95f38fbc9399,inactive
mockoon/mockoon,2015396371,production,2024-12-05T14:42:32Z,5480f05d7dec205eb9cffd2338af95f38fbc9399,inactive
mockoon/mockoon,2015396335,production,2024-12-05T14:42:31Z,5480f05d7dec205eb9cffd2338af95f38fbc9399,inactive
mockoon/mockoon,2015396305,production,2024-12-05T14:42:31Z,5480f05d7dec205eb9cffd2338af95f38fbc9399,inactive
mockoon/mockoon,2015134535,production,2024-12-05T13:26:48Z,cb966831fb65347ced9f687ca87d924f99585ca1,failure
mockoon/mockoon,2015105981,production,2024-12-05T13:17:59Z,cb966831fb65347ced9f687ca87d924f99585ca1,inactive
mockoon/mockoon,2015103550,production,2024-12-05T13:17:14Z,cb966831fb65347ced9f687ca87d924f99585ca1,inactive
mockoon/mockoon,2015103514,production,2024-12-05T13:17:14Z,cb966831fb65347ced9f687ca87d924f99585ca1,inactive
mockoon/mockoon,2015103489,production,2024-12-05T13:17:13Z,cb966831fb65347ced9f687ca87d924f99585ca1,failure
mockoon/mockoon,2015103461,production,2024-12-05T13:17:13Z,cb966831fb65347ced9f687ca87d924f99585ca1,inactive
mockoon/mockoon,2015101103,production,2024-12-05T13:16:27Z,cb966831fb65347ced9f687ca87d924f99585ca1,inactive
mockoon/mockoon,1906124722,production,2024-10-25T14:36:28Z,5480f05d7dec205eb9cffd2338af95f38fbc9399,inactive
mockoon/mockoon,1906118740,production,2024-10-25T14:34:42Z,5480f05d7dec205eb9cffd2338af95f38fbc9399,inactive
mockoon/mockoon,1905397835,production,2024-10-25T10:17:17Z,5480f05d7dec205eb9cffd2338af95f38fbc9399,inactive
mockoon/mockoon,1905397784,production,2024-10-25T10:17:16Z,5480f05d7dec205eb9cffd2338af95f38fbc9399,inactive
mockoon/mockoon,1905397758,production,2024-10-25T10:17:15Z,5480f05d7dec205eb9cffd2338af95f38fbc9399,inactive
mockoon/mockoon,1905397723,production,2024-10-25T10:17:14Z,5480f05d7dec205eb9cffd2338af95f38fbc9399,inactive
mockoon/mockoon,1902941033,production,2024-10-24T14:38:02Z,3c7461be124b60936df95b7489da401d76a84cfa,inactive
mockoon/mockoon,1902941002,production,2024-10-24T14:38:02Z,3c7461be124b60936df95b7489da401d76a84cfa,inactive
mockoon/mockoon,1902940959,production,2024-10-24T14:38:01Z,3c7461be124b60936df95b7489da401d76a84cfa,inactive
mockoon/mockoon,1902940913,production,2024-10-24T14:38:00Z,3c7461be124b60936df95b7489da401d76a84cfa,inactive
mockoon/mockoon,1902484944,production,2024-10-24T12:25:38Z,c56fba22642321ee371db66d8c120fd206599092,inactive
mockoon/mockoon,1902484918,production,2024-10-24T12:25:37Z,c56fba22642321ee371db66d8c120fd206599092,inactive
mockoon/mockoon,1902484874,production,2024-10-24T12:25:37Z,c56fba22642321ee371db66d8c120fd206599092,inactive
mockoon/mockoon,1902484835,production,2024-10-24T12:25:36Z,c56fba22642321ee371db66d8c120fd206599092,inactive
mockoon/mockoon,1901974113,production,2024-10-24T09:23:52Z,f84e2d2e4f670d414a1fef4a5029f9c2b48980f1,failure
mockoon/mockoon,1901974075,production,2024-10-24T09:23:52Z,f84e2d2e4f670d414a1fef4a5029f9c2b48980f1,inactive
mockoon/mockoon,1901974050,production,2024-10-24T09:23:52Z,f84e2d2e4f670d414a1fef4a5029f9c2b48980f1,failure
mockoon/mockoon,1901974018,production,2024-10-24T09:23:51Z,f84e2d2e4f670d414a1fef4a5029f9c2b48980f1,inactive
mockoon/mockoon,1862838668,production,2024-10-09T14:05:31Z,f255fb4b98679b37c867b06aee6961bd33c68a3c,failure
mockoon/mockoon,1862838619,production,2024-10-09T14:05:30Z,f255fb4b98679b37c867b06aee6961bd33c68a3c,inactive
mockoon/mockoon,1862838568,production,2024-10-09T14:05:29Z,f255fb4b98679b37c867b06aee6961bd33c68a3c,inactive
mockoon/mockoon,1862838533,production,2024-10-09T14:05:29Z,f255fb4b98679b37c867b06aee6961bd33c68a3c,inactive
mockoon/mockoon,1832958114,production,2024-09-27T13:52:06Z,0ad32776a46b9144be4b952f49ed941050ae11cf,inactive
mockoon/mockoon,1832909409,production,2024-09-27T13:36:11Z,0ad32776a46b9144be4b952f49ed941050ae11cf,inactive
mockoon/mockoon,1832818834,production,2024-09-27T13:05:01Z,0ad32776a46b9144be4b952f49ed941050ae11cf,failure
mockoon/mockoon,1832465757,production,2024-09-27T10:42:35Z,0ad32776a46b9144be4b952f49ed941050ae11cf,failure
mockoon/mockoon,1832446697,production,2024-09-27T10:34:53Z,0ad32776a46b9144be4b952f49ed941050ae11cf,failure
mockoon/mockoon,1832431960,production,2024-09-27T10:28:37Z,0ad32776a46b9144be4b952f49ed941050ae11cf,failure
mockoon/mockoon,1832395380,production,2024-09-27T10:14:03Z,0ad32776a46b9144be4b952f49ed941050ae11cf,failure
mockoon/mockoon,1832395356,production,2024-09-27T10:14:03Z,0ad32776a46b9144be4b952f49ed941050ae11cf,inactive
mockoon/mockoon,1832395344,production,2024-09-27T10:14:03Z,0ad32776a46b9144be4b952f49ed941050ae11cf,inactive
mockoon/mockoon,1832395327,production,2024-09-27T10:14:02Z,0ad32776a46b9144be4b952f49ed941050ae11cf,failure
mockoon/mockoon,1702616336,production,2024-08-06T13:20:21Z,12a46dcdae435270d9974bb390ef88d8a4c95c0f,inactive
mockoon/mockoon,1702610193,production,2024-08-06T13:18:24Z,12a46dcdae435270d9974bb390ef88d8a4c95c0f,inactive
mockoon/mockoon,1701892802,production,2024-08-06T08:48:01Z,12a46dcdae435270d9974bb390ef88d8a4c95c0f,inactive
mockoon/mockoon,1701892783,production,2024-08-06T08:48:01Z,12a46dcdae435270d9974bb390ef88d8a4c95c0f,inactive
mockoon/mockoon,1701892753,production,2024-08-06T08:48:00Z,12a46dcdae435270d9974bb390ef88d8a4c95c0f,inactive
mockoon/mockoon,1701892730,production,2024-08-06T08:48:00Z,12a46dcdae435270d9974bb390ef88d8a4c95c0f,inactive
mockoon/mockoon,1634670223,production,2024-07-08T14:02:33Z,e47a16b88354c68ec344c5ebbad556e4e3b4db9f,inactive
mockoon/mockoon,1634663272,production,2024-07-08T14:00:25Z,e47a16b88354c68ec344c5ebbad556e4e3b4db9f,inactive
mockoon/mockoon,1634393278,production,2024-07-08T12:22:27Z,e47a16b88354c68ec344c5ebbad556e4e3b4db9f,inactive
mockoon/mockoon,1634393267,production,2024-07-08T12:22:27Z,e47a16b88354c68ec344c5ebbad556e4e3b4db9f,inactive
mockoon/mockoon,1634393254,production,2024-07-08T12:22:26Z,e47a16b88354c68ec344c5ebbad556e4e3b4db9f,inactive
mockoon/mockoon,1634393237,production,2024-07-08T12:22:26Z,e47a16b88354c68ec344c5ebbad556e4e3b4db9f,inactive
mockoon/mockoon,1634391726,production,2024-07-08T12:21:45Z,e47a16b88354c68ec344c5ebbad556e4e3b4db9f,error
mockoon/mockoon,1634391713,production,2024-07-08T12:21:45Z,e47a16b88354c68ec344c5ebbad556e4e3b4db9f,error
mockoon/mockoon,1634391693,production,2024-07-08T12:21:44Z,e47a16b88354c68ec344c5ebbad556e4e3b4db9f,error
mockoon/mockoon,1634391670,production,2024-07-08T12:21:44Z,e47a16b88354c68ec344c5ebbad556e4e3b4db9f,error
mockoon/mockoon,1634039323,production,2024-07-08T09:51:53Z,4a5a7d5d3c8d3ec27d09c17897e2519fdecbee7f,inactive
mockoon/mockoon,1634039307,production,2024-07-08T09:51:53Z,4a5a7d5d3c8d3ec27d09c17897e2519fdecbee7f,inactive
mockoon/mockoon,1634039286,production,2024-07-08T09:51:52Z,4a5a7d5d3c8d3ec27d09c17897e2519fdecbee7f,inactive
mockoon/mockoon,1634039266,production,2024-07-08T09:51:52Z,4a5a7d5d3c8d3ec27d09c17897e2519fdecbee7f,inactive
mockoon/mockoon,1634013688,production,2024-07-08T09:41:04Z,4a5a7d5d3c8d3ec27d09c17897e2519fdecbee7f,inactive
mockoon/mockoon,1634013673,production,2024-07-08T09:41:04Z,4a5a7d5d3c8d3ec27d09c17897e2519fdecbee7f,failure
mockoon/mockoon,1634013656,production,2024-07-08T09:41:03Z,4a5a7d5d3c8d3ec27d09c17897e2519fdecbee7f,inactive
mockoon/mockoon,1634013640,production,2024-07-08T09:41:03Z,4a5a7d5d3c8d3ec27d09c17897e2519fdecbee7f,inactive
mockoon/mockoon,1557050523,production,2024-06-03T19:49:39Z,6e3da57717580242f9cfbffa0e09f95b22d1449b,inactive
mockoon/mockoon,1557046284,production,2024-06-03T19:47:31Z,6e3da57717580242f9cfbffa0e09f95b22d1449b,inactive
mockoon/mockoon,1555111263,production,2024-06-03T06:17:21Z,6e3da57717580242f9cfbffa0e09f95b22d1449b,inactive
mockoon/mockoon,1555111254,production,2024-06-03T06:17:21Z,6e3da57717580242f9cfbffa0e09f95b22d1449b,inactive
mockoon/mockoon,1555111237,production,2024-06-03T06:17:20Z,6e3da57717580242f9cfbffa0e09f95b22d1449b,inactive
mockoon/mockoon,1555111224,production,2024-06-03T06:17:20Z,6e3da57717580242f9cfbffa0e09f95b22d1449b,inactive
mockoon/mockoon,1555080095,production,2024-06-03T05:58:43Z,e730d338518e5ff47329e1daa7a784245f05cb22,failure
mockoon/mockoon,1555080089,production,2024-06-03T05:58:43Z,e730d338518e5ff47329e1daa7a784245f05cb22,failure
mockoon/mockoon,1555080081,production,2024-06-03T05:58:42Z,e730d338518e5ff47329e1daa7a784245f05cb22,failure
mockoon/mockoon,1555080074,production,2024-06-03T05:58:42Z,e730d338518e5ff47329e1daa7a784245f05cb22,failure
mockoon/mockoon,1484824015,production,2024-04-30T18:33:52Z,09e2c13f6d32f3b084c5f42b4999ddde8c7062c8,inactive
mockoon/mockoon,1484823996,production,2024-04-30T18:33:52Z,09e2c13f6d32f3b084c5f42b4999ddde8c7062c8,inactive
mockoon/mockoon,1484823979,production,2024-04-30T18:33:51Z,09e2c13f6d32f3b084c5f42b4999ddde8c7062c8,inactive
mockoon/mockoon,1484823951,production,2024-04-30T18:33:51Z,09e2c13f6d32f3b084c5f42b4999ddde8c7062c8,inactive
mockoon/mockoon,1484781627,production,2024-04-30T18:12:18Z,c006917377155ab251f23893263349147fad86cd,inactive
mockoon/mockoon,1484776301,production,2024-04-30T18:09:31Z,c006917377155ab251f23893263349147fad86cd,inactive
mockoon/mockoon,1484774903,production,2024-04-30T18:08:46Z,c006917377155ab251f23893263349147fad86cd,inactive
mockoon/mockoon,1484774892,production,2024-04-30T18:08:46Z,c006917377155ab251f23893263349147fad86cd,inactive
mockoon/mockoon,1484774883,production,2024-04-30T18:08:45Z,c006917377155ab251f23893263349147fad86cd,inactive
mockoon/mockoon,1484774859,production,2024-04-30T18:08:45Z,c006917377155ab251f23893263349147fad86cd,inactive
mockoon/mockoon,1483826787,production,2024-04-30T11:44:26Z,31030932355af7af5718c35d273b297c4fab5f09,inactive
mockoon/mockoon,1483817379,production,2024-04-30T11:39:45Z,31030932355af7af5718c35d273b297c4fab5f09,inactive
mockoon/mockoon,1483548677,production,2024-04-30T09:35:28Z,31030932355af7af5718c35d273b297c4fab5f09,inactive
mockoon/mockoon,1483548656,production,2024-04-30T09:35:27Z,31030932355af7af5718c35d273b297c4fab5f09,inactive
mockoon/mockoon,1483548641,production,2024-04-30T09:35:27Z,31030932355af7af5718c35d273b297c4fab5f09,inactive
mockoon/mockoon,1483548619,production,2024-04-30T09:35:27Z,31030932355af7af5718c35d273b297c4fab5f09,inactive
mockoon/mockoon,1425371583,production,2024-04-02T12:53:42Z,276c9ae206a6c800e0991c9655d095ee6aac3dcf,inactive
mockoon/mockoon,1425367074,production,2024-04-02T12:51:42Z,276c9ae206a6c800e0991c9655d095ee6aac3dcf,inactive
mockoon/mockoon,1424770839,production,2024-04-02T08:06:25Z,276c9ae206a6c800e0991c9655d095ee6aac3dcf,inactive
mockoon/mockoon,1424770821,production,2024-04-02T08:06:24Z,276c9ae206a6c800e0991c9655d095ee6aac3dcf,inactive
mockoon/mockoon,1424770789,production,2024-04-02T08:06:24Z,276c9ae206a6c800e0991c9655d095ee6aac3dcf,inactive
mockoon/mockoon,1424770759,production,2024-04-02T08:06:23Z,276c9ae206a6c800e0991c9655d095ee6aac3dcf,inactive
mockoon/mockoon,1365956805,production,2024-03-04T10:04:05Z,35722794295921e5cc3d127bdaec5e6e39a4cdfe,inactive
mockoon/mockoon,1365951918,production,2024-03-04T10:01:48Z,35722794295921e5cc3d127bdaec5e6e39a4cdfe,inactive
mockoon/mockoon,1365863728,production,2024-03-04T09:18:33Z,35722794295921e5cc3d127bdaec5e6e39a4cdfe,inactive
mockoon/mockoon,1365863708,production,2024-03-04T09:18:33Z,35722794295921e5cc3d127bdaec5e6e39a4cdfe,inactive
mockoon/mockoon,1365863694,production,2024-03-04T09:18:32Z,35722794295921e5cc3d127bdaec5e6e39a4cdfe,inactive
mockoon/mockoon,1365863666,production,2024-03-04T09:18:32Z,35722794295921e5cc3d127bdaec5e6e39a4cdfe,inactive
mockoon/mockoon,1365804827,production,2024-03-04T08:46:16Z,5af12ad1b435f64657d200730b79db1d06344cf6,inactive
mockoon/mockoon,1365804813,production,2024-03-04T08:46:16Z,5af12ad1b435f64657d200730b79db1d06344cf6,inactive
mockoon/mockoon,1365804806,production,2024-03-04T08:46:15Z,5af12ad1b435f64657d200730b79db1d06344cf6,inactive
mockoon/mockoon,1365804788,production,2024-03-04T08:46:15Z,5af12ad1b435f64657d200730b79db1d06344cf6,failure
mockoon/mockoon,1300163039,production,2024-01-30T15:47:24Z,afcb8b7d33d5a980b57ce37efcef756d6c6e2481,inactive
mockoon/mockoon,1300153695,production,2024-01-30T15:43:32Z,afcb8b7d33d5a980b57ce37efcef756d6c6e2481,inactive
mockoon/mockoon,1299968768,production,2024-01-30T14:29:52Z,afcb8b7d33d5a980b57ce37efcef756d6c6e2481,inactive
mockoon/mockoon,1299968745,production,2024-01-30T14:29:52Z,afcb8b7d33d5a980b57ce37efcef756d6c6e2481,inactive
mockoon/mockoon,1299968735,production,2024-01-30T14:29:51Z,afcb8b7d33d5a980b57ce37efcef756d6c6e2481,inactive
mockoon/mockoon,1299968720,production,2024-01-30T14:29:51Z,afcb8b7d33d5a980b57ce37efcef756d6c6e2481,inactive
mockoon/mockoon,1246161036,production,2023-12-29T15:31:34Z,ae9c9b5860762ce8a77ff31e19c756dae17f7897,inactive
mockoon/mockoon,1246155607,production,2023-12-29T15:26:05Z,ae9c9b5860762ce8a77ff31e19c756dae17f7897,inactive
mockoon/mockoon,1245880333,production,2023-12-29T11:08:09Z,ae9c9b5860762ce8a77ff31e19c756dae17f7897,inactive
mockoon/mockoon,1245880324,production,2023-12-29T11:08:08Z,ae9c9b5860762ce8a77ff31e19c756dae17f7897,inactive
mockoon/mockoon,1245880306,production,2023-12-29T11:08:08Z,ae9c9b5860762ce8a77ff31e19c756dae17f7897,inactive
mockoon/mockoon,1245880297,production,2023-12-29T11:08:07Z,ae9c9b5860762ce8a77ff31e19c756dae17f7897,inactive
mockoon/mockoon,1201922999,production,2023-12-01T14:43:58Z,78385f6f57a3c163e90d5f7b89c3a758d1550ecd,inactive
mockoon/mockoon,1201910168,production,2023-12-01T14:37:16Z,78385f6f57a3c163e90d5f7b89c3a758d1550ecd,inactive
mockoon/mockoon,1201861044,production,2023-12-01T14:12:23Z,78385f6f57a3c163e90d5f7b89c3a758d1550ecd,inactive
mockoon/mockoon,1201861024,production,2023-12-01T14:12:22Z,78385f6f57a3c163e90d5f7b89c3a758d1550ecd,inactive
mockoon/mockoon,1201860998,production,2023-12-01T14:12:21Z,78385f6f57a3c163e90d5f7b89c3a758d1550ecd,inactive
mockoon/mockoon,1201860972,production,2023-12-01T14:12:21Z,78385f6f57a3c163e90d5f7b89c3a758d1550ecd,inactive
mockoon/mockoon,1197606599,production,2023-11-29T14:39:33Z,5467e9a93c392df501711fe5370242e8380df8f2,inactive
mockoon/mockoon,1197602126,production,2023-11-29T14:37:37Z,5467e9a93c392df501711fe5370242e8380df8f2,inactive
mockoon/mockoon,1197169196,production,2023-11-29T10:58:36Z,5467e9a93c392df501711fe5370242e8380df8f2,inactive
mockoon/mockoon,1197169172,production,2023-11-29T10:58:35Z,5467e9a93c392df501711fe5370242e8380df8f2,inactive
mockoon/mockoon,1197169153,production,2023-11-29T10:58:35Z,5467e9a93c392df501711fe5370242e8380df8f2,inactive
mockoon/mockoon,1197169135,production,2023-11-29T10:58:34Z,5467e9a93c392df501711fe5370242e8380df8f2,inactive
mockoon/mockoon,1197083778,production,2023-11-29T10:11:19Z,5467e9a93c392df501711fe5370242e8380df8f2,inactive
mockoon/mockoon,1197083754,production,2023-11-29T10:11:19Z,5467e9a93c392df501711fe5370242e8380df8f2,failure
mockoon/mockoon,1197083737,production,2023-11-29T10:11:18Z,5467e9a93c392df501711fe5370242e8380df8f2,inactive
mockoon/mockoon,1197083698,production,2023-11-29T10:11:17Z,5467e9a93c392df501711fe5370242e8380df8f2,inactive
mockoon/mockoon,1146650638,production,2023-10-30T13:48:01Z,8884d4aa701dedcf4c7e5f97dd22dd4162aacd13,inactive
mockoon/mockoon,1146646434,production,2023-10-30T13:46:00Z,8884d4aa701dedcf4c7e5f97dd22dd4162aacd13,inactive
mockoon/mockoon,1146354011,production,2023-10-30T11:03:36Z,8884d4aa701dedcf4c7e5f97dd22dd4162aacd13,inactive
mockoon/mockoon,1146353992,production,2023-10-30T11:03:36Z,8884d4aa701dedcf4c7e5f97dd22dd4162aacd13,inactive
mockoon/mockoon,1146353964,production,2023-10-30T11:03:35Z,8884d4aa701dedcf4c7e5f97dd22dd4162aacd13,inactive
mockoon/mockoon,1146353931,production,2023-10-30T11:03:34Z,8884d4aa701dedcf4c7e5f97dd22dd4162aacd13,inactive
mockoon/mockoon,1101333376,production,2023-10-02T14:32:02Z,d1ae16aed67559b8fd76af4dc4531ac72c2f020c,inactive
mockoon/mockoon,1101324461,production,2023-10-02T14:27:23Z,d1ae16aed67559b8fd76af4dc4531ac72c2f020c,inactive
mockoon/mockoon,1101129242,production,2023-10-02T12:43:17Z,d1ae16aed67559b8fd76af4dc4531ac72c2f020c,inactive
mockoon/mockoon,1101129230,production,2023-10-02T12:43:17Z,d1ae16aed67559b8fd76af4dc4531ac72c2f020c,inactive
mockoon/mockoon,1101129206,production,2023-10-02T12:43:16Z,d1ae16aed67559b8fd76af4dc4531ac72c2f020c,inactive
mockoon/mockoon,1101129187,production,2023-10-02T12:43:15Z,d1ae16aed67559b8fd76af4dc4531ac72c2f020c,inactive
mockoon/mockoon,1044082180,production,2023-08-25T09:29:46Z,825449a786dee33d2cf1b5724685d7e5ae0e1044,inactive
mockoon/mockoon,1044079799,production,2023-08-25T09:28:10Z,825449a786dee33d2cf1b5724685d7e5ae0e1044,inactive
mockoon/mockoon,1044020264,production,2023-08-25T08:44:44Z,825449a786dee33d2cf1b5724685d7e5ae0e1044,inactive
mockoon/mockoon,1044020248,production,2023-08-25T08:44:43Z,825449a786dee33d2cf1b5724685d7e5ae0e1044,inactive
mockoon/mockoon,1044020240,production,2023-08-25T08:44:42Z,825449a786dee33d2cf1b5724685d7e5ae0e1044,inactive
mockoon/mockoon,1044020226,production,2023-08-25T08:44:42Z,825449a786dee33d2cf1b5724685d7e5ae0e1044,inactive
mockoon/mockoon,1044009488,production,2023-08-25T08:36:30Z,825449a786dee33d2cf1b5724685d7e5ae0e1044,failure
mockoon/mockoon,1044009477,production,2023-08-25T08:36:30Z,825449a786dee33d2cf1b5724685d7e5ae0e1044,failure
mockoon/mockoon,1044009472,production,2023-08-25T08:36:29Z,825449a786dee33d2cf1b5724685d7e5ae0e1044,failure
mockoon/mockoon,1044009462,production,2023-08-25T08:36:28Z,825449a786dee33d2cf1b5724685d7e5ae0e1044,failure
mockoon/mockoon,997582393,production,2023-07-24T09:58:48Z,f98bef220f132464b88a5c0ec377c244ee81e6c9,inactive
mockoon/mockoon,997579164,production,2023-07-24T09:56:28Z,f98bef220f132464b88a5c0ec377c244ee81e6c9,inactive
mockoon/mockoon,997535639,production,2023-07-24T09:24:56Z,f98bef220f132464b88a5c0ec377c244ee81e6c9,inactive
mockoon/mockoon,997535619,production,2023-07-24T09:24:55Z,f98bef220f132464b88a5c0ec377c244ee81e6c9,inactive
mockoon/mockoon,997535602,production,2023-07-24T09:24:54Z,f98bef220f132464b88a5c0ec377c244ee81e6c9,inactive
mockoon/mockoon,997535579,production,2023-07-24T09:24:54Z,f98bef220f132464b88a5c0ec377c244ee81e6c9,inactive
mockoon/mockoon,947873281,production,2023-06-16T06:50:30Z,5073dfed3b1d0caf10bd03c088eeb3248b501164,inactive
mockoon/mockoon,947871995,production,2023-06-16T06:49:07Z,5073dfed3b1d0caf10bd03c088eeb3248b501164,inactive
mockoon/mockoon,946726182,production,2023-06-15T12:57:16Z,5073dfed3b1d0caf10bd03c088eeb3248b501164,inactive
mockoon/mockoon,946726165,production,2023-06-15T12:57:15Z,5073dfed3b1d0caf10bd03c088eeb3248b501164,inactive
mockoon/mockoon,946726147,production,2023-06-15T12:57:15Z,5073dfed3b1d0caf10bd03c088eeb3248b501164,inactive
mockoon/mockoon,946726133,production,2023-06-15T12:57:14Z,5073dfed3b1d0caf10bd03c088eeb3248b501164,inactive
mockoon/mockoon,885988744,production,2023-04-28T09:54:17Z,6c9c194d9e0806464b5627992fd41ecb67c80938,inactive
mockoon/mockoon,885986528,production,2023-04-28T09:52:32Z,6c9c194d9e0806464b5627992fd41ecb67c80938,inactive
mockoon/mockoon,885945417,production,2023-04-28T09:18:52Z,6c9c194d9e0806464b5627992fd41ecb67c80938,inactive
mockoon/mockoon,885945407,production,2023-04-28T09:18:51Z,6c9c194d9e0806464b5627992fd41ecb67c80938,inactive
mockoon/mockoon,885945393,production,2023-04-28T09:18:51Z,6c9c194d9e0806464b5627992fd41ecb67c80938,inactive
mockoon/mockoon,885945373,production,2023-04-28T09:18:50Z,6c9c194d9e0806464b5627992fd41ecb67c80938,inactive
mockoon/mockoon,885906043,production,2023-04-28T08:45:03Z,1fb40fa2f1f5aa267cc046ed163f646051e51f10,inactive
mockoon/mockoon,885906030,production,2023-04-28T08:45:03Z,1fb40fa2f1f5aa267cc046ed163f646051e51f10,inactive
mockoon/mockoon,885906018,production,2023-04-28T08:45:02Z,1fb40fa2f1f5aa267cc046ed163f646051e51f10,inactive
mockoon/mockoon,885906004,production,2023-04-28T08:45:02Z,1fb40fa2f1f5aa267cc046ed163f646051e51f10,inactive
mockoon/mockoon,815499626,production,2023-03-01T11:07:51Z,361f59ccf843121cc8e0fc0b0bc85eccc3c04f00,inactive
mockoon/mockoon,815495605,production,2023-03-01T11:04:26Z,361f59ccf843121cc8e0fc0b0bc85eccc3c04f00,inactive
mockoon/mockoon,815254178,production,2023-03-01T07:06:01Z,361f59ccf843121cc8e0fc0b0bc85eccc3c04f00,inactive
mockoon/mockoon,815254155,production,2023-03-01T07:06:00Z,361f59ccf843121cc8e0fc0b0bc85eccc3c04f00,inactive
mockoon/mockoon,815254148,production,2023-03-01T07:05:59Z,361f59ccf843121cc8e0fc0b0bc85eccc3c04f00,inactive
mockoon/mockoon,815254131,production,2023-03-01T07:05:58Z,361f59ccf843121cc8e0fc0b0bc85eccc3c04f00,inactive
mockoon/mockoon,815252698,production,2023-03-01T07:04:25Z,72879294707805355e1b6ad2649a6802d9520ab0,error
mockoon/mockoon,815252675,production,2023-03-01T07:04:23Z,72879294707805355e1b6ad2649a6802d9520ab0,error
mockoon/mockoon,815252664,production,2023-03-01T07:04:23Z,72879294707805355e1b6ad2649a6802d9520ab0,error
mockoon/mockoon,815252650,production,2023-03-01T07:04:22Z,72879294707805355e1b6ad2649a6802d9520ab0,error
mockoon/mockoon,759114158,production,2023-01-13T08:25:21Z,bd57076aff142dba174aa33169ca1a37b7caf343,inactive
mockoon/mockoon,759112480,production,2023-01-13T08:23:16Z,bd57076aff142dba174aa33169ca1a37b7caf343,inactive
mockoon/mockoon,759100430,production,2023-01-13T08:06:17Z,54f1f351cd6b8c495a25028317ab9dc624737255,failure
mockoon/mockoon,759099089,production,2023-01-13T08:04:38Z,54f1f351cd6b8c495a25028317ab9dc624737255,failure
mockoon/mockoon,758294780,production,2023-01-12T14:38:04Z,54f1f351cd6b8c495a25028317ab9dc624737255,inactive
mockoon/mockoon,758294760,production,2023-01-12T14:38:03Z,54f1f351cd6b8c495a25028317ab9dc624737255,inactive
mockoon/mockoon,758294739,production,2023-01-12T14:38:02Z,54f1f351cd6b8c495a25028317ab9dc624737255,inactive
mockoon/mockoon,758294680,production,2023-01-12T14:37:59Z,54f1f351cd6b8c495a25028317ab9dc624737255,inactive
mockoon/mockoon,757971601,production,2023-01-12T09:24:52Z,0c5b3eb6899141928acfd2a39eee36a22d8e114a,inactive
mockoon/mockoon,757971593,production,2023-01-12T09:24:52Z,0c5b3eb6899141928acfd2a39eee36a22d8e114a,inactive
mockoon/mockoon,757971585,production,2023-01-12T09:24:51Z,0c5b3eb6899141928acfd2a39eee36a22d8e114a,inactive
mockoon/mockoon,757971574,production,2023-01-12T09:24:50Z,0c5b3eb6899141928acfd2a39eee36a22d8e114a,inactive
mockoon/mockoon,686083550,production,2022-10-26T06:31:59Z,61a7cf7211c235f9a77858f2a5eea6068f9095fe,inactive
mockoon/mockoon,686081733,production,2022-10-26T06:28:49Z,61a7cf7211c235f9a77858f2a5eea6068f9095fe,inactive
mockoon/mockoon,685281861,production,2022-10-25T12:24:05Z,61a7cf7211c235f9a77858f2a5eea6068f9095fe,inactive
mockoon/mockoon,685281849,production,2022-10-25T12:24:04Z,61a7cf7211c235f9a77858f2a5eea6068f9095fe,inactive
mockoon/mockoon,685281826,production,2022-10-25T12:24:03Z,61a7cf7211c235f9a77858f2a5eea6068f9095fe,inactive
mockoon/mockoon,685281813,production,2022-10-25T12:24:02Z,61a7cf7211c235f9a77858f2a5eea6068f9095fe,inactive
mockoon/mockoon,685044700,production,2022-10-25T07:55:30Z,61a7cf7211c235f9a77858f2a5eea6068f9095fe,inactive
mockoon/mockoon,685044697,production,2022-10-25T07:55:29Z,61a7cf7211c235f9a77858f2a5eea6068f9095fe,inactive
mockoon/mockoon,685044687,production,2022-10-25T07:55:29Z,61a7cf7211c235f9a77858f2a5eea6068f9095fe,inactive
mockoon/mockoon,685044667,production,2022-10-25T07:55:28Z,61a7cf7211c235f9a77858f2a5eea6068f9095fe,inactive
mockoon/mockoon,680931896,production,2022-10-20T06:52:51Z,c649a5e2dba3e7b29204ae994c79ab32602b737a,inactive
mockoon/mockoon,680931885,production,2022-10-20T06:52:50Z,c649a5e2dba3e7b29204ae994c79ab32602b737a,inactive
mockoon/mockoon,680931880,production,2022-10-20T06:52:49Z,c649a5e2dba3e7b29204ae994c79ab32602b737a,inactive
mockoon/mockoon,680931871,production,2022-10-20T06:52:49Z,c649a5e2dba3e7b29204ae994c79ab32602b737a,inactive
mockoon/mockoon,680146720,production,2022-10-19T12:50:04Z,3a7ef5e6080196ebd29cc089dfd1e2310e0b6f5a,inactive
mockoon/mockoon,680144505,production,2022-10-19T12:47:47Z,3a7ef5e6080196ebd29cc089dfd1e2310e0b6f5a,inactive
mockoon/mockoon,679992269,production,2022-10-19T09:58:47Z,3a7ef5e6080196ebd29cc089dfd1e2310e0b6f5a,inactive
mockoon/mockoon,679992261,production,2022-10-19T09:58:47Z,3a7ef5e6080196ebd29cc089dfd1e2310e0b6f5a,inactive
mockoon/mockoon,679992250,production,2022-10-19T09:58:46Z,3a7ef5e6080196ebd29cc089dfd1e2310e0b6f5a,inactive
mockoon/mockoon,679992234,production,2022-10-19T09:58:45Z,3a7ef5e6080196ebd29cc089dfd1e2310e0b6f5a,inactive
mockoon/mockoon,616565439,production,2022-08-01T14:02:15Z,5738577d35c51baf30f933222275c53e8fc42996,inactive
mockoon/mockoon,616562495,production,2022-08-01T13:58:52Z,5738577d35c51baf30f933222275c53e8fc42996,inactive
mockoon/mockoon,616531073,production,2022-08-01T13:19:30Z,5738577d35c51baf30f933222275c53e8fc42996,inactive
mockoon/mockoon,616531060,production,2022-08-01T13:19:29Z,5738577d35c51baf30f933222275c53e8fc42996,inactive
mockoon/mockoon,616531047,production,2022-08-01T13:19:28Z,5738577d35c51baf30f933222275c53e8fc42996,inactive
mockoon/mockoon,616531036,production,2022-08-01T13:19:26Z,5738577d35c51baf30f933222275c53e8fc42996,inactive
mockoon/mockoon,616446594,production,2022-08-01T11:18:28Z,8e948a3bd48306724d2d887015d2b7ee2bf65466,inactive
mockoon/mockoon,616446587,production,2022-08-01T11:18:27Z,8e948a3bd48306724d2d887015d2b7ee2bf65466,inactive
mockoon/mockoon,616446582,production,2022-08-01T11:18:27Z,8e948a3bd48306724d2d887015d2b7ee2bf65466,inactive
mockoon/mockoon,616446579,production,2022-08-01T11:18:26Z,8e948a3bd48306724d2d887015d2b7ee2bf65466,inactive
mockoon/mockoon,616331923,production,2022-08-01T08:24:52Z,7bde38c011f5dd86d6cc0ce390026a69c67549cd,inactive
mockoon/mockoon,616331913,production,2022-08-01T08:24:52Z,7bde38c011f5dd86d6cc0ce390026a69c67549cd,inactive
mockoon/mockoon,616331902,production,2022-08-01T08:24:50Z,7bde38c011f5dd86d6cc0ce390026a69c67549cd,inactive
mockoon/mockoon,616331886,production,2022-08-01T08:24:49Z,7bde38c011f5dd86d6cc0ce390026a69c67549cd,inactive
mockoon/mockoon,573865059,production,2022-05-31T11:52:08Z,cb31201ecb1cabaebd2a5d085313c96d7670f8d0,inactive
mockoon/mockoon,573863911,production,2022-05-31T11:50:04Z,cb31201ecb1cabaebd2a5d085313c96d7670f8d0,inactive
mockoon/mockoon,573227459,production,2022-05-30T13:19:03Z,cb31201ecb1cabaebd2a5d085313c96d7670f8d0,inactive
mockoon/mockoon,573227452,production,2022-05-30T13:19:03Z,cb31201ecb1cabaebd2a5d085313c96d7670f8d0,inactive
mockoon/mockoon,573227446,production,2022-05-30T13:19:02Z,cb31201ecb1cabaebd2a5d085313c96d7670f8d0,inactive
mockoon/mockoon,573227437,production,2022-05-30T13:19:01Z,cb31201ecb1cabaebd2a5d085313c96d7670f8d0,inactive
mockoon/mockoon,535063815,production,2022-03-28T21:42:50Z,ac6468354555e8c7837857dfa14cd6ebf0c7ec34,inactive
mockoon/mockoon,535061844,production,2022-03-28T21:39:20Z,ac6468354555e8c7837857dfa14cd6ebf0c7ec34,inactive
mockoon/mockoon,535055912,production,2022-03-28T21:28:40Z,b7279a350d32da4b812ce12fe56d8cdfd9ef7959,failure
mockoon/mockoon,535054118,production,2022-03-28T21:25:42Z,b7279a350d32da4b812ce12fe56d8cdfd9ef7959,inactive
mockoon/mockoon,535051006,production,2022-03-28T21:20:48Z,9629fa07a9019cced2bf8f7087b50fdd1f7d2c6d,failure
mockoon/mockoon,535044182,production,2022-03-28T21:10:21Z,9c0bd96f008a642acb77f0bf31b36ada5b548649,failure
mockoon/mockoon,535037779,production,2022-03-28T21:00:54Z,d9ee25a48aac460e5f098ef5303ff71e6808e54c,failure
mockoon/mockoon,535027520,production,2022-03-28T20:43:45Z,2c9711bbbcfbda69e117639948626ca141bd0220,failure
mockoon/mockoon,535027262,production,2022-03-28T20:43:19Z,2c9711bbbcfbda69e117639948626ca141bd0220,failure
mockoon/mockoon,535024953,production,2022-03-28T20:39:58Z,2c9711bbbcfbda69e117639948626ca141bd0220,failure
VoltAgent/voltagent,3301567751,Production,2025-11-13T04:39:33Z,9d0f34b6d6abd0a62d4835ae5a5f40d12755e6d0,failure
ixartz/Next-js-Boilerplate,6923950229,Production,2026-10-08T00:13:28Z,b83157a8018f55b926a3c25a4b7a7e14b0dfbc35,success
ixartz/Next-js-Boilerplate,6784489396,Production,2026-10-01T12:41:06Z,6acd079673a4eaaf7df6875d8025d2bec1240985,success
ixartz/Next-js-Boilerplate,6360412365,Production,2026-09-09T22:18:39Z,9df22d0980702729da01c4465b9fb8ca292d6cce,success
ixartz/Next-js-Boilerplate,6229997530,Production,2026-09-02T19:17:17Z,1dffa39a32450300c8b01d8cfd3819f9b6e95842,success
ixartz/Next-js-Boilerplate,6229849101,Production,2026-09-02T19:08:41Z,fcddd322981003ded21d5113189e1716f3547954,success
ixartz/Next-js-Boilerplate,6009496307,Production,2026-08-20T19:47:39Z,51dfd23b21ac4ef8da56f8cc9a2f4b78f5df0deb,success
ixartz/Next-js-Boilerplate,5505784021,Production,2026-07-18T22:07:04Z,2ed91c8ca6a89f49059388a690bcecb463ebe64b,success
ixartz/Next-js-Boilerplate,5363190034,Production,2026-07-08T15:28:38Z,9926cc1f8664f67eca63065bf1c31bc4f60b09c2,success
ixartz/Next-js-Boilerplate,4788348366,Production,2026-05-22T20:48:30Z,d20e5ed27ec5fd35fdfb068fb392aea1549802dd,success
ixartz/Next-js-Boilerplate,4788290708,Production,2026-05-22T20:42:23Z,a222cd389fbb9d4166603a083a472518d02d4366,success
ixartz/Next-js-Boilerplate,4662534952,Production,2026-05-12T14:18:42Z,1174af3a6d2bc191ebe4a241c72a45d39421b897,success
ixartz/Next-js-Boilerplate,4550348297,Production,2026-05-01T20:12:46Z,b4daeaffec5d9dfd8446eea1831093d19fb58f28,success
ixartz/Next-js-Boilerplate,4517359012,Production,2026-04-28T22:47:35Z,9904540c376f31309efee018a2d41b36e4ccda17,success
ixartz/Next-js-Boilerplate,4402129749,Production,2026-04-17T15:33:46Z,b8e1c40e8a85941b685a32bd78ed7bba6b2a49de,success
ixartz/Next-js-Boilerplate,4297641674,Production,2026-04-07T19:56:02Z,374261e6012fe6ef30f519b4230aa1f97628cf61,success
ixartz/Next-js-Boilerplate,4199154699,Production,2026-03-27T21:40:53Z,f9424a0306bfb3b95cb52a9db01ea99b7c436bbb,success
ixartz/Next-js-Boilerplate,4149641676,Production,2026-03-23T13:56:40Z,f813afb4b1df9f38edff9587c2704bf922b67b74,success
ixartz/Next-js-Boilerplate,4149461007,Production,2026-03-23T13:39:21Z,35b5d3b9d1568f5a8a95b6b5866c6ded21e68202,success
ixartz/Next-js-Boilerplate,4084882734,Production,2026-03-16T17:00:24Z,32b2bc6d1ea08f3d9ede41fa9c18303189adff8d,success
ixartz/Next-js-Boilerplate,4084451130,Production,2026-03-16T16:17:53Z,fd4529b1042e3e7180e986636a85637b5fa7781a,success
ixartz/Next-js-Boilerplate,4000684454,Production,2026-03-06T18:05:35Z,e2679208a7678afd781d985d85b5acb4e5f94385,success
ixartz/Next-js-Boilerplate,3989610517,Production,2026-03-05T15:18:15Z,90f47cc5a05fd26e7ed11faa4c2e2fc68dfbcecd,success
ixartz/Next-js-Boilerplate,3897937473,Production,2026-02-22T20:25:10Z,9e71d322aa5e1ec08f6123ce5bf7fb7b94bff0ec,success
ixartz/Next-js-Boilerplate,3871653888,Production,2026-02-18T21:34:57Z,783d6891901672a12272b7133a1eea8cfae1eccf,success
ixartz/Next-js-Boilerplate,3871576723,Production,2026-02-18T21:22:59Z,9e51e5d3e260b21a4e8cd40a916596e1d6e70f45,success
ixartz/Next-js-Boilerplate,3871545852,Production,2026-02-18T21:18:25Z,86b283733d74c208b93d76378b6bf13e91312449,success
ixartz/Next-js-Boilerplate,3871415824,Production,2026-02-18T20:59:34Z,61a226cddb9dd56c346220144f3b82c7ac9833f3,success
ixartz/Next-js-Boilerplate,3853401573,Production,2026-02-16T17:31:23Z,855aca3f97f1d9899eb3d851ff53eeeb55c6a148,success
ixartz/Next-js-Boilerplate,3814852110,Production,2026-02-11T03:47:14Z,1d4fda029be9e3c56ed68a1bfefa0bdc212f277b,success
ixartz/Next-js-Boilerplate,3814473817,Production,2026-02-11T02:07:48Z,780c3dca75e6b39d92c8ac287618ed624eae802a,success
ixartz/Next-js-Boilerplate,3809337653,Production,2026-02-10T13:15:50Z,98286c1bcd4ece8e1002342941f538c78cfc163a,success
ixartz/Next-js-Boilerplate,3797560659,Production,2026-02-09T01:23:20Z,84fb14855614cec8d283b7bf8be745027eae97da,success
ixartz/Next-js-Boilerplate,3771261306,Production,2026-02-04T19:39:11Z,d2db823114dc6f0ab22fee7310f13762a2cbca25,success
ixartz/Next-js-Boilerplate,3755533366,Production,2026-02-02T23:36:20Z,503d2665054781168e8d3704b4a56f37a2cdb750,success
ixartz/Next-js-Boilerplate,3755456601,Production,2026-02-02T23:21:42Z,ce0b3164ea386a20a3e4a79f218d8e3236c4c610,success
ixartz/Next-js-Boilerplate,3654277230,Production,2026-01-18T21:09:50Z,af8aed428df01f642a883bcd7e11c6a38652c3f9,success
ixartz/Next-js-Boilerplate,3654124086,Production,2026-01-18T20:17:14Z,c5f90efde0cf0ab6cc17d00499434523342cbc3e,success
ixartz/Next-js-Boilerplate,3639615451,Production,2026-01-15T20:16:03Z,62b9166437aca3a35468d4724fec286557d02310,success
ixartz/Next-js-Boilerplate,3639446136,Production,2026-01-15T19:47:41Z,77eb5d50181db22fc8b9c9f7771d2ae9e81a27ab,failure
ixartz/Next-js-Boilerplate,3622638271,Production,2026-01-13T14:28:57Z,3960e92399f87ae587ff1168e2528266205c896d,inactive
ixartz/Next-js-Boilerplate,3622534197,Production,2026-01-13T14:14:29Z,45ff63578588b7a3d56b6600ddcfa26417928543,success
ixartz/Next-js-Boilerplate,3581736992,Production,2026-01-06T16:22:36Z,29911410f68fb3285fd1081c02d59c3303e545f0,success
ixartz/Next-js-Boilerplate,3467067394,Production,2025-12-12T13:09:48Z,dca2f3375689c6ba13f357c5ea1060e04c2226f2,success
ixartz/Next-js-Boilerplate,3416254889,Production,2025-12-04T00:07:01Z,a8f901b1028474fd4a7c9bf3a1af076f0b657ee7,success
ixartz/Next-js-Boilerplate,3409537302,Production,2025-12-03T01:59:40Z,85261ef3519d4642b5d8a00a08840e9010be4e2b,success
ixartz/Next-js-Boilerplate,3409177546,Production,2025-12-03T00:09:09Z,ddaf57950323d32c5c5760b0c6c3ff08f4520383,success
ixartz/Next-js-Boilerplate,3398703578,Production,2025-12-01T13:17:14Z,34c90f3a811720a16a3c60a983eae8383167cd1c,success
ixartz/Next-js-Boilerplate,3371523383,Production,2025-11-25T22:13:24Z,d33bdd9f2a9ccd9741ace22d97298eec1f5e1e05,success
ixartz/Next-js-Boilerplate,3366107467,Production,2025-11-25T05:40:53Z,4f736b48437ea60f0b0d85817196e4263f66dd53,success
ixartz/Next-js-Boilerplate,3357764368,Production,2025-11-23T19:08:09Z,c2b687a1890935d831b80e9cad3358d27d363025,success
ixartz/Next-js-Boilerplate,3312026006,Production,2025-11-14T18:06:17Z,f36a8233969450035a589374c49519ce1702fdd7,success
ixartz/Next-js-Boilerplate,3241927679,Production,2025-11-02T01:30:09Z,f778d2e958ee5d856fab4d9d29af53bc66b6ac10,success
ixartz/Next-js-Boilerplate,3241915524,Production,2025-11-02T01:21:11Z,c0051c01cd9c01d6eb51db6276544f016e8c100b,success
ixartz/Next-js-Boilerplate,3241884180,Production,2025-11-02T00:58:45Z,0d0afefcbf1fd07fe8298c6ec0499620c00ecee4,success
ixartz/Next-js-Boilerplate,3241859891,Production,2025-11-02T00:41:43Z,91ca530d85b92fdfbc1830e28b3d66abe74c9df4,success
ixartz/Next-js-Boilerplate,3232813240,Production,2025-10-30T20:41:39Z,9452fb59231979f86cdf2235730dad12f6e5397b,success
ixartz/Next-js-Boilerplate,3220935409,Production,2025-10-29T00:27:27Z,6a06ed927b0a5924dfa36349e523e4ada261d37f,success
ixartz/Next-js-Boilerplate,3220644353,Production,2025-10-28T22:53:39Z,4ff47987bf59be4c5c9873372a5e9e6d7af65433,success
ixartz/Next-js-Boilerplate,3218837329,Production,2025-10-28T16:37:44Z,a4869fc0d13cf4a2429657eb689b6bfaa09d962b,success
ixartz/Next-js-Boilerplate,3218643155,Production,2025-10-28T16:05:54Z,bc7597548663b8393a8e0115b916bcf02e28bd0a,success
ixartz/Next-js-Boilerplate,3203167709,Production,2025-10-25T00:36:51Z,180dfaad0211ec993f1a14d0b007627885219fb0,success
ixartz/Next-js-Boilerplate,3202996826,Production,2025-10-24T23:15:40Z,ccda0f6cdb9191a3c99e80248e98c4e703d531c4,success
ixartz/Next-js-Boilerplate,3177381928,Production,2025-10-20T15:50:06Z,8a1b49a5188df2cfef3bda2b43b63bac1e582660,success
ixartz/Next-js-Boilerplate,3157030334,Production,2025-10-15T22:23:14Z,87870b3a8478ac5a8ce0c396a82e8df0e0bf7ea3,success
ixartz/Next-js-Boilerplate,3136573180,Production,2025-10-11T19:31:36Z,23ece3ea91ea14e9e1caaca59d57cf8bb35091ea,success
ixartz/Next-js-Boilerplate,3088479562,Production,2025-10-01T17:38:43Z,c1d6612b13a2ee46027c53519371faf1a8379f05,success
ixartz/Next-js-Boilerplate,3054300919,Production,2025-09-24T14:35:26Z,1e97048c2343616b29cc42577e3dd16b182185c4,success
ixartz/Next-js-Boilerplate,3028006655,Production,2025-09-18T16:42:23Z,f88aa6ab38af78052b00e784c3dc902d304d102d,success
ixartz/Next-js-Boilerplate,3012149332,Production,2025-09-15T22:52:00Z,e9720e4032f463bdb7ae142e04ec15d0445874c3,success
ixartz/Next-js-Boilerplate,3001039253,Production,2025-09-12T18:29:41Z,32b662e06108ae7e6116be338b6a56b0c1682bca,success
ixartz/Next-js-Boilerplate,2996916757,Production,2025-09-11T23:47:20Z,94c00843c69203b59fc797d310ad1027f20be34c,success
ixartz/Next-js-Boilerplate,2996570716,Production,2025-09-11T21:42:05Z,963612d422b6e65811f5f47b7b1a65dbb333e588,success
ixartz/Next-js-Boilerplate,2995815417,Production,2025-09-11T18:40:55Z,a33a425ffca652da643a249f41d6f50c8d406f4d,success
ixartz/Next-js-Boilerplate,2938139837,Production,2025-08-29T20:41:50Z,0abb0eb3aa0b1f3988421a12e35f4cc0923696e9,success
ixartz/Next-js-Boilerplate,2914572205,Production,2025-08-25T13:15:42Z,ccf76b5228b916111670a08ade9bac9416c83eff,success
ixartz/Next-js-Boilerplate,2909607207,Production,2025-08-23T21:47:24Z,9a4201fb85238bf955aecf15f8a1791aa51122c6,success
ixartz/Next-js-Boilerplate,2908682482,Production,2025-08-23T12:36:03Z,bc77e32ddcd59f8b8468890dca4e54727e1651c2,success
ixartz/Next-js-Boilerplate,2907524311,Production,2025-08-22T23:58:00Z,14de5cda858a4a6d70f66f37a2145cf2a29585a3,success
ixartz/Next-js-Boilerplate,2907320514,Production,2025-08-22T22:18:05Z,d7093d0cc72f53d92d9cf7bd612066106cff65c2,success
ixartz/Next-js-Boilerplate,2901665093,Production,2025-08-21T19:20:33Z,1267a501941d75db0ed656be692b921142141ef9,success
ixartz/Next-js-Boilerplate,2901448711,Production,2025-08-21T18:28:51Z,787083ff0f27f717222fc4205354f4fa2d186330,success
ixartz/Next-js-Boilerplate,2892002780,Production,2025-08-20T02:09:49Z,bf63dbf1050019494e8201ed7525ee29cb93171c,success
ixartz/Next-js-Boilerplate,2842313476,Production,2025-08-07T23:30:55Z,fea469a776201ffe257a2c782d288da0cf803a11,success
ixartz/Next-js-Boilerplate,2817147501,Production,2025-08-01T20:14:22Z,e7dfb8dd7ab8e45f67473733531f72227e090b91,success
ixartz/Next-js-Boilerplate,2816982555,Production,2025-08-01T19:25:04Z,c81f3ab8d80b19fdd94e3049fca1dd445dbcb827,success
ixartz/Next-js-Boilerplate,2816933021,Production,2025-08-01T19:09:47Z,8439b9ba0799c30c2e68cd01e1c7b0dcfaa88086,success
ixartz/Next-js-Boilerplate,2816783354,Production,2025-08-01T18:26:46Z,9d9b224164ae580a1abaf172e59a3ff22bd1f044,success
ixartz/Next-js-Boilerplate,2816710191,Production,2025-08-01T18:06:37Z,3fd93d27e0bb5e60ad3eb85125c03a511bc5b09e,success
ixartz/Next-js-Boilerplate,2773451220,Production,2025-07-22T22:12:07Z,360827f32b551c96a2f5986303d08d3bf36ef2b4,success
ixartz/Next-js-Boilerplate,2757675508,Production,2025-07-18T13:55:51Z,11ce79e3692b9283ce5a1015313229fe80daefe1,success
ixartz/Next-js-Boilerplate,2757635914,Production,2025-07-18T13:47:10Z,358034434257732f1cc845d89d89441148ffdfe0,success
ixartz/Next-js-Boilerplate,2739979517,Production,2025-07-14T23:23:39Z,e971212bf7e6c55bad2f7b471e332a885267d2d2,success
ixartz/Next-js-Boilerplate,2734614556,Production,2025-07-13T16:25:31Z,aa404aae8e4ac0e66572db68d816f7302406e7e2,success
ixartz/Next-js-Boilerplate,2725070197,Production,2025-07-10T15:14:44Z,9500fd93ecb1ff960ed1ca236d5606145c0d3daf,success
ixartz/Next-js-Boilerplate,2724961571,Production,2025-07-10T14:53:57Z,01a79dd0f8de6b428f0d73004bc1bd592e158112,success
ixartz/Next-js-Boilerplate,2711222941,Production,2025-07-07T19:28:30Z,e0d029c819a315105be724274c0de28608be426d,success
ixartz/Next-js-Boilerplate,2711185408,Production,2025-07-07T19:18:00Z,97c3e870ffcf6df52993f7e114cd8e48ac581897,success
ixartz/Next-js-Boilerplate,2711138895,Production,2025-07-07T19:05:13Z,0a7084a3e9cd137b49b34a609e5c1d78475982c0,success
ixartz/Next-js-Boilerplate,2701845401,Production,2025-07-04T14:00:56Z,efd5bf5475b83791d317ac07f1f2f1157079a990,success
ixartz/Next-js-Boilerplate,2701803448,Production,2025-07-04T13:50:07Z,f20b9e40c9a14d979a0d8d75aa66b09aa6a50899,success
ixartz/Next-js-Boilerplate,2701733723,Production,2025-07-04T13:32:01Z,507ccc03e24c764f43bd3523c9154008f98a95f5,success
ixartz/Next-js-Boilerplate,2693547076,Production,2025-07-02T17:56:46Z,868d9d84db6e4eb164b28c140cae231a7f404feb,success
ixartz/Next-js-Boilerplate,2693535520,Production,2025-07-02T17:53:38Z,7d0b612c874034a05b9d1f803375eada112add9c,success
ixartz/Next-js-Boilerplate,2693426122,Production,2025-07-02T17:24:56Z,ea8ae598e5e6310a3353eefec3100cbde70a8f70,success
ixartz/Next-js-Boilerplate,2693071068,Production,2025-07-02T16:00:13Z,0be51e348dfcaee1afcb4e74b68469f38542150b,success
ixartz/Next-js-Boilerplate,2689881204,Production,2025-07-02T01:02:41Z,84239d5df829d48341b1443237a5a455e2bf27ce,success
ixartz/Next-js-Boilerplate,2684985327,Production,2025-07-01T00:52:14Z,e4252fadba919f287ad884374d228cd6b85f9032,success
ixartz/Next-js-Boilerplate,2684950098,Production,2025-07-01T00:36:48Z,00858b852d0c4c627fc6800819208baf5fec4076,success
ixartz/Next-js-Boilerplate,2684923913,Production,2025-07-01T00:26:03Z,683a02906508d5366249bc7c27953ca5b39d473e,success
ixartz/Next-js-Boilerplate,2682794058,Production,2025-06-30T14:15:04Z,4802d16a7663f3235856bd71bab3ee699605243b,success
ixartz/Next-js-Boilerplate,2682695721,Production,2025-06-30T13:56:03Z,c0b9822344a12e7d5f8b0ec73bf2a5dcd3fcbab2,success
ixartz/Next-js-Boilerplate,2679599583,Production,2025-06-29T17:39:24Z,c24d3f608828c544e25578b01a0a416b49068d9b,success
ixartz/Next-js-Boilerplate,2670889794,Production,2025-06-26T18:42:14Z,7e2019787c20d31f5139dc930eed8a579d6d4078,success
ixartz/Next-js-Boilerplate,2649630805,Production,2025-06-21T14:53:52Z,66310d1ed6ec0fc54650501fc70a963f9d97fff9,success
ixartz/Next-js-Boilerplate,2649615716,Production,2025-06-21T14:43:07Z,c710d899cc9ef2df146da047f80b18c7787a5f7e,success
ixartz/Next-js-Boilerplate,2644374473,Production,2025-06-19T23:28:17Z,6053ff85b5bcdfd8546a4b523d6dce666a2a0fd0,success
ixartz/Next-js-Boilerplate,2627092160,Production,2025-06-16T09:34:35Z,cefe390d385ef8e240ba6dcc1d8652ff033a7f32,success
ixartz/Next-js-Boilerplate,2625005501,Production,2025-06-15T16:07:44Z,ce259d163d1d2af35bc8d29d022300862e916ec0,success
ixartz/Next-js-Boilerplate,2616193855,Production,2025-06-12T16:14:53Z,656b4dd76fb92b574e7432c836895772de497138,success
ixartz/Next-js-Boilerplate,2616074540,Production,2025-06-12T15:48:07Z,1f86047de4379d3d092f74ede8a015cd0d64988c,success
ixartz/Next-js-Boilerplate,2615992239,Production,2025-06-12T15:30:00Z,cb6c121ba746f26a670ac30e531abb59c1ed4942,success
ixartz/Next-js-Boilerplate,2615970418,Production,2025-06-12T15:25:09Z,0555828f01b36498cbfbfe63c4e22532cb4ea333,success
ixartz/Next-js-Boilerplate,2605939103,Production,2025-06-10T14:04:48Z,3fa024c37b6e906efc6a35200baba6cb3209bf21,success
ixartz/Next-js-Boilerplate,2605911751,Production,2025-06-10T13:59:46Z,7ae6f945a82fbe892f1465afc5d7cb489304457d,success
ixartz/Next-js-Boilerplate,2586740911,Production,2025-06-04T22:42:34Z,4093561b91e5b9cc3e37989f9c8493cc08ae5025,success
ixartz/Next-js-Boilerplate,2586726291,Production,2025-06-04T22:36:06Z,d6a64cf0d71e141cdc74964f870e9c4d37794f06,success
ixartz/Next-js-Boilerplate,2574071715,Production,2025-06-02T09:13:34Z,01c4608bd01e67e7a9d9d8c56a3419e977beabeb,success
ixartz/Next-js-Boilerplate,2574047553,Production,2025-06-02T09:07:38Z,973ba2031c76418d1c20d07ac4324a32e772b9c9,success
ixartz/Next-js-Boilerplate,2572898699,Production,2025-06-02T00:52:33Z,962e0919ae6bf14be87c1dc6a0fa6b7e9bd37d50,success
ixartz/Next-js-Boilerplate,2570342920,Production,2025-05-31T15:45:33Z,9e6127fb1307164ca3cff07c9709fefa09e8c5bf,success
ixartz/Next-js-Boilerplate,2570336084,Production,2025-05-31T15:40:26Z,f734c3c0287c8bc131174415cd118fd57f7d48f0,success
ixartz/Next-js-Boilerplate,2537276675,Production,2025-05-22T11:50:33Z,36edd314c74ac0238e7e122b1d56a92fe79763a2,success
ixartz/Next-js-Boilerplate,2488679310,Production,2025-05-09T05:29:15Z,8d7553d3424e0982f1c2980cc20aea25de5486a2,success
ixartz/Next-js-Boilerplate,2488643330,Production,2025-05-09T05:09:38Z,e430144c4fe5c17af0af6d5a90e788e7c9ed88ba,success
ixartz/Next-js-Boilerplate,2488593376,Production,2025-05-09T04:46:36Z,89f860774d5e721878fd93393781c094c9a72b2d,success
ixartz/Next-js-Boilerplate,2488587612,Production,2025-05-09T04:43:12Z,2c6933d73d24bd6b8f6b45207b5550611372fad1,success
ixartz/Next-js-Boilerplate,2488584806,Production,2025-05-09T04:41:26Z,ba7444821f896d4d02f8f17124d0e1adb20fe922,success
ixartz/Next-js-Boilerplate,2488501409,Production,2025-05-09T03:59:17Z,498f16b4f2b1012f2e8391939901a052630b4edd,success
ixartz/Next-js-Boilerplate,2488155327,Production,2025-05-09T00:46:10Z,2c7748822bfb3d38539b1412c295215ec0a57bf5,success
ixartz/Next-js-Boilerplate,2488151575,Production,2025-05-09T00:43:56Z,90e0da6ae8e2379e8010bcd20c4f94bb69bd6a7d,success
ixartz/Next-js-Boilerplate,2488138942,Production,2025-05-09T00:37:19Z,d59ed9f889ecce77d369246399f2058450c6664a,success
ixartz/Next-js-Boilerplate,2488016592,Production,2025-05-08T23:31:55Z,4f390ef0f4673578f09cd4ffa99e5de955d7af0e,success
ixartz/Next-js-Boilerplate,2487983058,Production,2025-05-08T23:13:17Z,c5ff9c352c74802073083e03b08cae38d79f7391,success
ixartz/Next-js-Boilerplate,2487952581,Production,2025-05-08T22:59:36Z,8356a83406d31a7d20a5c9e3f77e9810d6f41e9e,success
ixartz/Next-js-Boilerplate,2487941685,Production,2025-05-08T22:53:32Z,958d64d256b4e729970f0c920f8d43a611c40d71,success
ixartz/Next-js-Boilerplate,2487184211,Production,2025-05-08T18:33:23Z,8ad167f77630486974e704365e9331014304601e,success
ixartz/Next-js-Boilerplate,2479414469,Production,2025-05-07T00:44:18Z,4308d1633dcac7c46857b192d810b30da869f501,success
ixartz/Next-js-Boilerplate,2479406650,Production,2025-05-07T00:39:36Z,49b4a8b69908e09c74b9c8548c16505d8fb33db3,success
ixartz/Next-js-Boilerplate,2470784777,Production,2025-05-04T21:43:14Z,00ead7b215a3bb4cd33b0caa7b747ce2838b1450,success
ixartz/Next-js-Boilerplate,2470779393,Production,2025-05-04T21:38:23Z,035086b3ad29f10ebca24080213d2b86efef5f16,success
ixartz/Next-js-Boilerplate,2468726983,Production,2025-05-03T16:25:01Z,30d821b00aceb6e5165374489f06dbb3982e3eb7,success
ixartz/Next-js-Boilerplate,2468719851,Production,2025-05-03T16:19:39Z,bcc21394097ec2d39f2238c97cc5a3abe8d3c0fd,success
ixartz/Next-js-Boilerplate,2440600818,Production,2025-04-25T00:59:22Z,2111d9f83b1bc2807ce1fc3e7d3651af83890e51,success
ixartz/Next-js-Boilerplate,2440591606,Production,2025-04-25T00:53:09Z,1b39ed2f29eccfae42a0cb7d65e09331b8d1c3e9,success
ixartz/Next-js-Boilerplate,2397326115,Production,2025-04-12T01:46:00Z,d9189cd973bd486f8e3292fa6b310a053ebc864d,success
ixartz/Next-js-Boilerplate,2397318223,Production,2025-04-12T01:39:25Z,bec16a2b2d99141d32af47dc27c6b07849d39a25,success
ixartz/Next-js-Boilerplate,2397085415,Production,2025-04-11T22:51:14Z,36372711af81c7c908e5debc5655e35c7df6769e,success
ixartz/Next-js-Boilerplate,2388603556,Production,2025-04-09T22:04:49Z,961b0f7678e26eb98688ebe3dd3f4b566365ff12,success
ixartz/Next-js-Boilerplate,2388589287,Production,2025-04-09T21:59:52Z,9ea7c42380b5ddbd51b1b302ca0ed2e0d550f555,success
ixartz/Next-js-Boilerplate,2375733658,Production,2025-04-06T23:28:46Z,dc623248e8f7b96dc970882c8a2300376062efa3,success
ixartz/Next-js-Boilerplate,2370917082,Production,2025-04-04T14:57:27Z,46756c2d8a9463c8580a6774e03e47c7e75927c0,success
ixartz/Next-js-Boilerplate,2370887065,Production,2025-04-04T14:49:38Z,692676827c25080c5903cc015b8b2ec39975886a,success
ixartz/Next-js-Boilerplate,2359157683,Production,2025-04-01T19:23:45Z,3fd3d08453c9d628f78d0bf0b5070824313e553b,success
ixartz/Next-js-Boilerplate,2359068808,Production,2025-04-01T18:58:17Z,bc24f5be8637987d18ac98412be131f1e0b357a6,success
ixartz/Next-js-Boilerplate,2355855153,Production,2025-04-01T02:53:33Z,02cdcf6d5312de51ab61244fd5196d06fec8f70e,success
ixartz/Next-js-Boilerplate,2355770708,Production,2025-04-01T02:03:58Z,b0a505df48caeac4e7fca8c0442567979ede3d78,success
ixartz/Next-js-Boilerplate,2355760286,Production,2025-04-01T01:58:05Z,b5cf78ca79937826f858b32484cbb013087242ee,success
ixartz/Next-js-Boilerplate,2339843664,Production,2025-03-26T22:55:12Z,eb7277b563c3926d9a38ff4aa6466bea68797e00,success
ixartz/Next-js-Boilerplate,2339831383,Production,2025-03-26T22:49:29Z,5da374d311fd127ef832916759d8681aaaac205e,success
ixartz/Next-js-Boilerplate,2339700787,Production,2025-03-26T21:55:07Z,8870dd0b533984e44790f49a57b73579ec3ef97a,failure
ixartz/Next-js-Boilerplate,2339687192,Production,2025-03-26T21:49:34Z,b1e9187c7d116a6e5f2a14463a9e9184e22bbf65,failure
ixartz/Next-js-Boilerplate,2331280929,Production,2025-03-25T00:50:02Z,0de772511a05499e67c6675a7f45dcac99b2c26a,success
ixartz/Next-js-Boilerplate,2331008769,Production,2025-03-24T22:40:52Z,354a964e7a0d546298c6a543d0d9fe99d22d5b79,success
ixartz/Next-js-Boilerplate,2330934466,Production,2025-03-24T22:08:59Z,f201762eb177a4e74c14801b695dc3fd7043b24d,failure
ixartz/Next-js-Boilerplate,2330924710,Production,2025-03-24T22:05:21Z,d1aeb3a3e51f9722c521e057d134b7a6b4e32220,failure
ixartz/Next-js-Boilerplate,2330917162,Production,2025-03-24T22:03:10Z,7c0b7c2ea6dab89a5ef18500b5f1ebcc3dac39a4,success
ixartz/Next-js-Boilerplate,2295462622,Production,2025-03-13T20:14:39Z,ae5c53c72661826c87ae824623e6b6cb731abeb9,success
ixartz/Next-js-Boilerplate,2295446506,Production,2025-03-13T20:09:23Z,fa614cddb925c4049e39325622a08414c9ce956f,success
ixartz/Next-js-Boilerplate,2248047365,Production,2025-02-27T16:16:03Z,f855bae49ac59f2cad97f8eae653c851d05eb89e,success
ixartz/Next-js-Boilerplate,2248031892,Production,2025-02-27T16:12:09Z,44070e2d2881b2fa9256db9687d97b92d8e2c87e,success
ixartz/Next-js-Boilerplate,2239358038,Production,2025-02-25T14:36:25Z,c294f6f9ca75d3973b5876ed5ad9da99429c19c8,success
ixartz/Next-js-Boilerplate,2239311629,Production,2025-02-25T14:25:10Z,b6474e1cea03f1f9bbaad16de7b01bd20551759a,success
ixartz/Next-js-Boilerplate,2239287093,Production,2025-02-25T14:19:10Z,3688b8af9b4d132426cf169c329336ff9523ea20,success
ixartz/Next-js-Boilerplate,2239264547,Production,2025-02-25T14:13:34Z,b97671c30c1b756f2de736b550a6c1042a5a41c1,success
ixartz/Next-js-Boilerplate,2232441255,Production,2025-02-23T15:06:46Z,0904342b367a1db2a18754aadfc1d9ee07334d8e,success
ixartz/Next-js-Boilerplate,2231439634,Production,2025-02-22T22:48:51Z,acd3a6272c9904f635dcc0aedd65417abfa4667f,success
ixartz/Next-js-Boilerplate,2231434173,Production,2025-02-22T22:42:54Z,d05dc81357cb67553fcc9ba656498ea98f83b86d,success
ixartz/Next-js-Boilerplate,2196051487,Production,2025-02-12T00:17:23Z,f8c82c705f877dcea153d4b9df905bfa0ebfa552,success
ixartz/Next-js-Boilerplate,2196038623,Production,2025-02-12T00:11:35Z,2a1a7b87fe2b7f6a8d04171762850406ac414a99,success
ixartz/Next-js-Boilerplate,2196006241,Production,2025-02-11T23:55:31Z,de24b5c79198fbf61c24f8c45714b3bf5fb90a0c,success
ixartz/Next-js-Boilerplate,2141357092,Production,2025-01-24T17:57:34Z,3c5788a619b645d584365a6ea94050d42dcfad9c,success
ixartz/Next-js-Boilerplate,2141284627,Production,2025-01-24T17:30:54Z,a6c7601083c3acb1a37d52233ec68b4eeb431b01,success
ixartz/Next-js-Boilerplate,2141208010,Production,2025-01-24T17:04:12Z,00bbc055b2e441b5d52e2240b4296de8726a3cef,success
ixartz/Next-js-Boilerplate,2141189766,Production,2025-01-24T16:58:51Z,e664c46d021028b66a30ad49a4f13618c184024c,success
ixartz/Next-js-Boilerplate,2097738817,Production,2025-01-09T17:33:59Z,297b5d0c0f0dc2cd90bdfeccec43d208127ec799,success
ixartz/Next-js-Boilerplate,2057644370,Production,2024-12-20T14:55:44Z,d86af6681a2cf8891974f0635d43d7ae062bd0c9,success
ixartz/Next-js-Boilerplate,2057628619,Production,2024-12-20T14:50:05Z,b9c569290521f3faa5b0a7df84a6ab9d46b233a7,success
ixartz/Next-js-Boilerplate,2044285829,Production,2024-12-16T14:50:16Z,7b93fbbd787ead6b046d737c5e9ca664e34110e7,success
ixartz/Next-js-Boilerplate,2044266821,Production,2024-12-16T14:45:10Z,9df21af2bbdd8f4129acc57d1f9648681485552d,success
ixartz/Next-js-Boilerplate,2029671300,Production,2024-12-10T23:07:30Z,642d3f395bf8602529411778d228cb45364c9917,success
ixartz/Next-js-Boilerplate,2029658629,Production,2024-12-10T23:02:51Z,e7885e216ed57af32044a650b0e27220637c6426,success
ixartz/Next-js-Boilerplate,2016450590,Production,2024-12-05T20:24:25Z,da5904afef9def9c1c5d88b9f2ec1b6303817cce,success
ixartz/Next-js-Boilerplate,2016429436,Production,2024-12-05T20:16:10Z,97dc10fc90abcb6f1578a5e7c3c19febea98772c,success
ixartz/Next-js-Boilerplate,2016417410,Production,2024-12-05T20:11:26Z,fdd13cdc2d05268f9445c2553f0d8410df237b95,success
ixartz/Next-js-Boilerplate,2003008958,Production,2024-12-01T23:37:10Z,f08f3abf331c0f552a99841fb710720cd1a712fc,success
ixartz/Next-js-Boilerplate,1991745830,Production,2024-11-27T00:32:07Z,d28d9d26f473ff6e52fea3c0da4da87626eacf00,success
ixartz/Next-js-Boilerplate,1991628925,Production,2024-11-26T23:20:31Z,58330b9a926aa2bed78027bdcd2f5b88f8802a5d,success
ixartz/Next-js-Boilerplate,1991620794,Production,2024-11-26T23:15:26Z,9a857842e77b55a63c50372fc48c12127908e6c6,success
ixartz/Next-js-Boilerplate,1991544846,Production,2024-11-26T22:35:43Z,365a611f35be20a3ab94e12af4187b63e7f8594c,success
ixartz/Next-js-Boilerplate,1991534463,Production,2024-11-26T22:30:26Z,909d0df5e89e0688ab8445ee4230572c6cecc332,success
ixartz/Next-js-Boilerplate,1975889178,Production,2024-11-21T01:05:55Z,a08638bf8e5bb7175caf6d3378728edc23201fb2,success
ixartz/Next-js-Boilerplate,1975879706,Production,2024-11-21T00:59:43Z,2f9646b972f5649b79cf3cd4fd27d21d5b38a537,success
ixartz/Next-js-Boilerplate,1974529827,Production,2024-11-20T15:34:07Z,532d0400008fe93bb93845bc8d358f5cecfa2c55,success
ixartz/Next-js-Boilerplate,1974512265,Production,2024-11-20T15:28:55Z,5e6a1d75a55e42893da89d3785d4cc667755028a,success
ixartz/Next-js-Boilerplate,1961759833,Production,2024-11-15T14:23:04Z,11048aed3c192ab71f87d4bdc236223fe980b98e,success
ixartz/Next-js-Boilerplate,1961746218,Production,2024-11-15T14:18:13Z,1b1751f0335c8b0e402f3ddc0be916c8bbe04300,success
ixartz/Next-js-Boilerplate,1882385116,Production,2024-10-17T02:26:49Z,234ee266e1e2d361dee583f447517719fb2c046c,success
ixartz/Next-js-Boilerplate,1882377937,Production,2024-10-17T02:22:34Z,a67fd7b8fef3dfbe01de7b88db57ad2af5c8c862,success
ixartz/Next-js-Boilerplate,1851948054,Production,2024-10-04T23:28:46Z,710b466cee3e2f8b2554bed1c205d0e46df9558b,success
ixartz/Next-js-Boilerplate,1841866576,Production,2024-10-01T16:06:09Z,166eb75618718eceb0d320ca815e1ad733fae0c2,success
ixartz/Next-js-Boilerplate,1841848721,Production,2024-10-01T16:01:16Z,ceef54e0132084d197e876b9f98724c640b157b3,success
ixartz/Next-js-Boilerplate,1806352064,Production,2024-09-17T21:29:49Z,792b86a8c363dbce786635c9e92d07eb620db2a7,success
ixartz/Next-js-Boilerplate,1806348519,Production,2024-09-17T21:27:56Z,d79e0e0c3bbc3ea0dfb1924916afd2ef56c6dc9b,success
ixartz/Next-js-Boilerplate,1803521171,Production,2024-09-17T01:48:06Z,8a93a776835dc8460e719a542dc6211df94eea88,success
ixartz/Next-js-Boilerplate,1800109147,Production,2024-09-15T18:48:06Z,aa248dfe59d79153dbf23c4684118369fe9dc668,success
ixartz/Next-js-Boilerplate,1800103480,Production,2024-09-15T18:42:17Z,ff0cf9373a3ebf90ad7685e14cdf68c726d6f225,success
ixartz/Next-js-Boilerplate,1798558905,Production,2024-09-14T12:04:16Z,12c25c9668eed63a991550ea001cb85a00c7b528,success
ixartz/Next-js-Boilerplate,1798553224,Production,2024-09-14T11:58:56Z,a4a6b7ceba07e0a253dafa48b7d97998bf8a2273,success
ixartz/Next-js-Boilerplate,1795230674,Production,2024-09-13T01:52:10Z,df16c693ceeb236cfc5df7a62d6f4be74cca1f33,success
ixartz/Next-js-Boilerplate,1795206466,Production,2024-09-13T01:33:01Z,4e8e6ba06e6feec61462facbd2d14d984eebfeb7,success
ixartz/Next-js-Boilerplate,1795001869,Production,2024-09-12T23:01:02Z,8d032b0bcf21e7d33abcebb72cd7acc823e4c04e,success
ixartz/Next-js-Boilerplate,1794637995,Production,2024-09-12T19:54:11Z,5cebc50800b29be00704e5c0992de66570c7c9f8,success
ixartz/Next-js-Boilerplate,1794626246,Production,2024-09-12T19:48:51Z,77987a41c979c75f7d68dda1a9ad60afde273fd2,success
ixartz/Next-js-Boilerplate,1791744260,Production,2024-09-11T22:51:48Z,8403a765ea431c11e93588315c64d471377c5944,success
ixartz/Next-js-Boilerplate,1791701546,Production,2024-09-11T22:23:10Z,f8a064396bad4100cc4b362f7db91f1bf7de6f52,success
ixartz/Next-js-Boilerplate,1791512006,Production,2024-09-11T20:49:44Z,a20055c841c03a0fac36bc5fca756bf648ef3342,success
ixartz/Next-js-Boilerplate,1790933503,Production,2024-09-11T16:55:21Z,4405086228dcabb47a09c4bdbc3f2c4e87cae6c6,success
ixartz/Next-js-Boilerplate,1790869054,Production,2024-09-11T16:30:11Z,d8ef63a561f3e905a19fe4ddb69004ee41126301,success
ixartz/Next-js-Boilerplate,1790854816,Production,2024-09-11T16:24:57Z,29738bdc2e14bd24239a2067e5e7efba12a98733,success
ixartz/Next-js-Boilerplate,1787799116,Production,2024-09-10T17:31:04Z,3f38bbfc482a90f4dcf0b8aee653ab75a2aff52f,success
ixartz/Next-js-Boilerplate,1787577467,Production,2024-09-10T16:09:54Z,d20820d842acf80d05d1087598a779b5c1571c76,success
