repo,workflow_id,inicio,fim,horas,censurado,so_flaky
theagentrouter/agent-router,170368981,2026-06-10 16:10:00+00:00,2026-06-10 17:03:12+00:00,0.8866666666666667,False,False
theagentrouter/agent-router,176332365,2025-10-07 18:06:18+00:00,2025-10-07 18:59:19+00:00,0.8836111111111111,False,False
theagentrouter/agent-router,176332365,2026-08-03 17:13:58+00:00,2026-08-03 18:04:19+00:00,0.8391666666666666,False,False
theagentrouter/agent-router,176332365,2026-09-14 15:20:14+00:00,2026-09-14 16:35:19+00:00,1.2513888888888889,False,False
theagentrouter/agent-router,137140054,2025-11-20 16:49:04+00:00,2025-11-21 21:38:49+00:00,28.829166666666666,False,False
theagentrouter/agent-router,137140054,2025-12-05 19:27:45+00:00,2025-12-05 22:09:37+00:00,2.6977777777777776,False,False
theagentrouter/agent-router,137140054,2026-01-14 20:09:34+00:00,2026-01-23 19:57:02+00:00,215.79111111111112,False,False
theagentrouter/agent-router,137140054,2026-02-10 21:02:50+00:00,2026-02-11 21:22:20+00:00,24.325,False,False
theagentrouter/agent-router,137140054,2026-02-27 03:52:31+00:00,2026-03-05 21:27:35+00:00,161.58444444444444,False,False
theagentrouter/agent-router,137140054,2026-03-11 17:16:48+00:00,2026-03-15 19:21:56+00:00,98.08555555555556,False,False
theagentrouter/agent-router,137140054,2026-03-19 16:35:13+00:00,2026-03-20 14:12:03+00:00,21.613888888888887,False,False
theagentrouter/agent-router,170812809,2025-10-06 17:16:38+00:00,2025-10-06 18:21:30+00:00,1.0811111111111111,False,False
theagentrouter/agent-router,170812809,2025-10-07 06:13:01+00:00,2025-10-07 15:56:45+00:00,9.72888888888889,False,False
theagentrouter/agent-router,170812809,2025-10-11 00:28:47+00:00,2025-10-11 19:01:08+00:00,18.539166666666667,False,False
theagentrouter/agent-router,170812809,2025-10-13 03:42:24+00:00,2025-10-13 15:28:36+00:00,11.77,False,False
theagentrouter/agent-router,170812809,2025-10-13 17:38:10+00:00,2025-10-13 19:44:51+00:00,2.111388888888889,False,False
theagentrouter/agent-router,170812809,2025-10-13 20:19:27+00:00,2025-10-13 21:02:09+00:00,0.7116666666666667,False,False
theagentrouter/agent-router,170812809,2025-10-17 11:32:16+00:00,2025-10-17 12:12:39+00:00,0.6730555555555555,False,False
theagentrouter/agent-router,170812809,2025-10-20 21:44:31+00:00,2025-10-21 18:45:39+00:00,21.01888888888889,False,False
theagentrouter/agent-router,170812809,2025-10-23 16:22:19+00:00,2025-10-23 17:01:22+00:00,0.6508333333333334,False,False
theagentrouter/agent-router,170812809,2025-10-27 16:32:45+00:00,2025-10-27 17:40:38+00:00,1.131388888888889,False,False
theagentrouter/agent-router,170812809,2025-10-29 10:59:30+00:00,2025-10-29 16:32:52+00:00,5.556111111111111,False,False
theagentrouter/agent-router,170812809,2025-10-29 21:56:44+00:00,2025-10-29 23:08:32+00:00,1.1966666666666668,False,False
theagentrouter/agent-router,170812809,2025-10-29 23:43:35+00:00,2025-10-31 20:39:11+00:00,44.92666666666667,False,False
theagentrouter/agent-router,170812809,2025-11-03 15:50:15+00:00,2025-11-03 17:19:42+00:00,1.4908333333333332,False,False
theagentrouter/agent-router,170812809,2025-11-05 10:18:01+00:00,2025-11-05 11:47:21+00:00,1.488888888888889,False,False
theagentrouter/agent-router,170812809,2025-11-06 18:13:55+00:00,2025-11-06 18:58:13+00:00,0.7383333333333333,False,False
theagentrouter/agent-router,170812809,2025-11-10 09:04:18+00:00,2025-11-10 18:05:36+00:00,9.021666666666667,False,False
theagentrouter/agent-router,170812809,2025-11-11 16:33:10+00:00,2025-11-11 16:54:34+00:00,0.3566666666666667,False,False
theagentrouter/agent-router,170812809,2025-11-14 23:11:59+00:00,2025-11-15 00:44:08+00:00,1.5358333333333334,False,False
theagentrouter/agent-router,170812809,2025-11-17 02:13:24+00:00,2025-11-17 13:33:49+00:00,11.340277777777779,False,False
theagentrouter/agent-router,170812809,2025-11-20 16:49:04+00:00,2025-11-21 22:04:02+00:00,29.249444444444446,False,False
theagentrouter/agent-router,170812809,2025-11-24 22:10:21+00:00,2025-11-25 00:55:12+00:00,2.7475,False,False
theagentrouter/agent-router,170812809,2025-11-25 19:06:42+00:00,2025-11-25 21:01:17+00:00,1.9097222222222223,False,False
theagentrouter/agent-router,170812809,2025-11-26 18:48:48+00:00,2025-11-26 23:19:16+00:00,4.507777777777778,False,False
theagentrouter/agent-router,170812809,2025-12-01 15:53:17+00:00,2025-12-01 17:08:09+00:00,1.2477777777777779,False,False
theagentrouter/agent-router,170812809,2025-12-05 18:49:09+00:00,2025-12-05 19:56:33+00:00,1.1233333333333333,False,False
theagentrouter/agent-router,170812809,2025-12-06 03:25:50+00:00,2025-12-06 04:08:58+00:00,0.7188888888888889,False,False
theagentrouter/agent-router,170812809,2025-12-08 15:56:19+00:00,2025-12-08 16:40:44+00:00,0.7402777777777778,False,False
theagentrouter/agent-router,170812809,2025-12-15 10:26:04+00:00,2025-12-15 12:10:23+00:00,1.738611111111111,False,False
theagentrouter/agent-router,170812809,2025-12-17 03:19:15+00:00,2025-12-17 05:09:37+00:00,1.8394444444444444,False,False
theagentrouter/agent-router,170812809,2025-12-17 10:12:57+00:00,2025-12-17 17:25:30+00:00,7.2091666666666665,False,False
theagentrouter/agent-router,170812809,2025-12-26 19:44:16+00:00,2025-12-26 23:23:05+00:00,3.6469444444444443,False,False
theagentrouter/agent-router,170812809,2025-12-30 05:02:00+00:00,2025-12-30 13:42:15+00:00,8.670833333333333,False,False
theagentrouter/agent-router,170812809,2025-12-31 16:27:53+00:00,2025-12-31 20:54:20+00:00,4.440833333333333,False,False
theagentrouter/agent-router,170812809,2026-01-08 18:12:41+00:00,2026-01-08 21:27:29+00:00,3.2466666666666666,False,False
theagentrouter/agent-router,170812809,2026-01-09 22:15:26+00:00,2026-01-09 23:27:26+00:00,1.2,False,False
theagentrouter/agent-router,170812809,2026-01-14 20:09:34+00:00,2026-01-14 21:34:37+00:00,1.4175,False,False
theagentrouter/agent-router,170812809,2026-01-19 17:27:16+00:00,2026-01-20 10:18:30+00:00,16.85388888888889,False,False
theagentrouter/agent-router,170812809,2026-01-20 18:33:36+00:00,2026-01-20 20:26:33+00:00,1.8825,False,False
theagentrouter/agent-router,170812809,2026-01-21 19:12:13+00:00,2026-01-22 22:38:38+00:00,27.440277777777776,False,False
theagentrouter/agent-router,170812809,2026-01-26 21:57:52+00:00,2026-01-26 22:54:05+00:00,0.9369444444444445,False,False
theagentrouter/agent-router,170812809,2026-01-29 15:43:56+00:00,2026-01-29 16:49:18+00:00,1.0894444444444444,False,False
theagentrouter/agent-router,170812809,2026-01-30 20:47:11+00:00,2026-02-01 04:34:51+00:00,31.794444444444444,False,False
theagentrouter/agent-router,170812809,2026-02-02 03:11:24+00:00,2026-02-03 09:12:17+00:00,30.014722222222222,False,False
theagentrouter/agent-router,170812809,2026-02-04 00:00:40+00:00,2026-02-05 21:12:25+00:00,45.19583333333333,False,False
theagentrouter/agent-router,170812809,2026-02-14 17:36:52+00:00,2026-02-14 19:09:15+00:00,1.5397222222222222,False,False
theagentrouter/agent-router,170812809,2026-02-20 18:19:09+00:00,2026-02-20 19:31:34+00:00,1.2069444444444444,False,False
theagentrouter/agent-router,170812809,2026-02-24 18:12:58+00:00,2026-02-24 19:01:59+00:00,0.8169444444444445,False,False
theagentrouter/agent-router,170812809,2026-02-25 09:55:35+00:00,2026-02-25 17:39:39+00:00,7.734444444444445,False,False
theagentrouter/agent-router,170812809,2026-02-26 19:48:45+00:00,2026-03-01 15:02:03+00:00,67.22166666666666,False,False
theagentrouter/agent-router,170812809,2026-03-02 18:38:26+00:00,2026-03-02 20:14:08+00:00,1.595,False,False
theagentrouter/agent-router,170812809,2026-03-02 20:32:17+00:00,2026-03-03 05:01:21+00:00,8.484444444444444,False,False
theagentrouter/agent-router,170812809,2026-03-04 19:37:48+00:00,2026-03-07 18:47:05+00:00,71.15472222222222,False,False
theagentrouter/agent-router,170812809,2026-03-07 20:19:46+00:00,2026-03-07 20:57:55+00:00,0.6358333333333334,False,False
theagentrouter/agent-router,170812809,2026-03-15 03:54:41+00:00,2026-03-15 17:56:49+00:00,14.035555555555556,False,False
theagentrouter/agent-router,170812809,2026-03-16 15:26:40+00:00,2026-03-16 16:24:19+00:00,0.9608333333333333,False,False
theagentrouter/agent-router,170812809,2026-03-16 16:22:46+00:00,2026-03-16 17:22:34+00:00,0.9966666666666667,False,False
theagentrouter/agent-router,170812809,2026-03-16 17:26:54+00:00,2026-03-16 18:47:13+00:00,1.3386111111111112,False,False
theagentrouter/agent-router,170812809,2026-03-16 19:25:06+00:00,2026-03-16 23:13:15+00:00,3.8025,False,False
theagentrouter/agent-router,170812809,2026-03-17 11:25:34+00:00,2026-03-17 16:25:23+00:00,4.996944444444445,False,False
theagentrouter/agent-router,170812809,2026-03-18 17:14:59+00:00,2026-03-19 09:23:52+00:00,16.148055555555555,False,False
theagentrouter/agent-router,170812809,2026-03-19 16:35:13+00:00,2026-03-23 21:52:07+00:00,101.28166666666667,False,False
theagentrouter/agent-router,170812809,2026-04-01 15:51:32+00:00,2026-04-02 20:13:55+00:00,28.373055555555556,False,False
theagentrouter/agent-router,170812809,2026-04-02 21:12:18+00:00,2026-04-02 22:40:35+00:00,1.4713888888888889,False,False
theagentrouter/agent-router,170812809,2026-04-03 08:55:46+00:00,2026-04-03 15:36:31+00:00,6.679166666666666,False,False
theagentrouter/agent-router,170812809,2026-04-07 17:35:13+00:00,2026-04-07 20:55:19+00:00,3.335,False,False
theagentrouter/agent-router,170812809,2026-04-07 21:16:36+00:00,2026-04-08 00:18:34+00:00,3.0327777777777776,False,False
theagentrouter/agent-router,170812809,2026-04-08 12:50:23+00:00,2026-04-08 13:54:59+00:00,1.0766666666666667,False,False
theagentrouter/agent-router,170812809,2026-04-09 16:52:59+00:00,2026-04-12 11:42:21+00:00,66.82277777777777,False,False
theagentrouter/agent-router,170812809,2026-04-12 16:34:20+00:00,2026-04-13 08:23:06+00:00,15.812777777777777,False,False
theagentrouter/agent-router,170812809,2026-04-16 13:50:14+00:00,2026-04-16 21:44:30+00:00,7.904444444444445,False,False
theagentrouter/agent-router,170812809,2026-04-20 20:16:54+00:00,2026-04-22 10:34:57+00:00,38.30083333333334,False,False
theagentrouter/agent-router,170812809,2026-04-22 10:30:12+00:00,2026-04-22 13:57:09+00:00,3.4491666666666667,False,False
theagentrouter/agent-router,170812809,2026-04-23 18:03:37+00:00,2026-04-27 15:26:59+00:00,93.38944444444445,False,False
theagentrouter/agent-router,170812809,2026-04-30 14:37:03+00:00,2026-05-05 20:36:44+00:00,125.99472222222222,False,False
theagentrouter/agent-router,170812809,2026-05-06 18:01:20+00:00,2026-05-06 18:58:41+00:00,0.9558333333333333,False,False
theagentrouter/agent-router,170812809,2026-05-12 18:18:27+00:00,2026-05-21 15:38:01+00:00,213.32611111111112,False,False
theagentrouter/agent-router,170812809,2026-05-21 15:46:34+00:00,2026-05-21 23:34:14+00:00,7.794444444444444,False,False
theagentrouter/agent-router,170812809,2026-05-27 09:55:07+00:00,2026-05-27 10:22:31+00:00,0.45666666666666667,False,False
theagentrouter/agent-router,170812809,2026-05-28 10:58:13+00:00,2026-05-28 14:54:18+00:00,3.9347222222222222,False,False
theagentrouter/agent-router,170812809,2026-06-02 15:49:17+00:00,2026-06-03 11:32:46+00:00,19.724722222222223,False,False
theagentrouter/agent-router,170812809,2026-06-03 15:14:15+00:00,2026-06-04 21:46:45+00:00,30.541666666666668,False,False
theagentrouter/agent-router,170812809,2026-06-08 16:51:59+00:00,2026-06-08 20:47:46+00:00,3.9297222222222223,False,False
theagentrouter/agent-router,170812809,2026-06-08 21:08:07+00:00,2026-06-09 13:41:03+00:00,16.54888888888889,False,False
theagentrouter/agent-router,170812809,2026-06-10 10:41:10+00:00,2026-06-10 16:34:54+00:00,5.895555555555555,False,False
theagentrouter/agent-router,170812809,2026-06-10 17:21:34+00:00,2026-06-10 18:20:10+00:00,0.9766666666666667,False,False
theagentrouter/agent-router,170812809,2026-06-10 22:25:43+00:00,2026-06-11 14:13:54+00:00,15.803055555555556,False,False
theagentrouter/agent-router,170812809,2026-06-12 08:08:34+00:00,2026-06-12 10:56:50+00:00,2.8044444444444445,False,False
theagentrouter/agent-router,170812809,2026-06-16 14:17:00+00:00,2026-06-17 15:36:44+00:00,25.32888888888889,False,False
theagentrouter/agent-router,170812809,2026-06-18 04:36:42+00:00,2026-06-18 16:07:20+00:00,11.510555555555555,False,False
theagentrouter/agent-router,170812809,2026-06-22 15:49:19+00:00,2026-06-22 16:49:23+00:00,1.001111111111111,False,False
theagentrouter/agent-router,170812809,2026-06-22 21:14:47+00:00,2026-06-22 22:35:53+00:00,1.3516666666666666,False,False
theagentrouter/agent-router,170812809,2026-06-26 20:47:01+00:00,2026-06-30 18:46:55+00:00,93.99833333333333,False,False
theagentrouter/agent-router,170812809,2026-07-02 16:25:05+00:00,2026-07-02 17:40:01+00:00,1.248888888888889,False,False
theagentrouter/agent-router,170812809,2026-07-10 10:48:11+00:00,2026-07-12 08:32:03+00:00,45.73111111111111,False,False
theagentrouter/agent-router,170812809,2026-07-12 18:37:51+00:00,2026-07-12 20:56:58+00:00,2.318611111111111,False,False
theagentrouter/agent-router,170812809,2026-07-13 09:50:00+00:00,2026-07-14 08:37:41+00:00,22.794722222222223,False,False
theagentrouter/agent-router,170812809,2026-07-17 19:23:48+00:00,2026-07-20 17:18:42+00:00,69.915,False,False
theagentrouter/agent-router,170812809,2026-07-22 12:39:01+00:00,2026-07-23 01:30:51+00:00,12.863888888888889,False,False
theagentrouter/agent-router,170812809,2026-07-30 10:36:13+00:00,2026-07-30 11:40:21+00:00,1.068888888888889,False,False
theagentrouter/agent-router,170812809,2026-08-03 16:39:14+00:00,2026-08-03 18:11:42+00:00,1.541111111111111,False,False
theagentrouter/agent-router,170812809,2026-08-03 18:27:19+00:00,2026-08-03 23:03:00+00:00,4.594722222222222,False,False
theagentrouter/agent-router,170812809,2026-08-04 08:14:54+00:00,2026-08-04 09:32:26+00:00,1.2922222222222222,False,False
theagentrouter/agent-router,170812809,2026-08-05 09:46:09+00:00,2026-08-05 11:05:33+00:00,1.3233333333333333,False,False
theagentrouter/agent-router,170812809,2026-08-06 09:03:52+00:00,2026-08-06 10:00:33+00:00,0.9447222222222222,False,False
theagentrouter/agent-router,170812809,2026-08-10 13:37:24+00:00,2026-08-10 19:27:36+00:00,5.836666666666667,False,False
theagentrouter/agent-router,170812809,2026-08-11 21:59:14+00:00,2026-08-12 05:47:43+00:00,7.808055555555556,False,False
theagentrouter/agent-router,170812809,2026-08-13 05:40:11+00:00,2026-08-13 21:13:53+00:00,15.561666666666667,False,False
theagentrouter/agent-router,170812809,2026-08-13 21:58:01+00:00,2026-08-13 23:18:42+00:00,1.3447222222222222,False,False
theagentrouter/agent-router,170812809,2026-08-19 12:14:28+00:00,2026-08-19 15:00:04+00:00,2.76,False,False
theagentrouter/agent-router,170812809,2026-08-19 18:19:50+00:00,2026-08-20 07:22:29+00:00,13.044166666666667,False,False
theagentrouter/agent-router,170812809,2026-09-02 13:10:46+00:00,2026-09-04 09:56:53+00:00,44.76861111111111,False,False
theagentrouter/agent-router,170812809,2026-09-04 15:02:02+00:00,2026-09-07 13:36:29+00:00,70.57416666666667,False,False
theagentrouter/agent-router,170812809,2026-09-07 14:47:19+00:00,2026-09-08 21:16:29+00:00,30.48611111111111,False,False
theagentrouter/agent-router,170812809,2026-09-08 21:55:38+00:00,2026-09-09 01:42:51+00:00,3.7869444444444444,False,False
theagentrouter/agent-router,170812809,2026-09-09 08:24:46+00:00,2026-09-09 11:50:44+00:00,3.432777777777778,False,False
theagentrouter/agent-router,170812809,2026-09-09 12:20:22+00:00,2026-09-09 14:02:38+00:00,1.7044444444444444,False,False
theagentrouter/agent-router,170812809,2026-09-09 14:35:22+00:00,2026-09-10 00:48:29+00:00,10.21861111111111,False,False
theagentrouter/agent-router,170812809,2026-09-10 02:56:27+00:00,2026-09-10 13:35:47+00:00,10.655555555555555,False,False
theagentrouter/agent-router,170812809,2026-09-14 17:25:16+00:00,2026-09-14 19:53:21+00:00,2.4680555555555554,False,False
theagentrouter/agent-router,170812809,2026-09-15 02:06:24+00:00,2026-09-15 07:05:22+00:00,4.982777777777778,False,False
theagentrouter/agent-router,170812809,2026-09-25 14:01:25+00:00,2026-09-25 14:24:39+00:00,0.38722222222222225,False,False
theagentrouter/agent-router,170812809,2026-09-25 15:43:04+00:00,2026-09-25 17:02:42+00:00,1.3272222222222223,False,False
theagentrouter/agent-router,170812809,2026-09-25 20:57:25+00:00,2026-09-26 15:37:38+00:00,18.670277777777777,False,False
theagentrouter/agent-router,170812809,2026-09-26 18:54:33+00:00,2026-09-29 16:13:39+00:00,69.31833333333333,False,False
theagentrouter/agent-router,170812809,2026-09-29 21:27:57+00:00,2026-09-29 22:14:59+00:00,0.7838888888888889,False,False
theagentrouter/agent-router,170812809,2026-09-29 23:15:19+00:00,2026-09-30 20:46:08+00:00,21.51361111111111,False,False
VoltAgent/voltagent,157438768,2025-10-09 17:22:35+00:00,2025-10-10 19:30:14+00:00,26.1275,False,False
VoltAgent/voltagent,157438768,2025-10-14 15:06:40+00:00,2025-10-14 15:48:03+00:00,0.6897222222222222,False,False
VoltAgent/voltagent,157438768,2025-10-20 17:25:34+00:00,2025-10-20 17:31:10+00:00,0.09333333333333334,False,False
VoltAgent/voltagent,157438768,2025-10-25 00:35:59+00:00,2025-10-25 16:45:43+00:00,16.162222222222223,False,False
VoltAgent/voltagent,157438768,2025-11-07 15:43:27+00:00,2025-11-10 15:42:31+00:00,71.98444444444445,False,False
VoltAgent/voltagent,157438768,2025-11-10 16:42:13+00:00,2025-11-11 02:28:37+00:00,9.773333333333333,False,False
VoltAgent/voltagent,157438768,2025-11-11 15:29:38+00:00,2025-11-11 15:59:13+00:00,0.4930555555555556,False,False
VoltAgent/voltagent,157438768,2025-12-08 20:33:20+00:00,2025-12-09 17:43:55+00:00,21.176388888888887,False,False
VoltAgent/voltagent,157438768,2025-12-09 21:52:37+00:00,2025-12-09 23:38:33+00:00,1.7655555555555555,False,False
VoltAgent/voltagent,157438768,2025-12-10 22:01:19+00:00,2025-12-10 22:10:42+00:00,0.15638888888888888,False,False
VoltAgent/voltagent,157438768,2025-12-10 23:56:33+00:00,2025-12-11 00:16:24+00:00,0.3308333333333333,False,False
VoltAgent/voltagent,157438768,2025-12-17 15:33:21+00:00,2025-12-17 16:02:10+00:00,0.4802777777777778,False,False
VoltAgent/voltagent,157438768,2025-12-29 16:09:30+00:00,2025-12-30 01:22:51+00:00,9.2225,False,False
VoltAgent/voltagent,157438768,2025-12-30 02:19:17+00:00,2025-12-30 02:32:02+00:00,0.2125,False,False
VoltAgent/voltagent,157438768,2025-12-30 02:39:12+00:00,2025-12-30 03:06:56+00:00,0.4622222222222222,False,False
VoltAgent/voltagent,157438768,2025-12-30 17:25:04+00:00,2025-12-30 19:29:17+00:00,2.0702777777777777,False,False
VoltAgent/voltagent,157438768,2026-01-12 20:59:31+00:00,2026-01-13 00:22:56+00:00,3.390277777777778,False,False
VoltAgent/voltagent,157438768,2026-01-22 13:59:19+00:00,2026-01-23 03:07:54+00:00,13.143055555555556,False,False
VoltAgent/voltagent,157438768,2026-01-27 16:20:25+00:00,2026-01-27 16:28:43+00:00,0.13833333333333334,False,False
VoltAgent/voltagent,157438768,2026-01-28 21:55:57+00:00,2026-01-28 22:04:15+00:00,0.13833333333333334,False,False
VoltAgent/voltagent,157438768,2026-02-04 01:50:22+00:00,2026-02-04 03:08:22+00:00,1.3,False,False
VoltAgent/voltagent,157438768,2026-02-20 19:07:43+00:00,2026-02-20 20:23:01+00:00,1.255,False,False
VoltAgent/voltagent,157438768,2026-02-24 23:50:44+00:00,2026-02-25 02:23:19+00:00,2.5430555555555556,False,False
VoltAgent/voltagent,157438768,2026-03-05 23:12:10+00:00,2026-03-06 02:18:59+00:00,3.113611111111111,False,False
VoltAgent/voltagent,157438768,2026-03-15 17:44:44+00:00,2026-03-16 20:05:30+00:00,26.34611111111111,False,False
VoltAgent/voltagent,157438768,2026-03-19 01:13:16+00:00,2026-03-19 20:14:00+00:00,19.01222222222222,False,False
VoltAgent/voltagent,157438768,2026-03-30 17:49:40+00:00,2026-03-31 17:22:42+00:00,23.550555555555555,False,False
VoltAgent/voltagent,157438768,2026-07-13 13:48:30+00:00,2026-07-13 15:47:34+00:00,1.9844444444444445,False,False
VoltAgent/voltagent,157438768,2026-07-13 16:15:45+00:00,2026-08-03 13:28:01+00:00,501.20444444444445,False,False
the-open-agent/openagent,11225083,2026-05-07 15:28:06+00:00,,,True,False
the-open-agent/openagent,23449924,2025-10-22 14:33:05+00:00,2025-10-22 14:44:53+00:00,0.19666666666666666,False,False
the-open-agent/openagent,23449924,2025-10-22 17:25:28+00:00,2025-10-22 17:34:21+00:00,0.14805555555555555,False,False
the-open-agent/openagent,23449924,2025-10-26 16:29:32+00:00,2025-10-26 16:39:40+00:00,0.1688888888888889,False,False
the-open-agent/openagent,23449924,2025-10-30 17:32:57+00:00,2025-10-31 06:25:05+00:00,12.86888888888889,False,False
the-open-agent/openagent,23449924,2025-11-01 15:50:22+00:00,2025-11-01 16:38:57+00:00,0.8097222222222222,False,False
the-open-agent/openagent,23449924,2025-11-02 05:53:43+00:00,2025-11-02 06:35:17+00:00,0.6927777777777778,False,False
the-open-agent/openagent,23449924,2025-11-02 18:25:52+00:00,2025-11-02 18:40:13+00:00,0.23916666666666667,False,False
the-open-agent/openagent,23449924,2025-11-02 18:38:59+00:00,2025-11-03 02:09:14+00:00,7.504166666666666,False,False
the-open-agent/openagent,23449924,2025-11-04 17:14:21+00:00,2025-11-04 17:23:46+00:00,0.15694444444444444,False,False
the-open-agent/openagent,23449924,2025-11-05 08:25:06+00:00,2025-11-05 13:43:23+00:00,5.304722222222222,False,False
the-open-agent/openagent,23449924,2025-11-05 13:39:37+00:00,2025-11-05 16:06:35+00:00,2.4494444444444445,False,False
the-open-agent/openagent,23449924,2025-11-06 17:49:52+00:00,2025-11-07 05:10:17+00:00,11.340277777777779,False,False
the-open-agent/openagent,23449924,2025-11-10 14:16:12+00:00,2025-11-10 14:50:04+00:00,0.5644444444444444,False,False
the-open-agent/openagent,23449924,2025-12-09 12:53:48+00:00,2025-12-09 13:00:00+00:00,0.10333333333333333,False,False
the-open-agent/openagent,23449924,2026-01-27 02:55:11+00:00,2026-01-28 02:54:19+00:00,23.985555555555557,False,False
the-open-agent/openagent,23449924,2026-02-12 14:08:44+00:00,2026-02-12 14:28:44+00:00,0.3333333333333333,False,False
the-open-agent/openagent,23449924,2026-02-14 16:02:43+00:00,2026-02-14 16:29:30+00:00,0.4463888888888889,False,False
the-open-agent/openagent,23449924,2026-02-14 16:41:51+00:00,2026-02-14 17:13:19+00:00,0.5244444444444445,False,False
the-open-agent/openagent,23449924,2026-02-14 17:08:07+00:00,2026-02-14 18:03:08+00:00,0.9169444444444445,False,False
the-open-agent/openagent,23449924,2026-02-15 01:24:05+00:00,2026-02-15 01:56:57+00:00,0.5477777777777778,False,False
the-open-agent/openagent,23449924,2026-02-20 11:34:06+00:00,2026-03-22 12:27:19+00:00,720.8869444444445,False,False
the-open-agent/openagent,23449924,2026-03-22 14:30:24+00:00,2026-03-22 15:11:39+00:00,0.6875,False,False
the-open-agent/openagent,23449924,2026-03-23 03:44:52+00:00,2026-03-23 13:55:04+00:00,10.17,False,False
the-open-agent/openagent,23449924,2026-04-11 06:15:13+00:00,2026-04-11 07:37:15+00:00,1.3672222222222221,False,False
the-open-agent/openagent,23449924,2026-04-25 15:30:59+00:00,2026-04-27 17:54:05+00:00,50.385,False,False
the-open-agent/openagent,23449924,2026-04-27 17:52:59+00:00,2026-04-29 10:47:59+00:00,40.916666666666664,False,False
the-open-agent/openagent,23449924,2026-04-29 10:47:28+00:00,2026-04-30 07:58:37+00:00,21.185833333333335,False,False
the-open-agent/openagent,23449924,2026-04-30 07:54:49+00:00,2026-04-30 08:19:34+00:00,0.4125,False,False
the-open-agent/openagent,23449924,2026-04-30 08:13:53+00:00,2026-04-30 10:37:18+00:00,2.390277777777778,False,False
the-open-agent/openagent,23449924,2026-04-30 10:30:54+00:00,2026-04-30 15:29:33+00:00,4.9775,False,False
the-open-agent/openagent,23449924,2026-04-30 15:25:34+00:00,2026-04-30 17:52:38+00:00,2.451111111111111,False,False
the-open-agent/openagent,23449924,2026-04-30 17:50:52+00:00,2026-05-01 15:46:39+00:00,21.92972222222222,False,False
the-open-agent/openagent,23449924,2026-05-01 16:49:10+00:00,2026-05-04 07:49:15+00:00,63.00138888888889,False,False
the-open-agent/openagent,23449924,2026-05-04 07:45:59+00:00,2026-05-05 16:16:14+00:00,32.50416666666667,False,False
the-open-agent/openagent,23449924,2026-05-05 16:56:16+00:00,2026-05-07 16:23:57+00:00,47.46138888888889,False,False
the-open-agent/openagent,23449924,2026-05-07 16:22:16+00:00,2026-05-07 17:29:25+00:00,1.1191666666666666,False,False
the-open-agent/openagent,23449924,2026-05-07 17:24:23+00:00,2026-05-09 15:08:44+00:00,45.73916666666667,False,False
the-open-agent/openagent,23449924,2026-05-09 15:02:27+00:00,2026-05-09 16:51:17+00:00,1.8138888888888889,False,False
the-open-agent/openagent,23449924,2026-05-09 16:48:56+00:00,2026-05-10 02:01:53+00:00,9.215833333333334,False,False
the-open-agent/openagent,23449924,2026-05-10 02:00:48+00:00,2026-05-10 09:47:12+00:00,7.773333333333333,False,False
the-open-agent/openagent,23449924,2026-05-10 14:18:02+00:00,2026-05-12 11:58:40+00:00,45.67722222222222,False,False
the-open-agent/openagent,23449924,2026-05-12 11:57:02+00:00,2026-05-12 13:11:21+00:00,1.238611111111111,False,False
the-open-agent/openagent,23449924,2026-05-12 13:10:59+00:00,2026-05-15 15:43:56+00:00,74.54916666666666,False,False
the-open-agent/openagent,23449924,2026-05-17 10:24:45+00:00,2026-05-17 14:27:11+00:00,4.040555555555556,False,False
the-open-agent/openagent,23449924,2026-05-17 14:21:52+00:00,2026-05-17 14:53:32+00:00,0.5277777777777778,False,False
the-open-agent/openagent,23449924,2026-05-17 14:50:16+00:00,2026-05-17 15:09:03+00:00,0.31305555555555553,False,False
the-open-agent/openagent,23449924,2026-05-17 15:04:05+00:00,2026-05-18 01:19:32+00:00,10.2575,False,False
the-open-agent/openagent,23449924,2026-05-18 14:13:17+00:00,2026-05-18 16:18:50+00:00,2.0925,False,False
the-open-agent/openagent,23449924,2026-05-19 16:08:22+00:00,2026-05-20 10:14:50+00:00,18.107777777777777,False,False
the-open-agent/openagent,23449924,2026-05-20 10:11:48+00:00,2026-05-20 12:20:54+00:00,2.151666666666667,False,False
the-open-agent/openagent,23449924,2026-05-23 08:38:08+00:00,2026-05-23 09:44:31+00:00,1.1063888888888889,False,False
the-open-agent/openagent,23449924,2026-05-23 09:40:42+00:00,2026-05-23 10:21:37+00:00,0.6819444444444445,False,False
the-open-agent/openagent,23449924,2026-05-23 12:04:02+00:00,2026-05-23 13:43:54+00:00,1.6644444444444444,False,False
the-open-agent/openagent,23449924,2026-05-23 16:21:30+00:00,2026-05-23 17:19:05+00:00,0.9597222222222223,False,False
the-open-agent/openagent,23449924,2026-05-27 12:56:53+00:00,2026-05-27 13:21:31+00:00,0.41055555555555556,False,False
the-open-agent/openagent,23449924,2026-05-27 17:05:22+00:00,2026-05-27 17:33:50+00:00,0.47444444444444445,False,False
the-open-agent/openagent,23449924,2026-05-28 16:03:07+00:00,2026-05-28 16:30:48+00:00,0.4613888888888889,False,False
the-open-agent/openagent,23449924,2026-05-30 15:19:27+00:00,2026-05-30 15:55:13+00:00,0.5961111111111111,False,False
the-open-agent/openagent,23449924,2026-06-03 06:05:58+00:00,2026-06-03 08:47:35+00:00,2.693611111111111,False,False
the-open-agent/openagent,23449924,2026-06-08 12:12:00+00:00,2026-06-09 04:21:28+00:00,16.157777777777778,False,False
the-open-agent/openagent,23449924,2026-06-09 04:31:40+00:00,2026-06-09 04:44:02+00:00,0.2061111111111111,False,False
the-open-agent/openagent,23449924,2026-06-16 12:42:58+00:00,2026-06-16 12:51:24+00:00,0.14055555555555554,False,False
the-open-agent/openagent,23449924,2026-06-22 13:51:53+00:00,2026-06-22 14:01:52+00:00,0.1663888888888889,False,False
the-open-agent/openagent,23449924,2026-06-24 03:12:53+00:00,2026-06-24 03:45:59+00:00,0.5516666666666666,False,False
the-open-agent/openagent,23449924,2026-06-24 06:26:17+00:00,2026-06-24 06:55:42+00:00,0.49027777777777776,False,False
the-open-agent/openagent,23449924,2026-06-26 16:02:06+00:00,2026-06-26 17:15:58+00:00,1.231111111111111,False,False
the-open-agent/openagent,23449924,2026-07-02 05:59:48+00:00,2026-07-02 06:55:18+00:00,0.925,False,False
the-open-agent/openagent,23449924,2026-07-04 09:12:30+00:00,2026-07-04 13:21:45+00:00,4.154166666666667,False,False
the-open-agent/openagent,23449924,2026-07-04 16:28:40+00:00,2026-07-04 17:19:57+00:00,0.8547222222222223,False,False
the-open-agent/openagent,23449924,2026-07-06 14:39:10+00:00,2026-07-06 15:01:45+00:00,0.3763888888888889,False,False
the-open-agent/openagent,23449924,2026-07-07 12:10:02+00:00,2026-07-07 15:09:18+00:00,2.9877777777777776,False,False
the-open-agent/openagent,23449924,2026-07-23 16:23:02+00:00,2026-07-25 16:38:07+00:00,48.25138888888889,False,False
the-open-agent/openagent,23449924,2026-08-07 16:02:32+00:00,2026-08-15 15:55:18+00:00,191.87944444444443,False,False
the-open-agent/openagent,23449924,2026-08-17 04:27:21+00:00,2026-08-18 10:05:01+00:00,29.627777777777776,False,False
the-open-agent/openagent,23449924,2026-08-20 16:35:44+00:00,2026-08-20 18:14:21+00:00,1.6436111111111111,False,False
the-open-agent/openagent,23449924,2026-09-05 13:30:56+00:00,2026-09-05 14:08:54+00:00,0.6327777777777778,False,False
the-open-agent/openagent,23449924,2026-09-07 06:02:18+00:00,2026-09-07 08:07:39+00:00,2.089166666666667,False,False
the-open-agent/openagent,23449924,2026-09-07 08:03:08+00:00,2026-09-09 17:39:19+00:00,57.60305555555556,False,False
the-open-agent/openagent,23449924,2026-09-27 02:02:01+00:00,2026-09-27 02:24:39+00:00,0.37722222222222224,False,False
the-open-agent/openagent,23449924,2026-09-27 03:49:09+00:00,2026-09-27 10:00:00+00:00,6.180833333333333,False,False
flyingsaucerproject/flyingsaucer,68585227,2025-10-17 06:50:02+00:00,2025-10-17 22:41:32+00:00,15.858333333333333,False,False
flyingsaucerproject/flyingsaucer,68585227,2025-11-10 06:35:41+00:00,2025-11-10 07:34:50+00:00,0.9858333333333333,False,False
flyingsaucerproject/flyingsaucer,68585227,2026-08-16 21:16:46+00:00,2026-08-16 21:49:21+00:00,0.5430555555555555,False,False
flyingsaucerproject/flyingsaucer,68585227,2026-08-31 19:42:04+00:00,2026-08-31 19:55:40+00:00,0.22666666666666666,False,False
ydb-platform/ydb,79408184,2025-10-03 15:55:21+00:00,2025-10-03 19:13:58+00:00,3.310277777777778,False,False
ydb-platform/ydb,79408184,2025-10-20 15:50:28+00:00,2025-10-20 19:28:41+00:00,3.6369444444444445,False,False
ydb-platform/ydb,79408184,2025-10-21 07:07:50+00:00,2025-10-21 11:22:06+00:00,4.237777777777778,False,False
ydb-platform/ydb,79408184,2025-10-21 16:23:52+00:00,2025-10-21 19:00:22+00:00,2.6083333333333334,False,False
ydb-platform/ydb,79408184,2025-10-22 10:56:11+00:00,2025-10-22 13:37:24+00:00,2.6869444444444444,False,False
ydb-platform/ydb,79408184,2025-10-22 13:07:33+00:00,2025-10-22 19:55:00+00:00,6.7908333333333335,False,False
ydb-platform/ydb,79408184,2025-10-31 08:54:35+00:00,2025-10-31 11:37:53+00:00,2.7216666666666667,False,False
ydb-platform/ydb,79408184,2025-11-20 14:43:13+00:00,2025-11-20 16:55:33+00:00,2.2055555555555557,False,False
ydb-platform/ydb,79408184,2025-12-01 16:38:03+00:00,2025-12-01 18:10:21+00:00,1.5383333333333333,False,False
ydb-platform/ydb,79408184,2025-12-15 10:10:12+00:00,2025-12-15 12:06:26+00:00,1.9372222222222222,False,False
ydb-platform/ydb,79408184,2025-12-29 08:31:33+00:00,2025-12-29 11:38:29+00:00,3.1155555555555554,False,False
ydb-platform/ydb,79408184,2026-01-15 09:22:57+00:00,2026-01-15 11:24:05+00:00,2.0188888888888887,False,False
ydb-platform/ydb,79408184,2026-01-16 14:05:36+00:00,2026-01-16 14:19:05+00:00,0.2247222222222222,False,False
ydb-platform/ydb,79408184,2026-01-16 15:25:46+00:00,2026-01-16 15:44:33+00:00,0.31305555555555553,False,False
ydb-platform/ydb,79408184,2026-01-28 14:45:31+00:00,2026-01-28 16:07:05+00:00,1.3594444444444445,False,False
ydb-platform/ydb,79408184,2026-02-02 07:23:52+00:00,2026-02-02 08:57:04+00:00,1.5533333333333332,False,False
ydb-platform/ydb,79408184,2026-02-04 07:28:18+00:00,2026-02-04 09:22:08+00:00,1.8972222222222221,False,False
ydb-platform/ydb,79408184,2026-02-04 09:23:59+00:00,2026-02-04 10:07:00+00:00,0.7169444444444445,False,False
ydb-platform/ydb,79408184,2026-02-04 12:27:18+00:00,2026-02-04 13:53:02+00:00,1.4288888888888889,False,False
ydb-platform/ydb,79408184,2026-02-09 18:51:06+00:00,2026-02-09 20:41:02+00:00,1.8322222222222222,False,False
ydb-platform/ydb,79408184,2026-02-19 15:20:43+00:00,2026-02-19 16:05:03+00:00,0.7388888888888889,False,False
ydb-platform/ydb,79408184,2026-02-25 07:16:38+00:00,2026-02-25 08:30:45+00:00,1.2352777777777777,False,False
ydb-platform/ydb,79408184,2026-03-04 21:55:28+00:00,2026-03-04 23:38:57+00:00,1.7247222222222223,False,False
ydb-platform/ydb,79408184,2026-03-12 18:09:36+00:00,2026-03-12 21:02:22+00:00,2.8794444444444443,False,False
ydb-platform/ydb,79408184,2026-03-20 14:08:08+00:00,2026-03-20 16:31:28+00:00,2.388888888888889,False,False
ydb-platform/ydb,79408184,2026-03-24 11:13:53+00:00,2026-05-07 14:10:53+00:00,1058.95,False,False
ydb-platform/ydb,79408184,2026-05-08 13:58:21+00:00,2026-05-08 14:28:18+00:00,0.49916666666666665,False,False
ydb-platform/ydb,79408184,2026-05-22 08:57:42+00:00,2026-05-22 10:32:37+00:00,1.5819444444444444,False,False
ydb-platform/ydb,79408184,2026-05-22 10:27:31+00:00,2026-05-22 12:49:13+00:00,2.361666666666667,False,False
ydb-platform/ydb,79408184,2026-05-23 13:58:27+00:00,2026-05-23 16:11:37+00:00,2.2194444444444446,False,False
ydb-platform/ydb,79408184,2026-05-26 08:42:30+00:00,2026-05-26 21:47:34+00:00,13.084444444444445,False,False
ydb-platform/ydb,79408184,2026-06-09 13:16:37+00:00,2026-06-09 20:07:46+00:00,6.8525,False,False
ydb-platform/ydb,79408184,2026-06-17 08:15:09+00:00,2026-06-17 09:12:05+00:00,0.9488888888888889,False,False
ydb-platform/ydb,79408184,2026-06-17 09:09:28+00:00,2026-06-17 17:55:26+00:00,8.766111111111112,False,False
ydb-platform/ydb,79408184,2026-06-17 12:30:40+00:00,2026-06-17 19:05:01+00:00,6.5725,False,False
ydb-platform/ydb,79408184,2026-06-17 14:13:22+00:00,2026-06-17 19:15:22+00:00,5.033333333333333,False,False
ydb-platform/ydb,79408184,2026-06-17 14:49:49+00:00,2026-06-17 19:42:13+00:00,4.873333333333333,False,False
ydb-platform/ydb,79408184,2026-06-18 13:17:53+00:00,2026-06-18 21:11:51+00:00,7.899444444444445,False,False
ydb-platform/ydb,79408184,2026-06-18 13:55:00+00:00,2026-06-18 21:12:15+00:00,7.2875,False,False
ydb-platform/ydb,79408184,2026-06-24 11:36:26+00:00,2026-06-24 15:04:12+00:00,3.4627777777777777,False,False
ydb-platform/ydb,79408184,2026-06-24 12:53:10+00:00,2026-06-24 16:04:12+00:00,3.1838888888888888,False,False
ydb-platform/ydb,79408184,2026-06-24 13:25:00+00:00,2026-06-24 16:03:31+00:00,2.6419444444444444,False,False
ydb-platform/ydb,79408184,2026-06-24 14:47:53+00:00,2026-06-24 16:02:02+00:00,1.2358333333333333,False,False
ydb-platform/ydb,79408184,2026-06-26 11:49:08+00:00,2026-06-26 19:53:30+00:00,8.072777777777778,False,False
ydb-platform/ydb,79408184,2026-06-30 07:08:07+00:00,2026-06-30 08:10:12+00:00,1.0347222222222223,False,False
ydb-platform/ydb,79408184,2026-06-30 10:09:20+00:00,2026-06-30 13:37:30+00:00,3.4694444444444446,False,False
ydb-platform/ydb,79408184,2026-06-30 14:15:25+00:00,2026-06-30 16:05:32+00:00,1.8352777777777778,False,False
ydb-platform/ydb,79408184,2026-06-30 14:50:51+00:00,2026-06-30 18:22:27+00:00,3.526666666666667,False,False
ydb-platform/ydb,79408184,2026-07-06 10:57:09+00:00,2026-07-06 13:59:58+00:00,3.0469444444444442,False,False
ydb-platform/ydb,79408185,2025-10-01 15:57:43+00:00,2025-10-01 19:43:04+00:00,3.7558333333333334,False,False
ydb-platform/ydb,79408185,2025-10-02 22:41:32+00:00,2025-10-03 06:33:01+00:00,7.858055555555556,False,False
ydb-platform/ydb,79408185,2025-10-03 10:23:39+00:00,2025-10-03 14:45:21+00:00,4.361666666666666,False,False
ydb-platform/ydb,79408185,2025-10-03 13:21:14+00:00,2025-10-03 15:48:31+00:00,2.4547222222222222,False,False
ydb-platform/ydb,79408185,2025-10-03 15:55:21+00:00,2025-10-03 18:59:00+00:00,3.0608333333333335,False,False
ydb-platform/ydb,79408185,2025-10-06 13:34:12+00:00,2025-10-06 16:46:12+00:00,3.2,False,False
ydb-platform/ydb,79408185,2025-10-07 08:45:42+00:00,2025-10-07 12:10:39+00:00,3.4158333333333335,False,False
ydb-platform/ydb,79408185,2025-10-07 10:24:18+00:00,2025-10-07 11:19:12+00:00,0.915,False,False
ydb-platform/ydb,79408185,2025-10-08 13:08:55+00:00,2025-10-08 15:47:17+00:00,2.6394444444444445,False,False
ydb-platform/ydb,79408185,2025-10-08 14:38:30+00:00,2025-10-08 16:48:52+00:00,2.1727777777777777,False,False
ydb-platform/ydb,79408185,2025-10-08 20:23:09+00:00,2025-10-09 02:14:07+00:00,5.849444444444444,False,False
ydb-platform/ydb,79408185,2025-10-09 10:37:01+00:00,2025-10-09 11:38:26+00:00,1.023611111111111,False,False
ydb-platform/ydb,79408185,2025-10-09 18:53:16+00:00,2025-10-10 20:06:07+00:00,25.214166666666667,False,False
ydb-platform/ydb,79408185,2025-10-13 06:56:37+00:00,2025-10-13 13:48:54+00:00,6.871388888888889,False,False
ydb-platform/ydb,79408185,2025-10-13 10:45:54+00:00,2025-10-13 13:54:42+00:00,3.1466666666666665,False,False
ydb-platform/ydb,79408185,2025-10-13 11:30:38+00:00,2025-10-13 17:28:44+00:00,5.968333333333334,False,False
ydb-platform/ydb,79408185,2025-10-14 09:49:19+00:00,2025-10-14 10:30:01+00:00,0.6783333333333333,False,False
ydb-platform/ydb,79408185,2025-10-14 15:28:49+00:00,2025-10-14 18:41:59+00:00,3.2194444444444446,False,False
ydb-platform/ydb,79408185,2025-10-15 07:03:16+00:00,2025-10-15 08:04:49+00:00,1.0258333333333334,False,False
ydb-platform/ydb,79408185,2025-10-15 08:14:56+00:00,2025-10-15 08:57:03+00:00,0.7019444444444445,False,False
ydb-platform/ydb,79408185,2025-10-15 13:19:47+00:00,2025-10-15 17:59:55+00:00,4.668888888888889,False,False
ydb-platform/ydb,79408185,2025-10-16 13:12:33+00:00,2025-10-16 16:41:50+00:00,3.4880555555555555,False,False
ydb-platform/ydb,79408185,2025-10-16 16:33:56+00:00,2025-10-16 17:06:38+00:00,0.545,False,False
ydb-platform/ydb,79408185,2025-10-17 17:38:52+00:00,2025-10-18 01:11:17+00:00,7.540277777777778,False,False
ydb-platform/ydb,79408185,2025-10-20 09:41:56+00:00,2025-10-20 12:42:30+00:00,3.0094444444444446,False,False
ydb-platform/ydb,79408185,2025-10-20 15:09:59+00:00,2025-10-20 17:23:22+00:00,2.2230555555555553,False,False
ydb-platform/ydb,79408185,2025-10-22 06:31:53+00:00,2025-10-22 08:31:53+00:00,2.0,False,False
ydb-platform/ydb,79408185,2025-10-22 08:53:37+00:00,2025-10-22 11:44:18+00:00,2.8447222222222224,False,False
ydb-platform/ydb,79408185,2025-10-22 11:42:16+00:00,2025-10-22 14:28:01+00:00,2.7625,False,False
ydb-platform/ydb,79408185,2025-10-22 14:36:42+00:00,2025-10-22 19:54:19+00:00,5.293611111111111,False,False
ydb-platform/ydb,79408185,2025-10-22 18:32:28+00:00,2025-10-22 23:06:00+00:00,4.558888888888889,False,False
ydb-platform/ydb,79408185,2025-10-23 08:49:19+00:00,2025-10-23 11:39:34+00:00,2.8375,False,False
ydb-platform/ydb,79408185,2025-10-28 11:06:02+00:00,2025-10-28 14:26:48+00:00,3.346111111111111,False,False
ydb-platform/ydb,79408185,2025-10-30 13:52:18+00:00,2025-10-30 16:21:09+00:00,2.4808333333333334,False,False
ydb-platform/ydb,79408185,2025-10-30 14:33:37+00:00,2025-10-30 17:15:06+00:00,2.691388888888889,False,False
ydb-platform/ydb,79408185,2025-10-30 14:34:49+00:00,2025-10-30 17:27:19+00:00,2.875,False,False
ydb-platform/ydb,79408185,2025-10-30 14:43:22+00:00,2025-10-30 18:58:38+00:00,4.254444444444444,False,False
ydb-platform/ydb,79408185,2025-10-30 16:15:25+00:00,2025-10-30 18:02:41+00:00,1.7877777777777777,False,False
ydb-platform/ydb,79408185,2025-10-30 19:56:11+00:00,2025-10-31 00:19:19+00:00,4.385555555555555,False,False
ydb-platform/ydb,79408185,2025-10-31 09:37:23+00:00,2025-10-31 12:25:14+00:00,2.7975,False,False
ydb-platform/ydb,79408185,2025-11-01 08:27:12+00:00,2025-11-01 10:25:22+00:00,1.9694444444444446,False,False
ydb-platform/ydb,79408185,2025-11-06 12:40:20+00:00,2025-11-06 14:25:12+00:00,1.7477777777777779,False,False
ydb-platform/ydb,79408185,2025-11-07 08:26:56+00:00,2025-11-07 10:51:48+00:00,2.4144444444444444,False,False
ydb-platform/ydb,79408185,2025-11-10 17:02:58+00:00,2025-11-10 18:55:58+00:00,1.8833333333333333,False,False
ydb-platform/ydb,79408185,2025-11-11 08:28:35+00:00,2025-11-11 09:51:04+00:00,1.3747222222222222,False,False
ydb-platform/ydb,79408185,2025-11-11 13:42:46+00:00,2025-11-11 14:37:49+00:00,0.9175,False,False
ydb-platform/ydb,79408185,2025-11-12 13:01:09+00:00,2025-11-12 15:23:06+00:00,2.3658333333333332,False,False
ydb-platform/ydb,79408185,2025-11-12 22:28:29+00:00,2025-11-13 09:46:07+00:00,11.293888888888889,False,False
ydb-platform/ydb,79408185,2025-11-13 07:26:29+00:00,2025-11-13 12:37:41+00:00,5.1866666666666665,False,False
ydb-platform/ydb,79408185,2025-11-15 08:46:59+00:00,2025-11-16 05:41:26+00:00,20.9075,False,False
ydb-platform/ydb,79408185,2025-11-19 08:37:31+00:00,2025-11-19 09:15:39+00:00,0.6355555555555555,False,False
ydb-platform/ydb,79408185,2025-11-19 09:00:59+00:00,2025-11-19 11:58:45+00:00,2.9627777777777777,False,False
ydb-platform/ydb,79408185,2025-11-19 13:02:03+00:00,2025-11-19 16:14:46+00:00,3.2119444444444443,False,False
ydb-platform/ydb,79408185,2025-11-19 15:27:59+00:00,2025-11-19 17:47:33+00:00,2.326111111111111,False,False
ydb-platform/ydb,79408185,2025-11-21 10:48:09+00:00,2025-11-21 13:25:43+00:00,2.6261111111111113,False,False
ydb-platform/ydb,79408185,2025-11-24 09:35:30+00:00,2025-11-24 11:27:47+00:00,1.871388888888889,False,False
ydb-platform/ydb,79408185,2025-11-26 21:17:53+00:00,2025-11-27 04:37:13+00:00,7.322222222222222,False,False
ydb-platform/ydb,79408185,2025-11-27 15:31:28+00:00,2025-11-27 17:40:44+00:00,2.1544444444444446,False,False
ydb-platform/ydb,79408185,2025-11-28 09:35:34+00:00,2025-11-28 09:45:41+00:00,0.1686111111111111,False,False
ydb-platform/ydb,79408185,2025-11-28 13:13:57+00:00,2025-11-28 15:28:25+00:00,2.241111111111111,False,False
ydb-platform/ydb,79408185,2025-11-28 19:30:34+00:00,2025-11-28 19:53:08+00:00,0.3761111111111111,False,False
ydb-platform/ydb,79408185,2025-12-01 07:52:36+00:00,2025-12-01 10:09:26+00:00,2.2805555555555554,False,False
ydb-platform/ydb,79408185,2025-12-01 08:31:47+00:00,2025-12-01 08:42:36+00:00,0.1802777777777778,False,False
ydb-platform/ydb,79408185,2025-12-01 10:42:11+00:00,2025-12-01 11:02:58+00:00,0.3463888888888889,False,False
ydb-platform/ydb,79408185,2025-12-01 16:38:03+00:00,2025-12-01 20:47:08+00:00,4.151388888888889,False,False
ydb-platform/ydb,79408185,2025-12-02 07:05:26+00:00,2025-12-02 08:03:36+00:00,0.9694444444444444,False,False
ydb-platform/ydb,79408185,2025-12-02 12:30:29+00:00,2025-12-02 14:26:06+00:00,1.9269444444444443,False,False
ydb-platform/ydb,79408185,2025-12-03 09:05:21+00:00,2025-12-03 10:36:53+00:00,1.5255555555555556,False,False
ydb-platform/ydb,79408185,2025-12-03 12:42:38+00:00,2025-12-03 12:57:09+00:00,0.24194444444444443,False,False
ydb-platform/ydb,79408185,2025-12-03 17:28:41+00:00,2025-12-03 18:15:36+00:00,0.7819444444444444,False,False
ydb-platform/ydb,79408185,2025-12-03 19:24:24+00:00,2025-12-04 07:51:14+00:00,12.447222222222223,False,False
ydb-platform/ydb,79408185,2025-12-06 08:13:01+00:00,2025-12-06 11:56:08+00:00,3.718611111111111,False,False
ydb-platform/ydb,79408185,2025-12-07 09:15:51+00:00,2025-12-07 21:55:18+00:00,12.6575,False,False
ydb-platform/ydb,79408185,2025-12-09 09:37:26+00:00,2025-12-09 10:11:34+00:00,0.5688888888888889,False,False
ydb-platform/ydb,79408185,2025-12-10 11:37:03+00:00,2025-12-10 14:51:07+00:00,3.2344444444444442,False,False
ydb-platform/ydb,79408185,2025-12-12 12:04:52+00:00,2025-12-12 14:08:03+00:00,2.0530555555555554,False,False
ydb-platform/ydb,79408185,2025-12-16 12:41:04+00:00,2025-12-16 15:04:54+00:00,2.397222222222222,False,False
ydb-platform/ydb,79408185,2025-12-16 15:12:32+00:00,2025-12-16 15:32:07+00:00,0.3263888888888889,False,False
ydb-platform/ydb,79408185,2025-12-18 14:24:26+00:00,2025-12-18 17:10:07+00:00,2.761388888888889,False,False
ydb-platform/ydb,79408185,2025-12-18 16:04:02+00:00,2025-12-18 16:47:28+00:00,0.7238888888888889,False,False
ydb-platform/ydb,79408185,2025-12-18 17:11:48+00:00,2025-12-18 19:43:43+00:00,2.5319444444444446,False,False
ydb-platform/ydb,79408185,2025-12-18 21:23:16+00:00,2025-12-19 04:40:07+00:00,7.280833333333334,False,False
ydb-platform/ydb,79408185,2025-12-21 10:31:12+00:00,2025-12-21 21:22:45+00:00,10.859166666666667,False,False
ydb-platform/ydb,79408185,2025-12-23 07:49:49+00:00,2025-12-23 11:30:32+00:00,3.678611111111111,False,False
ydb-platform/ydb,79408185,2025-12-23 10:41:11+00:00,2025-12-23 13:07:27+00:00,2.437777777777778,False,False
ydb-platform/ydb,79408185,2025-12-23 13:41:41+00:00,2025-12-23 14:22:10+00:00,0.6747222222222222,False,False
ydb-platform/ydb,79408185,2025-12-24 09:16:31+00:00,2025-12-24 10:11:55+00:00,0.9233333333333333,False,False
ydb-platform/ydb,79408185,2025-12-24 10:18:49+00:00,2025-12-24 10:54:51+00:00,0.6005555555555555,False,False
ydb-platform/ydb,79408185,2025-12-24 11:07:48+00:00,2025-12-24 15:37:21+00:00,4.4925,False,False
ydb-platform/ydb,79408185,2025-12-24 16:23:19+00:00,2025-12-24 20:31:08+00:00,4.130277777777778,False,False
ydb-platform/ydb,79408185,2025-12-25 13:06:02+00:00,2025-12-25 14:48:00+00:00,1.6994444444444445,False,False
ydb-platform/ydb,79408185,2025-12-25 16:52:21+00:00,2025-12-25 17:43:46+00:00,0.8569444444444444,False,False
ydb-platform/ydb,79408185,2025-12-30 15:58:52+00:00,2025-12-30 18:16:40+00:00,2.296666666666667,False,False
ydb-platform/ydb,79408185,2026-01-13 18:42:41+00:00,2026-01-13 22:01:00+00:00,3.305277777777778,False,False
ydb-platform/ydb,79408185,2026-01-15 12:07:32+00:00,2026-01-15 12:40:24+00:00,0.5477777777777778,False,False
ydb-platform/ydb,79408185,2026-01-15 12:27:25+00:00,2026-01-15 13:47:28+00:00,1.3341666666666667,False,False
ydb-platform/ydb,79408185,2026-01-15 13:08:13+00:00,2026-01-15 15:30:47+00:00,2.3761111111111113,False,False
ydb-platform/ydb,79408185,2026-01-15 13:22:54+00:00,2026-01-15 16:07:54+00:00,2.75,False,False
ydb-platform/ydb,79408185,2026-01-16 14:05:36+00:00,2026-01-16 14:23:02+00:00,0.29055555555555557,False,False
ydb-platform/ydb,79408185,2026-01-16 15:25:46+00:00,2026-01-16 15:45:32+00:00,0.32944444444444443,False,False
ydb-platform/ydb,79408185,2026-01-17 18:26:49+00:00,2026-01-18 14:41:34+00:00,20.245833333333334,False,False
ydb-platform/ydb,79408185,2026-01-19 16:44:23+00:00,2026-01-19 20:03:04+00:00,3.3113888888888887,False,False
ydb-platform/ydb,79408185,2026-01-20 07:00:48+00:00,2026-01-20 09:03:14+00:00,2.0405555555555557,False,False
ydb-platform/ydb,79408185,2026-01-25 11:28:49+00:00,2026-01-25 19:58:37+00:00,8.496666666666666,False,False
ydb-platform/ydb,79408185,2026-01-27 05:56:40+00:00,2026-01-27 06:38:19+00:00,0.6941666666666667,False,False
ydb-platform/ydb,79408185,2026-02-02 11:23:21+00:00,2026-02-02 12:08:47+00:00,0.7572222222222222,False,False
ydb-platform/ydb,79408185,2026-02-02 13:48:21+00:00,2026-02-02 15:32:38+00:00,1.7380555555555555,False,False
ydb-platform/ydb,79408185,2026-02-02 15:09:13+00:00,2026-02-02 16:30:31+00:00,1.355,False,False
ydb-platform/ydb,79408185,2026-02-02 17:14:59+00:00,2026-02-02 17:28:33+00:00,0.22611111111111112,False,False
ydb-platform/ydb,79408185,2026-02-04 07:28:18+00:00,2026-02-04 10:08:15+00:00,2.6658333333333335,False,False
ydb-platform/ydb,79408185,2026-02-04 09:23:59+00:00,2026-02-04 10:07:03+00:00,0.7177777777777777,False,False
ydb-platform/ydb,79408185,2026-02-04 12:50:02+00:00,2026-02-04 13:25:21+00:00,0.5886111111111111,False,False
ydb-platform/ydb,79408185,2026-02-04 13:24:26+00:00,2026-02-04 14:27:37+00:00,1.0530555555555556,False,False
ydb-platform/ydb,79408185,2026-02-04 13:45:45+00:00,2026-02-04 17:34:11+00:00,3.8072222222222223,False,False
ydb-platform/ydb,79408185,2026-02-04 20:11:49+00:00,2026-02-05 07:37:59+00:00,11.436111111111112,False,False
ydb-platform/ydb,79408185,2026-02-05 05:32:52+00:00,2026-02-05 10:01:34+00:00,4.4783333333333335,False,False
ydb-platform/ydb,79408185,2026-02-09 18:51:06+00:00,2026-02-09 21:27:29+00:00,2.606388888888889,False,False
ydb-platform/ydb,79408185,2026-02-11 14:51:47+00:00,2026-02-11 17:50:26+00:00,2.9775,False,False
ydb-platform/ydb,79408185,2026-02-12 09:43:15+00:00,2026-02-12 11:41:41+00:00,1.9738888888888888,False,False
ydb-platform/ydb,79408185,2026-02-20 05:23:53+00:00,2026-02-20 09:50:46+00:00,4.448055555555555,False,False
ydb-platform/ydb,79408185,2026-02-26 07:32:34+00:00,2026-02-26 11:23:28+00:00,3.848333333333333,False,False
ydb-platform/ydb,79408185,2026-02-26 14:28:59+00:00,2026-02-26 17:27:10+00:00,2.9697222222222224,False,False
ydb-platform/ydb,79408185,2026-02-27 14:31:16+00:00,2026-02-27 16:00:01+00:00,1.4791666666666667,False,False
ydb-platform/ydb,79408185,2026-03-10 12:08:46+00:00,2026-03-10 12:44:29+00:00,0.5952777777777778,False,False
ydb-platform/ydb,79408185,2026-03-11 11:20:08+00:00,2026-03-11 12:23:32+00:00,1.0566666666666666,False,False
ydb-platform/ydb,79408185,2026-03-11 12:25:30+00:00,2026-03-11 15:37:32+00:00,3.2005555555555554,False,False
ydb-platform/ydb,79408185,2026-03-11 14:02:17+00:00,2026-03-11 17:37:27+00:00,3.5861111111111112,False,False
ydb-platform/ydb,79408185,2026-03-11 17:19:13+00:00,2026-03-11 20:10:37+00:00,2.8566666666666665,False,False
ydb-platform/ydb,79408185,2026-03-11 17:53:07+00:00,2026-03-11 19:29:35+00:00,1.6077777777777778,False,False
ydb-platform/ydb,79408185,2026-03-12 18:04:08+00:00,2026-03-12 21:03:46+00:00,2.993888888888889,False,False
ydb-platform/ydb,79408185,2026-03-15 07:35:13+00:00,2026-03-15 17:08:59+00:00,9.562777777777777,False,False
ydb-platform/ydb,79408185,2026-03-16 04:44:10+00:00,2026-03-16 09:03:12+00:00,4.317222222222222,False,False
ydb-platform/ydb,79408185,2026-03-16 12:51:25+00:00,2026-03-16 14:14:26+00:00,1.3836111111111111,False,False
ydb-platform/ydb,79408185,2026-03-16 13:23:01+00:00,2026-03-16 13:54:49+00:00,0.53,False,False
ydb-platform/ydb,79408185,2026-03-19 08:01:03+00:00,2026-03-19 13:53:00+00:00,5.865833333333334,False,False
ydb-platform/ydb,79408185,2026-03-19 08:18:39+00:00,2026-03-19 14:08:10+00:00,5.825277777777778,False,False
ydb-platform/ydb,79408185,2026-03-19 09:45:31+00:00,2026-03-19 15:35:46+00:00,5.8375,False,False
ydb-platform/ydb,79408185,2026-03-23 12:52:02+00:00,2026-03-23 13:32:09+00:00,0.6686111111111112,False,False
ydb-platform/ydb,79408185,2026-03-24 11:13:53+00:00,2026-05-07 14:28:19+00:00,1059.2405555555556,False,False
ydb-platform/ydb,79408185,2026-05-08 19:08:58+00:00,2026-05-08 23:51:43+00:00,4.7125,False,False
ydb-platform/ydb,79408185,2026-05-12 17:24:25+00:00,2026-05-12 20:35:57+00:00,3.192222222222222,False,False
ydb-platform/ydb,79408185,2026-05-13 14:03:14+00:00,2026-05-13 17:40:04+00:00,3.613888888888889,False,False
ydb-platform/ydb,79408185,2026-05-15 16:21:45+00:00,2026-05-16 11:41:46+00:00,19.33361111111111,False,False
ydb-platform/ydb,79408185,2026-05-18 10:09:17+00:00,2026-05-18 11:02:26+00:00,0.8858333333333334,False,False
ydb-platform/ydb,79408185,2026-05-18 11:35:07+00:00,2026-05-18 12:15:51+00:00,0.6788888888888889,False,False
ydb-platform/ydb,79408185,2026-05-18 12:12:42+00:00,2026-05-18 12:40:30+00:00,0.4633333333333333,False,False
ydb-platform/ydb,79408185,2026-05-18 13:49:48+00:00,2026-05-18 14:22:35+00:00,0.5463888888888889,False,False
ydb-platform/ydb,79408185,2026-05-19 11:59:08+00:00,2026-05-19 13:28:51+00:00,1.4952777777777777,False,False
ydb-platform/ydb,79408185,2026-05-19 12:10:36+00:00,2026-05-19 12:40:24+00:00,0.49666666666666665,False,False
ydb-platform/ydb,79408185,2026-05-19 13:35:03+00:00,2026-05-19 13:49:51+00:00,0.24666666666666667,False,False
ydb-platform/ydb,79408185,2026-05-19 14:43:57+00:00,2026-05-19 15:13:48+00:00,0.4975,False,False
ydb-platform/ydb,79408185,2026-05-22 08:57:42+00:00,2026-05-22 10:19:27+00:00,1.3625,False,False
ydb-platform/ydb,79408185,2026-05-22 10:27:31+00:00,2026-05-22 13:36:57+00:00,3.1572222222222224,False,False
ydb-platform/ydb,79408185,2026-05-22 17:42:27+00:00,2026-05-22 19:40:20+00:00,1.9647222222222223,False,False
ydb-platform/ydb,79408185,2026-05-26 08:20:19+00:00,2026-05-26 21:47:48+00:00,13.458055555555555,False,False
ydb-platform/ydb,79408185,2026-05-26 12:40:19+00:00,2026-05-26 23:14:43+00:00,10.573333333333334,False,False
ydb-platform/ydb,79408185,2026-05-28 16:00:44+00:00,2026-05-28 16:57:46+00:00,0.9505555555555556,False,False
ydb-platform/ydb,79408185,2026-05-28 17:37:41+00:00,2026-05-28 17:52:36+00:00,0.24861111111111112,False,False
ydb-platform/ydb,79408185,2026-05-28 18:35:53+00:00,2026-05-28 20:40:44+00:00,2.0808333333333335,False,False
ydb-platform/ydb,79408185,2026-05-31 09:27:44+00:00,2026-05-31 11:17:53+00:00,1.8358333333333334,False,False
ydb-platform/ydb,79408185,2026-06-03 15:24:12+00:00,2026-06-03 18:59:29+00:00,3.5880555555555556,False,False
ydb-platform/ydb,79408185,2026-06-09 13:16:37+00:00,2026-06-09 20:46:55+00:00,7.505,False,False
ydb-platform/ydb,79408185,2026-06-10 13:51:16+00:00,2026-06-10 14:35:53+00:00,0.7436111111111111,False,False
ydb-platform/ydb,79408185,2026-06-12 17:35:35+00:00,2026-06-12 19:09:37+00:00,1.5672222222222223,False,False
ydb-platform/ydb,79408185,2026-06-16 14:54:04+00:00,2026-06-16 15:54:20+00:00,1.0044444444444445,False,False
ydb-platform/ydb,79408185,2026-06-16 21:40:03+00:00,2026-06-16 22:20:34+00:00,0.6752777777777778,False,False
ydb-platform/ydb,79408185,2026-06-17 08:15:09+00:00,2026-06-17 09:35:55+00:00,1.346111111111111,False,False
ydb-platform/ydb,79408185,2026-06-17 09:09:28+00:00,2026-06-17 17:34:21+00:00,8.414722222222222,False,False
ydb-platform/ydb,79408185,2026-06-17 12:30:40+00:00,2026-06-17 19:00:58+00:00,6.505,False,False
ydb-platform/ydb,79408185,2026-06-17 14:13:22+00:00,2026-06-17 19:34:58+00:00,5.36,False,False
ydb-platform/ydb,79408185,2026-06-17 14:49:50+00:00,2026-06-17 20:52:29+00:00,6.0441666666666665,False,False
ydb-platform/ydb,79408185,2026-06-18 13:55:00+00:00,2026-06-18 18:52:59+00:00,4.966388888888889,False,False
ydb-platform/ydb,79408185,2026-06-22 20:15:13+00:00,2026-06-22 20:51:56+00:00,0.6119444444444444,False,False
ydb-platform/ydb,79408185,2026-06-24 09:57:42+00:00,2026-06-24 13:12:39+00:00,3.2491666666666665,False,False
ydb-platform/ydb,79408185,2026-06-24 11:36:26+00:00,2026-06-24 15:14:43+00:00,3.6380555555555554,False,False
ydb-platform/ydb,79408185,2026-06-24 12:53:10+00:00,2026-06-24 16:36:55+00:00,3.7291666666666665,False,False
ydb-platform/ydb,79408185,2026-06-24 13:25:00+00:00,2026-06-24 17:02:29+00:00,3.624722222222222,False,False
ydb-platform/ydb,79408185,2026-06-24 14:47:53+00:00,2026-06-24 15:58:29+00:00,1.1766666666666667,False,False
ydb-platform/ydb,79408185,2026-06-29 13:10:09+00:00,2026-06-29 16:44:49+00:00,3.577777777777778,False,False
ydb-platform/ydb,79408185,2026-06-29 14:34:24+00:00,2026-06-29 14:47:19+00:00,0.2152777777777778,False,False
ydb-platform/ydb,79408185,2026-06-29 15:19:40+00:00,2026-06-29 15:44:50+00:00,0.41944444444444445,False,False
ydb-platform/ydb,79408185,2026-06-29 15:42:42+00:00,2026-06-29 15:49:29+00:00,0.11305555555555556,False,False
ydb-platform/ydb,79408185,2026-06-29 16:31:30+00:00,2026-06-29 17:33:16+00:00,1.0294444444444444,False,False
ydb-platform/ydb,79408185,2026-06-30 07:08:07+00:00,2026-06-30 08:41:51+00:00,1.5622222222222222,False,False
ydb-platform/ydb,79408185,2026-06-30 14:15:24+00:00,2026-06-30 16:07:53+00:00,1.8747222222222222,False,False
ydb-platform/ydb,79408185,2026-06-30 14:50:50+00:00,2026-06-30 18:49:57+00:00,3.9852777777777777,False,False
ydb-platform/ydb,79408185,2026-07-01 16:15:14+00:00,2026-07-01 20:00:29+00:00,3.754166666666667,False,False
ydb-platform/ydb,79408185,2026-07-06 10:57:09+00:00,2026-07-06 14:43:29+00:00,3.772222222222222,False,False
jellyfin/jellyfin-web,122329944,2025-10-22 06:07:31+00:00,2025-10-23 09:10:11+00:00,27.044444444444444,False,False
jellyfin/jellyfin-web,122329944,2026-01-16 18:25:46+00:00,2026-01-17 18:14:21+00:00,23.809722222222224,False,False
jellyfin/jellyfin-web,122329944,2026-01-23 02:24:06+00:00,2026-01-24 04:26:41+00:00,26.043055555555554,False,False
jellyfin/jellyfin-web,122329944,2026-03-16 03:09:53+00:00,2026-03-17 11:18:33+00:00,32.144444444444446,False,False
jellyfin/jellyfin-web,122329944,2026-03-18 19:10:42+00:00,2026-03-18 21:23:36+00:00,2.215,False,False
jellyfin/jellyfin-web,122329944,2026-03-18 21:52:51+00:00,2026-03-31 18:33:00+00:00,308.6691666666667,False,False
jellyfin/jellyfin-web,122329944,2026-03-31 22:39:25+00:00,2026-04-01 01:30:13+00:00,2.8466666666666667,False,False
jellyfin/jellyfin-web,122329944,2026-05-22 15:26:29+00:00,2026-05-22 18:30:44+00:00,3.0708333333333333,False,False
jellyfin/jellyfin-web,122329944,2026-05-23 11:26:29+00:00,2026-05-23 13:30:11+00:00,2.0616666666666665,False,False
jellyfin/jellyfin-web,122329944,2026-07-01 19:51:25+00:00,2026-07-01 20:02:08+00:00,0.1786111111111111,False,False
jellyfin/jellyfin-web,122329944,2026-07-09 16:18:57+00:00,2026-07-09 17:33:52+00:00,1.2486111111111111,False,False
jellyfin/jellyfin-web,122329944,2026-07-31 12:00:43+00:00,2026-07-31 12:50:54+00:00,0.8363888888888888,False,False
superagent-ai/grok-cli,175958411,2026-03-17 21:27:00+00:00,2026-03-19 14:23:09+00:00,40.935833333333335,False,False
superagent-ai/grok-cli,175958412,2026-03-19 11:55:27+00:00,2026-03-19 14:23:05+00:00,2.4605555555555556,False,False
superagent-ai/grok-cli,175958412,2026-03-19 17:59:26+00:00,2026-03-19 18:38:26+00:00,0.65,False,False
mkosir/react-parallax-tilt,31469643,2026-03-30 12:16:27+00:00,2026-03-31 07:24:31+00:00,19.134444444444444,False,False
mkosir/react-parallax-tilt,33727032,2026-03-30 12:16:27+00:00,2026-03-31 07:24:23+00:00,19.13222222222222,False,False
mkosir/react-parallax-tilt,83891707,2025-11-06 07:32:19+00:00,2025-11-06 07:57:02+00:00,0.41194444444444445,False,False
mkosir/react-parallax-tilt,83891707,2026-01-22 09:55:43+00:00,2026-01-22 10:19:14+00:00,0.39194444444444443,False,False
mkosir/react-parallax-tilt,83891707,2026-03-30 12:16:27+00:00,2026-03-31 07:26:16+00:00,19.163611111111113,False,False
mkosir/react-parallax-tilt,83891707,2026-06-17 12:40:49+00:00,2026-06-19 11:35:52+00:00,46.9175,False,False
mkosir/react-parallax-tilt,32585905,2026-03-09 11:09:43+00:00,2026-03-09 11:17:11+00:00,0.12444444444444444,False,False
mkosir/react-parallax-tilt,32585905,2026-03-25 08:33:15+00:00,2026-03-25 08:42:12+00:00,0.14916666666666667,False,False
mkosir/react-parallax-tilt,32585905,2026-03-30 12:16:27+00:00,2026-03-31 07:24:23+00:00,19.13222222222222,False,False
mkosir/react-parallax-tilt,32585905,2026-04-21 06:51:52+00:00,2026-04-23 06:52:05+00:00,48.00361111111111,False,False
mkosir/react-parallax-tilt,31392343,2026-03-30 12:16:27+00:00,2026-03-31 07:24:16+00:00,19.130277777777778,False,False
mkosir/react-parallax-tilt,31392343,2026-04-30 12:53:59+00:00,2026-04-30 12:58:28+00:00,0.07472222222222222,False,False
langchain4j/langchain4j,62268081,2025-10-01 09:45:25+00:00,2025-10-01 21:46:40+00:00,12.020833333333334,False,False
langchain4j/langchain4j,62268081,2025-10-02 07:25:03+00:00,2025-10-02 08:18:58+00:00,0.8986111111111111,False,False
langchain4j/langchain4j,62268081,2025-10-02 11:37:39+00:00,2025-10-02 14:38:47+00:00,3.0188888888888887,False,False
langchain4j/langchain4j,62268081,2025-10-02 15:17:47+00:00,2025-10-06 10:44:35+00:00,91.44666666666667,False,False
langchain4j/langchain4j,62268081,2025-10-06 13:05:26+00:00,2025-10-06 13:18:40+00:00,0.22055555555555556,False,False
langchain4j/langchain4j,62268081,2025-10-06 13:36:51+00:00,2025-10-06 13:48:17+00:00,0.19055555555555556,False,False
langchain4j/langchain4j,62268081,2025-10-06 13:46:16+00:00,2025-10-06 17:20:06+00:00,3.563888888888889,False,False
langchain4j/langchain4j,62268081,2025-10-07 11:38:35+00:00,2025-10-07 12:31:06+00:00,0.8752777777777778,False,False
langchain4j/langchain4j,62268081,2025-10-07 12:28:42+00:00,2025-10-08 08:21:30+00:00,19.88,False,False
langchain4j/langchain4j,62268081,2025-10-08 08:14:09+00:00,2025-10-08 09:29:22+00:00,1.253611111111111,False,False
langchain4j/langchain4j,62268081,2025-10-08 09:24:05+00:00,2025-10-08 18:31:13+00:00,9.11888888888889,False,False
langchain4j/langchain4j,62268081,2025-10-09 09:24:29+00:00,2025-10-09 11:42:32+00:00,2.3008333333333333,False,False
langchain4j/langchain4j,62268081,2025-10-09 16:26:54+00:00,2025-10-13 11:40:49+00:00,91.23194444444445,False,False
langchain4j/langchain4j,62268081,2025-10-13 16:09:55+00:00,2025-10-14 08:03:38+00:00,15.895277777777778,False,False
langchain4j/langchain4j,62268081,2025-10-14 08:58:18+00:00,2025-10-15 08:33:59+00:00,23.594722222222224,False,False
langchain4j/langchain4j,62268081,2025-10-15 08:44:11+00:00,2025-10-15 08:56:46+00:00,0.20972222222222223,False,False
langchain4j/langchain4j,62268081,2025-10-15 13:41:08+00:00,2025-10-15 14:39:27+00:00,0.9719444444444445,False,False
langchain4j/langchain4j,62268081,2025-10-16 11:35:42+00:00,2025-10-17 07:25:43+00:00,19.83361111111111,False,False
langchain4j/langchain4j,62268081,2025-10-17 08:17:35+00:00,2025-10-21 06:10:42+00:00,93.88527777777777,False,False
langchain4j/langchain4j,62268081,2025-10-21 07:18:39+00:00,2025-10-21 08:04:42+00:00,0.7675,False,False
langchain4j/langchain4j,62268081,2025-10-21 08:02:41+00:00,2025-10-22 10:10:38+00:00,26.1325,False,False
langchain4j/langchain4j,62268081,2025-10-22 10:10:47+00:00,2025-10-23 08:38:10+00:00,22.45638888888889,False,False
langchain4j/langchain4j,62268081,2025-10-23 10:08:02+00:00,2025-10-24 06:01:17+00:00,19.8875,False,False
langchain4j/langchain4j,62268081,2025-10-24 06:37:09+00:00,2025-10-24 08:49:04+00:00,2.198611111111111,False,False
langchain4j/langchain4j,62268081,2025-10-24 14:51:36+00:00,2025-10-24 15:25:40+00:00,0.5677777777777778,False,False
langchain4j/langchain4j,62268081,2025-10-27 08:18:39+00:00,2025-10-27 15:32:48+00:00,7.235833333333333,False,False
langchain4j/langchain4j,62268081,2025-11-10 12:06:54+00:00,2025-11-10 12:33:31+00:00,0.4436111111111111,False,False
langchain4j/langchain4j,62268081,2025-11-10 12:52:06+00:00,2025-11-12 16:04:57+00:00,51.214166666666664,False,False
langchain4j/langchain4j,62268081,2025-11-12 16:05:35+00:00,2025-11-13 08:22:53+00:00,16.288333333333334,False,False
langchain4j/langchain4j,62268081,2025-11-13 10:42:32+00:00,2025-11-13 10:57:08+00:00,0.24333333333333335,False,False
langchain4j/langchain4j,62268081,2025-11-13 10:55:01+00:00,2025-11-13 11:34:27+00:00,0.6572222222222223,False,False
langchain4j/langchain4j,62268081,2025-11-13 11:24:13+00:00,2025-11-14 10:20:12+00:00,22.933055555555555,False,False
langchain4j/langchain4j,62268081,2025-11-14 11:33:32+00:00,2025-11-14 14:48:25+00:00,3.2480555555555557,False,False
langchain4j/langchain4j,62268081,2025-11-19 17:02:56+00:00,2025-12-19 17:03:27+00:00,720.0086111111111,False,False
langchain4j/langchain4j,62268081,2025-11-24 15:23:10+00:00,2025-11-24 16:17:03+00:00,0.8980555555555556,False,False
langchain4j/langchain4j,62268081,2025-11-25 15:31:00+00:00,2025-11-25 15:39:12+00:00,0.13666666666666666,False,False
langchain4j/langchain4j,62268081,2025-11-26 16:38:39+00:00,2025-11-26 18:12:29+00:00,1.5638888888888889,False,False
langchain4j/langchain4j,62268081,2025-11-27 09:26:46+00:00,2025-11-27 11:20:34+00:00,1.8966666666666667,False,False
langchain4j/langchain4j,62268081,2025-11-28 11:21:33+00:00,2025-12-01 09:20:26+00:00,69.98138888888889,False,False
langchain4j/langchain4j,62268081,2025-12-05 14:09:52+00:00,2025-12-08 11:43:14+00:00,69.55611111111111,False,False
langchain4j/langchain4j,62268081,2025-12-09 14:30:43+00:00,2025-12-10 09:43:15+00:00,19.20888888888889,False,False
langchain4j/langchain4j,62268081,2025-12-11 09:51:01+00:00,2025-12-11 12:02:46+00:00,2.1958333333333333,False,False
langchain4j/langchain4j,62268081,2025-12-15 09:36:36+00:00,2025-12-15 10:21:19+00:00,0.7452777777777778,False,False
langchain4j/langchain4j,62268081,2025-12-18 09:24:13+00:00,2025-12-18 11:22:57+00:00,1.978888888888889,False,False
langchain4j/langchain4j,62268081,2025-12-24 13:09:39+00:00,2025-12-24 14:05:27+00:00,0.93,False,False
langchain4j/langchain4j,62268081,2025-12-29 10:08:09+00:00,2025-12-29 12:24:52+00:00,2.278611111111111,False,False
langchain4j/langchain4j,62268081,2026-01-02 09:33:54+00:00,2026-01-02 09:38:56+00:00,0.08388888888888889,False,False
langchain4j/langchain4j,62268081,2026-01-05 14:54:14+00:00,2026-01-05 15:50:37+00:00,0.9397222222222222,False,False
langchain4j/langchain4j,62268081,2026-01-07 09:13:31+00:00,2026-01-07 11:48:19+00:00,2.58,False,False
langchain4j/langchain4j,62268081,2026-01-07 13:38:23+00:00,2026-01-08 17:48:12+00:00,28.163611111111113,False,False
langchain4j/langchain4j,62268081,2026-01-09 11:22:44+00:00,2026-01-09 15:14:34+00:00,3.863888888888889,False,False
langchain4j/langchain4j,62268081,2026-03-03 16:41:19+00:00,2026-03-04 09:42:37+00:00,17.02166666666667,False,False
langchain4j/langchain4j,62268081,2026-03-05 16:18:26+00:00,2026-03-06 17:07:14+00:00,24.813333333333333,False,False
langchain4j/langchain4j,62268081,2026-03-10 09:34:14+00:00,2026-03-16 09:58:32+00:00,144.405,False,False
langchain4j/langchain4j,62268081,2026-03-18 09:28:15+00:00,2026-03-18 09:49:24+00:00,0.3525,False,False
langchain4j/langchain4j,62268081,2026-03-30 14:27:47+00:00,2026-03-30 16:01:06+00:00,1.5552777777777778,False,False
langchain4j/langchain4j,62268081,2026-04-01 11:25:25+00:00,2026-04-01 11:52:43+00:00,0.455,False,False
langchain4j/langchain4j,62268081,2026-04-07 08:14:09+00:00,2026-04-07 08:55:18+00:00,0.6858333333333333,False,False
langchain4j/langchain4j,62268081,2026-04-07 14:36:55+00:00,2026-04-07 15:20:26+00:00,0.7252777777777778,False,False
langchain4j/langchain4j,62268081,2026-04-09 08:42:04+00:00,2026-04-09 12:01:08+00:00,3.3177777777777777,False,False
langchain4j/langchain4j,62268081,2026-04-10 07:49:43+00:00,2026-04-10 08:20:19+00:00,0.51,False,False
langchain4j/langchain4j,62268081,2026-04-15 08:07:42+00:00,2026-04-15 09:39:40+00:00,1.5327777777777778,False,False
langchain4j/langchain4j,62268081,2026-04-16 12:47:06+00:00,2026-04-16 17:35:18+00:00,4.803333333333334,False,False
langchain4j/langchain4j,62268081,2026-04-21 16:29:45+00:00,2026-04-22 07:22:51+00:00,14.885,False,False
langchain4j/langchain4j,62268081,2026-04-22 16:58:00+00:00,2026-04-23 07:45:24+00:00,14.79,False,False
langchain4j/langchain4j,62268081,2026-04-23 13:35:53+00:00,2026-04-23 15:07:49+00:00,1.5322222222222222,False,False
langchain4j/langchain4j,62268081,2026-04-29 12:23:11+00:00,2026-04-29 14:20:09+00:00,1.9494444444444445,False,False
langchain4j/langchain4j,62268081,2026-04-30 14:59:41+00:00,2026-04-30 18:32:30+00:00,3.5469444444444442,False,False
langchain4j/langchain4j,62268081,2026-05-07 08:27:48+00:00,2026-05-07 08:54:15+00:00,0.44083333333333335,False,False
langchain4j/langchain4j,62268081,2026-05-11 07:45:31+00:00,2026-05-11 12:41:01+00:00,4.925,False,False
langchain4j/langchain4j,62268081,2026-05-13 13:03:12+00:00,2026-05-14 08:51:01+00:00,19.796944444444446,False,False
langchain4j/langchain4j,62268081,2026-05-15 07:28:25+00:00,2026-05-15 17:00:13+00:00,9.53,False,False
langchain4j/langchain4j,62268081,2026-06-01 13:27:14+00:00,2026-06-01 15:22:44+00:00,1.925,False,False
langchain4j/langchain4j,62268081,2026-06-02 08:06:19+00:00,2026-06-02 12:06:51+00:00,4.0088888888888885,False,False
langchain4j/langchain4j,62268081,2026-06-03 08:07:24+00:00,2026-06-03 10:54:09+00:00,2.779166666666667,False,False
langchain4j/langchain4j,62268081,2026-06-03 16:49:45+00:00,2026-06-05 08:56:35+00:00,40.11388888888889,False,False
langchain4j/langchain4j,62268081,2026-06-05 08:10:55+00:00,2026-06-05 12:30:06+00:00,4.3197222222222225,False,False
langchain4j/langchain4j,62268081,2026-06-05 14:29:36+00:00,2026-06-05 14:54:23+00:00,0.41305555555555556,False,False
langchain4j/langchain4j,62268081,2026-06-05 15:47:01+00:00,2026-06-06 06:54:38+00:00,15.126944444444444,False,False
langchain4j/langchain4j,62268081,2026-06-06 06:47:50+00:00,2026-06-06 08:27:16+00:00,1.6572222222222222,False,False
langchain4j/langchain4j,62268081,2026-06-10 09:09:26+00:00,2026-06-10 09:59:37+00:00,0.8363888888888888,False,False
langchain4j/langchain4j,62268081,2026-06-12 08:54:18+00:00,2026-06-12 10:04:58+00:00,1.1777777777777778,False,False
langchain4j/langchain4j,62268081,2026-06-17 15:31:10+00:00,2026-06-17 16:01:02+00:00,0.49777777777777776,False,False
langchain4j/langchain4j,62268081,2026-06-17 16:14:36+00:00,2026-06-17 19:03:10+00:00,2.8094444444444444,False,False
langchain4j/langchain4j,62268081,2026-06-17 16:16:12+00:00,2026-06-17 17:17:51+00:00,1.0275,False,False
langchain4j/langchain4j,62268081,2026-06-17 16:46:32+00:00,2026-06-17 17:08:42+00:00,0.36944444444444446,False,False
langchain4j/langchain4j,62268081,2026-06-17 16:51:37+00:00,2026-06-18 07:14:41+00:00,14.384444444444444,False,False
langchain4j/langchain4j,62268081,2026-06-18 07:44:43+00:00,2026-06-18 09:11:45+00:00,1.4505555555555556,False,False
langchain4j/langchain4j,62268081,2026-06-22 09:59:58+00:00,2026-06-22 10:27:19+00:00,0.4558333333333333,False,False
langchain4j/langchain4j,62268081,2026-06-24 07:02:56+00:00,2026-06-24 07:35:56+00:00,0.55,False,False
langchain4j/langchain4j,62268081,2026-06-29 08:50:51+00:00,2026-06-29 09:05:39+00:00,0.24666666666666667,False,False
langchain4j/langchain4j,62268081,2026-07-01 09:13:29+00:00,2026-07-01 09:26:09+00:00,0.2111111111111111,False,False
langchain4j/langchain4j,62268081,2026-07-01 11:29:46+00:00,2026-07-01 11:50:35+00:00,0.34694444444444444,False,False
langchain4j/langchain4j,62268081,2026-07-01 11:31:50+00:00,2026-07-02 08:56:29+00:00,21.410833333333333,False,False
langchain4j/langchain4j,62268081,2026-07-06 08:03:51+00:00,2026-07-06 08:32:22+00:00,0.4752777777777778,False,False
langchain4j/langchain4j,62268081,2026-07-06 08:18:21+00:00,2026-07-06 08:39:23+00:00,0.35055555555555556,False,False
langchain4j/langchain4j,62268081,2026-07-06 08:27:39+00:00,2026-07-06 09:07:19+00:00,0.6611111111111111,False,False
langchain4j/langchain4j,62268081,2026-07-06 09:15:39+00:00,2026-07-06 09:35:33+00:00,0.33166666666666667,False,False
langchain4j/langchain4j,62268081,2026-07-06 09:27:02+00:00,2026-07-06 10:22:03+00:00,0.9169444444444445,False,False
langchain4j/langchain4j,62268081,2026-07-06 09:39:11+00:00,2026-07-06 12:07:03+00:00,2.4644444444444447,False,False
langchain4j/langchain4j,62268081,2026-07-06 11:51:13+00:00,2026-07-06 13:55:53+00:00,2.077777777777778,False,False
langchain4j/langchain4j,62268081,2026-07-09 07:34:40+00:00,2026-07-09 08:06:17+00:00,0.5269444444444444,False,False
langchain4j/langchain4j,62268081,2026-07-09 07:50:16+00:00,2026-07-09 08:12:56+00:00,0.37777777777777777,False,False
langchain4j/langchain4j,62268081,2026-07-29 15:48:28+00:00,2026-07-29 16:53:37+00:00,1.0858333333333334,False,False
langchain4j/langchain4j,62268081,2026-08-18 14:17:47+00:00,2026-08-20 09:31:07+00:00,43.22222222222222,False,False
langchain4j/langchain4j,62268081,2026-08-21 11:48:49+00:00,2026-08-21 12:14:06+00:00,0.42138888888888887,False,False
langchain4j/langchain4j,62268081,2026-08-24 10:53:45+00:00,2026-08-24 12:29:51+00:00,1.6016666666666666,False,False
langchain4j/langchain4j,62268081,2026-08-26 07:52:43+00:00,2026-08-26 08:46:04+00:00,0.8891666666666667,False,False
langchain4j/langchain4j,62268081,2026-08-26 08:16:02+00:00,2026-08-26 10:39:10+00:00,2.3855555555555554,False,False
langchain4j/langchain4j,62268081,2026-08-27 08:23:36+00:00,2026-08-28 08:15:48+00:00,23.87,False,False
langchain4j/langchain4j,62268081,2026-09-02 16:02:55+00:00,2026-09-03 07:59:00+00:00,15.934722222222222,False,False
langchain4j/langchain4j,62268081,2026-09-10 15:54:19+00:00,2026-09-10 16:49:14+00:00,0.9152777777777777,False,False
langchain4j/langchain4j,62268081,2026-09-14 06:40:56+00:00,2026-09-14 07:01:57+00:00,0.3502777777777778,False,False
langchain4j/langchain4j,62268081,2026-09-14 07:23:58+00:00,2026-09-14 09:13:33+00:00,1.8263888888888888,False,False
langchain4j/langchain4j,62268081,2026-09-16 08:57:32+00:00,2026-09-16 10:12:24+00:00,1.2477777777777779,False,False
langchain4j/langchain4j,62268081,2026-09-24 04:47:32+00:00,2026-09-25 11:26:27+00:00,30.648611111111112,False,False
langchain4j/langchain4j,62268081,2026-09-26 08:46:36+00:00,2026-09-28 08:04:28+00:00,47.297777777777775,False,False
langchain4j/langchain4j,62268081,2026-09-29 07:44:14+00:00,2026-09-29 14:18:29+00:00,6.570833333333334,False,False
langchain4j/langchain4j,92885861,2025-10-01 22:07:07+00:00,2025-10-02 07:53:45+00:00,9.777222222222223,False,False
langchain4j/langchain4j,92885861,2025-10-02 15:17:47+00:00,2025-10-06 09:53:00+00:00,90.58694444444444,False,False
langchain4j/langchain4j,92885861,2025-10-07 14:49:52+00:00,2025-10-08 08:41:58+00:00,17.868333333333332,False,False
langchain4j/langchain4j,92885861,2025-10-10 08:06:07+00:00,2025-10-10 08:44:01+00:00,0.6316666666666667,False,False
langchain4j/langchain4j,92885861,2025-10-13 16:09:55+00:00,2025-10-13 16:43:12+00:00,0.5547222222222222,False,False
langchain4j/langchain4j,92885861,2025-10-21 10:27:14+00:00,2025-10-22 08:09:47+00:00,21.70916666666667,False,False
langchain4j/langchain4j,92885861,2025-10-24 14:51:36+00:00,2025-10-24 15:53:25+00:00,1.0302777777777778,False,False
langchain4j/langchain4j,92885861,2025-11-14 12:54:44+00:00,2025-11-14 13:30:00+00:00,0.5877777777777777,False,False
langchain4j/langchain4j,92885861,2025-11-20 13:59:13+00:00,2025-11-20 15:47:11+00:00,1.7994444444444444,False,False
langchain4j/langchain4j,92885861,2025-11-20 15:49:02+00:00,2025-11-20 16:27:13+00:00,0.6363888888888889,False,False
langchain4j/langchain4j,92885861,2025-11-24 15:23:10+00:00,2025-11-24 16:15:55+00:00,0.8791666666666667,False,False
langchain4j/langchain4j,92885861,2025-11-24 15:44:08+00:00,2025-11-24 18:05:32+00:00,2.3566666666666665,False,False
langchain4j/langchain4j,92885861,2025-11-24 18:27:58+00:00,2025-11-25 08:48:54+00:00,14.348888888888888,False,False
langchain4j/langchain4j,92885861,2025-11-25 09:12:03+00:00,2025-11-25 10:58:30+00:00,1.7741666666666667,False,False
langchain4j/langchain4j,92885861,2025-11-25 11:34:10+00:00,2025-11-26 10:57:41+00:00,23.391944444444444,False,False
langchain4j/langchain4j,92885861,2025-11-26 11:03:51+00:00,2025-11-26 16:35:50+00:00,5.533055555555555,False,False
langchain4j/langchain4j,92885861,2025-11-27 09:26:46+00:00,2025-11-27 11:06:23+00:00,1.6602777777777777,False,False
langchain4j/langchain4j,92885861,2025-11-28 11:21:33+00:00,2025-12-01 09:42:52+00:00,70.35527777777777,False,False
langchain4j/langchain4j,92885861,2025-12-09 14:30:43+00:00,2025-12-10 09:24:33+00:00,18.897222222222222,False,False
langchain4j/langchain4j,92885861,2025-12-15 10:17:35+00:00,2025-12-15 11:19:44+00:00,1.0358333333333334,False,False
langchain4j/langchain4j,92885861,2026-01-29 15:12:40+00:00,2026-01-29 16:10:47+00:00,0.9686111111111111,False,False
langchain4j/langchain4j,92885861,2026-02-02 08:40:28+00:00,2026-02-02 09:20:30+00:00,0.6672222222222223,False,False
langchain4j/langchain4j,92885861,2026-02-02 15:31:03+00:00,2026-02-02 16:29:34+00:00,0.9752777777777778,False,False
langchain4j/langchain4j,92885861,2026-03-05 11:01:47+00:00,2026-03-05 13:03:00+00:00,2.020277777777778,False,False
langchain4j/langchain4j,92885861,2026-03-10 09:34:14+00:00,2026-03-13 10:52:52+00:00,73.31055555555555,False,False
langchain4j/langchain4j,92885861,2026-03-18 09:28:15+00:00,2026-03-18 10:02:49+00:00,0.5761111111111111,False,False
langchain4j/langchain4j,92885861,2026-04-09 13:07:34+00:00,2026-04-09 15:19:53+00:00,2.205277777777778,False,False
langchain4j/langchain4j,92885861,2026-04-10 07:49:43+00:00,2026-04-10 08:55:50+00:00,1.1019444444444444,False,False
langchain4j/langchain4j,92885861,2026-04-21 06:56:49+00:00,2026-04-21 17:19:51+00:00,10.383888888888889,False,False
langchain4j/langchain4j,92885861,2026-04-30 18:10:34+00:00,2026-04-30 19:31:06+00:00,1.3422222222222222,False,False
langchain4j/langchain4j,92885861,2026-06-01 13:56:17+00:00,2026-06-01 15:51:40+00:00,1.9230555555555555,False,False
langchain4j/langchain4j,92885861,2026-06-05 15:47:01+00:00,2026-06-06 07:27:11+00:00,15.669444444444444,False,False
langchain4j/langchain4j,92885861,2026-06-18 09:57:35+00:00,2026-06-19 08:14:10+00:00,22.27638888888889,False,False
langchain4j/langchain4j,92885861,2026-06-22 09:59:58+00:00,2026-06-22 16:07:29+00:00,6.125277777777778,False,False
langchain4j/langchain4j,92885861,2026-06-26 13:24:14+00:00,2026-06-26 15:32:57+00:00,2.145277777777778,False,False
langchain4j/langchain4j,92885861,2026-07-16 08:01:19+00:00,2026-07-16 10:57:51+00:00,2.942222222222222,False,False
langchain4j/langchain4j,92885861,2026-07-16 12:03:24+00:00,2026-07-16 13:25:50+00:00,1.373888888888889,False,False
langchain4j/langchain4j,92885861,2026-07-17 12:34:49+00:00,2026-07-17 14:29:24+00:00,1.9097222222222223,False,False
langchain4j/langchain4j,92885861,2026-07-29 14:59:04+00:00,2026-07-29 17:44:45+00:00,2.761388888888889,False,False
langchain4j/langchain4j,92885861,2026-08-14 11:34:40+00:00,2026-08-14 16:05:27+00:00,4.513055555555556,False,False
langchain4j/langchain4j,92885861,2026-09-04 11:58:31+00:00,2026-09-04 14:26:33+00:00,2.4672222222222224,False,False
langchain4j/langchain4j,92885861,2026-09-07 10:16:10+00:00,2026-09-07 11:32:45+00:00,1.2763888888888888,False,False
langchain4j/langchain4j,154921455,2025-10-02 15:17:47+00:00,2025-10-06 09:23:20+00:00,90.0925,False,False
langchain4j/langchain4j,154921455,2025-10-07 14:49:52+00:00,2025-10-08 08:16:19+00:00,17.440833333333334,False,False
langchain4j/langchain4j,154921455,2025-10-24 14:51:36+00:00,2025-10-24 15:26:51+00:00,0.5875,False,False
langchain4j/langchain4j,154921455,2025-11-13 10:39:04+00:00,2025-11-13 10:43:24+00:00,0.07222222222222222,False,False
langchain4j/langchain4j,154921455,2025-11-25 15:31:00+00:00,2025-11-25 15:39:29+00:00,0.1413888888888889,False,False
langchain4j/langchain4j,154921455,2025-11-26 16:38:39+00:00,2025-11-26 18:13:14+00:00,1.5763888888888888,False,False
langchain4j/langchain4j,154921455,2025-11-28 11:21:33+00:00,2025-12-01 09:18:27+00:00,69.94833333333334,False,False
langchain4j/langchain4j,154921455,2025-12-09 14:30:43+00:00,2025-12-10 08:56:44+00:00,18.433611111111112,False,False
langchain4j/langchain4j,154921455,2025-12-16 11:03:46+00:00,2025-12-16 12:39:40+00:00,1.5983333333333334,False,False
langchain4j/langchain4j,154921455,2026-04-10 07:49:43+00:00,2026-04-10 08:13:44+00:00,0.4002777777777778,False,False
langchain4j/langchain4j,154921455,2026-05-13 17:37:13+00:00,2026-05-13 17:52:03+00:00,0.24722222222222223,False,False
langchain4j/langchain4j,154921455,2026-06-05 14:19:41+00:00,2026-06-05 14:27:04+00:00,0.12305555555555556,False,False
langchain4j/langchain4j,154921455,2026-06-17 16:17:24+00:00,2026-06-17 16:51:10+00:00,0.5627777777777778,False,False
langchain4j/langchain4j,154921455,2026-06-18 07:44:43+00:00,2026-06-18 08:01:06+00:00,0.27305555555555555,False,False
langchain4j/langchain4j,154921455,2026-08-14 15:16:31+00:00,2026-08-17 08:02:13+00:00,64.76166666666667,False,False
langchain4j/langchain4j,154921455,2026-08-26 08:41:04+00:00,2026-08-26 08:59:45+00:00,0.3113888888888889,False,False
langchain4j/langchain4j,154921455,2026-08-31 08:42:56+00:00,2026-08-31 10:29:37+00:00,1.7780555555555555,False,False
langchain4j/langchain4j,154921455,2026-09-29 07:44:14+00:00,2026-09-29 13:26:24+00:00,5.7027777777777775,False,False
langchain4j/langchain4j,154921455,2026-09-30 14:50:45+00:00,2026-09-30 20:34:53+00:00,5.735555555555556,False,False
langchain4j/langchain4j,92885862,2025-10-07 14:49:52+00:00,2025-10-08 08:14:32+00:00,17.41111111111111,False,False
langchain4j/langchain4j,92885862,2025-11-25 15:31:00+00:00,2025-11-25 15:36:34+00:00,0.09277777777777778,False,False
rudderlabs/rudder-server,13090212,2025-10-07 11:10:00+00:00,2025-10-08 05:20:10+00:00,18.169444444444444,False,False
rudderlabs/rudder-server,13090212,2025-10-17 09:51:09+00:00,2025-10-17 10:47:56+00:00,0.9463888888888888,False,False
rudderlabs/rudder-server,13090212,2025-10-21 07:32:29+00:00,2025-10-21 08:01:18+00:00,0.4802777777777778,False,False
rudderlabs/rudder-server,13090212,2025-10-21 07:50:49+00:00,2025-10-22 08:12:49+00:00,24.366666666666667,False,False
rudderlabs/rudder-server,13090212,2025-10-22 18:39:54+00:00,2025-10-23 13:31:38+00:00,18.862222222222222,False,False
rudderlabs/rudder-server,13090212,2025-11-07 07:05:24+00:00,2025-11-10 20:11:35+00:00,85.10305555555556,False,False
rudderlabs/rudder-server,13090212,2025-11-20 10:58:22+00:00,2025-11-20 13:17:16+00:00,2.315,False,False
rudderlabs/rudder-server,13090212,2025-11-21 08:43:06+00:00,2025-11-21 09:40:32+00:00,0.9572222222222222,False,False
rudderlabs/rudder-server,13090212,2025-12-02 09:47:47+00:00,2025-12-03 07:18:30+00:00,21.511944444444445,False,False
rudderlabs/rudder-server,13090212,2025-12-04 07:17:59+00:00,2025-12-04 07:51:22+00:00,0.5563888888888889,False,False
rudderlabs/rudder-server,13090212,2025-12-04 09:38:03+00:00,2025-12-04 14:50:39+00:00,5.21,False,False
rudderlabs/rudder-server,13090212,2025-12-18 07:26:25+00:00,2025-12-19 10:32:19+00:00,27.098333333333333,False,False
rudderlabs/rudder-server,13090212,2026-01-02 06:33:17+00:00,2026-01-02 10:19:07+00:00,3.763888888888889,False,False
rudderlabs/rudder-server,13090212,2026-01-13 08:37:59+00:00,2026-01-13 10:32:59+00:00,1.9166666666666667,False,False
rudderlabs/rudder-server,13090212,2026-01-30 14:22:51+00:00,2026-01-30 20:16:25+00:00,5.892777777777778,False,False
rudderlabs/rudder-server,13090212,2026-02-02 07:12:35+00:00,2026-02-02 12:48:37+00:00,5.600555555555555,False,False
rudderlabs/rudder-server,13090212,2026-02-03 12:15:29+00:00,2026-02-04 11:32:09+00:00,23.27777777777778,False,False
rudderlabs/rudder-server,13090212,2026-02-09 06:25:51+00:00,2026-02-09 13:57:11+00:00,7.522222222222222,False,False
rudderlabs/rudder-server,13090212,2026-02-13 10:31:16+00:00,2026-02-13 15:21:36+00:00,4.838888888888889,False,False
rudderlabs/rudder-server,13090212,2026-02-17 07:23:20+00:00,2026-02-17 12:06:37+00:00,4.721388888888889,False,False
rudderlabs/rudder-server,13090212,2026-02-24 11:55:12+00:00,2026-02-24 18:59:47+00:00,7.076388888888889,False,False
rudderlabs/rudder-server,13090212,2026-02-25 05:04:45+00:00,2026-02-25 10:50:11+00:00,5.7572222222222225,False,False
rudderlabs/rudder-server,13090212,2026-02-26 09:50:51+00:00,2026-02-26 12:30:42+00:00,2.6641666666666666,False,False
rudderlabs/rudder-server,13090212,2026-03-10 08:31:36+00:00,2026-03-10 20:16:33+00:00,11.749166666666667,False,False
rudderlabs/rudder-server,13090212,2026-03-17 08:16:40+00:00,2026-03-18 05:31:00+00:00,21.238888888888887,False,False
rudderlabs/rudder-server,13090212,2026-03-18 11:37:47+00:00,2026-03-18 15:00:47+00:00,3.3833333333333333,False,False
rudderlabs/rudder-server,13090212,2026-03-19 13:24:51+00:00,2026-03-19 15:58:12+00:00,2.555833333333333,False,False
rudderlabs/rudder-server,13090212,2026-03-26 17:27:48+00:00,2026-03-27 08:32:42+00:00,15.081666666666667,False,False
rudderlabs/rudder-server,13090212,2026-03-31 11:30:26+00:00,2026-04-01 17:02:04+00:00,29.52722222222222,False,False
rudderlabs/rudder-server,13090212,2026-04-02 10:18:50+00:00,2026-04-02 12:47:03+00:00,2.4702777777777776,False,False
rudderlabs/rudder-server,13090212,2026-04-02 18:14:48+00:00,2026-04-03 11:41:38+00:00,17.447222222222223,False,False
rudderlabs/rudder-server,13090212,2026-04-05 18:02:28+00:00,2026-04-09 08:32:39+00:00,86.50305555555556,False,False
rudderlabs/rudder-server,13090212,2026-04-09 11:06:00+00:00,2026-04-09 13:04:03+00:00,1.9675,False,False
rudderlabs/rudder-server,13090212,2026-04-15 12:12:54+00:00,2026-04-16 06:44:37+00:00,18.52861111111111,False,False
rudderlabs/rudder-server,13090212,2026-04-19 17:36:16+00:00,2026-04-19 18:43:03+00:00,1.1130555555555555,False,False
rudderlabs/rudder-server,13090212,2026-04-21 12:47:28+00:00,2026-04-22 07:44:18+00:00,18.947222222222223,False,False
rudderlabs/rudder-server,13090212,2026-04-27 06:50:18+00:00,2026-04-28 07:50:55+00:00,25.010277777777777,False,False
rudderlabs/rudder-server,13090212,2026-05-11 12:04:37+00:00,2026-05-12 08:35:08+00:00,20.50861111111111,False,False
rudderlabs/rudder-server,13090212,2026-05-12 09:33:29+00:00,2026-05-12 10:16:16+00:00,0.7130555555555556,False,False
rudderlabs/rudder-server,13090212,2026-05-15 08:01:13+00:00,2026-05-15 11:46:27+00:00,3.753888888888889,False,False
rudderlabs/rudder-server,13090212,2026-05-15 11:15:00+00:00,2026-05-15 11:45:07+00:00,0.5019444444444444,False,False
rudderlabs/rudder-server,13090212,2026-05-25 07:14:09+00:00,2026-05-25 13:02:11+00:00,5.8005555555555555,False,False
rudderlabs/rudder-server,13090212,2026-05-28 13:51:32+00:00,2026-05-28 14:59:37+00:00,1.1347222222222222,False,False
rudderlabs/rudder-server,13090212,2026-06-02 13:18:45+00:00,2026-06-02 13:53:04+00:00,0.5719444444444445,False,False
rudderlabs/rudder-server,13090212,2026-06-03 07:35:06+00:00,2026-06-03 08:22:43+00:00,0.7936111111111112,False,False
rudderlabs/rudder-server,13090212,2026-06-03 08:06:40+00:00,2026-06-03 08:39:59+00:00,0.5552777777777778,False,False
rudderlabs/rudder-server,13090212,2026-06-05 11:34:08+00:00,2026-06-05 12:13:47+00:00,0.6608333333333334,False,False
rudderlabs/rudder-server,13090212,2026-06-09 14:30:17+00:00,2026-06-10 14:07:46+00:00,23.62472222222222,False,False
rudderlabs/rudder-server,13090212,2026-06-11 12:38:24+00:00,2026-06-12 04:02:24+00:00,15.4,False,False
rudderlabs/rudder-server,13090212,2026-06-12 13:58:27+00:00,2026-06-12 14:45:08+00:00,0.7780555555555555,False,False
rudderlabs/rudder-server,13090212,2026-06-22 14:02:12+00:00,2026-06-22 15:28:15+00:00,1.4341666666666666,False,False
rudderlabs/rudder-server,13090212,2026-06-26 06:09:05+00:00,2026-06-26 06:42:00+00:00,0.5486111111111112,False,False
rudderlabs/rudder-server,13090212,2026-06-29 05:07:49+00:00,2026-06-29 05:39:55+00:00,0.535,False,False
rudderlabs/rudder-server,13090212,2026-06-29 05:50:19+00:00,2026-06-29 07:19:01+00:00,1.4783333333333333,False,False
rudderlabs/rudder-server,13090212,2026-07-03 07:58:46+00:00,2026-07-06 08:47:05+00:00,72.80527777777777,False,False
rudderlabs/rudder-server,13090212,2026-07-08 05:36:58+00:00,2026-07-08 06:51:28+00:00,1.2416666666666667,False,False
rudderlabs/rudder-server,13090212,2026-07-08 11:00:45+00:00,2026-07-09 07:55:04+00:00,20.905277777777776,False,False
rudderlabs/rudder-server,13090212,2026-07-09 15:48:03+00:00,2026-07-10 12:52:47+00:00,21.07888888888889,False,False
rudderlabs/rudder-server,13090212,2026-07-13 11:54:14+00:00,2026-07-14 09:45:15+00:00,21.850277777777777,False,False
rudderlabs/rudder-server,13090212,2026-07-20 08:40:49+00:00,2026-07-21 10:13:06+00:00,25.538055555555555,False,False
rudderlabs/rudder-server,13090212,2026-07-27 06:46:54+00:00,2026-07-27 09:34:59+00:00,2.801388888888889,False,False
rudderlabs/rudder-server,13090212,2026-07-31 12:46:33+00:00,2026-08-04 07:30:51+00:00,90.73833333333333,False,False
rudderlabs/rudder-server,13090212,2026-08-06 08:54:29+00:00,2026-08-10 06:56:17+00:00,94.03,False,False
rudderlabs/rudder-server,13090212,2026-08-12 07:04:32+00:00,2026-08-12 07:57:34+00:00,0.8838888888888888,False,False
rudderlabs/rudder-server,13090212,2026-08-18 11:56:42+00:00,2026-08-19 12:45:55+00:00,24.82027777777778,False,False
rudderlabs/rudder-server,13090212,2026-08-25 07:38:42+00:00,2026-08-25 08:47:31+00:00,1.1469444444444445,False,False
rudderlabs/rudder-server,13090212,2026-08-28 05:46:32+00:00,2026-08-28 11:04:04+00:00,5.292222222222223,False,False
rudderlabs/rudder-server,13090212,2026-08-28 12:45:19+00:00,2026-08-28 14:40:21+00:00,1.9172222222222222,False,False
rudderlabs/rudder-server,13090212,2026-08-31 07:04:04+00:00,2026-08-31 08:13:04+00:00,1.15,False,False
rudderlabs/rudder-server,13090212,2026-09-01 11:10:01+00:00,2026-09-01 16:29:13+00:00,5.32,False,False
rudderlabs/rudder-server,13090212,2026-09-07 08:25:54+00:00,2026-09-07 09:25:32+00:00,0.9938888888888889,False,False
rudderlabs/rudder-server,13090212,2026-09-21 08:38:02+00:00,2026-09-21 11:32:28+00:00,2.9072222222222224,False,False
rudderlabs/rudder-server,13090212,2026-09-23 06:45:42+00:00,2026-09-23 11:10:26+00:00,4.412222222222222,False,False
rudderlabs/rudder-server,13090212,2026-09-24 10:25:49+00:00,2026-09-24 11:02:18+00:00,0.6080555555555556,False,False
rudderlabs/rudder-server,13090212,2026-09-29 04:23:33+00:00,2026-09-29 11:55:04+00:00,7.525277777777778,False,False
rudderlabs/rudder-server,27225641,2025-10-21 07:31:30+00:00,2025-10-21 08:18:57+00:00,0.7908333333333334,False,False
rudderlabs/rudder-server,27225641,2026-01-02 08:00:05+00:00,2026-01-02 10:06:33+00:00,2.1077777777777778,False,False
rudderlabs/rudder-server,27225641,2026-02-02 07:12:35+00:00,2026-02-02 09:42:47+00:00,2.5033333333333334,False,False
rudderlabs/rudder-server,27225641,2026-02-02 14:34:40+00:00,2026-02-02 16:13:44+00:00,1.6511111111111112,False,False
rudderlabs/rudder-server,27225641,2026-02-09 13:15:30+00:00,2026-02-09 13:40:25+00:00,0.4152777777777778,False,False
rudderlabs/rudder-server,27225641,2026-03-02 06:29:21+00:00,2026-03-02 14:20:03+00:00,7.845,False,False
rudderlabs/rudder-server,27225641,2026-04-17 11:21:00+00:00,2026-04-21 12:55:17+00:00,97.57138888888889,False,False
rudderlabs/rudder-server,27225641,2026-05-15 08:01:13+00:00,2026-05-15 11:34:31+00:00,3.555,False,False
rudderlabs/rudder-server,27225641,2026-06-03 06:05:07+00:00,2026-06-03 07:43:30+00:00,1.6397222222222223,False,False
rudderlabs/rudder-server,27225641,2026-06-16 13:29:28+00:00,2026-06-17 06:47:45+00:00,17.30472222222222,False,False
rudderlabs/rudder-server,27225641,2026-06-22 14:02:12+00:00,2026-06-22 14:11:47+00:00,0.1597222222222222,False,False
rudderlabs/rudder-server,27225641,2026-07-03 07:58:46+00:00,2026-07-03 08:45:26+00:00,0.7777777777777778,False,False
rudderlabs/rudder-server,27225641,2026-07-20 08:40:49+00:00,2026-07-20 08:58:31+00:00,0.295,False,False
rudderlabs/rudder-server,27225641,2026-09-01 16:05:41+00:00,2026-09-01 17:05:41+00:00,1.0,False,False
rudderlabs/rudder-server,13110524,2026-01-30 14:37:03+00:00,2026-01-30 17:31:39+00:00,2.91,False,False
rudderlabs/rudder-server,13110524,2026-02-25 18:06:45+00:00,2026-02-26 12:07:41+00:00,18.015555555555554,False,False
rudderlabs/rudder-server,13110524,2026-06-03 07:35:06+00:00,2026-06-03 07:56:29+00:00,0.35638888888888887,False,False
rudderlabs/rudder-server,13110524,2026-06-22 14:02:12+00:00,2026-06-22 14:10:02+00:00,0.13055555555555556,False,False
rudderlabs/rudder-server,13110524,2026-07-20 08:40:49+00:00,2026-07-20 08:53:34+00:00,0.2125,False,False
openvinotoolkit/openvino,162168787,2025-11-20 17:40:19+00:00,2025-11-20 22:23:54+00:00,4.726388888888889,False,False
openvinotoolkit/openvino,162168787,2026-01-15 11:45:15+00:00,2026-01-15 12:19:43+00:00,0.5744444444444444,False,False
openvinotoolkit/openvino,162168787,2026-01-18 11:12:25+00:00,2026-01-19 09:24:17+00:00,22.197777777777777,False,False
openvinotoolkit/openvino,162168787,2026-01-22 00:55:27+00:00,2026-01-22 11:24:37+00:00,10.48611111111111,False,False
openvinotoolkit/openvino,162168787,2026-02-09 11:36:45+00:00,2026-02-10 09:22:09+00:00,21.756666666666668,False,False
openvinotoolkit/openvino,162168787,2026-02-11 07:23:47+00:00,2026-02-11 08:35:20+00:00,1.1925,False,False
openvinotoolkit/openvino,162168787,2026-02-11 12:49:44+00:00,2026-02-11 15:11:21+00:00,2.3602777777777777,False,False
openvinotoolkit/openvino,162168787,2026-02-11 14:47:12+00:00,2026-02-11 15:48:58+00:00,1.0294444444444444,False,False
openvinotoolkit/openvino,162168787,2026-02-11 15:30:20+00:00,2026-02-11 16:51:19+00:00,1.3497222222222223,False,False
openvinotoolkit/openvino,162168787,2026-02-12 07:51:45+00:00,2026-02-12 09:09:18+00:00,1.2925,False,False
openvinotoolkit/openvino,162168787,2026-02-18 14:50:14+00:00,2026-02-18 16:41:19+00:00,1.851388888888889,False,False
openvinotoolkit/openvino,162168787,2026-02-27 08:52:45+00:00,2026-02-27 10:36:05+00:00,1.7222222222222223,False,False
openvinotoolkit/openvino,162168787,2026-02-27 10:27:01+00:00,2026-02-27 12:05:21+00:00,1.6388888888888888,False,False
openvinotoolkit/openvino,162168787,2026-02-27 16:21:59+00:00,2026-03-02 06:20:32+00:00,61.975833333333334,False,False
openvinotoolkit/openvino,162168787,2026-03-02 12:23:00+00:00,2026-03-02 13:41:37+00:00,1.3102777777777779,False,False
openvinotoolkit/openvino,162168787,2026-03-11 10:39:58+00:00,2026-03-11 14:22:34+00:00,3.71,False,False
openvinotoolkit/openvino,162168787,2026-05-07 18:33:59+00:00,2026-05-07 20:17:13+00:00,1.7205555555555556,False,False
openvinotoolkit/openvino,162168787,2026-06-11 09:57:20+00:00,2026-06-11 10:58:07+00:00,1.0130555555555556,False,False
openvinotoolkit/openvino,162168787,2026-06-23 06:17:46+00:00,2026-06-23 12:43:25+00:00,6.4275,False,False
openvinotoolkit/openvino,162168787,2026-07-09 04:43:02+00:00,2026-07-09 10:06:24+00:00,5.389444444444444,False,False
openvinotoolkit/openvino,126492209,2026-01-18 11:12:25+00:00,2026-01-19 09:16:26+00:00,22.066944444444445,False,False
openvinotoolkit/openvino,126492209,2026-01-22 00:55:27+00:00,2026-01-22 10:02:53+00:00,9.123888888888889,False,False
openvinotoolkit/openvino,126492209,2026-03-05 10:21:45+00:00,2026-03-05 11:09:18+00:00,0.7925,False,False
openvinotoolkit/openvino,66977359,2025-10-03 07:21:06+00:00,2025-10-03 13:13:35+00:00,5.874722222222222,False,False
openvinotoolkit/openvino,66977359,2025-10-06 12:43:29+00:00,2025-10-06 14:02:46+00:00,1.321388888888889,False,False
openvinotoolkit/openvino,66977359,2025-10-06 14:48:16+00:00,2025-10-07 11:40:39+00:00,20.873055555555556,False,False
openvinotoolkit/openvino,66977359,2025-10-08 11:37:39+00:00,2025-10-08 12:46:38+00:00,1.1497222222222223,False,False
openvinotoolkit/openvino,66977359,2025-10-13 06:55:12+00:00,2025-10-13 09:36:44+00:00,2.692222222222222,False,False
openvinotoolkit/openvino,66977359,2025-10-13 11:00:10+00:00,2025-10-13 14:18:49+00:00,3.3108333333333335,False,False
openvinotoolkit/openvino,66977359,2025-10-14 12:37:37+00:00,2025-10-14 15:17:48+00:00,2.669722222222222,False,False
openvinotoolkit/openvino,66977359,2025-10-16 11:58:27+00:00,2025-10-16 14:12:24+00:00,2.2325,False,False
openvinotoolkit/openvino,66977359,2025-10-17 05:46:34+00:00,2025-10-17 10:30:01+00:00,4.724166666666667,False,False
openvinotoolkit/openvino,66977359,2025-10-17 16:49:30+00:00,2025-10-18 13:58:45+00:00,21.154166666666665,False,False
openvinotoolkit/openvino,66977359,2025-10-20 12:48:56+00:00,2025-10-20 14:00:24+00:00,1.191111111111111,False,False
openvinotoolkit/openvino,66977359,2025-10-23 16:30:57+00:00,2025-10-23 18:36:59+00:00,2.1005555555555557,False,False
openvinotoolkit/openvino,66977359,2026-01-02 13:42:45+00:00,2026-01-02 14:36:00+00:00,0.8875,False,False
openvinotoolkit/openvino,66977359,2026-01-07 12:53:31+00:00,2026-01-07 17:30:59+00:00,4.624444444444444,False,False
openvinotoolkit/openvino,66977359,2026-01-18 11:12:25+00:00,2026-01-19 11:21:20+00:00,24.148611111111112,False,False
openvinotoolkit/openvino,66977359,2026-02-02 10:33:38+00:00,2026-02-02 11:40:26+00:00,1.1133333333333333,False,False
openvinotoolkit/openvino,66977359,2026-02-02 18:42:50+00:00,2026-02-03 03:53:34+00:00,9.178888888888888,False,False
openvinotoolkit/openvino,66977359,2026-04-07 14:02:43+00:00,2026-04-07 18:41:45+00:00,4.650555555555556,False,False
openvinotoolkit/openvino,66977359,2026-07-09 04:43:01+00:00,2026-07-09 09:59:59+00:00,5.282777777777778,False,False
openvinotoolkit/openvino,142011639,2025-10-02 23:41:11+00:00,2025-10-03 09:33:02+00:00,9.864166666666666,False,False
openvinotoolkit/openvino,142011639,2025-10-13 10:47:07+00:00,2025-10-13 13:09:24+00:00,2.3713888888888888,False,False
openvinotoolkit/openvino,142011639,2025-10-14 10:54:14+00:00,2025-10-14 12:57:17+00:00,2.0508333333333333,False,False
openvinotoolkit/openvino,142011639,2025-10-14 12:05:17+00:00,2025-10-14 14:01:45+00:00,1.941111111111111,False,False
openvinotoolkit/openvino,142011639,2025-10-21 00:03:25+00:00,2025-10-21 01:55:36+00:00,1.8697222222222223,False,False
openvinotoolkit/openvino,142011639,2025-10-21 12:43:29+00:00,2025-10-21 14:38:43+00:00,1.9205555555555556,False,False
openvinotoolkit/openvino,142011639,2025-10-31 02:11:15+00:00,2025-10-31 11:21:39+00:00,9.173333333333334,False,False
openvinotoolkit/openvino,142011639,2025-11-12 18:54:39+00:00,2025-11-12 22:00:07+00:00,3.091111111111111,False,False
openvinotoolkit/openvino,142011639,2025-11-13 22:07:08+00:00,2025-11-14 00:02:37+00:00,1.9247222222222222,False,False
openvinotoolkit/openvino,142011639,2025-11-17 03:03:58+00:00,2025-11-17 15:12:18+00:00,12.13888888888889,False,False
openvinotoolkit/openvino,142011639,2025-11-18 18:20:08+00:00,2025-11-19 00:13:16+00:00,5.885555555555555,False,False
openvinotoolkit/openvino,142011639,2025-11-26 11:20:15+00:00,2025-11-26 13:31:44+00:00,2.191388888888889,False,False
openvinotoolkit/openvino,142011639,2025-11-28 22:56:54+00:00,2025-11-29 13:15:46+00:00,14.314444444444444,False,False
openvinotoolkit/openvino,142011639,2025-12-01 11:22:48+00:00,2025-12-01 12:47:16+00:00,1.4077777777777778,False,False
openvinotoolkit/openvino,142011639,2025-12-01 23:42:06+00:00,2025-12-02 13:35:17+00:00,13.886388888888888,False,False
openvinotoolkit/openvino,142011639,2025-12-03 13:27:09+00:00,2025-12-03 16:05:47+00:00,2.6438888888888887,False,False
openvinotoolkit/openvino,142011639,2025-12-09 12:28:52+00:00,2025-12-09 22:42:24+00:00,10.225555555555555,False,False
openvinotoolkit/openvino,142011639,2025-12-10 11:19:35+00:00,2025-12-10 21:43:24+00:00,10.396944444444445,False,False
openvinotoolkit/openvino,142011639,2025-12-11 13:13:17+00:00,2025-12-12 00:35:17+00:00,11.366666666666667,False,False
openvinotoolkit/openvino,142011639,2025-12-16 02:05:21+00:00,2025-12-16 09:45:07+00:00,7.6627777777777775,False,False
openvinotoolkit/openvino,142011639,2025-12-18 10:30:09+00:00,2025-12-18 17:59:33+00:00,7.49,False,False
openvinotoolkit/openvino,142011639,2025-12-19 09:44:07+00:00,2025-12-19 11:55:22+00:00,2.1875,False,False
openvinotoolkit/openvino,142011639,2025-12-19 13:46:21+00:00,2025-12-19 15:42:43+00:00,1.9394444444444445,False,False
openvinotoolkit/openvino,142011639,2025-12-23 12:16:33+00:00,2025-12-23 13:58:18+00:00,1.6958333333333333,False,False
openvinotoolkit/openvino,142011639,2025-12-23 13:32:19+00:00,2025-12-23 13:38:23+00:00,0.10111111111111111,False,False
openvinotoolkit/openvino,142011639,2025-12-23 14:21:14+00:00,2025-12-23 16:25:55+00:00,2.0780555555555558,False,False
openvinotoolkit/openvino,142011639,2025-12-29 10:46:20+00:00,2025-12-29 12:56:04+00:00,2.1622222222222223,False,False
openvinotoolkit/openvino,142011639,2025-12-29 15:27:52+00:00,2025-12-29 16:10:43+00:00,0.7141666666666666,False,False
openvinotoolkit/openvino,142011639,2026-01-02 13:42:45+00:00,2026-01-02 15:20:25+00:00,1.6277777777777778,False,False
openvinotoolkit/openvino,142011639,2026-01-06 03:50:15+00:00,2026-01-06 06:12:34+00:00,2.3719444444444444,False,False
openvinotoolkit/openvino,142011639,2026-01-08 21:09:05+00:00,2026-01-09 03:14:52+00:00,6.096388888888889,False,False
openvinotoolkit/openvino,142011639,2026-01-09 15:34:18+00:00,2026-01-09 17:48:42+00:00,2.24,False,False
openvinotoolkit/openvino,142011639,2026-01-12 19:48:24+00:00,2026-01-13 07:25:06+00:00,11.611666666666666,False,False
openvinotoolkit/openvino,142011639,2026-01-13 19:27:12+00:00,2026-01-14 06:37:35+00:00,11.173055555555555,False,False
openvinotoolkit/openvino,142011639,2026-01-14 21:30:38+00:00,2026-01-14 23:48:59+00:00,2.305833333333333,False,False
openvinotoolkit/openvino,142011639,2026-01-16 10:21:47+00:00,2026-01-16 13:05:16+00:00,2.7247222222222223,False,False
openvinotoolkit/openvino,142011639,2026-01-19 10:29:48+00:00,2026-01-19 15:42:59+00:00,5.219722222222222,False,False
openvinotoolkit/openvino,142011639,2026-01-21 23:12:13+00:00,2026-01-22 11:32:27+00:00,12.337222222222222,False,False
openvinotoolkit/openvino,142011639,2026-01-22 12:30:19+00:00,2026-01-22 21:20:13+00:00,8.831666666666667,False,False
openvinotoolkit/openvino,142011639,2026-01-23 10:08:23+00:00,2026-01-23 11:40:37+00:00,1.5372222222222223,False,False
openvinotoolkit/openvino,142011639,2026-01-25 04:32:10+00:00,2026-01-26 10:26:00+00:00,29.897222222222222,False,False
openvinotoolkit/openvino,142011639,2026-01-26 12:00:56+00:00,2026-01-26 12:59:04+00:00,0.9688888888888889,False,False
openvinotoolkit/openvino,142011639,2026-01-26 15:38:01+00:00,2026-01-26 20:23:11+00:00,4.752777777777778,False,False
openvinotoolkit/openvino,142011639,2026-01-29 11:56:44+00:00,2026-01-29 15:16:19+00:00,3.326388888888889,False,False
openvinotoolkit/openvino,142011639,2026-01-29 16:19:13+00:00,2026-01-29 18:15:10+00:00,1.9325,False,False
openvinotoolkit/openvino,142011639,2026-01-29 21:59:50+00:00,2026-01-30 07:04:47+00:00,9.0825,False,False
openvinotoolkit/openvino,142011639,2026-01-31 00:54:06+00:00,2026-01-31 14:12:29+00:00,13.30638888888889,False,False
openvinotoolkit/openvino,142011639,2026-02-02 18:12:09+00:00,2026-02-03 04:35:47+00:00,10.393888888888888,False,False
openvinotoolkit/openvino,142011639,2026-02-06 11:55:33+00:00,2026-02-06 14:07:21+00:00,2.1966666666666668,False,False
openvinotoolkit/openvino,142011639,2026-02-07 13:56:38+00:00,2026-02-09 14:10:15+00:00,48.22694444444444,False,False
openvinotoolkit/openvino,142011639,2026-02-10 12:01:35+00:00,2026-02-10 21:11:22+00:00,9.163055555555555,False,False
openvinotoolkit/openvino,142011639,2026-02-10 22:22:16+00:00,2026-02-11 08:53:04+00:00,10.513333333333334,False,False
openvinotoolkit/openvino,142011639,2026-02-11 10:33:22+00:00,2026-02-11 14:03:55+00:00,3.5091666666666668,False,False
openvinotoolkit/openvino,142011639,2026-02-12 07:51:45+00:00,2026-02-12 09:59:43+00:00,2.1327777777777777,False,False
openvinotoolkit/openvino,142011639,2026-02-12 12:10:15+00:00,2026-02-12 14:35:16+00:00,2.4169444444444443,False,False
openvinotoolkit/openvino,142011639,2026-02-13 16:40:05+00:00,2026-02-14 03:00:34+00:00,10.341388888888888,False,False
openvinotoolkit/openvino,142011639,2026-02-16 06:43:08+00:00,2026-02-16 10:02:56+00:00,3.33,False,False
openvinotoolkit/openvino,142011639,2026-02-16 11:06:03+00:00,2026-02-16 14:06:27+00:00,3.006666666666667,False,False
openvinotoolkit/openvino,142011639,2026-02-18 06:35:21+00:00,2026-02-18 16:05:04+00:00,9.495277777777778,False,False
openvinotoolkit/openvino,142011639,2026-02-25 12:42:00+00:00,2026-02-25 19:33:26+00:00,6.857222222222222,False,False
openvinotoolkit/openvino,142011639,2026-03-02 12:23:00+00:00,2026-03-02 13:57:43+00:00,1.5786111111111112,False,False
openvinotoolkit/openvino,142011639,2026-03-02 13:20:09+00:00,2026-03-02 16:33:05+00:00,3.2155555555555555,False,False
openvinotoolkit/openvino,142011639,2026-03-03 10:52:27+00:00,2026-03-03 13:07:34+00:00,2.2519444444444443,False,False
openvinotoolkit/openvino,142011639,2026-03-03 21:43:54+00:00,2026-03-04 15:17:12+00:00,17.555,False,False
openvinotoolkit/openvino,142011639,2026-03-06 07:01:27+00:00,2026-03-06 09:42:40+00:00,2.6869444444444444,False,False
openvinotoolkit/openvino,142011639,2026-03-06 12:57:18+00:00,2026-03-06 14:29:40+00:00,1.5394444444444444,False,False
openvinotoolkit/openvino,142011639,2026-03-06 15:16:44+00:00,2026-03-06 17:26:56+00:00,2.17,False,False
openvinotoolkit/openvino,142011639,2026-03-06 18:16:02+00:00,2026-03-06 20:01:03+00:00,1.7502777777777778,False,False
openvinotoolkit/openvino,142011639,2026-03-09 06:52:01+00:00,2026-03-09 13:48:00+00:00,6.933055555555556,False,False
openvinotoolkit/openvino,142011639,2026-03-09 17:09:32+00:00,2026-03-09 21:48:37+00:00,4.651388888888889,False,False
openvinotoolkit/openvino,142011639,2026-03-10 06:00:43+00:00,2026-03-10 10:03:35+00:00,4.047777777777778,False,False
openvinotoolkit/openvino,142011639,2026-03-10 15:07:52+00:00,2026-03-10 17:24:45+00:00,2.281388888888889,False,False
openvinotoolkit/openvino,142011639,2026-03-10 17:19:07+00:00,2026-03-10 18:24:36+00:00,1.091388888888889,False,False
openvinotoolkit/openvino,142011639,2026-03-10 18:26:32+00:00,2026-03-10 21:59:22+00:00,3.547222222222222,False,False
openvinotoolkit/openvino,142011639,2026-03-11 06:56:32+00:00,2026-03-11 08:34:30+00:00,1.6327777777777779,False,False
openvinotoolkit/openvino,142011639,2026-03-11 13:36:35+00:00,2026-03-11 16:31:55+00:00,2.922222222222222,False,False
openvinotoolkit/openvino,142011639,2026-03-12 13:52:43+00:00,2026-03-12 15:10:49+00:00,1.3016666666666667,False,False
openvinotoolkit/openvino,142011639,2026-03-13 10:10:50+00:00,2026-03-13 11:23:12+00:00,1.2061111111111111,False,False
openvinotoolkit/openvino,142011639,2026-03-19 10:59:49+00:00,2026-03-19 11:49:35+00:00,0.8294444444444444,False,False
openvinotoolkit/openvino,142011639,2026-03-19 15:17:09+00:00,2026-03-19 20:22:49+00:00,5.094444444444444,False,False
openvinotoolkit/openvino,142011639,2026-03-20 08:31:02+00:00,2026-03-20 12:28:29+00:00,3.9575,False,False
openvinotoolkit/openvino,142011639,2026-03-26 16:05:21+00:00,2026-03-26 17:53:33+00:00,1.8033333333333332,False,False
openvinotoolkit/openvino,142011639,2026-03-27 10:15:49+00:00,2026-03-27 11:50:35+00:00,1.5794444444444444,False,False
openvinotoolkit/openvino,142011639,2026-03-31 06:54:33+00:00,2026-03-31 10:40:47+00:00,3.7705555555555557,False,False
openvinotoolkit/openvino,142011639,2026-04-07 09:25:36+00:00,2026-04-07 10:40:37+00:00,1.2502777777777778,False,False
openvinotoolkit/openvino,142011639,2026-04-08 18:54:37+00:00,2026-04-09 04:42:08+00:00,9.791944444444445,False,False
openvinotoolkit/openvino,142011639,2026-04-10 07:33:55+00:00,2026-04-10 10:18:08+00:00,2.7369444444444446,False,False
openvinotoolkit/openvino,142011639,2026-04-10 10:45:39+00:00,2026-04-10 14:48:40+00:00,4.050277777777778,False,False
openvinotoolkit/openvino,142011639,2026-04-13 10:36:38+00:00,2026-04-13 12:53:50+00:00,2.2866666666666666,False,False
openvinotoolkit/openvino,142011639,2026-04-14 11:32:34+00:00,2026-04-14 14:54:50+00:00,3.371111111111111,False,False
openvinotoolkit/openvino,142011639,2026-04-16 13:36:49+00:00,2026-04-16 16:39:33+00:00,3.0455555555555556,False,False
openvinotoolkit/openvino,142011639,2026-04-17 08:59:20+00:00,2026-04-17 14:26:56+00:00,5.46,False,False
openvinotoolkit/openvino,142011639,2026-04-21 15:36:36+00:00,2026-04-21 17:14:37+00:00,1.6336111111111111,False,False
openvinotoolkit/openvino,142011639,2026-04-22 10:52:52+00:00,2026-04-22 12:18:59+00:00,1.4352777777777779,False,False
openvinotoolkit/openvino,142011639,2026-04-23 16:18:53+00:00,2026-04-23 17:50:07+00:00,1.5205555555555557,False,False
openvinotoolkit/openvino,142011639,2026-04-29 18:29:55+00:00,2026-04-29 21:06:21+00:00,2.607222222222222,False,False
openvinotoolkit/openvino,142011639,2026-04-30 10:42:45+00:00,2026-04-30 12:57:12+00:00,2.2408333333333332,False,False
openvinotoolkit/openvino,142011639,2026-05-06 23:28:48+00:00,2026-05-07 01:07:43+00:00,1.648611111111111,False,False
openvinotoolkit/openvino,142011639,2026-05-12 05:44:53+00:00,2026-05-12 09:50:03+00:00,4.086111111111111,False,False
openvinotoolkit/openvino,142011639,2026-05-12 11:57:03+00:00,2026-05-12 14:57:48+00:00,3.0125,False,False
openvinotoolkit/openvino,142011639,2026-05-13 14:01:22+00:00,2026-05-13 15:25:22+00:00,1.4,False,False
openvinotoolkit/openvino,142011639,2026-05-22 09:46:31+00:00,2026-05-22 13:39:30+00:00,3.8830555555555555,False,False
openvinotoolkit/openvino,142011639,2026-05-23 05:11:07+00:00,2026-05-25 13:13:27+00:00,56.03888888888889,False,False
openvinotoolkit/openvino,142011639,2026-05-26 20:21:02+00:00,2026-05-27 05:19:30+00:00,8.974444444444444,False,False
openvinotoolkit/openvino,142011639,2026-05-27 16:29:13+00:00,2026-05-27 20:13:55+00:00,3.745,False,False
openvinotoolkit/openvino,142011639,2026-05-27 22:35:41+00:00,2026-05-28 02:27:34+00:00,3.8647222222222224,False,False
openvinotoolkit/openvino,142011639,2026-05-28 11:10:43+00:00,2026-05-28 15:05:17+00:00,3.9094444444444445,False,False
openvinotoolkit/openvino,142011639,2026-05-29 15:17:06+00:00,2026-05-29 19:00:44+00:00,3.727222222222222,False,False
openvinotoolkit/openvino,142011639,2026-05-30 11:44:56+00:00,2026-06-01 05:56:14+00:00,42.18833333333333,False,False
openvinotoolkit/openvino,142011639,2026-06-03 06:53:08+00:00,2026-06-03 11:09:49+00:00,4.2780555555555555,False,False
openvinotoolkit/openvino,142011639,2026-06-03 09:53:32+00:00,2026-06-03 12:00:23+00:00,2.1141666666666667,False,False
openvinotoolkit/openvino,142011639,2026-06-03 11:19:38+00:00,2026-06-03 13:19:10+00:00,1.9922222222222221,False,False
openvinotoolkit/openvino,142011639,2026-06-03 15:46:11+00:00,2026-06-03 18:24:55+00:00,2.6455555555555557,False,False
openvinotoolkit/openvino,142011639,2026-06-03 17:39:32+00:00,2026-06-03 19:48:30+00:00,2.1494444444444443,False,False
openvinotoolkit/openvino,142011639,2026-06-04 08:38:58+00:00,2026-06-04 10:07:44+00:00,1.4794444444444443,False,False
openvinotoolkit/openvino,142011639,2026-06-05 12:54:42+00:00,2026-06-05 15:02:55+00:00,2.1369444444444445,False,False
openvinotoolkit/openvino,142011639,2026-06-09 09:26:08+00:00,2026-06-09 11:23:42+00:00,1.9594444444444445,False,False
openvinotoolkit/openvino,142011639,2026-06-09 19:14:20+00:00,2026-06-10 15:43:40+00:00,20.488888888888887,False,False
openvinotoolkit/openvino,142011639,2026-06-11 05:32:22+00:00,2026-06-11 08:12:23+00:00,2.6669444444444443,False,False
openvinotoolkit/openvino,142011639,2026-06-11 13:42:33+00:00,2026-06-11 15:49:04+00:00,2.108611111111111,False,False
openvinotoolkit/openvino,142011639,2026-06-11 14:33:57+00:00,2026-06-11 20:56:09+00:00,6.37,False,False
openvinotoolkit/openvino,142011639,2026-06-12 11:19:08+00:00,2026-06-12 14:25:20+00:00,3.1033333333333335,False,False
openvinotoolkit/openvino,142011639,2026-06-16 13:34:05+00:00,2026-06-16 15:22:41+00:00,1.81,False,False
openvinotoolkit/openvino,142011639,2026-06-16 16:22:26+00:00,2026-06-16 20:30:14+00:00,4.13,False,False
openvinotoolkit/openvino,142011639,2026-06-17 10:07:20+00:00,2026-06-17 11:52:19+00:00,1.7497222222222222,False,False
openvinotoolkit/openvino,142011639,2026-06-17 16:59:42+00:00,2026-06-18 05:42:59+00:00,12.721388888888889,False,False
openvinotoolkit/openvino,142011639,2026-06-19 09:19:31+00:00,2026-06-19 12:16:33+00:00,2.9505555555555554,False,False
openvinotoolkit/openvino,142011639,2026-06-19 13:26:47+00:00,2026-06-19 16:11:05+00:00,2.7383333333333333,False,False
openvinotoolkit/openvino,142011639,2026-06-22 12:32:22+00:00,2026-06-22 17:20:14+00:00,4.797777777777778,False,False
openvinotoolkit/openvino,142011639,2026-06-23 12:21:20+00:00,2026-06-23 15:54:40+00:00,3.5555555555555554,False,False
openvinotoolkit/openvino,142011639,2026-06-23 14:51:42+00:00,2026-06-23 17:46:20+00:00,2.9105555555555553,False,False
openvinotoolkit/openvino,142011639,2026-06-23 16:31:13+00:00,2026-06-23 18:07:56+00:00,1.6119444444444444,False,False
openvinotoolkit/openvino,142011639,2026-06-23 21:27:46+00:00,2026-06-24 04:11:59+00:00,6.736944444444444,False,False
openvinotoolkit/openvino,142011639,2026-06-24 05:18:53+00:00,2026-06-24 11:06:24+00:00,5.791944444444445,False,False
openvinotoolkit/openvino,142011639,2026-06-24 12:22:47+00:00,2026-06-24 17:39:12+00:00,5.273611111111111,False,False
openvinotoolkit/openvino,142011639,2026-06-26 19:24:05+00:00,2026-06-29 12:08:34+00:00,64.74138888888889,False,False
openvinotoolkit/openvino,142011639,2026-06-29 14:00:00+00:00,2026-06-29 19:05:09+00:00,5.085833333333333,False,False
openvinotoolkit/openvino,142011639,2026-07-08 23:37:20+00:00,2026-07-09 02:17:30+00:00,2.6694444444444443,False,False
openvinotoolkit/openvino,142011639,2026-07-09 04:43:02+00:00,2026-07-09 10:59:10+00:00,6.268888888888889,False,False
openvinotoolkit/openvino,142011639,2026-07-09 15:00:32+00:00,2026-07-09 17:19:13+00:00,2.3113888888888887,False,False
openvinotoolkit/openvino,142011639,2026-07-16 12:56:12+00:00,2026-07-16 17:15:41+00:00,4.324722222222222,False,False
openvinotoolkit/openvino,142011639,2026-07-16 14:46:35+00:00,2026-07-16 17:22:40+00:00,2.6013888888888888,False,False
openvinotoolkit/openvino,142011639,2026-07-16 15:57:45+00:00,2026-07-16 21:41:39+00:00,5.7316666666666665,False,False
openvinotoolkit/openvino,142011639,2026-07-21 12:47:32+00:00,2026-07-21 17:53:24+00:00,5.097777777777778,False,False
openvinotoolkit/openvino,142011639,2026-07-23 05:33:18+00:00,2026-07-23 10:37:49+00:00,5.075277777777778,False,False
openvinotoolkit/openvino,142011639,2026-07-30 10:43:10+00:00,2026-07-30 13:33:21+00:00,2.836388888888889,False,False
openvinotoolkit/openvino,142011639,2026-09-11 03:55:40+00:00,2026-09-11 10:47:55+00:00,6.870833333333334,False,False
openvinotoolkit/openvino,115801151,2025-10-01 12:01:10+00:00,2025-10-02 07:19:24+00:00,19.30388888888889,False,False
openvinotoolkit/openvino,115801151,2026-01-18 11:12:25+00:00,2026-01-19 09:37:06+00:00,22.41138888888889,False,False
openvinotoolkit/openvino,115801151,2026-01-22 00:55:27+00:00,2026-01-22 11:51:56+00:00,10.94138888888889,False,False
openvinotoolkit/openvino,115801151,2026-03-10 07:13:16+00:00,2026-03-10 09:29:06+00:00,2.263888888888889,False,False
openvinotoolkit/openvino,115801151,2026-03-12 14:08:02+00:00,2026-03-12 14:54:05+00:00,0.7675,False,False
openvinotoolkit/openvino,115801151,2026-03-30 10:33:57+00:00,2026-03-30 22:56:45+00:00,12.38,False,False
openvinotoolkit/openvino,142011640,2025-10-17 10:39:08+00:00,2025-10-17 12:26:36+00:00,1.791111111111111,False,False
openvinotoolkit/openvino,142011640,2025-10-30 12:28:07+00:00,2025-10-30 15:02:30+00:00,2.5730555555555554,False,False
openvinotoolkit/openvino,142011640,2025-11-13 19:14:46+00:00,2025-11-14 00:31:32+00:00,5.279444444444445,False,False
openvinotoolkit/openvino,142011640,2025-11-27 08:47:59+00:00,2025-11-27 13:29:43+00:00,4.695555555555556,False,False
openvinotoolkit/openvino,142011640,2025-12-08 23:51:00+00:00,2025-12-09 02:38:34+00:00,2.792777777777778,False,False
openvinotoolkit/openvino,142011640,2025-12-10 02:16:29+00:00,2025-12-10 10:53:40+00:00,8.619722222222222,False,False
openvinotoolkit/openvino,142011640,2026-01-22 12:30:19+00:00,2026-01-22 19:50:15+00:00,7.332222222222223,False,False
openvinotoolkit/openvino,142011640,2026-01-31 00:54:06+00:00,2026-01-31 14:20:17+00:00,13.436388888888889,False,False
openvinotoolkit/openvino,142011640,2026-02-02 18:12:09+00:00,2026-02-03 04:36:40+00:00,10.408611111111112,False,False
openvinotoolkit/openvino,142011640,2026-02-27 10:27:01+00:00,2026-02-27 13:06:04+00:00,2.6508333333333334,False,False
openvinotoolkit/openvino,142011640,2026-03-12 10:15:13+00:00,2026-03-12 12:15:58+00:00,2.0125,False,False
openvinotoolkit/openvino,142011640,2026-04-15 11:04:13+00:00,2026-04-15 13:31:13+00:00,2.45,False,False
openvinotoolkit/openvino,142011640,2026-04-23 16:25:41+00:00,2026-04-23 18:04:21+00:00,1.6444444444444444,False,False
openvinotoolkit/openvino,142011640,2026-05-22 01:02:31+00:00,2026-05-22 05:45:14+00:00,4.711944444444445,False,False
openvinotoolkit/openvino,142011640,2026-06-05 12:54:42+00:00,2026-06-05 15:22:22+00:00,2.4611111111111112,False,False
openvinotoolkit/openvino,142011640,2026-06-09 09:23:10+00:00,2026-06-09 11:42:44+00:00,2.326111111111111,False,False
openvinotoolkit/openvino,142011640,2026-06-17 12:33:01+00:00,2026-06-17 14:57:21+00:00,2.4055555555555554,False,False
openvinotoolkit/openvino,142011640,2026-06-23 21:27:46+00:00,2026-06-24 04:25:15+00:00,6.958055555555555,False,False
openvinotoolkit/openvino,142011640,2026-06-24 14:04:18+00:00,2026-06-24 15:56:50+00:00,1.8755555555555556,False,False
openvinotoolkit/openvino,142011640,2026-07-09 04:43:02+00:00,2026-07-09 10:27:07+00:00,5.7347222222222225,False,False
openvinotoolkit/openvino,104701889,2025-10-08 11:37:40+00:00,2025-10-08 13:08:11+00:00,1.5086111111111111,False,False
openvinotoolkit/openvino,104701889,2025-10-08 23:33:03+00:00,2025-10-09 01:38:37+00:00,2.0927777777777776,False,False
openvinotoolkit/openvino,104701889,2025-10-09 13:00:18+00:00,2025-10-09 14:28:58+00:00,1.4777777777777779,False,False
openvinotoolkit/openvino,104701889,2025-10-23 16:30:57+00:00,2025-10-23 18:59:16+00:00,2.4719444444444445,False,False
openvinotoolkit/openvino,104701889,2025-11-05 11:02:05+00:00,2025-11-05 15:35:43+00:00,4.560555555555555,False,False
openvinotoolkit/openvino,104701889,2025-11-06 14:25:17+00:00,2025-11-06 15:43:48+00:00,1.3086111111111112,False,False
openvinotoolkit/openvino,104701889,2025-11-20 17:29:08+00:00,2025-11-20 23:12:55+00:00,5.729722222222223,False,False
openvinotoolkit/openvino,104701889,2025-11-20 23:10:18+00:00,2025-11-21 08:00:40+00:00,8.839444444444444,False,False
openvinotoolkit/openvino,104701889,2025-12-29 15:27:52+00:00,2025-12-29 17:02:41+00:00,1.5802777777777777,False,False
openvinotoolkit/openvino,104701889,2026-01-14 21:58:14+00:00,2026-01-14 23:39:13+00:00,1.6830555555555555,False,False
openvinotoolkit/openvino,104701889,2026-01-18 11:12:25+00:00,2026-01-19 10:10:33+00:00,22.968888888888888,False,False
openvinotoolkit/openvino,104701889,2026-01-22 00:55:27+00:00,2026-01-22 10:55:58+00:00,10.008611111111112,False,False
openvinotoolkit/openvino,104701889,2026-01-26 19:09:44+00:00,2026-01-27 09:39:56+00:00,14.503333333333334,False,False
openvinotoolkit/openvino,104701889,2026-01-30 12:33:29+00:00,2026-01-30 14:15:21+00:00,1.6977777777777778,False,False
openvinotoolkit/openvino,104701889,2026-02-02 18:12:09+00:00,2026-02-03 04:20:21+00:00,10.136666666666667,False,False
openvinotoolkit/openvino,104701889,2026-02-11 15:30:20+00:00,2026-02-11 17:38:16+00:00,2.132222222222222,False,False
openvinotoolkit/openvino,104701889,2026-02-18 09:08:02+00:00,2026-02-18 12:03:54+00:00,2.931111111111111,False,False
openvinotoolkit/openvino,104701889,2026-03-11 18:29:11+00:00,2026-03-11 20:58:40+00:00,2.491388888888889,False,False
openvinotoolkit/openvino,104701889,2026-04-14 09:22:35+00:00,2026-04-14 12:18:45+00:00,2.936111111111111,False,False
openvinotoolkit/openvino,104701889,2026-04-17 07:54:27+00:00,2026-04-17 08:54:44+00:00,1.0047222222222223,False,False
openvinotoolkit/openvino,104701889,2026-04-23 16:20:34+00:00,2026-04-23 17:25:36+00:00,1.083888888888889,False,False
openvinotoolkit/openvino,104701889,2026-06-11 06:56:10+00:00,2026-06-11 09:39:37+00:00,2.7241666666666666,False,False
openvinotoolkit/openvino,104701889,2026-06-24 09:27:56+00:00,2026-06-24 10:47:51+00:00,1.3319444444444444,False,False
openvinotoolkit/openvino,104701889,2026-06-24 16:15:28+00:00,2026-06-24 17:28:42+00:00,1.2205555555555556,False,False
openvinotoolkit/openvino,104701889,2026-06-26 18:37:26+00:00,2026-06-26 20:39:15+00:00,2.0302777777777776,False,False
openvinotoolkit/openvino,104701889,2026-06-29 13:58:01+00:00,2026-06-29 15:11:35+00:00,1.2261111111111112,False,False
openvinotoolkit/openvino,104701889,2026-06-30 21:02:51+00:00,2026-07-08 18:58:38+00:00,189.9297222222222,False,False
openvinotoolkit/openvino,104701889,2026-07-09 04:43:02+00:00,2026-07-09 10:55:41+00:00,6.210833333333333,False,False
openvinotoolkit/openvino,104701889,2026-07-09 15:00:33+00:00,2026-07-09 16:56:51+00:00,1.9383333333333332,False,False
openvinotoolkit/openvino,104701889,2026-07-17 07:46:55+00:00,2026-07-17 10:50:07+00:00,3.0533333333333332,False,False
openvinotoolkit/openvino,104701889,2026-08-25 19:06:05+00:00,2026-08-25 22:40:36+00:00,3.575277777777778,False,False
openvinotoolkit/openvino,104701889,2026-08-26 09:51:34+00:00,2026-08-26 13:32:04+00:00,3.675,False,False
openvinotoolkit/openvino,104701889,2026-08-26 12:58:12+00:00,2026-08-26 22:01:36+00:00,9.056666666666667,False,False
openvinotoolkit/openvino,113430097,2026-01-18 11:12:25+00:00,2026-01-19 09:32:54+00:00,22.34138888888889,False,False
openvinotoolkit/openvino,113430097,2026-02-18 14:41:20+00:00,2026-02-18 15:18:16+00:00,0.6155555555555555,False,False
openvinotoolkit/openvino,113430097,2026-04-23 16:26:23+00:00,2026-04-23 17:51:28+00:00,1.4180555555555556,False,False
openvinotoolkit/openvino,113430097,2026-07-09 04:43:02+00:00,2026-07-09 10:14:43+00:00,5.5280555555555555,False,False
openvinotoolkit/openvino,104531880,2025-10-01 11:40:37+00:00,2025-10-02 08:15:01+00:00,20.573333333333334,False,False
openvinotoolkit/openvino,104531880,2025-10-02 10:24:22+00:00,2025-10-02 14:03:21+00:00,3.649722222222222,False,False
openvinotoolkit/openvino,104531880,2025-10-02 17:44:17+00:00,2025-10-02 22:40:26+00:00,4.935833333333333,False,False
openvinotoolkit/openvino,104531880,2025-10-02 20:06:56+00:00,2025-10-02 23:15:49+00:00,3.1480555555555556,False,False
openvinotoolkit/openvino,104531880,2025-10-03 12:10:52+00:00,2025-10-03 18:51:41+00:00,6.6802777777777775,False,False
openvinotoolkit/openvino,104531880,2025-10-06 10:01:46+00:00,2025-10-06 12:52:45+00:00,2.8497222222222223,False,False
openvinotoolkit/openvino,104531880,2025-10-07 10:32:52+00:00,2025-10-07 11:58:22+00:00,1.425,False,False
openvinotoolkit/openvino,104531880,2025-10-07 18:51:43+00:00,2025-10-08 08:36:16+00:00,13.7425,False,False
openvinotoolkit/openvino,104531880,2025-10-08 11:56:58+00:00,2025-10-08 15:05:24+00:00,3.1405555555555558,False,False
openvinotoolkit/openvino,104531880,2025-10-08 16:04:39+00:00,2025-10-08 17:42:14+00:00,1.6263888888888889,False,False
openvinotoolkit/openvino,104531880,2025-10-08 23:33:03+00:00,2025-10-09 01:46:35+00:00,2.2255555555555557,False,False
openvinotoolkit/openvino,104531880,2025-10-09 18:28:26+00:00,2025-10-09 21:31:30+00:00,3.051111111111111,False,False
openvinotoolkit/openvino,104531880,2025-10-10 09:15:03+00:00,2025-10-10 13:21:53+00:00,4.113888888888889,False,False
openvinotoolkit/openvino,104531880,2025-10-10 17:05:55+00:00,2025-10-10 18:39:55+00:00,1.5666666666666667,False,False
openvinotoolkit/openvino,104531880,2025-10-13 06:55:12+00:00,2025-10-13 10:02:03+00:00,3.1141666666666667,False,False
openvinotoolkit/openvino,104531880,2025-10-14 10:54:14+00:00,2025-10-14 12:40:03+00:00,1.763611111111111,False,False
openvinotoolkit/openvino,104531880,2025-10-14 17:38:54+00:00,2025-10-15 16:09:29+00:00,22.509722222222223,False,False
openvinotoolkit/openvino,104531880,2025-10-17 10:19:02+00:00,2025-10-17 11:59:25+00:00,1.6730555555555555,False,False
openvinotoolkit/openvino,104531880,2025-10-17 11:02:33+00:00,2025-10-17 15:26:16+00:00,4.395277777777777,False,False
openvinotoolkit/openvino,104531880,2025-10-20 02:32:13+00:00,2025-10-20 05:48:00+00:00,3.2630555555555554,False,False
openvinotoolkit/openvino,104531880,2025-10-22 04:29:53+00:00,2025-10-22 06:15:02+00:00,1.7525,False,False
openvinotoolkit/openvino,104531880,2025-10-24 01:38:20+00:00,2025-10-24 10:51:08+00:00,9.213333333333333,False,False
openvinotoolkit/openvino,104531880,2025-10-24 10:04:06+00:00,2025-10-24 11:55:28+00:00,1.856111111111111,False,False
openvinotoolkit/openvino,104531880,2025-10-24 21:44:24+00:00,2025-10-26 22:25:02+00:00,48.67722222222222,False,False
openvinotoolkit/openvino,104531880,2025-10-27 08:35:30+00:00,2025-10-27 15:19:36+00:00,6.735,False,False
openvinotoolkit/openvino,104531880,2025-10-27 17:14:04+00:00,2025-10-27 21:26:08+00:00,4.2011111111111115,False,False
openvinotoolkit/openvino,104531880,2025-10-27 23:44:49+00:00,2025-10-28 05:24:32+00:00,5.661944444444444,False,False
openvinotoolkit/openvino,104531880,2025-10-28 07:48:00+00:00,2025-10-28 11:56:33+00:00,4.1425,False,False
openvinotoolkit/openvino,104531880,2025-10-28 19:10:12+00:00,2025-10-28 21:13:20+00:00,2.0522222222222224,False,False
openvinotoolkit/openvino,104531880,2025-10-29 15:13:46+00:00,2025-10-29 17:50:43+00:00,2.6158333333333332,False,False
openvinotoolkit/openvino,104531880,2025-10-29 21:37:20+00:00,2025-10-29 23:21:41+00:00,1.7391666666666667,False,False
openvinotoolkit/openvino,104531880,2025-11-07 11:42:44+00:00,2025-11-07 15:29:10+00:00,3.773888888888889,False,False
openvinotoolkit/openvino,104531880,2025-11-13 10:40:24+00:00,2025-11-13 18:44:16+00:00,8.064444444444444,False,False
openvinotoolkit/openvino,104531880,2025-11-14 08:49:10+00:00,2025-11-14 10:44:03+00:00,1.9147222222222222,False,False
openvinotoolkit/openvino,104531880,2025-12-04 19:09:06+00:00,2025-12-05 13:09:30+00:00,18.006666666666668,False,False
openvinotoolkit/openvino,104531880,2025-12-05 12:00:52+00:00,2025-12-08 12:38:52+00:00,72.63333333333334,False,False
openvinotoolkit/openvino,104531880,2025-12-15 12:45:36+00:00,2025-12-16 03:05:18+00:00,14.328333333333333,False,False
openvinotoolkit/openvino,104531880,2025-12-18 15:49:52+00:00,2025-12-18 18:35:37+00:00,2.7625,False,False
openvinotoolkit/openvino,104531880,2025-12-19 10:39:35+00:00,2025-12-19 13:46:05+00:00,3.1083333333333334,False,False
openvinotoolkit/openvino,104531880,2025-12-23 16:42:33+00:00,2025-12-23 18:28:50+00:00,1.771388888888889,False,False
openvinotoolkit/openvino,104531880,2025-12-24 10:15:13+00:00,2025-12-24 16:11:59+00:00,5.946111111111111,False,False
openvinotoolkit/openvino,104531880,2025-12-29 15:52:52+00:00,2025-12-29 17:23:37+00:00,1.5125,False,False
openvinotoolkit/openvino,104531880,2026-01-05 12:03:15+00:00,2026-01-05 13:42:05+00:00,1.6472222222222221,False,False
openvinotoolkit/openvino,104531880,2026-01-09 12:20:43+00:00,2026-01-09 16:48:56+00:00,4.470277777777778,False,False
openvinotoolkit/openvino,104531880,2026-01-12 04:19:45+00:00,2026-01-12 10:17:43+00:00,5.966111111111111,False,False
openvinotoolkit/openvino,104531880,2026-01-18 11:12:25+00:00,2026-01-19 07:25:14+00:00,20.21361111111111,False,False
openvinotoolkit/openvino,104531880,2026-01-21 06:46:02+00:00,2026-01-21 08:28:02+00:00,1.7,False,False
openvinotoolkit/openvino,104531880,2026-01-21 15:18:20+00:00,2026-01-21 18:21:48+00:00,3.057777777777778,False,False
openvinotoolkit/openvino,104531880,2026-01-22 00:55:27+00:00,2026-01-22 10:56:30+00:00,10.0175,False,False
openvinotoolkit/openvino,104531880,2026-01-23 06:05:09+00:00,2026-01-23 06:34:13+00:00,0.48444444444444446,False,False
openvinotoolkit/openvino,104531880,2026-01-27 19:53:23+00:00,2026-01-27 23:17:30+00:00,3.4019444444444447,False,False
openvinotoolkit/openvino,104531880,2026-01-27 22:56:02+00:00,2026-01-28 06:01:00+00:00,7.082777777777777,False,False
openvinotoolkit/openvino,104531880,2026-01-29 14:37:18+00:00,2026-01-29 17:38:24+00:00,3.0183333333333335,False,False
openvinotoolkit/openvino,104531880,2026-01-29 21:59:50+00:00,2026-01-30 04:43:44+00:00,6.7316666666666665,False,False
openvinotoolkit/openvino,104531880,2026-01-30 12:33:29+00:00,2026-01-30 15:21:55+00:00,2.8072222222222223,False,False
openvinotoolkit/openvino,104531880,2026-02-02 10:45:42+00:00,2026-02-02 15:09:17+00:00,4.393055555555556,False,False
openvinotoolkit/openvino,104531880,2026-02-02 13:55:45+00:00,2026-02-03 14:35:51+00:00,24.668333333333333,False,False
openvinotoolkit/openvino,104531880,2026-02-03 12:55:58+00:00,2026-02-04 07:11:24+00:00,18.25722222222222,False,False
openvinotoolkit/openvino,104531880,2026-02-04 08:38:56+00:00,2026-02-04 13:26:30+00:00,4.792777777777777,False,False
openvinotoolkit/openvino,104531880,2026-02-04 12:13:24+00:00,2026-02-04 14:55:49+00:00,2.7069444444444444,False,False
openvinotoolkit/openvino,104531880,2026-02-04 19:43:40+00:00,2026-02-04 23:01:53+00:00,3.303611111111111,False,False
openvinotoolkit/openvino,104531880,2026-02-05 14:23:15+00:00,2026-02-05 15:38:55+00:00,1.261111111111111,False,False
openvinotoolkit/openvino,104531880,2026-02-05 15:10:36+00:00,2026-02-05 16:52:40+00:00,1.701111111111111,False,False
openvinotoolkit/openvino,104531880,2026-02-09 07:59:58+00:00,2026-02-09 14:12:30+00:00,6.208888888888889,False,False
openvinotoolkit/openvino,104531880,2026-02-10 16:42:57+00:00,2026-02-10 20:52:25+00:00,4.157777777777778,False,False
openvinotoolkit/openvino,104531880,2026-02-11 14:45:53+00:00,2026-02-11 16:18:59+00:00,1.5516666666666667,False,False
openvinotoolkit/openvino,104531880,2026-02-12 07:51:45+00:00,2026-02-12 13:29:31+00:00,5.629444444444444,False,False
openvinotoolkit/openvino,104531880,2026-02-14 08:41:25+00:00,2026-02-14 12:55:57+00:00,4.242222222222222,False,False
openvinotoolkit/openvino,104531880,2026-02-17 22:03:41+00:00,2026-02-18 00:00:29+00:00,1.9466666666666668,False,False
openvinotoolkit/openvino,104531880,2026-02-18 14:41:20+00:00,2026-02-18 16:34:13+00:00,1.881388888888889,False,False
openvinotoolkit/openvino,104531880,2026-02-19 15:36:43+00:00,2026-02-19 18:20:00+00:00,2.721388888888889,False,False
openvinotoolkit/openvino,104531880,2026-02-27 16:05:05+00:00,2026-02-27 17:32:49+00:00,1.4622222222222223,False,False
openvinotoolkit/openvino,104531880,2026-03-02 12:45:32+00:00,2026-03-02 16:34:06+00:00,3.8094444444444444,False,False
openvinotoolkit/openvino,104531880,2026-03-10 16:39:14+00:00,2026-03-10 18:31:00+00:00,1.8627777777777779,False,False
openvinotoolkit/openvino,104531880,2026-03-10 18:26:32+00:00,2026-03-10 21:52:40+00:00,3.4355555555555557,False,False
openvinotoolkit/openvino,104531880,2026-03-11 06:43:13+00:00,2026-03-11 08:33:38+00:00,1.8402777777777777,False,False
openvinotoolkit/openvino,104531880,2026-03-12 10:53:10+00:00,2026-03-12 12:09:23+00:00,1.2702777777777778,False,False
openvinotoolkit/openvino,104531880,2026-03-12 14:37:34+00:00,2026-03-12 17:26:36+00:00,2.817222222222222,False,False
openvinotoolkit/openvino,104531880,2026-03-12 17:46:30+00:00,2026-03-12 22:45:46+00:00,4.987777777777778,False,False
openvinotoolkit/openvino,104531880,2026-03-13 04:23:40+00:00,2026-03-13 10:06:53+00:00,5.720277777777778,False,False
openvinotoolkit/openvino,104531880,2026-03-13 15:50:59+00:00,2026-03-14 13:46:02+00:00,21.9175,False,False
openvinotoolkit/openvino,104531880,2026-03-17 13:59:55+00:00,2026-03-18 07:28:56+00:00,17.48361111111111,False,False
openvinotoolkit/openvino,104531880,2026-03-18 06:54:24+00:00,2026-03-18 12:01:02+00:00,5.110555555555556,False,False
openvinotoolkit/openvino,104531880,2026-03-20 08:27:48+00:00,2026-03-20 09:53:46+00:00,1.4327777777777777,False,False
openvinotoolkit/openvino,104531880,2026-03-23 06:26:51+00:00,2026-03-23 11:17:02+00:00,4.836388888888889,False,False
openvinotoolkit/openvino,104531880,2026-04-13 11:06:43+00:00,2026-04-13 12:36:37+00:00,1.4983333333333333,False,False
openvinotoolkit/openvino,104531880,2026-04-17 03:36:16+00:00,2026-04-17 09:13:39+00:00,5.623055555555555,False,False
openvinotoolkit/openvino,104531880,2026-04-20 05:44:10+00:00,2026-04-20 13:09:22+00:00,7.42,False,False
openvinotoolkit/openvino,104531880,2026-04-20 12:57:56+00:00,2026-04-20 16:13:58+00:00,3.2672222222222222,False,False
openvinotoolkit/openvino,104531880,2026-05-01 11:14:14+00:00,2026-05-01 15:25:19+00:00,4.184722222222222,False,False
openvinotoolkit/openvino,104531880,2026-05-05 05:34:58+00:00,2026-05-05 12:25:14+00:00,6.837777777777778,False,False
openvinotoolkit/openvino,104531880,2026-05-06 07:51:43+00:00,2026-05-06 22:56:28+00:00,15.079166666666667,False,False
openvinotoolkit/openvino,104531880,2026-05-13 07:30:14+00:00,2026-05-13 09:56:09+00:00,2.4319444444444445,False,False
openvinotoolkit/openvino,104531880,2026-05-18 12:46:00+00:00,2026-05-18 15:43:50+00:00,2.963888888888889,False,False
openvinotoolkit/openvino,104531880,2026-05-29 13:33:33+00:00,2026-05-29 16:33:52+00:00,3.0052777777777777,False,False
openvinotoolkit/openvino,104531880,2026-06-11 06:56:10+00:00,2026-06-11 09:44:38+00:00,2.807777777777778,False,False
openvinotoolkit/openvino,104531880,2026-06-23 09:52:37+00:00,2026-06-23 13:39:06+00:00,3.774722222222222,False,False
openvinotoolkit/openvino,104531880,2026-06-24 09:27:56+00:00,2026-06-24 11:39:40+00:00,2.1955555555555555,False,False
openvinotoolkit/openvino,104531880,2026-06-25 09:40:06+00:00,2026-06-25 12:13:35+00:00,2.5580555555555557,False,False
openvinotoolkit/openvino,104531880,2026-06-25 11:10:53+00:00,2026-06-25 13:04:02+00:00,1.8858333333333333,False,False
openvinotoolkit/openvino,104531880,2026-07-09 04:43:02+00:00,2026-07-09 10:55:08+00:00,6.201666666666667,False,False
openvinotoolkit/openvino,104531880,2026-07-09 15:00:33+00:00,2026-07-09 16:59:45+00:00,1.9866666666666666,False,False
openvinotoolkit/openvino,104531880,2026-07-15 15:18:45+00:00,2026-07-15 17:59:58+00:00,2.6869444444444444,False,False
openvinotoolkit/openvino,104531880,2026-07-27 12:18:03+00:00,2026-07-28 04:57:29+00:00,16.657222222222224,False,False
openvinotoolkit/openvino,104531880,2026-08-12 10:43:50+00:00,2026-08-12 12:48:53+00:00,2.0841666666666665,False,False
openvinotoolkit/openvino,104531880,2026-08-25 21:24:04+00:00,2026-08-25 23:48:44+00:00,2.411111111111111,False,False
openvinotoolkit/openvino,66417601,2025-10-05 14:31:46+00:00,2025-10-06 10:45:59+00:00,20.236944444444443,False,False
openvinotoolkit/openvino,66417601,2025-10-06 11:32:08+00:00,2025-10-06 12:23:32+00:00,0.8566666666666667,False,False
openvinotoolkit/openvino,66417601,2025-10-06 12:43:29+00:00,2025-10-06 13:45:26+00:00,1.0325,False,False
openvinotoolkit/openvino,66417601,2025-10-24 09:38:15+00:00,2025-10-24 10:34:03+00:00,0.93,False,False
openvinotoolkit/openvino,66417601,2025-10-29 10:30:29+00:00,2025-10-29 11:14:05+00:00,0.7266666666666667,False,False
openvinotoolkit/openvino,66417601,2025-11-05 05:04:29+00:00,2025-11-05 07:41:34+00:00,2.6180555555555554,False,False
openvinotoolkit/openvino,66417601,2025-11-18 17:54:56+00:00,2025-11-18 22:29:18+00:00,4.572777777777778,False,False
openvinotoolkit/openvino,66417601,2025-11-19 11:30:47+00:00,2025-11-19 14:37:23+00:00,3.11,False,False
openvinotoolkit/openvino,66417601,2025-11-25 21:18:46+00:00,2025-11-25 23:06:19+00:00,1.7925,False,False
openvinotoolkit/openvino,66417601,2025-11-28 16:53:21+00:00,2025-11-28 19:58:42+00:00,3.089166666666667,False,False
openvinotoolkit/openvino,66417601,2025-12-02 18:42:26+00:00,2025-12-02 19:17:49+00:00,0.5897222222222223,False,False
openvinotoolkit/openvino,66417601,2025-12-02 18:42:28+00:00,2025-12-02 20:24:33+00:00,1.7013888888888888,False,False
openvinotoolkit/openvino,66417601,2025-12-04 08:25:25+00:00,2025-12-04 14:28:27+00:00,6.0505555555555555,False,False
openvinotoolkit/openvino,66417601,2025-12-12 10:26:15+00:00,2025-12-12 11:40:53+00:00,1.2438888888888888,False,False
openvinotoolkit/openvino,66417601,2025-12-15 12:45:36+00:00,2025-12-16 02:33:59+00:00,13.80638888888889,False,False
openvinotoolkit/openvino,66417601,2026-01-12 08:39:06+00:00,2026-01-12 12:00:59+00:00,3.3647222222222224,False,False
openvinotoolkit/openvino,66417601,2026-01-14 21:58:14+00:00,2026-01-14 23:08:09+00:00,1.1652777777777779,False,False
openvinotoolkit/openvino,66417601,2026-01-18 11:12:25+00:00,2026-01-19 09:38:44+00:00,22.43861111111111,False,False
openvinotoolkit/openvino,66417601,2026-01-20 14:03:30+00:00,2026-01-20 14:41:10+00:00,0.6277777777777778,False,False
openvinotoolkit/openvino,66417601,2026-01-22 00:55:27+00:00,2026-01-22 10:24:43+00:00,9.487777777777778,False,False
openvinotoolkit/openvino,66417601,2026-01-30 12:33:29+00:00,2026-01-30 13:44:56+00:00,1.1908333333333334,False,False
openvinotoolkit/openvino,66417601,2026-02-11 10:33:22+00:00,2026-02-11 13:14:06+00:00,2.678888888888889,False,False
openvinotoolkit/openvino,66417601,2026-02-11 18:17:38+00:00,2026-02-12 08:46:49+00:00,14.48638888888889,False,False
openvinotoolkit/openvino,66417601,2026-02-19 15:36:43+00:00,2026-02-19 17:46:50+00:00,2.1686111111111113,False,False
openvinotoolkit/openvino,66417601,2026-02-21 11:15:51+00:00,2026-02-21 17:10:34+00:00,5.911944444444444,False,False
openvinotoolkit/openvino,66417601,2026-02-27 10:11:01+00:00,2026-02-27 11:02:59+00:00,0.8661111111111112,False,False
openvinotoolkit/openvino,66417601,2026-02-27 16:21:59+00:00,2026-03-02 06:32:31+00:00,62.175555555555555,False,False
openvinotoolkit/openvino,66417601,2026-03-02 12:23:00+00:00,2026-03-02 13:25:54+00:00,1.0483333333333333,False,False
openvinotoolkit/openvino,66417601,2026-03-03 03:58:29+00:00,2026-03-03 05:37:38+00:00,1.6525,False,False
openvinotoolkit/openvino,66417601,2026-03-03 09:38:00+00:00,2026-03-03 12:31:16+00:00,2.887777777777778,False,False
openvinotoolkit/openvino,66417601,2026-03-03 17:51:48+00:00,2026-03-03 18:42:12+00:00,0.84,False,False
openvinotoolkit/openvino,66417601,2026-03-17 09:14:14+00:00,2026-03-17 11:14:14+00:00,2.0,False,False
openvinotoolkit/openvino,66417601,2026-03-23 23:09:10+00:00,2026-03-24 03:06:13+00:00,3.950833333333333,False,False
openvinotoolkit/openvino,66417601,2026-04-01 13:02:30+00:00,2026-04-01 15:04:31+00:00,2.033611111111111,False,False
openvinotoolkit/openvino,66417601,2026-04-03 15:36:41+00:00,2026-04-03 16:23:56+00:00,0.7875,False,False
openvinotoolkit/openvino,66417601,2026-04-09 16:13:23+00:00,2026-04-09 17:41:34+00:00,1.4697222222222222,False,False
openvinotoolkit/openvino,66417601,2026-04-13 11:51:33+00:00,2026-04-13 13:39:18+00:00,1.7958333333333334,False,False
openvinotoolkit/openvino,66417601,2026-04-14 11:12:54+00:00,2026-04-14 11:58:50+00:00,0.7655555555555555,False,False
openvinotoolkit/openvino,66417601,2026-04-23 16:15:57+00:00,2026-04-23 17:01:49+00:00,0.7644444444444445,False,False
openvinotoolkit/openvino,66417601,2026-05-08 19:42:10+00:00,2026-05-08 22:32:13+00:00,2.8341666666666665,False,False
openvinotoolkit/openvino,66417601,2026-05-13 15:35:56+00:00,2026-05-13 18:23:30+00:00,2.792777777777778,False,False
openvinotoolkit/openvino,66417601,2026-05-16 09:00:06+00:00,2026-05-16 11:49:11+00:00,2.8180555555555555,False,False
openvinotoolkit/openvino,66417601,2026-05-19 05:39:55+00:00,2026-05-19 07:01:07+00:00,1.3533333333333333,False,False
openvinotoolkit/openvino,66417601,2026-05-19 13:11:41+00:00,2026-05-19 14:24:58+00:00,1.2213888888888889,False,False
openvinotoolkit/openvino,66417601,2026-05-20 19:40:30+00:00,2026-05-20 21:04:04+00:00,1.3927777777777777,False,False
openvinotoolkit/openvino,66417601,2026-05-21 16:03:25+00:00,2026-05-21 16:54:27+00:00,0.8505555555555555,False,False
openvinotoolkit/openvino,66417601,2026-05-21 20:28:42+00:00,2026-05-21 21:43:37+00:00,1.2486111111111111,False,False
openvinotoolkit/openvino,66417601,2026-05-22 01:02:32+00:00,2026-05-22 04:44:25+00:00,3.6980555555555554,False,False
openvinotoolkit/openvino,66417601,2026-05-25 14:12:43+00:00,2026-05-26 10:01:58+00:00,19.820833333333333,False,False
openvinotoolkit/openvino,66417601,2026-06-01 17:02:06+00:00,2026-06-02 00:37:44+00:00,7.5938888888888885,False,False
openvinotoolkit/openvino,66417601,2026-06-02 09:32:27+00:00,2026-06-02 10:46:40+00:00,1.2369444444444444,False,False
openvinotoolkit/openvino,66417601,2026-06-02 12:56:15+00:00,2026-06-02 14:04:28+00:00,1.1369444444444445,False,False
openvinotoolkit/openvino,66417601,2026-06-03 06:30:05+00:00,2026-06-03 10:12:46+00:00,3.711388888888889,False,False
openvinotoolkit/openvino,66417601,2026-06-03 09:45:51+00:00,2026-06-03 10:26:48+00:00,0.6825,False,False
openvinotoolkit/openvino,66417601,2026-06-03 15:46:12+00:00,2026-06-03 17:40:43+00:00,1.908611111111111,False,False
openvinotoolkit/openvino,66417601,2026-06-04 15:59:26+00:00,2026-06-04 16:38:26+00:00,0.65,False,False
openvinotoolkit/openvino,66417601,2026-06-08 12:25:27+00:00,2026-06-08 13:49:25+00:00,1.3994444444444445,False,False
openvinotoolkit/openvino,66417601,2026-06-08 15:19:44+00:00,2026-06-08 16:36:39+00:00,1.2819444444444446,False,False
openvinotoolkit/openvino,66417601,2026-06-09 03:04:56+00:00,2026-06-09 09:15:42+00:00,6.179444444444444,False,False
openvinotoolkit/openvino,66417601,2026-06-11 06:56:10+00:00,2026-06-11 08:42:59+00:00,1.7802777777777778,False,False
openvinotoolkit/openvino,66417601,2026-06-11 11:40:32+00:00,2026-06-11 12:21:08+00:00,0.6766666666666666,False,False
openvinotoolkit/openvino,66417601,2026-06-11 13:42:33+00:00,2026-06-11 14:59:33+00:00,1.2833333333333334,False,False
openvinotoolkit/openvino,66417601,2026-06-12 08:42:56+00:00,2026-06-12 11:10:03+00:00,2.4519444444444445,False,False
openvinotoolkit/openvino,66417601,2026-06-17 14:33:15+00:00,2026-06-17 17:35:08+00:00,3.031388888888889,False,False
openvinotoolkit/openvino,66417601,2026-06-23 12:21:20+00:00,2026-06-23 15:04:06+00:00,2.7127777777777777,False,False
openvinotoolkit/openvino,66417601,2026-06-23 21:27:46+00:00,2026-06-24 03:16:21+00:00,5.809722222222222,False,False
openvinotoolkit/openvino,66417601,2026-07-09 04:43:02+00:00,2026-07-09 10:18:44+00:00,5.595,False,False
openvinotoolkit/openvino,66417601,2026-07-09 15:00:33+00:00,2026-07-09 16:16:46+00:00,1.2702777777777778,False,False
openvinotoolkit/openvino,66417601,2026-08-25 21:24:04+00:00,2026-08-25 23:02:08+00:00,1.6344444444444444,False,False
openvinotoolkit/openvino,175273779,2025-10-06 10:01:47+00:00,2025-10-06 11:53:40+00:00,1.8647222222222222,False,False
openvinotoolkit/openvino,175273779,2025-10-08 13:37:10+00:00,2025-10-08 15:18:41+00:00,1.6919444444444445,False,False
openvinotoolkit/openvino,175273779,2025-11-05 07:58:56+00:00,2025-11-05 08:43:57+00:00,0.7502777777777778,False,False
openvinotoolkit/openvino,175273779,2025-11-25 23:39:17+00:00,2025-11-26 02:33:28+00:00,2.9030555555555555,False,False
openvinotoolkit/openvino,175273779,2025-12-04 14:57:13+00:00,2025-12-04 17:06:56+00:00,2.1619444444444444,False,False
openvinotoolkit/openvino,175273779,2025-12-12 18:13:08+00:00,2025-12-12 19:05:56+00:00,0.88,False,False
openvinotoolkit/openvino,175273779,2026-01-18 11:12:25+00:00,2026-01-19 09:27:44+00:00,22.255277777777778,False,False
openvinotoolkit/openvino,175273779,2026-01-22 00:55:27+00:00,2026-01-22 10:16:37+00:00,9.352777777777778,False,False
openvinotoolkit/openvino,175273779,2026-03-03 11:55:37+00:00,2026-03-03 13:09:01+00:00,1.2233333333333334,False,False
openvinotoolkit/openvino,175273779,2026-03-06 11:27:40+00:00,2026-03-06 13:20:32+00:00,1.8811111111111112,False,False
openvinotoolkit/openvino,175273779,2026-03-24 10:14:57+00:00,2026-03-24 11:12:57+00:00,0.9666666666666667,False,False
openvinotoolkit/openvino,175273779,2026-03-27 09:32:52+00:00,2026-03-27 10:40:45+00:00,1.131388888888889,False,False
openvinotoolkit/openvino,175273779,2026-04-14 06:32:37+00:00,2026-04-14 07:40:02+00:00,1.1236111111111111,False,False
openvinotoolkit/openvino,175273779,2026-04-23 16:31:45+00:00,2026-04-23 17:41:14+00:00,1.1580555555555556,False,False
openvinotoolkit/openvino,175273779,2026-05-25 14:12:43+00:00,2026-05-26 09:47:21+00:00,19.577222222222222,False,False
openvinotoolkit/openvino,175273779,2026-05-27 11:29:32+00:00,2026-05-27 16:56:12+00:00,5.444444444444445,False,False
openvinotoolkit/openvino,175273779,2026-05-27 20:31:05+00:00,2026-05-27 23:04:07+00:00,2.5505555555555555,False,False
openvinotoolkit/openvino,175273779,2026-06-01 19:30:03+00:00,2026-06-02 00:27:05+00:00,4.950555555555556,False,False
openvinotoolkit/openvino,175273779,2026-06-02 21:10:02+00:00,2026-06-03 06:55:35+00:00,9.759166666666667,False,False
openvinotoolkit/openvino,175273779,2026-06-03 17:39:32+00:00,2026-06-03 18:27:27+00:00,0.7986111111111112,False,False
openvinotoolkit/openvino,175273779,2026-06-05 05:35:41+00:00,2026-06-05 11:36:03+00:00,6.006111111111111,False,False
openvinotoolkit/openvino,175273779,2026-06-05 13:46:11+00:00,2026-06-05 14:23:44+00:00,0.6258333333333334,False,False
openvinotoolkit/openvino,175273779,2026-06-08 15:19:44+00:00,2026-06-08 16:13:54+00:00,0.9027777777777778,False,False
openvinotoolkit/openvino,175273779,2026-06-09 09:26:08+00:00,2026-06-09 10:35:14+00:00,1.1516666666666666,False,False
openvinotoolkit/openvino,175273779,2026-06-09 11:08:38+00:00,2026-06-09 16:30:02+00:00,5.3566666666666665,False,False
openvinotoolkit/openvino,175273779,2026-06-10 16:34:56+00:00,2026-06-10 16:59:26+00:00,0.4083333333333333,False,False
openvinotoolkit/openvino,175273779,2026-06-11 13:42:33+00:00,2026-06-11 14:52:50+00:00,1.1713888888888888,False,False
openvinotoolkit/openvino,175273779,2026-06-11 19:17:14+00:00,2026-06-11 20:54:38+00:00,1.6233333333333333,False,False
openvinotoolkit/openvino,175273779,2026-07-09 04:43:02+00:00,2026-07-09 10:07:31+00:00,5.408055555555555,False,False
openvinotoolkit/openvino,175273779,2026-07-10 05:57:10+00:00,2026-07-10 08:37:15+00:00,2.6680555555555556,False,False
openvinotoolkit/openvino,175273779,2026-09-25 10:25:23+00:00,2026-09-25 12:19:17+00:00,1.8983333333333334,False,False
openvinotoolkit/openvino,66978272,2025-10-02 15:31:08+00:00,2025-10-02 19:07:48+00:00,3.611111111111111,False,False
openvinotoolkit/openvino,66978272,2025-10-03 08:14:21+00:00,2025-10-03 14:06:20+00:00,5.866388888888889,False,False
openvinotoolkit/openvino,66978272,2025-10-06 10:01:46+00:00,2025-10-06 12:53:35+00:00,2.863611111111111,False,False
openvinotoolkit/openvino,66978272,2025-10-06 11:41:45+00:00,2025-10-06 13:25:45+00:00,1.7333333333333334,False,False
openvinotoolkit/openvino,66978272,2025-10-14 11:16:04+00:00,2025-10-14 13:00:21+00:00,1.7380555555555555,False,False
openvinotoolkit/openvino,66978272,2025-10-20 11:18:37+00:00,2025-10-20 14:43:24+00:00,3.4130555555555557,False,False
openvinotoolkit/openvino,66978272,2025-10-23 17:38:03+00:00,2025-10-24 00:02:56+00:00,6.414722222222222,False,False
openvinotoolkit/openvino,66978272,2025-10-24 09:38:14+00:00,2025-10-24 11:00:00+00:00,1.3627777777777779,False,False
openvinotoolkit/openvino,66978272,2025-10-24 10:04:05+00:00,2025-10-24 12:38:32+00:00,2.5741666666666667,False,False
openvinotoolkit/openvino,66978272,2025-11-03 13:12:23+00:00,2025-11-03 15:12:09+00:00,1.9961111111111112,False,False
openvinotoolkit/openvino,66978272,2025-11-04 03:06:41+00:00,2025-11-04 05:58:19+00:00,2.8605555555555555,False,False
openvinotoolkit/openvino,66978272,2025-11-24 18:08:36+00:00,2025-11-24 21:34:22+00:00,3.4294444444444445,False,False
openvinotoolkit/openvino,66978272,2025-11-26 15:24:26+00:00,2025-11-26 17:00:30+00:00,1.6011111111111112,False,False
openvinotoolkit/openvino,66978272,2025-11-28 19:21:32+00:00,2025-11-29 16:05:51+00:00,20.738611111111112,False,False
openvinotoolkit/openvino,66978272,2025-12-01 23:42:06+00:00,2025-12-02 13:42:49+00:00,14.011944444444444,False,False
openvinotoolkit/openvino,66978272,2025-12-02 18:42:28+00:00,2025-12-02 20:46:56+00:00,2.0744444444444445,False,False
openvinotoolkit/openvino,66978272,2025-12-03 12:47:09+00:00,2025-12-03 15:56:53+00:00,3.1622222222222223,False,False
openvinotoolkit/openvino,66978272,2025-12-04 01:54:15+00:00,2025-12-04 09:39:25+00:00,7.752777777777778,False,False
openvinotoolkit/openvino,66978272,2025-12-04 16:24:20+00:00,2025-12-04 20:44:15+00:00,4.331944444444445,False,False
openvinotoolkit/openvino,66978272,2025-12-05 11:49:23+00:00,2025-12-05 13:38:20+00:00,1.8158333333333334,False,False
openvinotoolkit/openvino,66978272,2025-12-10 19:00:30+00:00,2025-12-10 23:46:59+00:00,4.7747222222222225,False,False
openvinotoolkit/openvino,66978272,2025-12-12 19:43:41+00:00,2025-12-12 21:11:47+00:00,1.4683333333333333,False,False
openvinotoolkit/openvino,66978272,2025-12-16 16:32:20+00:00,2025-12-16 18:06:41+00:00,1.5725,False,False
openvinotoolkit/openvino,66978272,2026-01-07 16:35:18+00:00,2026-01-08 13:39:38+00:00,21.072222222222223,False,False
openvinotoolkit/openvino,66978272,2026-01-15 10:22:58+00:00,2026-01-15 12:10:31+00:00,1.7925,False,False
openvinotoolkit/openvino,66978272,2026-01-21 08:19:54+00:00,2026-01-21 10:01:58+00:00,1.701111111111111,False,False
openvinotoolkit/openvino,66978272,2026-01-27 19:53:23+00:00,2026-01-27 23:24:18+00:00,3.515277777777778,False,False
openvinotoolkit/openvino,66978272,2026-01-31 00:54:05+00:00,2026-01-31 14:05:21+00:00,13.187777777777777,False,False
openvinotoolkit/openvino,66978272,2026-02-02 13:51:14+00:00,2026-02-02 15:13:14+00:00,1.3666666666666667,False,False
openvinotoolkit/openvino,66978272,2026-02-02 18:12:08+00:00,2026-02-03 04:27:25+00:00,10.254722222222222,False,False
openvinotoolkit/openvino,66978272,2026-02-04 05:44:38+00:00,2026-02-04 07:23:20+00:00,1.645,False,False
openvinotoolkit/openvino,66978272,2026-02-13 16:14:02+00:00,2026-02-13 17:53:04+00:00,1.6505555555555556,False,False
openvinotoolkit/openvino,66978272,2026-02-18 14:50:13+00:00,2026-02-18 17:37:10+00:00,2.7825,False,False
openvinotoolkit/openvino,66978272,2026-02-19 15:36:43+00:00,2026-02-19 18:12:32+00:00,2.5969444444444445,False,False
openvinotoolkit/openvino,66978272,2026-02-24 14:52:09+00:00,2026-02-24 20:06:54+00:00,5.245833333333334,False,False
openvinotoolkit/openvino,66978272,2026-02-25 11:44:43+00:00,2026-02-25 13:55:33+00:00,2.1805555555555554,False,False
openvinotoolkit/openvino,66978272,2026-03-02 12:45:32+00:00,2026-03-02 14:31:08+00:00,1.76,False,False
openvinotoolkit/openvino,66978272,2026-03-02 15:31:09+00:00,2026-03-02 17:55:39+00:00,2.408333333333333,False,False
openvinotoolkit/openvino,66978272,2026-03-03 16:41:29+00:00,2026-03-03 18:23:54+00:00,1.7069444444444444,False,False
openvinotoolkit/openvino,66978272,2026-03-10 07:12:42+00:00,2026-03-10 10:07:10+00:00,2.9077777777777776,False,False
openvinotoolkit/openvino,66978272,2026-03-16 02:55:16+00:00,2026-03-16 08:45:41+00:00,5.840277777777778,False,False
openvinotoolkit/openvino,66978272,2026-03-25 22:06:51+00:00,2026-03-26 04:11:57+00:00,6.085,False,False
openvinotoolkit/openvino,66978272,2026-03-27 17:47:52+00:00,2026-03-27 20:47:09+00:00,2.9880555555555555,False,False
openvinotoolkit/openvino,66978272,2026-04-01 02:19:12+00:00,2026-04-01 07:40:09+00:00,5.349166666666667,False,False
openvinotoolkit/openvino,66978272,2026-04-03 15:42:41+00:00,2026-04-03 17:50:05+00:00,2.1233333333333335,False,False
openvinotoolkit/openvino,66978272,2026-04-06 10:41:54+00:00,2026-04-06 12:36:00+00:00,1.9016666666666666,False,False
openvinotoolkit/openvino,66978272,2026-04-09 07:32:01+00:00,2026-04-09 11:35:53+00:00,4.064444444444445,False,False
openvinotoolkit/openvino,66978272,2026-04-13 08:49:39+00:00,2026-04-13 10:36:43+00:00,1.7844444444444445,False,False
openvinotoolkit/openvino,66978272,2026-04-15 12:33:51+00:00,2026-04-15 13:54:04+00:00,1.3369444444444445,False,False
openvinotoolkit/openvino,66978272,2026-04-15 15:44:08+00:00,2026-04-16 04:01:18+00:00,12.286111111111111,False,False
openvinotoolkit/openvino,66978272,2026-04-17 02:20:53+00:00,2026-04-17 07:26:20+00:00,5.090833333333333,False,False
openvinotoolkit/openvino,66978272,2026-04-22 12:04:25+00:00,2026-04-22 13:47:50+00:00,1.7236111111111112,False,False
openvinotoolkit/openvino,66978272,2026-04-23 11:41:35+00:00,2026-04-23 13:17:04+00:00,1.591388888888889,False,False
openvinotoolkit/openvino,66978272,2026-04-23 15:05:52+00:00,2026-04-23 17:51:00+00:00,2.752222222222222,False,False
openvinotoolkit/openvino,66978272,2026-04-25 01:50:35+00:00,2026-04-27 05:58:49+00:00,52.13722222222222,False,False
openvinotoolkit/openvino,66978272,2026-04-27 12:30:00+00:00,2026-04-27 14:16:07+00:00,1.7686111111111111,False,False
openvinotoolkit/openvino,66978272,2026-04-27 14:53:38+00:00,2026-04-27 16:48:09+00:00,1.908611111111111,False,False
openvinotoolkit/openvino,66978272,2026-04-28 17:39:54+00:00,2026-04-28 21:24:07+00:00,3.7369444444444446,False,False
openvinotoolkit/openvino,66978272,2026-04-29 09:10:42+00:00,2026-04-29 11:49:37+00:00,2.6486111111111112,False,False
openvinotoolkit/openvino,66978272,2026-04-30 17:04:02+00:00,2026-04-30 20:09:25+00:00,3.089722222222222,False,False
openvinotoolkit/openvino,66978272,2026-05-01 14:07:25+00:00,2026-05-01 16:04:08+00:00,1.9452777777777779,False,False
openvinotoolkit/openvino,66978272,2026-05-05 11:06:59+00:00,2026-05-05 13:37:02+00:00,2.5008333333333335,False,False
openvinotoolkit/openvino,66978272,2026-05-07 07:59:47+00:00,2026-05-07 09:45:29+00:00,1.7616666666666667,False,False
openvinotoolkit/openvino,66978272,2026-05-07 10:36:27+00:00,2026-05-07 12:05:38+00:00,1.486388888888889,False,False
openvinotoolkit/openvino,66978272,2026-05-07 16:12:46+00:00,2026-05-07 17:31:56+00:00,1.3194444444444444,False,False
openvinotoolkit/openvino,66978272,2026-05-11 11:55:30+00:00,2026-05-11 13:29:20+00:00,1.5638888888888889,False,False
openvinotoolkit/openvino,66978272,2026-05-13 09:59:18+00:00,2026-05-13 12:27:20+00:00,2.4672222222222224,False,False
openvinotoolkit/openvino,66978272,2026-05-22 03:59:23+00:00,2026-05-22 09:25:51+00:00,5.441111111111111,False,False
openvinotoolkit/openvino,66978272,2026-05-25 14:12:42+00:00,2026-05-26 10:30:43+00:00,20.30027777777778,False,False
openvinotoolkit/openvino,66978272,2026-06-02 10:09:52+00:00,2026-06-02 12:07:32+00:00,1.961111111111111,False,False
openvinotoolkit/openvino,66978272,2026-06-02 15:47:09+00:00,2026-06-02 17:49:33+00:00,2.04,False,False
openvinotoolkit/openvino,66978272,2026-06-09 10:07:45+00:00,2026-06-09 11:53:58+00:00,1.7702777777777778,False,False
openvinotoolkit/openvino,66978272,2026-06-10 19:14:31+00:00,2026-06-10 21:00:48+00:00,1.771388888888889,False,False
openvinotoolkit/openvino,66978272,2026-06-11 11:40:29+00:00,2026-06-11 12:32:22+00:00,0.8647222222222222,False,False
openvinotoolkit/openvino,66978272,2026-06-11 13:42:31+00:00,2026-06-11 15:20:50+00:00,1.638611111111111,False,False
openvinotoolkit/openvino,66978272,2026-06-17 10:26:02+00:00,2026-06-17 13:13:00+00:00,2.7827777777777776,False,False
openvinotoolkit/openvino,66978272,2026-07-09 04:43:01+00:00,2026-07-09 10:34:02+00:00,5.8502777777777775,False,False
openvinotoolkit/openvino,66978272,2026-07-21 20:27:47+00:00,2026-07-22 11:15:42+00:00,14.79861111111111,False,False
openvinotoolkit/openvino,66978272,2026-07-30 03:18:46+00:00,2026-07-30 04:19:48+00:00,1.0172222222222222,False,False
openvinotoolkit/openvino,66978272,2026-08-11 13:47:22+00:00,2026-08-11 14:40:23+00:00,0.8836111111111111,False,False
openvinotoolkit/openvino,66978272,2026-08-13 12:54:58+00:00,2026-08-13 14:39:51+00:00,1.7480555555555555,False,False
openvinotoolkit/openvino,70724398,2026-01-18 11:12:25+00:00,2026-01-19 09:15:59+00:00,22.059444444444445,False,False
openvinotoolkit/openvino,70724398,2026-01-22 00:55:27+00:00,2026-01-22 10:00:49+00:00,9.089444444444444,False,False
openvinotoolkit/openvino,70724398,2026-04-23 16:26:24+00:00,2026-04-23 17:43:16+00:00,1.281111111111111,False,False
openvinotoolkit/openvino,70724398,2026-04-29 20:10:54+00:00,2026-04-29 21:12:55+00:00,1.033611111111111,False,False
openvinotoolkit/openvino,70724398,2026-05-04 12:58:17+00:00,2026-05-04 17:14:28+00:00,4.269722222222223,False,False
openvinotoolkit/openvino,70724398,2026-07-09 04:43:01+00:00,2026-07-09 10:17:21+00:00,5.572222222222222,False,False
openvinotoolkit/openvino,158958828,2026-01-18 11:12:25+00:00,2026-01-19 09:26:07+00:00,22.22833333333333,False,False
openvinotoolkit/openvino,158958828,2026-07-09 04:43:01+00:00,2026-07-09 10:11:00+00:00,5.466388888888889,False,False
microsoft/fluentui-blazor,93139340,2026-03-15 12:08:54+00:00,2026-03-15 12:55:56+00:00,0.7838888888888889,False,False
microsoft/fluentui-blazor,93139340,2026-09-24 18:40:03+00:00,2026-09-24 19:27:53+00:00,0.7972222222222223,False,False
microsoft/fluentui-blazor,93139340,2026-09-30 12:28:44+00:00,2026-09-30 19:32:30+00:00,7.062777777777778,False,False
blockscout/blockscout,32311886,2026-05-12 14:08:25+00:00,2026-05-19 08:41:13+00:00,162.54666666666665,False,False
blockscout/blockscout,32311886,2026-08-06 15:47:46+00:00,2026-08-07 10:16:14+00:00,18.474444444444444,False,False
blockscout/blockscout,31504492,2025-10-14 05:02:18+00:00,2025-10-14 08:25:05+00:00,3.379722222222222,False,False
blockscout/blockscout,31504492,2025-10-17 12:30:14+00:00,2025-10-17 13:30:01+00:00,0.9963888888888889,False,False
blockscout/blockscout,31504492,2025-11-03 08:46:56+00:00,2025-11-03 09:27:11+00:00,0.6708333333333333,False,False
blockscout/blockscout,31504492,2025-11-03 08:53:07+00:00,2025-11-03 10:56:09+00:00,2.0505555555555555,False,False
blockscout/blockscout,31504492,2025-11-03 19:32:43+00:00,2025-11-04 10:08:50+00:00,14.601944444444445,False,False
blockscout/blockscout,31504492,2025-11-10 18:36:40+00:00,2025-11-11 09:20:50+00:00,14.73611111111111,False,False
blockscout/blockscout,31504492,2025-11-11 16:29:31+00:00,2025-11-11 16:48:58+00:00,0.32416666666666666,False,False
blockscout/blockscout,31504492,2025-11-12 15:43:30+00:00,2025-11-12 16:34:37+00:00,0.8519444444444444,False,False
blockscout/blockscout,31504492,2025-11-25 07:24:53+00:00,2025-11-25 07:53:14+00:00,0.4725,False,False
blockscout/blockscout,31504492,2025-11-25 07:40:41+00:00,2025-11-25 10:18:41+00:00,2.6333333333333333,False,False
blockscout/blockscout,31504492,2025-11-26 11:06:35+00:00,2025-11-28 05:39:06+00:00,42.54194444444445,False,False
blockscout/blockscout,31504492,2025-12-01 14:44:46+00:00,2025-12-02 15:53:01+00:00,25.1375,False,False
blockscout/blockscout,31504492,2025-12-04 11:04:16+00:00,2025-12-04 15:45:28+00:00,4.6866666666666665,False,False
blockscout/blockscout,31504492,2025-12-08 09:37:07+00:00,2025-12-08 12:48:20+00:00,3.1869444444444444,False,False
blockscout/blockscout,31504492,2025-12-08 13:12:25+00:00,2025-12-08 15:24:46+00:00,2.2058333333333335,False,False
blockscout/blockscout,31504492,2025-12-09 11:52:12+00:00,2025-12-16 09:35:47+00:00,165.7263888888889,False,False
blockscout/blockscout,31504492,2025-12-17 09:24:04+00:00,2025-12-17 09:56:40+00:00,0.5433333333333333,False,False
blockscout/blockscout,31504492,2025-12-18 11:28:32+00:00,2025-12-18 12:40:05+00:00,1.1925,False,False
blockscout/blockscout,31504492,2025-12-18 13:36:42+00:00,2025-12-18 14:36:09+00:00,0.9908333333333333,False,False
blockscout/blockscout,31504492,2025-12-18 16:59:56+00:00,2025-12-22 13:23:39+00:00,92.39527777777778,False,False
blockscout/blockscout,31504492,2026-01-05 11:06:46+00:00,2026-01-05 12:03:27+00:00,0.9447222222222222,False,False
blockscout/blockscout,31504492,2026-01-05 13:14:44+00:00,2026-01-05 20:22:11+00:00,7.1241666666666665,False,False
blockscout/blockscout,31504492,2026-01-09 09:07:54+00:00,2026-01-09 09:43:30+00:00,0.5933333333333334,False,False
blockscout/blockscout,31504492,2026-01-09 12:54:14+00:00,2026-01-11 17:49:30+00:00,52.92111111111111,False,False
blockscout/blockscout,31504492,2026-01-13 18:47:56+00:00,2026-01-13 19:07:08+00:00,0.32,False,False
blockscout/blockscout,31504492,2026-01-14 10:42:04+00:00,2026-01-14 14:36:59+00:00,3.915277777777778,False,False
blockscout/blockscout,31504492,2026-01-15 11:47:35+00:00,2026-01-15 12:44:38+00:00,0.9508333333333333,False,False
blockscout/blockscout,31504492,2026-01-19 18:16:10+00:00,2026-01-20 05:00:57+00:00,10.74638888888889,False,False
blockscout/blockscout,31504492,2026-01-21 09:39:50+00:00,2026-01-21 09:51:02+00:00,0.18666666666666668,False,False
blockscout/blockscout,31504492,2026-01-22 15:22:19+00:00,2026-01-22 15:33:01+00:00,0.17833333333333334,False,False
blockscout/blockscout,31504492,2026-02-05 09:29:28+00:00,2026-02-05 20:19:38+00:00,10.83611111111111,False,False
blockscout/blockscout,31504492,2026-02-13 07:54:47+00:00,2026-02-15 18:18:58+00:00,58.403055555555554,False,False
blockscout/blockscout,31504492,2026-02-16 12:36:57+00:00,2026-02-17 14:29:25+00:00,25.874444444444446,False,False
blockscout/blockscout,31504492,2026-02-19 12:48:27+00:00,2026-02-19 14:14:40+00:00,1.4369444444444444,False,False
blockscout/blockscout,31504492,2026-02-24 08:46:40+00:00,2026-02-24 09:56:14+00:00,1.1594444444444445,False,False
blockscout/blockscout,31504492,2026-02-25 09:35:40+00:00,2026-02-25 10:33:58+00:00,0.9716666666666667,False,False
blockscout/blockscout,31504492,2026-03-03 09:18:06+00:00,2026-03-03 09:29:44+00:00,0.1938888888888889,False,False
blockscout/blockscout,31504492,2026-03-04 19:24:48+00:00,2026-03-05 15:24:12+00:00,19.99,False,False
blockscout/blockscout,31504492,2026-03-10 09:05:42+00:00,2026-03-10 12:00:49+00:00,2.9186111111111113,False,False
blockscout/blockscout,31504492,2026-03-10 12:41:20+00:00,2026-03-10 14:06:18+00:00,1.416111111111111,False,False
blockscout/blockscout,31504492,2026-03-11 08:12:53+00:00,2026-03-11 08:22:17+00:00,0.15666666666666668,False,False
blockscout/blockscout,31504492,2026-03-12 15:33:39+00:00,2026-03-12 15:50:30+00:00,0.2808333333333333,False,False
blockscout/blockscout,31504492,2026-03-13 15:03:37+00:00,2026-03-16 09:14:32+00:00,66.18194444444444,False,False
blockscout/blockscout,31504492,2026-03-17 09:06:25+00:00,2026-03-17 09:32:29+00:00,0.43444444444444447,False,False
blockscout/blockscout,31504492,2026-03-24 09:53:52+00:00,2026-03-24 10:30:49+00:00,0.6158333333333333,False,False
blockscout/blockscout,31504492,2026-03-24 10:23:19+00:00,2026-03-25 13:26:16+00:00,27.049166666666668,False,False
blockscout/blockscout,31504492,2026-04-01 09:03:34+00:00,2026-04-01 12:52:51+00:00,3.821388888888889,False,False
blockscout/blockscout,31504492,2026-04-02 13:58:23+00:00,2026-04-03 10:51:06+00:00,20.878611111111113,False,False
blockscout/blockscout,31504492,2026-04-03 17:24:40+00:00,2026-04-03 18:20:46+00:00,0.935,False,False
blockscout/blockscout,31504492,2026-04-06 16:46:19+00:00,2026-04-07 07:48:32+00:00,15.036944444444444,False,False
blockscout/blockscout,31504492,2026-04-07 12:48:44+00:00,2026-04-07 15:08:48+00:00,2.3344444444444443,False,False
blockscout/blockscout,31504492,2026-04-09 12:43:19+00:00,2026-04-12 15:27:17+00:00,74.73277777777778,False,False
blockscout/blockscout,31504492,2026-04-27 14:40:59+00:00,2026-04-27 14:51:03+00:00,0.16777777777777778,False,False
blockscout/blockscout,31504492,2026-04-27 14:46:11+00:00,2026-04-28 10:50:48+00:00,20.076944444444443,False,False
blockscout/blockscout,31504492,2026-04-30 13:51:23+00:00,2026-05-01 10:03:20+00:00,20.199166666666667,False,False
blockscout/blockscout,31504492,2026-05-01 14:15:55+00:00,2026-05-01 14:27:45+00:00,0.19722222222222222,False,False
blockscout/blockscout,31504492,2026-05-04 12:00:00+00:00,2026-05-04 14:26:14+00:00,2.437222222222222,False,False
blockscout/blockscout,31504492,2026-05-08 11:08:54+00:00,2026-07-03 12:01:22+00:00,1344.8744444444444,False,False
blockscout/blockscout,31504492,2026-07-07 10:02:07+00:00,2026-07-07 12:44:28+00:00,2.7058333333333335,False,False
blockscout/blockscout,31504492,2026-07-13 10:57:06+00:00,2026-07-13 11:10:04+00:00,0.21611111111111111,False,False
blockscout/blockscout,31504492,2026-07-14 13:05:19+00:00,2026-07-15 16:07:47+00:00,27.04111111111111,False,False
blockscout/blockscout,31504492,2026-07-17 10:01:59+00:00,2026-07-22 11:17:56+00:00,121.26583333333333,False,False
blockscout/blockscout,31504492,2026-07-22 14:10:09+00:00,,,True,False
blockscout/blockscout,1978444,2025-10-10 14:51:13+00:00,2025-10-20 10:03:01+00:00,235.19666666666666,False,False
blockscout/blockscout,1978444,2025-10-22 09:38:19+00:00,2025-10-31 15:20:03+00:00,221.69555555555556,False,False
blockscout/blockscout,1978444,2025-11-03 08:46:42+00:00,2025-11-03 15:12:01+00:00,6.421944444444445,False,False
blockscout/blockscout,1978444,2025-11-03 19:32:43+00:00,2025-11-12 13:13:39+00:00,209.6822222222222,False,False
blockscout/blockscout,1978444,2025-11-12 15:44:22+00:00,2025-11-29 13:30:11+00:00,405.7636111111111,False,False
blockscout/blockscout,1978444,2025-12-02 15:44:38+00:00,2025-12-16 15:13:44+00:00,335.485,False,False
blockscout/blockscout,1978444,2025-12-17 09:24:04+00:00,2025-12-17 10:19:17+00:00,0.9202777777777778,False,False
blockscout/blockscout,1978444,2025-12-18 11:28:10+00:00,2025-12-19 12:47:13+00:00,25.3175,False,False
blockscout/blockscout,1978444,2025-12-22 13:13:05+00:00,2026-01-09 10:28:43+00:00,429.2605555555556,False,False
blockscout/blockscout,1978444,2026-01-09 12:54:14+00:00,2026-01-11 20:03:00+00:00,55.14611111111111,False,False
blockscout/blockscout,1978444,2026-01-13 08:27:55+00:00,2026-01-15 18:22:03+00:00,57.90222222222222,False,False
blockscout/blockscout,1978444,2026-01-15 18:33:11+00:00,2026-01-16 15:55:24+00:00,21.370277777777776,False,False
blockscout/blockscout,1978444,2026-01-19 12:55:50+00:00,2026-01-19 19:39:51+00:00,6.733611111111111,False,False
blockscout/blockscout,1978444,2026-01-20 04:48:23+00:00,2026-04-20 11:33:59+00:00,2166.76,False,False
blockscout/blockscout,1978444,2026-04-21 11:22:31+00:00,2026-04-22 13:29:31+00:00,26.116666666666667,False,False
blockscout/blockscout,1978444,2026-04-23 14:56:45+00:00,2026-05-04 16:02:53+00:00,265.1022222222222,False,False
blockscout/blockscout,1978444,2026-05-05 09:10:33+00:00,2026-05-08 11:59:18+00:00,74.8125,False,False
blockscout/blockscout,1978444,2026-05-08 13:51:02+00:00,2026-05-13 15:10:45+00:00,121.32861111111112,False,False
blockscout/blockscout,1978444,2026-05-19 08:39:43+00:00,2026-06-02 09:48:35+00:00,337.1477777777778,False,False
blockscout/blockscout,1978444,2026-06-02 10:37:34+00:00,2026-06-10 11:38:49+00:00,193.02083333333334,False,False
blockscout/blockscout,1978444,2026-06-11 15:37:35+00:00,2026-07-30 22:17:46+00:00,1182.6697222222222,False,False
blockscout/blockscout,1978444,2026-07-31 09:06:55+00:00,2026-08-04 09:15:54+00:00,96.14972222222222,False,False
blockscout/blockscout,1978444,2026-08-05 20:18:27+00:00,2026-08-13 12:59:47+00:00,184.6888888888889,False,False
blockscout/blockscout,1978444,2026-08-14 10:09:53+00:00,2026-08-18 10:50:44+00:00,96.68083333333334,False,False
blockscout/blockscout,1978444,2026-08-19 09:55:40+00:00,2026-08-28 10:03:09+00:00,216.12472222222223,False,False
blockscout/blockscout,1978444,2026-08-29 04:47:31+00:00,2026-09-10 13:33:59+00:00,296.77444444444444,False,False
blockscout/blockscout,1978444,2026-09-14 13:23:43+00:00,2026-09-15 16:08:22+00:00,26.74416666666667,False,False
blockscout/blockscout,1978444,2026-09-15 16:23:20+00:00,2026-09-16 11:42:47+00:00,19.324166666666667,False,False
blockscout/blockscout,1978444,2026-09-17 11:47:00+00:00,2026-09-17 14:30:52+00:00,2.7311111111111113,False,False
blockscout/blockscout,1978444,2026-09-17 15:07:25+00:00,2026-09-23 13:57:02+00:00,142.82694444444445,False,False
blockscout/blockscout,1978444,2026-09-28 13:57:28+00:00,2026-09-29 11:56:31+00:00,21.984166666666667,False,False
blockscout/blockscout,1978444,2026-09-29 18:07:39+00:00,2026-09-29 20:19:35+00:00,2.198888888888889,False,False
blockscout/blockscout,1978444,2026-09-30 09:39:08+00:00,2026-09-30 13:40:21+00:00,4.020277777777777,False,False
blockscout/blockscout,144614006,2025-12-18 16:59:56+00:00,2025-12-19 09:43:44+00:00,16.73,False,False
blockscout/blockscout,144614006,2026-01-20 18:41:38+00:00,2026-01-21 10:04:41+00:00,15.384166666666667,False,False
blockscout/blockscout,144614006,2026-07-22 09:48:54+00:00,2026-07-24 12:55:19+00:00,51.106944444444444,False,False
blockscout/blockscout,144614006,2026-08-06 15:47:46+00:00,2026-08-07 10:17:09+00:00,18.489722222222223,False,False
blockscout/blockscout,144614006,2026-09-10 12:43:11+00:00,2026-09-10 13:15:00+00:00,0.5302777777777777,False,False
openvinotoolkit/openvino,78007313,2025-10-07 10:32:53+00:00,2025-10-07 12:48:02+00:00,2.2525,False,False
openvinotoolkit/openvino,78007313,2025-10-10 09:15:03+00:00,2025-10-10 12:30:42+00:00,3.2608333333333333,False,False
openvinotoolkit/openvino,78007313,2025-10-17 10:39:08+00:00,2025-10-17 11:28:58+00:00,0.8305555555555556,False,False
openvinotoolkit/openvino,78007313,2025-10-27 19:58:52+00:00,2025-10-27 20:48:31+00:00,0.8275,False,False
openvinotoolkit/openvino,78007313,2025-11-06 15:54:13+00:00,2025-11-06 17:04:47+00:00,1.176111111111111,False,False
openvinotoolkit/openvino,78007313,2025-11-07 21:10:22+00:00,2025-11-10 09:39:16+00:00,60.48166666666667,False,False
openvinotoolkit/openvino,78007313,2025-12-17 08:15:09+00:00,2025-12-17 10:05:55+00:00,1.846111111111111,False,False
openvinotoolkit/openvino,78007313,2025-12-18 09:47:12+00:00,2025-12-18 10:58:42+00:00,1.1916666666666667,False,False
openvinotoolkit/openvino,78007313,2025-12-18 15:49:52+00:00,2025-12-18 17:51:41+00:00,2.0302777777777776,False,False
openvinotoolkit/openvino,78007313,2025-12-19 15:46:32+00:00,2025-12-19 16:18:59+00:00,0.5408333333333334,False,False
openvinotoolkit/openvino,78007313,2026-01-06 03:50:15+00:00,2026-01-07 03:16:41+00:00,23.440555555555555,False,False
openvinotoolkit/openvino,78007313,2026-01-09 15:34:18+00:00,2026-01-09 17:54:11+00:00,2.3313888888888887,False,False
openvinotoolkit/openvino,78007313,2026-01-22 00:55:27+00:00,2026-01-22 10:17:56+00:00,9.374722222222223,False,False
openvinotoolkit/openvino,78007313,2026-01-29 17:31:50+00:00,2026-01-29 20:54:36+00:00,3.3794444444444443,False,False
openvinotoolkit/openvino,78007313,2026-02-18 14:50:14+00:00,2026-02-18 16:45:35+00:00,1.9225,False,False
openvinotoolkit/openvino,78007313,2026-02-21 01:09:22+00:00,2026-02-21 11:24:50+00:00,10.257777777777777,False,False
openvinotoolkit/openvino,78007313,2026-03-05 11:54:06+00:00,2026-03-05 12:29:29+00:00,0.5897222222222223,False,False
openvinotoolkit/openvino,78007313,2026-03-11 21:54:48+00:00,2026-03-12 11:21:57+00:00,13.4525,False,False
openvinotoolkit/openvino,78007313,2026-04-09 03:29:02+00:00,2026-04-09 04:33:08+00:00,1.0683333333333334,False,False
openvinotoolkit/openvino,78007313,2026-04-10 10:45:39+00:00,2026-04-10 13:57:20+00:00,3.194722222222222,False,False
openvinotoolkit/openvino,78007313,2026-04-14 06:20:04+00:00,2026-04-14 07:01:55+00:00,0.6975,False,False
openvinotoolkit/openvino,78007313,2026-04-14 09:22:35+00:00,2026-04-14 11:42:40+00:00,2.334722222222222,False,False
openvinotoolkit/openvino,78007313,2026-04-23 12:34:50+00:00,2026-04-23 13:12:36+00:00,0.6294444444444445,False,False
openvinotoolkit/openvino,78007313,2026-04-23 16:13:51+00:00,2026-04-23 16:55:36+00:00,0.6958333333333333,False,False
openvinotoolkit/openvino,78007313,2026-04-28 17:33:23+00:00,2026-04-28 18:07:44+00:00,0.5725,False,False
openvinotoolkit/openvino,78007313,2026-04-30 09:42:22+00:00,2026-04-30 11:11:30+00:00,1.4855555555555555,False,False
openvinotoolkit/openvino,78007313,2026-05-12 01:39:19+00:00,2026-05-12 02:26:54+00:00,0.7930555555555555,False,False
openvinotoolkit/openvino,78007313,2026-05-19 16:40:45+00:00,2026-05-19 17:53:35+00:00,1.2138888888888888,False,False
openvinotoolkit/openvino,78007313,2026-06-03 11:19:37+00:00,2026-06-03 12:07:32+00:00,0.7986111111111112,False,False
openvinotoolkit/openvino,78007313,2026-06-10 14:19:29+00:00,2026-06-10 17:08:48+00:00,2.8219444444444446,False,False
openvinotoolkit/openvino,78007313,2026-06-11 06:41:36+00:00,2026-06-11 07:26:33+00:00,0.7491666666666666,False,False
openvinotoolkit/openvino,78007313,2026-06-22 12:29:22+00:00,2026-06-22 13:01:41+00:00,0.5386111111111112,False,False
openvinotoolkit/openvino,78007313,2026-06-25 11:10:53+00:00,2026-06-25 12:11:26+00:00,1.0091666666666668,False,False
openvinotoolkit/openvino,78007313,2026-07-09 04:43:02+00:00,2026-07-09 10:07:52+00:00,5.413888888888889,False,False
openvinotoolkit/openvino,78007313,2026-07-14 10:17:22+00:00,2026-07-14 12:04:13+00:00,1.7808333333333333,False,False
openvinotoolkit/openvino,78007313,2026-07-16 15:00:19+00:00,2026-07-16 16:28:16+00:00,1.4658333333333333,False,False
openvinotoolkit/openvino,78007313,2026-08-13 12:42:40+00:00,2026-08-13 13:25:31+00:00,0.7141666666666666,False,False
openvinotoolkit/openvino,78007313,2026-08-27 14:21:05+00:00,2026-08-27 14:56:20+00:00,0.5875,False,False
openvinotoolkit/openvino,78007313,2026-09-25 16:24:47+00:00,2026-09-26 01:29:10+00:00,9.073055555555555,False,False
dagger/dagger,128768591,2025-10-02 06:22:48+00:00,2025-10-02 07:42:15+00:00,1.3241666666666667,False,False
dagger/dagger,128768591,2025-10-03 13:32:48+00:00,2025-10-06 08:55:41+00:00,67.38138888888889,False,False
dagger/dagger,128768591,2025-10-06 10:11:03+00:00,2025-10-06 13:37:41+00:00,3.443888888888889,False,False
dagger/dagger,128768591,2025-10-07 00:14:28+00:00,2025-10-07 13:25:26+00:00,13.182777777777778,False,False
dagger/dagger,128768591,2025-10-07 15:32:30+00:00,2025-10-07 17:13:38+00:00,1.6855555555555555,False,False
dagger/dagger,128768591,2025-10-07 17:23:11+00:00,2025-10-07 18:14:47+00:00,0.86,False,False
dagger/dagger,128768591,2025-10-07 18:29:56+00:00,2025-10-07 20:23:03+00:00,1.8852777777777778,False,False
dagger/dagger,128768591,2025-10-08 19:18:21+00:00,2025-10-13 21:36:00+00:00,122.29416666666667,False,False
dagger/dagger,128768591,2025-10-14 20:05:51+00:00,2025-10-15 18:27:34+00:00,22.361944444444443,False,False
dagger/dagger,128768591,2025-10-16 00:11:11+00:00,2025-10-16 20:27:36+00:00,20.273611111111112,False,False
dagger/dagger,128768591,2025-10-17 19:53:05+00:00,2025-10-20 22:35:45+00:00,74.71111111111111,False,False
dagger/dagger,128768591,2025-10-21 16:21:58+00:00,,,True,False
dagger/dagger,19648555,2026-08-06 16:17:09+00:00,2026-08-07 14:31:35+00:00,22.240555555555556,False,False
dagger/dagger,41809656,2025-11-10 18:11:00+00:00,2025-11-13 16:27:16+00:00,70.27111111111111,False,False
dagger/dagger,41809656,2025-11-13 21:15:50+00:00,2025-11-13 23:49:56+00:00,2.5683333333333334,False,False
dagger/dagger,41809656,2025-11-14 18:07:05+00:00,2025-11-14 19:20:22+00:00,1.2213888888888889,False,False
dagger/dagger,41809656,2025-11-14 20:03:52+00:00,2025-11-15 01:59:26+00:00,5.926111111111111,False,False
dagger/dagger,41809656,2025-11-17 19:06:04+00:00,2025-11-17 19:51:22+00:00,0.755,False,False
dagger/dagger,41809656,2025-11-19 19:36:08+00:00,2025-11-20 01:07:00+00:00,5.514444444444444,False,False
dagger/dagger,41809656,2025-11-20 09:25:16+00:00,2025-11-20 19:02:09+00:00,9.614722222222222,False,False
dagger/dagger,41809656,2025-11-20 21:41:30+00:00,2025-11-20 23:50:05+00:00,2.1430555555555557,False,False
dagger/dagger,41809656,2025-11-21 02:48:42+00:00,2025-11-21 20:43:38+00:00,17.915555555555557,False,False
dagger/dagger,41809656,2025-11-24 19:29:00+00:00,2025-11-24 20:38:28+00:00,1.1577777777777778,False,False
dagger/dagger,41809656,2025-12-01 17:31:18+00:00,2025-12-01 19:01:09+00:00,1.4975,False,False
dagger/dagger,41809656,2025-12-01 22:13:06+00:00,2025-12-02 22:58:30+00:00,24.756666666666668,False,False
dagger/dagger,41809656,2025-12-03 17:13:56+00:00,2025-12-03 17:48:51+00:00,0.5819444444444445,False,False
dagger/dagger,41809656,2025-12-03 19:05:19+00:00,2025-12-04 07:56:02+00:00,12.845277777777778,False,False
dagger/dagger,41809656,2025-12-13 18:58:59+00:00,2026-01-10 00:53:14+00:00,653.9041666666667,False,False
dagger/dagger,41809656,2026-01-12 18:59:13+00:00,2026-01-12 19:28:21+00:00,0.4855555555555556,False,False
dagger/dagger,41809656,2026-01-12 20:24:59+00:00,2026-01-12 22:48:10+00:00,2.386388888888889,False,False
dagger/dagger,41809656,2026-01-13 18:39:47+00:00,2026-01-13 19:08:17+00:00,0.475,False,False
dagger/dagger,41809656,2026-01-13 18:59:37+00:00,2026-01-13 19:21:08+00:00,0.3586111111111111,False,False
dagger/dagger,41809656,2026-01-14 22:02:08+00:00,2026-01-14 23:18:15+00:00,1.2686111111111111,False,False
dagger/dagger,41809656,2026-01-14 23:33:56+00:00,2026-01-15 20:38:33+00:00,21.076944444444443,False,False
dagger/dagger,41809656,2026-01-26 16:06:09+00:00,2026-01-26 22:17:01+00:00,6.181111111111111,False,False
dagger/dagger,41809656,2026-02-11 22:43:26+00:00,2026-02-12 03:10:35+00:00,4.4525,False,False
dagger/dagger,41809656,2026-02-17 18:23:56+00:00,2026-02-17 19:59:38+00:00,1.595,False,False
dagger/dagger,41809656,2026-02-17 21:52:00+00:00,2026-02-23 20:25:36+00:00,142.56,False,False
dagger/dagger,41809656,2026-02-25 01:50:26+00:00,2026-02-26 23:46:30+00:00,45.934444444444445,False,False
dagger/dagger,41809656,2026-03-02 23:56:10+00:00,2026-03-03 00:24:07+00:00,0.4658333333333333,False,False
dagger/dagger,41809656,2026-03-03 00:10:41+00:00,2026-03-03 00:47:36+00:00,0.6152777777777778,False,False
dagger/dagger,41809656,2026-03-04 17:45:28+00:00,2026-03-04 18:43:35+00:00,0.9686111111111111,False,False
dagger/dagger,41809656,2026-03-04 22:51:25+00:00,2026-03-05 00:21:18+00:00,1.4980555555555555,False,False
dagger/dagger,41809656,2026-03-05 17:29:46+00:00,2026-03-19 16:37:29+00:00,335.1286111111111,False,False
dagger/dagger,41809656,2026-03-20 17:15:20+00:00,2026-03-20 17:39:53+00:00,0.4091666666666667,False,False
dagger/dagger,41809656,2026-03-26 01:52:29+00:00,2026-03-26 19:08:29+00:00,17.266666666666666,False,False
dagger/dagger,41809656,2026-03-31 14:50:52+00:00,2026-03-31 16:38:58+00:00,1.8016666666666667,False,False
dagger/dagger,41809656,2026-04-01 13:15:04+00:00,2026-04-09 02:12:40+00:00,180.96,False,False
dagger/dagger,41809656,2026-04-16 10:11:41+00:00,2026-04-17 22:04:57+00:00,35.88777777777778,False,False
dagger/dagger,41809656,2026-04-22 13:49:38+00:00,2026-04-22 15:39:12+00:00,1.826111111111111,False,False
dagger/dagger,41809656,2026-04-23 00:24:20+00:00,2026-04-24 18:27:41+00:00,42.05583333333333,False,False
dagger/dagger,41809656,2026-04-24 19:23:08+00:00,2026-04-24 19:50:27+00:00,0.4552777777777778,False,False
dagger/dagger,41809656,2026-04-30 15:33:22+00:00,2026-04-30 17:02:48+00:00,1.4905555555555556,False,False
dagger/dagger,41809656,2026-04-30 23:27:43+00:00,2026-05-01 20:00:54+00:00,20.553055555555556,False,False
dagger/dagger,41809656,2026-05-01 22:34:29+00:00,2026-05-02 01:59:13+00:00,3.4122222222222223,False,False
dagger/dagger,41809656,2026-05-05 23:36:09+00:00,2026-05-06 20:08:55+00:00,20.54611111111111,False,False
dagger/dagger,41809656,2026-05-06 20:19:54+00:00,2026-05-07 20:37:08+00:00,24.287222222222223,False,False
dagger/dagger,41809656,2026-05-08 16:46:39+00:00,2026-05-09 14:53:44+00:00,22.118055555555557,False,False
dagger/dagger,41809656,2026-05-11 17:48:06+00:00,2026-05-11 19:05:49+00:00,1.2952777777777778,False,False
dagger/dagger,41809656,2026-05-11 19:58:45+00:00,2026-05-12 02:54:50+00:00,6.934722222222222,False,False
dagger/dagger,41809656,2026-05-12 20:08:28+00:00,2026-05-13 18:43:10+00:00,22.578333333333333,False,False
dagger/dagger,41809656,2026-05-13 20:40:55+00:00,2026-05-13 23:06:43+00:00,2.43,False,False
dagger/dagger,41809656,2026-05-14 20:46:23+00:00,2026-05-14 21:27:30+00:00,0.6852777777777778,False,False
dagger/dagger,41809656,2026-05-15 14:14:03+00:00,2026-05-15 22:45:41+00:00,8.527222222222223,False,False
dagger/dagger,41809656,2026-05-15 22:52:04+00:00,2026-05-18 16:58:53+00:00,66.11361111111111,False,False
dagger/dagger,41809656,2026-05-18 23:10:10+00:00,2026-05-18 23:59:24+00:00,0.8205555555555556,False,False
dagger/dagger,41809656,2026-05-19 08:47:07+00:00,2026-05-19 23:47:45+00:00,15.010555555555555,False,False
dagger/dagger,41809656,2026-05-19 23:39:35+00:00,2026-05-20 00:06:01+00:00,0.44055555555555553,False,False
dagger/dagger,41809656,2026-05-20 21:19:16+00:00,2026-05-20 22:05:22+00:00,0.7683333333333333,False,False
dagger/dagger,41809656,2026-05-27 01:30:39+00:00,2026-05-29 17:15:16+00:00,63.743611111111115,False,False
dagger/dagger,41809656,2026-05-29 17:33:42+00:00,2026-05-29 18:55:20+00:00,1.3605555555555555,False,False
dagger/dagger,41809656,2026-05-30 00:07:53+00:00,2026-05-30 00:55:22+00:00,0.7913888888888889,False,False
dagger/dagger,41809656,2026-05-30 02:02:16+00:00,2026-06-01 12:57:12+00:00,58.91555555555556,False,False
dagger/dagger,41809656,2026-06-01 21:01:19+00:00,2026-06-02 02:09:59+00:00,5.144444444444445,False,False
dagger/dagger,41809656,2026-06-02 13:03:22+00:00,2026-06-02 16:26:19+00:00,3.3825,False,False
dagger/dagger,41809656,2026-06-02 19:06:53+00:00,2026-06-03 17:02:58+00:00,21.934722222222224,False,False
dagger/dagger,41809656,2026-06-04 18:20:28+00:00,2026-06-04 20:27:28+00:00,2.1166666666666667,False,False
dagger/dagger,41809656,2026-06-05 23:44:33+00:00,2026-06-06 05:55:38+00:00,6.184722222222222,False,False
dagger/dagger,41809656,2026-06-08 21:52:34+00:00,2026-06-08 22:53:34+00:00,1.0166666666666666,False,False
dagger/dagger,41809656,2026-06-09 18:09:54+00:00,2026-06-09 20:09:32+00:00,1.9938888888888888,False,False
dagger/dagger,41809656,2026-06-10 10:43:03+00:00,2026-06-10 13:26:59+00:00,2.732222222222222,False,False
dagger/dagger,41809656,2026-06-10 19:32:20+00:00,2026-06-10 21:23:02+00:00,1.845,False,False
dagger/dagger,41809656,2026-06-10 21:18:17+00:00,2026-06-10 22:05:09+00:00,0.7811111111111111,False,False
dagger/dagger,41809656,2026-06-11 01:18:45+00:00,2026-06-11 16:19:37+00:00,15.014444444444445,False,False
dagger/dagger,41809656,2026-06-11 17:56:49+00:00,2026-06-11 22:48:29+00:00,4.861111111111111,False,False
dagger/dagger,41809656,2026-06-12 00:15:06+00:00,2026-06-12 01:59:24+00:00,1.7383333333333333,False,False
dagger/dagger,41809656,2026-06-16 19:38:28+00:00,2026-06-16 20:06:28+00:00,0.4666666666666667,False,False
dagger/dagger,41809656,2026-06-17 15:16:50+00:00,2026-06-17 16:36:46+00:00,1.3322222222222222,False,False
dagger/dagger,41809656,2026-06-17 19:29:08+00:00,2026-06-18 08:29:42+00:00,13.009444444444444,False,False
dagger/dagger,41809656,2026-06-18 17:43:43+00:00,2026-06-18 19:41:21+00:00,1.9605555555555556,False,False
dagger/dagger,41809656,2026-06-22 14:57:40+00:00,2026-06-23 14:27:05+00:00,23.490277777777777,False,False
dagger/dagger,41809656,2026-06-23 20:45:33+00:00,2026-06-24 19:56:04+00:00,23.17527777777778,False,False
dagger/dagger,41809656,2026-06-25 01:52:46+00:00,2026-06-25 18:37:11+00:00,16.740277777777777,False,False
dagger/dagger,41809656,2026-06-26 16:46:02+00:00,2026-06-29 12:52:23+00:00,68.10583333333334,False,False
dagger/dagger,41809656,2026-06-29 14:28:02+00:00,2026-07-17 20:05:30+00:00,437.62444444444446,False,False
dagger/dagger,41809656,2026-07-18 18:35:52+00:00,2026-07-18 19:22:02+00:00,0.7694444444444445,False,False
dagger/dagger,41809656,2026-07-20 19:41:20+00:00,2026-07-20 23:04:01+00:00,3.3780555555555556,False,False
dagger/dagger,41809656,2026-07-21 12:54:11+00:00,2026-07-21 14:20:35+00:00,1.44,False,False
dagger/dagger,41809656,2026-07-21 18:36:12+00:00,2026-07-21 19:04:51+00:00,0.4775,False,False
dagger/dagger,41809656,2026-07-21 18:53:20+00:00,2026-07-21 19:39:19+00:00,0.7663888888888889,False,False
dagger/dagger,41809656,2026-07-21 23:31:02+00:00,2026-07-22 01:51:57+00:00,2.348611111111111,False,False
dagger/dagger,41809656,2026-07-22 13:43:56+00:00,2026-07-22 23:09:18+00:00,9.422777777777778,False,False
dagger/dagger,41809656,2026-07-23 04:49:00+00:00,2026-07-24 20:06:17+00:00,39.28805555555556,False,False
dagger/dagger,41809656,2026-07-24 20:04:45+00:00,2026-07-25 19:51:10+00:00,23.773611111111112,False,False
dagger/dagger,41809656,2026-07-27 14:26:48+00:00,2026-07-27 19:55:00+00:00,5.47,False,False
dagger/dagger,41809656,2026-07-27 20:10:13+00:00,2026-07-28 01:31:24+00:00,5.353055555555556,False,False
dagger/dagger,41809656,2026-07-28 01:24:53+00:00,2026-07-28 11:26:45+00:00,10.03111111111111,False,False
dagger/dagger,41809656,2026-07-28 23:27:06+00:00,2026-07-29 14:41:09+00:00,15.234166666666667,False,False
dagger/dagger,41809656,2026-07-29 16:06:12+00:00,2026-07-29 16:44:01+00:00,0.6302777777777778,False,False
dagger/dagger,41809656,2026-07-29 22:16:22+00:00,2026-07-30 10:58:21+00:00,12.699722222222222,False,False
dagger/dagger,41809656,2026-07-30 17:27:53+00:00,2026-07-30 19:53:25+00:00,2.4255555555555555,False,False
dagger/dagger,41809656,2026-07-30 20:24:57+00:00,2026-07-31 20:30:27+00:00,24.091666666666665,False,False
dagger/dagger,41809656,2026-07-31 21:05:30+00:00,2026-07-31 23:58:13+00:00,2.8786111111111112,False,False
dagger/dagger,41809656,2026-08-03 12:17:12+00:00,2026-08-03 20:25:06+00:00,8.131666666666666,False,False
dagger/dagger,41809656,2026-08-04 01:03:23+00:00,2026-08-04 18:45:41+00:00,17.705,False,False
dagger/dagger,41809656,2026-08-05 04:21:52+00:00,2026-08-05 12:14:14+00:00,7.872777777777777,False,False
dagger/dagger,41809656,2026-08-05 19:31:55+00:00,2026-08-05 19:55:02+00:00,0.3852777777777778,False,False
dagger/dagger,41809656,2026-08-06 13:08:08+00:00,2026-08-10 12:07:01+00:00,94.98138888888889,False,False
dagger/dagger,41809656,2026-08-11 14:03:31+00:00,2026-08-12 03:05:09+00:00,13.027222222222223,False,False
dagger/dagger,41809656,2026-08-14 04:39:41+00:00,2026-08-14 22:10:57+00:00,17.52111111111111,False,False
dagger/dagger,41809656,2026-08-17 22:26:30+00:00,2026-08-17 23:51:25+00:00,1.4152777777777779,False,False
dagger/dagger,41809656,2026-08-18 10:15:15+00:00,2026-08-18 12:52:58+00:00,2.6286111111111112,False,False
dagger/dagger,41809656,2026-08-18 19:53:30+00:00,2026-08-18 23:09:45+00:00,3.2708333333333335,False,False
dagger/dagger,41809656,2026-08-19 15:03:59+00:00,2026-08-19 18:16:57+00:00,3.216111111111111,False,False
dagger/dagger,41809656,2026-08-19 20:40:54+00:00,2026-08-19 21:53:12+00:00,1.205,False,False
dagger/dagger,41809656,2026-08-25 10:20:53+00:00,2026-08-25 16:55:14+00:00,6.5725,False,False
dagger/dagger,41809656,2026-08-26 04:30:39+00:00,2026-08-26 05:50:38+00:00,1.3330555555555557,False,False
dagger/dagger,41809656,2026-08-26 21:03:28+00:00,2026-08-26 23:52:49+00:00,2.8225,False,False
dagger/dagger,41809656,2026-08-27 15:24:07+00:00,2026-08-27 21:25:38+00:00,6.025277777777778,False,False
dagger/dagger,41809656,2026-08-31 18:59:00+00:00,2026-08-31 19:53:02+00:00,0.9005555555555556,False,False
dagger/dagger,41809656,2026-09-01 18:54:21+00:00,2026-09-01 21:05:21+00:00,2.183333333333333,False,False
dagger/dagger,41809656,2026-09-01 21:28:30+00:00,2026-09-10 21:27:36+00:00,215.985,False,False
dagger/dagger,41809656,2026-09-10 22:59:23+00:00,2026-09-11 01:37:09+00:00,2.6294444444444443,False,False
dagger/dagger,41809656,2026-09-11 01:50:45+00:00,2026-09-11 02:48:46+00:00,0.9669444444444445,False,False
dagger/dagger,41809656,2026-09-11 09:29:27+00:00,2026-09-11 17:23:06+00:00,7.894166666666667,False,False
dagger/dagger,41809656,2026-09-11 23:38:13+00:00,2026-09-12 01:05:37+00:00,1.4566666666666668,False,False
dagger/dagger,41809656,2026-09-12 01:01:29+00:00,2026-09-18 00:47:00+00:00,143.75861111111112,False,False
dagger/dagger,41809656,2026-09-18 01:56:39+00:00,2026-09-18 02:24:59+00:00,0.4722222222222222,False,False
dagger/dagger,41809656,2026-09-18 02:27:03+00:00,2026-09-18 03:44:21+00:00,1.2883333333333333,False,False
dagger/dagger,41809656,2026-09-18 04:01:32+00:00,2026-09-18 19:50:21+00:00,15.813611111111111,False,False
dagger/dagger,41809656,2026-09-18 22:40:55+00:00,2026-09-19 04:08:58+00:00,5.4675,False,False
dagger/dagger,41809656,2026-09-19 17:38:53+00:00,2026-09-20 03:28:00+00:00,9.81861111111111,False,False
dagger/dagger,41809656,2026-09-20 23:04:16+00:00,2026-09-20 23:31:30+00:00,0.4538888888888889,False,False
dagger/dagger,41809656,2026-09-21 19:53:06+00:00,2026-09-21 22:08:50+00:00,2.2622222222222224,False,False
dagger/dagger,41809656,2026-09-21 23:46:28+00:00,2026-09-22 00:36:56+00:00,0.8411111111111111,False,False
dagger/dagger,41809656,2026-09-22 02:54:29+00:00,2026-09-22 03:35:32+00:00,0.6841666666666667,False,False
dagger/dagger,41809656,2026-09-22 05:09:13+00:00,2026-09-22 21:07:18+00:00,15.968055555555555,False,False
dagger/dagger,41809656,2026-09-22 20:39:30+00:00,2026-09-22 22:27:00+00:00,1.7916666666666667,False,False
dagger/dagger,41809656,2026-09-22 21:54:29+00:00,2026-09-22 22:39:51+00:00,0.7561111111111111,False,False
dagger/dagger,41809656,2026-09-23 14:40:52+00:00,2026-09-23 15:25:02+00:00,0.7361111111111112,False,False
dagger/dagger,41809656,2026-09-23 19:39:43+00:00,2026-09-23 21:45:46+00:00,2.1008333333333336,False,False
dagger/dagger,41809656,2026-09-24 13:39:08+00:00,2026-09-24 15:53:02+00:00,2.2316666666666665,False,False
dagger/dagger,41809656,2026-09-24 15:17:49+00:00,2026-09-24 17:49:50+00:00,2.533611111111111,False,False
dagger/dagger,41809656,2026-09-24 18:35:44+00:00,2026-09-24 22:56:48+00:00,4.351111111111111,False,False
dagger/dagger,41809656,2026-09-25 03:20:54+00:00,2026-09-25 06:14:29+00:00,2.8930555555555557,False,False
dagger/dagger,41809656,2026-09-25 23:56:33+00:00,2026-09-26 05:35:53+00:00,5.655555555555556,False,False
dagger/dagger,41809656,2026-09-27 19:18:20+00:00,2026-09-28 15:33:33+00:00,20.253611111111113,False,False
dagger/dagger,41809656,2026-09-28 20:59:05+00:00,2026-09-28 21:54:51+00:00,0.9294444444444444,False,False
dagger/dagger,41809656,2026-09-28 23:27:14+00:00,2026-09-29 01:22:15+00:00,1.9169444444444443,False,False
dagger/dagger,41809656,2026-09-29 15:38:49+00:00,2026-09-29 16:05:32+00:00,0.4452777777777778,False,False
dagger/dagger,41809656,2026-09-29 19:20:41+00:00,2026-09-29 21:26:14+00:00,2.0925,False,False
dagger/dagger,41809656,2026-09-29 22:06:37+00:00,2026-09-29 22:35:29+00:00,0.4811111111111111,False,False
dagger/dagger,41809656,2026-09-30 03:08:28+00:00,2026-09-30 08:49:51+00:00,5.689722222222223,False,False
dagger/dagger,41809656,2026-09-30 15:36:34+00:00,2026-09-30 18:13:57+00:00,2.6230555555555557,False,False
dagger/dagger,41809656,2026-09-30 21:44:37+00:00,,,True,False
dagger/dagger,190822345,2025-10-22 01:40:04+00:00,2025-10-22 02:37:33+00:00,0.9580555555555555,False,False
dagger/dagger,190822345,2025-10-31 05:34:24+00:00,2025-11-02 07:23:05+00:00,49.81138888888889,False,False
dagger/dagger,190822345,2025-11-03 02:52:34+00:00,2025-11-03 10:33:26+00:00,7.681111111111111,False,False
dagger/dagger,122910282,2025-10-03 13:32:48+00:00,2025-10-03 19:40:58+00:00,6.136111111111111,False,False
dagger/dagger,122910282,2025-10-13 19:16:35+00:00,2025-10-13 21:29:44+00:00,2.2191666666666667,False,False
thingsboard/thingsboard,84644876,2025-11-21 10:26:24+00:00,2025-11-21 10:27:23+00:00,0.01638888888888889,False,False
thingsboard/thingsboard,84644876,2025-11-21 10:32:35+00:00,2025-11-21 10:33:25+00:00,0.013888888888888888,False,False
thingsboard/thingsboard,84644876,2025-11-25 16:22:13+00:00,2025-11-25 16:22:50+00:00,0.010277777777777778,False,False
thingsboard/thingsboard,84644876,2025-11-27 16:46:45+00:00,2025-11-27 16:47:46+00:00,0.016944444444444446,False,False
thingsboard/thingsboard,84644876,2025-12-03 08:03:55+00:00,2025-12-03 08:04:49+00:00,0.015,False,False
thingsboard/thingsboard,84644876,2025-12-04 17:31:00+00:00,2025-12-04 17:31:51+00:00,0.014166666666666666,False,False
thingsboard/thingsboard,84644876,2026-02-03 15:22:01+00:00,2026-02-03 15:39:24+00:00,0.2897222222222222,False,False
thingsboard/thingsboard,84644876,2026-02-09 11:07:24+00:00,2026-02-09 13:28:20+00:00,2.348888888888889,False,False
thingsboard/thingsboard,84644876,2026-04-08 16:06:23+00:00,2026-04-08 16:07:10+00:00,0.013055555555555556,False,False
drhelius/Gearboy,5200115,2025-11-01 22:29:11+00:00,2025-11-01 22:47:47+00:00,0.31,False,False
drhelius/Gearboy,5200115,2026-02-02 19:28:14+00:00,2026-02-03 15:35:36+00:00,20.122777777777777,False,False
drhelius/Gearboy,5200115,2026-04-25 09:56:13+00:00,2026-04-26 22:25:37+00:00,36.49,False,False
drhelius/Gearboy,5200115,2026-04-27 09:16:15+00:00,2026-04-27 18:33:37+00:00,9.289444444444445,False,False
drhelius/Gearboy,5200115,2026-05-30 19:29:44+00:00,2026-05-30 21:51:19+00:00,2.359722222222222,False,False
drhelius/Gearboy,5200115,2026-06-16 14:08:58+00:00,2026-06-19 10:32:07+00:00,68.38583333333334,False,False
drhelius/Gearboy,5200115,2026-07-16 22:30:00+00:00,2026-07-17 07:59:48+00:00,9.496666666666666,False,False
drhelius/Gearboy,5200115,2026-08-14 22:20:53+00:00,2026-08-14 22:52:27+00:00,0.5261111111111111,False,False
drhelius/Gearboy,5200115,2026-09-02 14:13:35+00:00,2026-09-02 14:33:04+00:00,0.32472222222222225,False,False
linode/apl-core,60728766,2026-02-09 13:00:36+00:00,2026-02-09 15:46:24+00:00,2.763333333333333,False,False
linode/apl-core,60728766,2026-06-22 12:14:00+00:00,2026-06-22 12:26:00+00:00,0.2,False,False
linode/apl-core,60728766,2026-08-12 08:41:45+00:00,2026-08-12 09:32:32+00:00,0.8463888888888889,False,False
linode/apl-core,841884,2025-10-20 07:23:57+00:00,2025-10-21 07:28:40+00:00,24.078611111111112,False,False
linode/apl-core,841884,2025-10-24 16:09:06+00:00,2025-10-24 18:33:01+00:00,2.3986111111111112,False,False
linode/apl-core,841884,2025-12-18 14:11:48+00:00,2025-12-19 08:59:36+00:00,18.796666666666667,False,False
linode/apl-core,841884,2025-12-19 11:27:44+00:00,2025-12-19 13:34:28+00:00,2.112222222222222,False,False
linode/apl-core,841884,2026-04-13 12:31:08+00:00,2026-04-20 16:10:25+00:00,171.65472222222223,False,False
linode/apl-core,841884,2026-05-04 13:47:58+00:00,2026-05-06 08:25:03+00:00,42.61805555555556,False,False
linode/apl-core,841884,2026-05-13 07:52:26+00:00,2026-05-13 08:21:39+00:00,0.48694444444444446,False,False
linode/apl-core,841884,2026-05-19 06:40:11+00:00,2026-05-20 10:18:43+00:00,27.642222222222223,False,False
linode/apl-core,841884,2026-06-09 06:51:28+00:00,2026-06-09 07:03:24+00:00,0.1988888888888889,False,False
linode/apl-core,841884,2026-06-22 12:14:00+00:00,2026-06-22 12:29:50+00:00,0.2638888888888889,False,False
linode/apl-core,68056638,2026-08-12 08:41:45+00:00,2026-08-12 09:34:34+00:00,0.8802777777777778,False,False
ROCm/legacy-rocm-build,55022935,2026-04-01 15:38:38+00:00,2026-04-02 19:26:33+00:00,27.79861111111111,False,False
ROCm/legacy-rocm-build,55022935,2026-08-27 01:26:22+00:00,2026-08-27 03:30:58+00:00,2.0766666666666667,False,False
ixartz/Next-js-Boilerplate,40976055,2026-01-18 20:15:30+00:00,2026-01-18 21:11:09+00:00,0.9275,False,False
browserbase/stagehand,125144968,2025-10-04 03:41:35+00:00,2025-10-07 18:23:53+00:00,86.705,False,False
browserbase/stagehand,125144968,2025-10-29 16:15:08+00:00,2025-10-29 19:34:52+00:00,3.328888888888889,False,False
browserbase/stagehand,125144968,2025-11-14 00:16:09+00:00,2025-11-14 16:05:22+00:00,15.820277777777777,False,False
browserbase/stagehand,125144968,2025-11-16 05:46:42+00:00,2025-11-17 19:02:10+00:00,37.257777777777775,False,False
browserbase/stagehand,125144968,2025-11-25 03:32:16+00:00,2025-12-03 01:58:17+00:00,190.4336111111111,False,False
browserbase/stagehand,125144968,2025-12-13 01:40:38+00:00,2025-12-13 01:54:19+00:00,0.22805555555555557,False,False
browserbase/stagehand,125144968,2025-12-27 19:54:04+00:00,2025-12-27 19:57:24+00:00,0.05555555555555555,False,False
browserbase/stagehand,125144968,2026-01-22 03:36:08+00:00,2026-01-22 19:51:28+00:00,16.255555555555556,False,False
browserbase/stagehand,125144968,2026-01-30 18:52:07+00:00,2026-02-02 23:55:04+00:00,77.04916666666666,False,False
browserbase/stagehand,125144968,2026-02-18 01:45:52+00:00,2026-02-18 22:34:09+00:00,20.80472222222222,False,False
browserbase/stagehand,125144968,2026-02-19 23:35:40+00:00,2026-02-19 23:45:13+00:00,0.15916666666666668,False,False
browserbase/stagehand,125144968,2026-02-24 23:23:30+00:00,2026-02-25 00:18:33+00:00,0.9175,False,False
browserbase/stagehand,125144968,2026-03-10 00:33:00+00:00,2026-03-10 01:43:22+00:00,1.1727777777777777,False,False
browserbase/stagehand,125144968,2026-03-18 21:38:38+00:00,2026-03-18 21:46:25+00:00,0.1297222222222222,False,False
browserbase/stagehand,125144968,2026-03-31 23:29:41+00:00,2026-04-01 21:50:00+00:00,22.33861111111111,False,False
browserbase/stagehand,125144968,2026-04-01 21:50:25+00:00,2026-04-02 05:12:09+00:00,7.362222222222222,False,False
browserbase/stagehand,125144968,2026-04-08 01:54:05+00:00,2026-04-08 18:24:44+00:00,16.510833333333334,False,False
browserbase/stagehand,125144968,2026-04-24 17:45:47+00:00,2026-04-27 20:24:09+00:00,74.63944444444445,False,False
browserbase/stagehand,125144968,2026-04-27 22:16:54+00:00,2026-04-29 20:22:48+00:00,46.098333333333336,False,False
browserbase/stagehand,125144968,2026-05-11 21:17:19+00:00,2026-05-11 21:46:32+00:00,0.48694444444444446,False,False
browserbase/stagehand,125144968,2026-06-03 21:31:42+00:00,2026-06-03 22:06:46+00:00,0.5844444444444444,False,False
browserbase/stagehand,125144968,2026-06-05 22:39:40+00:00,2026-06-05 23:54:08+00:00,1.241111111111111,False,False
browserbase/stagehand,125144968,2026-06-10 18:49:36+00:00,2026-06-10 19:55:56+00:00,1.1055555555555556,False,False
browserbase/stagehand,125144968,2026-06-17 21:44:28+00:00,2026-06-19 00:34:05+00:00,26.826944444444443,False,False
browserbase/stagehand,125144968,2026-06-25 18:56:57+00:00,2026-06-25 21:27:47+00:00,2.513888888888889,False,False
browserbase/stagehand,125144968,2026-06-27 01:08:58+00:00,2026-06-29 16:25:57+00:00,63.283055555555556,False,False
browserbase/stagehand,125144968,2026-07-02 19:26:57+00:00,2026-07-02 20:07:13+00:00,0.6711111111111111,False,False
browserbase/stagehand,125144968,2026-07-09 18:52:27+00:00,2026-07-09 20:46:28+00:00,1.9002777777777777,False,False
browserbase/stagehand,125144968,2026-07-13 18:42:24+00:00,2026-07-13 18:48:30+00:00,0.10166666666666667,False,False
browserbase/stagehand,125144968,2026-07-23 05:25:34+00:00,2026-07-31 19:47:40+00:00,206.36833333333334,False,False
browserbase/stagehand,125144968,2026-08-03 18:10:45+00:00,2026-08-04 18:27:18+00:00,24.275833333333335,False,False
browserbase/stagehand,125144968,2026-08-10 06:20:46+00:00,2026-08-10 06:38:49+00:00,0.30083333333333334,False,False
browserbase/stagehand,125144968,2026-08-10 16:15:03+00:00,2026-08-13 22:51:56+00:00,78.61472222222223,False,False
browserbase/stagehand,125144968,2026-08-24 18:40:56+00:00,2026-08-25 17:28:05+00:00,22.785833333333333,False,False
browserbase/stagehand,125144968,2026-09-15 21:18:16+00:00,2026-09-15 22:28:54+00:00,1.1772222222222222,False,False
browserbase/stagehand,125144968,2026-09-17 08:38:01+00:00,2026-09-17 22:23:15+00:00,13.75388888888889,False,False
browserbase/stagehand,125144968,2026-09-19 17:19:39+00:00,2026-09-19 21:10:49+00:00,3.852777777777778,False,False
browserbase/stagehand,125144968,2026-09-30 05:33:07+00:00,2026-10-06 00:00:17+00:00,138.45277777777778,False,False
nunit/nunit,86607501,2025-10-16 10:43:20+00:00,2025-11-12 20:15:10+00:00,657.5305555555556,False,False
nunit/nunit,86607501,2025-11-18 13:50:46+00:00,2025-11-18 18:04:10+00:00,4.223333333333334,False,False
nunit/nunit,86607501,2026-04-21 19:50:00+00:00,2026-04-21 22:26:11+00:00,2.6030555555555557,False,False
nunit/nunit,86607501,2026-05-24 13:59:01+00:00,2026-05-24 14:31:20+00:00,0.5386111111111112,False,False
nunit/nunit,86607501,2026-06-14 18:41:09+00:00,2026-06-15 08:16:04+00:00,13.581944444444444,False,False
nunit/nunit,86607501,2026-07-03 15:08:22+00:00,2026-07-04 20:30:02+00:00,29.36111111111111,False,False
nunit/nunit,86607501,2026-09-12 13:25:02+00:00,2026-09-13 03:26:56+00:00,14.031666666666666,False,False
nunit/nunit,86607501,2026-09-16 04:46:18+00:00,2026-09-16 09:33:51+00:00,4.7925,False,False
nunit/nunit,86525522,2025-11-12 00:49:02+00:00,2025-11-12 20:15:28+00:00,19.440555555555555,False,False
nunit/nunit,86525522,2026-03-30 14:00:56+00:00,2026-03-30 16:08:07+00:00,2.1197222222222223,False,False
nunit/nunit,86525522,2026-05-06 08:27:33+00:00,2026-05-12 15:32:53+00:00,151.0888888888889,False,False
nunit/nunit,86525522,2026-06-25 13:54:21+00:00,2026-07-02 10:55:30+00:00,165.01916666666668,False,False
nunit/nunit,86525522,2026-09-29 01:16:18+00:00,,,True,False
decidim/decidim,17791126,2025-12-05 08:45:27+00:00,2025-12-05 11:59:11+00:00,3.2288888888888887,False,False
decidim/decidim,17791126,2026-09-23 08:56:48+00:00,2026-09-23 10:51:09+00:00,1.9058333333333333,False,False
decidim/decidim,727611,2025-12-05 08:45:27+00:00,2025-12-05 12:32:39+00:00,3.7866666666666666,False,False
decidim/decidim,727611,2026-03-26 09:35:26+00:00,2026-03-26 11:08:26+00:00,1.55,False,False
decidim/decidim,727611,2026-06-02 09:48:24+00:00,2026-06-02 20:26:04+00:00,10.627777777777778,False,False
decidim/decidim,727611,2026-06-05 08:32:27+00:00,2026-06-05 11:02:14+00:00,2.4963888888888888,False,False
decidim/decidim,727611,2026-06-07 12:36:34+00:00,2026-06-08 08:00:43+00:00,19.4025,False,False
decidim/decidim,727611,2026-07-24 06:27:02+00:00,2026-07-24 07:34:04+00:00,1.1172222222222221,False,False
decidim/decidim,727611,2026-08-03 22:37:56+00:00,2026-08-04 08:14:13+00:00,9.604722222222222,False,False
decidim/decidim,727611,2026-09-11 08:17:49+00:00,2026-09-11 11:10:19+00:00,2.875,False,False
decidim/decidim,727611,2026-09-23 08:56:48+00:00,2026-09-23 11:05:58+00:00,2.1527777777777777,False,False
decidim/decidim,28234387,2025-10-23 12:49:15+00:00,2025-10-23 13:33:17+00:00,0.7338888888888889,False,False
decidim/decidim,28234387,2025-12-05 08:45:27+00:00,2025-12-05 11:19:26+00:00,2.566388888888889,False,False
decidim/decidim,28234387,2026-06-11 04:46:01+00:00,2026-06-11 07:41:52+00:00,2.930833333333333,False,False
decidim/decidim,727614,2025-10-07 06:44:35+00:00,2025-10-07 09:10:21+00:00,2.4294444444444445,False,False
decidim/decidim,727614,2025-10-27 19:23:41+00:00,2025-10-28 21:47:11+00:00,26.391666666666666,False,False
decidim/decidim,727614,2025-11-03 08:49:07+00:00,2025-11-07 11:49:30+00:00,99.00638888888889,False,False
decidim/decidim,727614,2025-11-13 10:21:35+00:00,2025-11-13 14:40:16+00:00,4.311388888888889,False,False
decidim/decidim,727614,2025-11-17 20:47:30+00:00,2025-11-18 09:05:47+00:00,12.304722222222223,False,False
decidim/decidim,727614,2025-11-21 09:09:25+00:00,2025-11-21 10:14:44+00:00,1.0886111111111112,False,False
decidim/decidim,727614,2025-11-24 10:05:55+00:00,2025-11-24 10:42:31+00:00,0.61,False,False
decidim/decidim,727614,2025-12-05 08:45:27+00:00,2025-12-05 12:02:56+00:00,3.2913888888888887,False,False
decidim/decidim,727614,2026-02-11 13:19:50+00:00,2026-02-11 14:25:20+00:00,1.0916666666666666,False,False
decidim/decidim,727614,2026-02-12 17:15:54+00:00,2026-02-12 20:15:48+00:00,2.9983333333333335,False,False
decidim/decidim,727614,2026-02-12 22:32:25+00:00,2026-02-13 08:05:11+00:00,9.546111111111111,False,False
decidim/decidim,727614,2026-03-19 14:40:06+00:00,2026-03-19 15:52:45+00:00,1.2108333333333334,False,False
decidim/decidim,727614,2026-04-09 07:38:47+00:00,2026-04-09 14:25:22+00:00,6.776388888888889,False,False
decidim/decidim,727614,2026-05-08 19:33:11+00:00,2026-05-10 16:42:59+00:00,45.163333333333334,False,False
decidim/decidim,727614,2026-07-17 11:33:25+00:00,2026-07-20 06:07:17+00:00,66.56444444444445,False,False
decidim/decidim,727614,2026-08-03 22:37:56+00:00,2026-08-04 08:14:22+00:00,9.607222222222223,False,False
decidim/decidim,727614,2026-09-11 08:17:50+00:00,2026-09-11 10:10:27+00:00,1.8769444444444445,False,False
decidim/decidim,727614,2026-09-23 08:56:49+00:00,2026-09-23 11:01:07+00:00,2.0716666666666668,False,False
decidim/decidim,727605,2025-10-07 13:25:35+00:00,2025-10-07 15:58:39+00:00,2.551111111111111,False,False
decidim/decidim,727605,2025-10-13 06:59:37+00:00,2025-10-13 07:27:37+00:00,0.4666666666666667,False,False
decidim/decidim,727605,2025-10-16 19:19:43+00:00,2025-10-16 20:17:07+00:00,0.9566666666666667,False,False
decidim/decidim,727605,2025-10-16 23:03:56+00:00,2025-10-17 09:37:30+00:00,10.559444444444445,False,False
decidim/decidim,727605,2025-10-17 11:40:24+00:00,2025-10-17 12:46:32+00:00,1.1022222222222222,False,False
decidim/decidim,727605,2025-10-17 14:42:27+00:00,2025-10-17 17:15:04+00:00,2.5436111111111113,False,False
decidim/decidim,727605,2025-10-23 13:32:18+00:00,2025-10-26 10:04:10+00:00,68.53111111111112,False,False
decidim/decidim,727605,2025-11-03 07:41:48+00:00,2025-11-03 09:48:34+00:00,2.1127777777777776,False,False
decidim/decidim,727605,2025-11-10 12:15:44+00:00,2025-11-10 14:10:42+00:00,1.916111111111111,False,False
decidim/decidim,727605,2025-11-21 09:48:43+00:00,2025-11-21 11:03:34+00:00,1.2475,False,False
decidim/decidim,727605,2025-12-05 08:45:27+00:00,2025-12-05 11:44:53+00:00,2.9905555555555554,False,False
decidim/decidim,727605,2026-08-03 22:37:56+00:00,2026-08-04 07:57:15+00:00,9.321944444444444,False,False
decidim/decidim,727605,2026-09-11 08:17:50+00:00,2026-09-11 13:06:25+00:00,4.809722222222222,False,False
decidim/decidim,727605,2026-09-23 08:56:49+00:00,2026-09-23 10:49:59+00:00,1.886111111111111,False,False
decidim/decidim,727601,2025-12-05 08:45:27+00:00,2025-12-05 11:23:25+00:00,2.6327777777777777,False,False
decidim/decidim,1199163,2025-10-27 19:23:41+00:00,2025-10-28 21:39:17+00:00,26.26,False,False
decidim/decidim,1199163,2025-11-11 13:14:09+00:00,2025-11-12 09:06:43+00:00,19.87611111111111,False,False
decidim/decidim,1199163,2025-12-05 08:45:27+00:00,2025-12-05 11:35:55+00:00,2.841111111111111,False,False
decidim/decidim,1199163,2026-04-09 07:38:47+00:00,2026-04-09 14:23:41+00:00,6.748333333333333,False,False
decidim/decidim,1199163,2026-08-03 22:37:56+00:00,2026-08-04 08:00:38+00:00,9.378333333333334,False,False
decidim/decidim,1199163,2026-09-11 08:17:50+00:00,2026-09-11 13:59:29+00:00,5.694166666666667,False,False
decidim/decidim,1199163,2026-09-23 08:56:49+00:00,2026-09-23 10:53:19+00:00,1.9416666666666667,False,False
decidim/decidim,154620176,2025-10-09 08:02:46+00:00,2025-10-09 14:50:32+00:00,6.796111111111111,False,False
decidim/decidim,154620176,2025-12-05 08:45:27+00:00,2025-12-05 11:43:43+00:00,2.971111111111111,False,False
decidim/decidim,154620176,2026-04-09 07:38:47+00:00,2026-04-09 14:23:34+00:00,6.746388888888889,False,False
decidim/decidim,154620176,2026-08-03 22:37:56+00:00,2026-08-04 08:00:24+00:00,9.374444444444444,False,False
decidim/decidim,154620176,2026-09-23 08:56:49+00:00,2026-09-23 10:50:56+00:00,1.9019444444444444,False,False
decidim/decidim,727621,2025-12-05 08:45:27+00:00,2025-12-05 12:00:30+00:00,3.2508333333333335,False,False
decidim/decidim,727621,2026-03-30 09:09:23+00:00,2026-03-31 17:39:40+00:00,32.50472222222222,False,False
decidim/decidim,727621,2026-04-08 07:35:40+00:00,2026-04-08 08:16:29+00:00,0.6802777777777778,False,False
decidim/decidim,727621,2026-04-09 07:38:47+00:00,2026-04-10 07:47:16+00:00,24.14138888888889,False,False
decidim/decidim,727621,2026-04-13 09:40:16+00:00,2026-04-16 07:31:24+00:00,69.85222222222222,False,False
decidim/decidim,727621,2026-04-21 15:07:03+00:00,2026-04-22 14:10:03+00:00,23.05,False,False
decidim/decidim,727621,2026-05-04 08:10:17+00:00,2026-05-05 06:53:50+00:00,22.725833333333334,False,False
decidim/decidim,727621,2026-05-05 12:44:38+00:00,2026-05-05 20:14:38+00:00,7.5,False,False
decidim/decidim,727621,2026-05-08 10:44:02+00:00,2026-05-08 19:59:31+00:00,9.258055555555556,False,False
decidim/decidim,727621,2026-05-10 16:21:18+00:00,2026-05-12 13:19:07+00:00,44.96361111111111,False,False
decidim/decidim,727621,2026-05-13 23:13:18+00:00,2026-05-14 06:19:19+00:00,7.1002777777777775,False,False
decidim/decidim,727621,2026-05-14 07:06:20+00:00,2026-05-14 08:13:19+00:00,1.1163888888888889,False,False
decidim/decidim,727621,2026-05-15 06:33:32+00:00,2026-05-15 08:12:21+00:00,1.6469444444444445,False,False
decidim/decidim,727621,2026-05-20 06:18:32+00:00,2026-05-20 08:42:35+00:00,2.4008333333333334,False,False
decidim/decidim,727621,2026-05-20 12:12:09+00:00,2026-05-20 12:46:22+00:00,0.5702777777777778,False,False
decidim/decidim,727621,2026-05-21 10:25:51+00:00,2026-05-21 13:29:43+00:00,3.0644444444444443,False,False
decidim/decidim,727621,2026-05-25 08:16:00+00:00,2026-05-26 06:21:57+00:00,22.099166666666665,False,False
decidim/decidim,727621,2026-05-26 06:26:12+00:00,2026-05-26 20:31:57+00:00,14.095833333333333,False,False
decidim/decidim,727621,2026-05-27 14:12:59+00:00,2026-05-27 19:40:21+00:00,5.456111111111111,False,False
decidim/decidim,727621,2026-05-28 20:42:37+00:00,2026-05-28 21:55:57+00:00,1.2222222222222223,False,False
decidim/decidim,727621,2026-05-29 06:28:31+00:00,2026-05-29 08:05:50+00:00,1.6219444444444444,False,False
decidim/decidim,727621,2026-06-01 08:25:51+00:00,2026-06-01 12:53:58+00:00,4.4686111111111115,False,False
decidim/decidim,727621,2026-06-15 10:57:17+00:00,2026-06-15 12:14:20+00:00,1.2841666666666667,False,False
decidim/decidim,727621,2026-06-18 09:20:46+00:00,2026-06-18 14:35:44+00:00,5.249444444444444,False,False
decidim/decidim,727621,2026-06-30 07:31:10+00:00,2026-06-30 08:47:09+00:00,1.2663888888888888,False,False
decidim/decidim,727621,2026-07-01 21:53:16+00:00,2026-07-02 06:54:06+00:00,9.01388888888889,False,False
decidim/decidim,727621,2026-08-03 22:37:56+00:00,2026-08-04 08:04:17+00:00,9.439166666666667,False,False
decidim/decidim,727621,2026-09-23 08:56:49+00:00,2026-09-23 10:55:19+00:00,1.975,False,False
decidim/decidim,693857,2025-12-05 08:45:27+00:00,2025-12-05 11:27:16+00:00,2.6969444444444446,False,False
decidim/decidim,693857,2025-12-24 16:30:50+00:00,2026-01-07 10:01:07+00:00,329.5047222222222,False,False
decidim/decidim,693857,2026-02-27 23:39:45+00:00,2026-02-28 00:25:54+00:00,0.7691666666666667,False,False
decidim/decidim,693857,2026-05-28 09:59:14+00:00,2026-05-28 10:38:21+00:00,0.6519444444444444,False,False
decidim/decidim,693857,2026-07-21 13:40:43+00:00,2026-07-22 10:59:04+00:00,21.305833333333332,False,False
decidim/decidim,141191475,2025-10-27 10:25:50+00:00,2025-10-27 10:59:26+00:00,0.56,False,False
decidim/decidim,141191475,2025-11-12 09:28:52+00:00,2025-11-12 09:53:16+00:00,0.4066666666666667,False,False
decidim/decidim,141191475,2025-11-21 09:46:08+00:00,2025-11-21 09:59:40+00:00,0.22555555555555556,False,False
decidim/decidim,141191475,2025-12-05 08:45:27+00:00,2025-12-05 11:33:47+00:00,2.8055555555555554,False,False
decidim/decidim,141191475,2025-12-19 06:46:03+00:00,2025-12-19 08:24:38+00:00,1.6430555555555555,False,False
decidim/decidim,141191475,2026-01-09 12:21:07+00:00,2026-01-09 13:11:08+00:00,0.8336111111111111,False,False
decidim/decidim,141191475,2026-01-14 11:27:25+00:00,2026-01-14 13:13:07+00:00,1.7616666666666667,False,False
decidim/decidim,141191475,2026-01-21 09:37:32+00:00,2026-01-21 10:50:09+00:00,1.2102777777777778,False,False
decidim/decidim,141191475,2026-02-14 15:28:35+00:00,2026-02-14 20:11:18+00:00,4.711944444444445,False,False
decidim/decidim,141191475,2026-03-07 23:00:43+00:00,2026-03-08 11:20:12+00:00,12.324722222222222,False,False
decidim/decidim,141191475,2026-04-08 09:09:55+00:00,2026-04-08 09:44:32+00:00,0.5769444444444445,False,False
decidim/decidim,141191475,2026-04-09 07:38:47+00:00,2026-04-09 14:14:35+00:00,6.596666666666667,False,False
decidim/decidim,141191475,2026-04-21 15:07:03+00:00,2026-04-22 14:03:27+00:00,22.94,False,False
decidim/decidim,141191475,2026-05-05 06:39:16+00:00,2026-05-05 09:10:53+00:00,2.5269444444444447,False,False
decidim/decidim,141191475,2026-05-14 08:14:14+00:00,2026-05-14 09:20:39+00:00,1.1069444444444445,False,False
decidim/decidim,141191475,2026-05-19 11:50:55+00:00,2026-05-20 06:27:31+00:00,18.61,False,False
decidim/decidim,141191475,2026-05-23 00:16:53+00:00,2026-05-23 02:57:39+00:00,2.6794444444444445,False,False
decidim/decidim,141191475,2026-07-01 09:54:25+00:00,2026-07-01 20:15:50+00:00,10.356944444444444,False,False
decidim/decidim,141191475,2026-08-03 22:37:56+00:00,2026-08-04 08:03:33+00:00,9.426944444444445,False,False
decidim/decidim,141191475,2026-08-27 11:41:04+00:00,2026-09-02 08:13:35+00:00,140.54194444444445,False,False
decidim/decidim,141191475,2026-09-23 08:56:49+00:00,2026-09-23 10:50:24+00:00,1.8930555555555555,False,False
decidim/decidim,76428031,2025-10-16 20:10:20+00:00,2025-10-16 20:43:36+00:00,0.5544444444444444,False,False
decidim/decidim,76428031,2025-12-05 08:45:27+00:00,2025-12-05 11:44:56+00:00,2.991388888888889,False,False
decidim/decidim,76428031,2026-02-10 08:34:49+00:00,2026-02-10 09:44:45+00:00,1.1655555555555555,False,False
decidim/decidim,76428031,2026-06-16 09:25:32+00:00,2026-06-16 14:28:09+00:00,5.043611111111111,False,False
decidim/decidim,76428031,2026-08-03 22:37:56+00:00,2026-08-04 08:10:31+00:00,9.543055555555556,False,False
decidim/decidim,76428031,2026-08-07 22:33:52+00:00,2026-08-07 22:54:00+00:00,0.33555555555555555,False,False
decidim/decidim,76428031,2026-09-23 08:56:49+00:00,2026-09-23 10:49:10+00:00,1.8725,False,False
decidim/decidim,88959891,2026-06-16 14:20:21+00:00,,,True,False
decidim/decidim,76571166,2025-12-05 08:45:27+00:00,2025-12-05 11:21:00+00:00,2.5925,False,False
decidim/decidim,76571166,2026-06-11 04:46:01+00:00,2026-06-11 07:48:10+00:00,3.035833333333333,False,False
decidim/decidim,76571166,2026-08-03 22:37:56+00:00,2026-08-04 07:52:07+00:00,9.23638888888889,False,False
decidim/decidim,727622,2025-10-03 15:15:32+00:00,2025-10-04 12:05:55+00:00,20.83972222222222,False,False
decidim/decidim,727622,2025-12-05 08:45:27+00:00,2025-12-05 11:45:32+00:00,3.001388888888889,False,False
decidim/decidim,727622,2026-08-03 22:37:56+00:00,2026-08-04 08:06:34+00:00,9.477222222222222,False,False
decidim/decidim,727622,2026-09-23 08:56:49+00:00,2026-09-23 10:48:36+00:00,1.8630555555555555,False,False
decidim/decidim,727613,2025-10-09 14:30:14+00:00,2025-10-10 11:00:31+00:00,20.504722222222224,False,False
decidim/decidim,727613,2025-11-12 14:13:49+00:00,2025-11-13 05:05:58+00:00,14.869166666666667,False,False
decidim/decidim,727613,2025-12-05 08:45:27+00:00,2025-12-05 11:33:21+00:00,2.7983333333333333,False,False
decidim/decidim,727613,2026-04-09 07:38:47+00:00,2026-04-09 14:12:11+00:00,6.556666666666667,False,False
decidim/decidim,727613,2026-08-03 22:37:56+00:00,2026-08-04 07:56:23+00:00,9.3075,False,False
decidim/decidim,727613,2026-09-23 08:56:49+00:00,2026-09-23 10:47:30+00:00,1.8447222222222222,False,False
decidim/decidim,727609,2025-10-03 15:15:32+00:00,2025-10-04 12:39:01+00:00,21.39138888888889,False,False
decidim/decidim,727609,2025-10-16 21:51:34+00:00,2025-10-16 23:40:23+00:00,1.813611111111111,False,False
decidim/decidim,727609,2025-11-03 08:49:07+00:00,2025-11-03 10:02:56+00:00,1.2302777777777778,False,False
decidim/decidim,727609,2025-12-05 08:45:27+00:00,2025-12-05 12:01:34+00:00,3.268611111111111,False,False
decidim/decidim,727609,2025-12-16 12:40:28+00:00,2025-12-17 10:01:07+00:00,21.344166666666666,False,False
decidim/decidim,727609,2026-02-10 08:34:49+00:00,2026-02-10 09:59:00+00:00,1.4030555555555555,False,False
decidim/decidim,727609,2026-04-09 09:36:29+00:00,2026-04-09 14:23:54+00:00,4.790277777777778,False,False
decidim/decidim,727609,2026-06-08 18:59:47+00:00,2026-06-08 19:59:08+00:00,0.9891666666666666,False,False
decidim/decidim,727609,2026-08-03 06:11:54+00:00,2026-08-03 08:51:38+00:00,2.6622222222222223,False,False
decidim/decidim,727609,2026-08-03 22:37:56+00:00,2026-08-04 08:04:14+00:00,9.438333333333333,False,False
decidim/decidim,727609,2026-08-27 11:41:04+00:00,2026-09-02 08:21:53+00:00,140.68027777777777,False,False
decidim/decidim,727609,2026-09-23 08:56:49+00:00,2026-09-23 10:55:53+00:00,1.9844444444444445,False,False
decidim/decidim,727616,2025-10-13 06:08:36+00:00,2025-10-13 13:48:24+00:00,7.663333333333333,False,False
decidim/decidim,727616,2025-10-17 11:40:24+00:00,2025-10-17 12:51:00+00:00,1.1766666666666667,False,False
decidim/decidim,727616,2025-10-20 08:36:06+00:00,2025-10-21 08:57:49+00:00,24.361944444444443,False,False
decidim/decidim,727616,2025-11-03 08:49:07+00:00,2025-11-03 10:09:16+00:00,1.3358333333333334,False,False
decidim/decidim,727616,2025-11-11 11:35:15+00:00,2025-11-11 13:37:44+00:00,2.0413888888888887,False,False
decidim/decidim,727616,2025-11-13 10:21:34+00:00,2025-11-13 14:23:43+00:00,4.035833333333334,False,False
decidim/decidim,727616,2025-11-27 01:14:03+00:00,2025-11-27 03:51:34+00:00,2.625277777777778,False,False
decidim/decidim,727616,2025-12-04 07:07:32+00:00,2025-12-04 12:56:59+00:00,5.824166666666667,False,False
decidim/decidim,727616,2025-12-05 08:45:27+00:00,2025-12-05 18:07:17+00:00,9.363888888888889,False,False
decidim/decidim,727616,2026-02-26 18:13:58+00:00,2026-02-26 20:48:07+00:00,2.569166666666667,False,False
decidim/decidim,727616,2026-03-24 11:19:07+00:00,2026-03-24 14:17:59+00:00,2.9811111111111113,False,False
decidim/decidim,727616,2026-04-09 07:38:47+00:00,2026-04-09 14:30:55+00:00,6.868888888888889,False,False
decidim/decidim,727616,2026-05-04 08:28:44+00:00,2026-05-05 07:01:50+00:00,22.551666666666666,False,False
decidim/decidim,727616,2026-05-15 06:33:32+00:00,2026-05-15 08:21:04+00:00,1.7922222222222222,False,False
decidim/decidim,727616,2026-05-29 12:31:31+00:00,2026-05-29 14:41:41+00:00,2.1694444444444443,False,False
decidim/decidim,727616,2026-06-02 09:48:24+00:00,2026-06-02 20:30:39+00:00,10.704166666666667,False,False
decidim/decidim,727616,2026-06-10 06:50:01+00:00,2026-06-10 13:59:02+00:00,7.150277777777778,False,False
decidim/decidim,727616,2026-06-11 11:06:11+00:00,2026-06-11 17:46:09+00:00,6.666111111111111,False,False
decidim/decidim,727616,2026-06-15 10:57:17+00:00,2026-06-15 13:41:22+00:00,2.734722222222222,False,False
decidim/decidim,727616,2026-06-19 06:50:30+00:00,2026-06-19 08:20:36+00:00,1.5016666666666667,False,False
decidim/decidim,727616,2026-06-22 05:37:51+00:00,2026-06-29 10:29:54+00:00,172.8675,False,False
decidim/decidim,727616,2026-07-15 11:01:30+00:00,2026-07-16 05:37:44+00:00,18.60388888888889,False,False
decidim/decidim,727616,2026-08-03 22:37:56+00:00,2026-08-04 08:21:56+00:00,9.733333333333333,False,False
decidim/decidim,727616,2026-08-08 00:18:40+00:00,2026-08-08 08:32:30+00:00,8.230555555555556,False,False
decidim/decidim,727616,2026-08-27 11:41:04+00:00,2026-09-02 08:26:23+00:00,140.7552777777778,False,False
decidim/decidim,727616,2026-09-11 08:17:50+00:00,2026-09-11 14:21:46+00:00,6.065555555555555,False,False
decidim/decidim,727616,2026-09-23 08:56:49+00:00,2026-09-23 11:03:11+00:00,2.1061111111111113,False,False
decidim/decidim,727618,2025-10-04 11:47:59+00:00,2025-10-07 06:54:58+00:00,67.11638888888889,False,False
decidim/decidim,727619,2025-10-10 10:53:40+00:00,2025-10-10 14:27:16+00:00,3.56,False,False
decidim/decidim,727619,2025-12-05 08:45:27+00:00,2025-12-05 11:37:21+00:00,2.865,False,False
decidim/decidim,727619,2025-12-16 09:03:34+00:00,2025-12-16 12:57:27+00:00,3.8980555555555556,False,False
decidim/decidim,727619,2026-01-21 12:15:25+00:00,2026-01-22 07:52:22+00:00,19.615833333333335,False,False
decidim/decidim,727619,2026-02-27 23:24:29+00:00,2026-02-27 23:53:16+00:00,0.4797222222222222,False,False
decidim/decidim,727619,2026-03-10 18:29:43+00:00,2026-03-10 19:06:56+00:00,0.6202777777777778,False,False
decidim/decidim,727619,2026-04-09 07:38:47+00:00,2026-04-09 14:25:25+00:00,6.777222222222222,False,False
decidim/decidim,727619,2026-04-29 08:05:05+00:00,2026-04-29 15:08:09+00:00,7.051111111111111,False,False
decidim/decidim,727619,2026-05-04 08:10:17+00:00,2026-05-04 08:50:46+00:00,0.6747222222222222,False,False
decidim/decidim,727619,2026-05-10 16:21:18+00:00,2026-05-12 12:25:15+00:00,44.06583333333333,False,False
decidim/decidim,727619,2026-05-15 07:33:03+00:00,2026-05-15 13:14:06+00:00,5.684166666666667,False,False
decidim/decidim,727619,2026-05-21 12:40:11+00:00,2026-05-21 14:47:49+00:00,2.127222222222222,False,False
decidim/decidim,727619,2026-05-28 07:27:50+00:00,2026-05-28 10:58:45+00:00,3.515277777777778,False,False
decidim/decidim,727619,2026-06-09 12:52:29+00:00,2026-06-09 17:44:15+00:00,4.862777777777778,False,False
decidim/decidim,727619,2026-06-10 06:21:42+00:00,2026-06-10 07:21:32+00:00,0.9972222222222222,False,False
decidim/decidim,727619,2026-06-11 11:06:11+00:00,2026-06-11 17:59:11+00:00,6.883333333333334,False,False
decidim/decidim,727619,2026-06-16 09:25:32+00:00,2026-06-16 14:32:22+00:00,5.113888888888889,False,False
decidim/decidim,727619,2026-06-18 13:59:46+00:00,2026-06-18 19:24:05+00:00,5.405277777777778,False,False
decidim/decidim,727619,2026-08-03 22:37:56+00:00,2026-08-04 08:15:03+00:00,9.618611111111111,False,False
decidim/decidim,727619,2026-09-08 07:43:15+00:00,2026-09-08 08:30:25+00:00,0.7861111111111111,False,False
decidim/decidim,727619,2026-09-11 08:17:50+00:00,2026-09-11 10:06:13+00:00,1.8063888888888888,False,False
decidim/decidim,727619,2026-09-23 08:56:49+00:00,2026-09-23 10:51:39+00:00,1.913888888888889,False,False
decidim/decidim,727606,2025-10-16 23:03:56+00:00,2025-10-17 02:14:36+00:00,3.1777777777777776,False,False
decidim/decidim,727606,2025-10-17 11:40:24+00:00,2025-10-17 12:53:09+00:00,1.2125,False,False
decidim/decidim,727606,2025-10-27 10:51:39+00:00,2025-10-27 18:33:08+00:00,7.691388888888889,False,False
decidim/decidim,727606,2025-11-10 12:15:44+00:00,2025-11-10 14:38:20+00:00,2.3766666666666665,False,False
decidim/decidim,727606,2025-12-05 08:45:27+00:00,2025-12-05 11:55:24+00:00,3.1658333333333335,False,False
decidim/decidim,727606,2026-03-16 10:55:48+00:00,2026-03-17 12:29:22+00:00,25.559444444444445,False,False
decidim/decidim,727606,2026-04-09 09:36:13+00:00,2026-04-09 14:20:13+00:00,4.733333333333333,False,False
decidim/decidim,727606,2026-05-27 22:41:15+00:00,2026-05-28 07:24:43+00:00,8.724444444444444,False,False
decidim/decidim,727606,2026-06-10 06:21:42+00:00,2026-06-10 07:24:07+00:00,1.0402777777777779,False,False
decidim/decidim,727606,2026-08-03 22:37:56+00:00,2026-08-04 08:06:39+00:00,9.47861111111111,False,False
decidim/decidim,727606,2026-09-11 08:17:50+00:00,2026-09-11 14:51:36+00:00,6.562777777777778,False,False
decidim/decidim,727606,2026-09-23 08:56:49+00:00,2026-09-23 10:55:53+00:00,1.9844444444444445,False,False
decidim/decidim,727606,2026-09-24 11:25:22+00:00,2026-09-28 05:54:32+00:00,90.48611111111111,False,False
decidim/decidim,727608,2025-10-02 11:35:13+00:00,2025-10-04 12:21:56+00:00,48.77861111111111,False,False
decidim/decidim,727608,2025-10-11 15:05:23+00:00,2025-10-13 13:43:29+00:00,46.635,False,False
decidim/decidim,727608,2025-11-11 08:53:53+00:00,2025-11-11 12:10:31+00:00,3.277222222222222,False,False
decidim/decidim,727608,2025-12-05 08:55:31+00:00,2025-12-05 11:36:14+00:00,2.678611111111111,False,False
decidim/decidim,727608,2026-05-04 08:10:17+00:00,2026-05-05 06:56:08+00:00,22.764166666666668,False,False
decidim/decidim,727608,2026-05-15 07:33:03+00:00,2026-05-15 13:20:25+00:00,5.789444444444444,False,False
decidim/decidim,727608,2026-05-29 12:02:31+00:00,2026-05-29 12:57:07+00:00,0.91,False,False
decidim/decidim,727608,2026-05-31 07:09:11+00:00,2026-06-01 08:25:38+00:00,25.274166666666666,False,False
decidim/decidim,727608,2026-08-03 22:37:56+00:00,2026-08-04 08:06:14+00:00,9.471666666666666,False,False
decidim/decidim,727608,2026-09-23 08:56:49+00:00,2026-09-23 10:59:45+00:00,2.048888888888889,False,False
decidim/decidim,727604,2025-10-16 21:51:34+00:00,2025-10-16 23:24:48+00:00,1.5538888888888889,False,False
decidim/decidim,727604,2025-11-11 11:35:15+00:00,2025-11-11 13:33:34+00:00,1.9719444444444445,False,False
decidim/decidim,727604,2025-11-12 14:13:50+00:00,2025-11-13 05:18:09+00:00,15.071944444444444,False,False
decidim/decidim,727604,2025-11-25 13:02:27+00:00,2025-11-25 15:29:36+00:00,2.4525,False,False
decidim/decidim,727604,2025-12-05 08:45:27+00:00,2025-12-05 12:07:49+00:00,3.372777777777778,False,False
decidim/decidim,727604,2026-01-28 02:17:34+00:00,2026-01-28 10:42:03+00:00,8.408055555555556,False,False
decidim/decidim,727604,2026-01-30 16:04:53+00:00,2026-01-30 17:30:45+00:00,1.431111111111111,False,False
decidim/decidim,727604,2026-02-04 09:20:03+00:00,2026-02-04 12:40:38+00:00,3.3430555555555554,False,False
decidim/decidim,727604,2026-02-05 11:57:39+00:00,2026-02-05 21:33:17+00:00,9.59388888888889,False,False
decidim/decidim,727604,2026-02-10 12:28:40+00:00,2026-02-10 16:26:17+00:00,3.960277777777778,False,False
decidim/decidim,727604,2026-03-05 12:08:21+00:00,2026-03-05 13:27:58+00:00,1.3269444444444445,False,False
decidim/decidim,727604,2026-03-07 07:08:39+00:00,2026-03-07 09:00:23+00:00,1.8622222222222222,False,False
decidim/decidim,727604,2026-03-09 06:04:49+00:00,2026-03-09 07:10:40+00:00,1.0975,False,False
decidim/decidim,727604,2026-03-10 09:05:29+00:00,2026-03-10 18:12:10+00:00,9.11138888888889,False,False
decidim/decidim,727604,2026-03-12 07:42:45+00:00,2026-03-12 08:33:54+00:00,0.8525,False,False
decidim/decidim,727604,2026-03-12 22:49:04+00:00,2026-03-13 06:45:38+00:00,7.942777777777778,False,False
decidim/decidim,727604,2026-03-18 15:03:17+00:00,2026-03-19 07:24:58+00:00,16.36138888888889,False,False
decidim/decidim,727604,2026-03-26 11:33:09+00:00,2026-03-26 12:50:43+00:00,1.2927777777777778,False,False
decidim/decidim,727604,2026-04-06 19:28:01+00:00,2026-04-07 07:42:31+00:00,12.241666666666667,False,False
decidim/decidim,727604,2026-04-08 08:03:49+00:00,2026-04-08 09:35:03+00:00,1.5205555555555557,False,False
decidim/decidim,727604,2026-05-06 08:36:30+00:00,2026-05-06 10:13:33+00:00,1.6175,False,False
decidim/decidim,727604,2026-05-08 10:44:02+00:00,2026-05-08 20:03:38+00:00,9.326666666666666,False,False
decidim/decidim,727604,2026-05-14 08:14:14+00:00,2026-05-14 09:37:24+00:00,1.386111111111111,False,False
decidim/decidim,727604,2026-05-19 05:00:40+00:00,2026-05-19 05:50:45+00:00,0.8347222222222223,False,False
decidim/decidim,727604,2026-05-27 14:13:01+00:00,2026-05-27 20:06:12+00:00,5.886388888888889,False,False
decidim/decidim,727604,2026-05-29 06:28:31+00:00,2026-05-29 08:12:45+00:00,1.7372222222222222,False,False
decidim/decidim,727604,2026-06-03 12:52:52+00:00,2026-06-05 10:07:59+00:00,45.25194444444445,False,False
decidim/decidim,727604,2026-06-11 04:46:01+00:00,2026-06-11 08:22:17+00:00,3.6044444444444443,False,False
decidim/decidim,727604,2026-06-11 18:35:53+00:00,2026-06-14 10:31:23+00:00,63.925,False,False
decidim/decidim,727604,2026-06-19 12:53:58+00:00,2026-06-19 21:27:10+00:00,8.553333333333333,False,False
decidim/decidim,727604,2026-08-03 22:37:56+00:00,2026-08-04 08:07:10+00:00,9.487222222222222,False,False
decidim/decidim,727604,2026-08-13 13:41:57+00:00,2026-08-13 15:06:30+00:00,1.4091666666666667,False,False
decidim/decidim,727604,2026-08-27 11:41:04+00:00,2026-09-02 08:24:36+00:00,140.72555555555556,False,False
decidim/decidim,727604,2026-09-02 14:28:13+00:00,2026-09-03 07:00:14+00:00,16.53361111111111,False,False
decidim/decidim,727604,2026-09-17 10:38:45+00:00,2026-09-17 13:32:16+00:00,2.8919444444444444,False,False
decidim/decidim,727604,2026-09-23 08:56:49+00:00,2026-09-23 11:02:27+00:00,2.093888888888889,False,False
decidim/decidim,727604,2026-09-29 07:15:49+00:00,2026-09-30 06:46:53+00:00,23.517777777777777,False,False
decidim/decidim,61966004,2025-10-07 20:37:06+00:00,2025-10-09 08:09:33+00:00,35.54083333333333,False,False
decidim/decidim,61966004,2025-10-17 14:42:26+00:00,2025-10-17 17:13:04+00:00,2.5105555555555554,False,False
decidim/decidim,61966004,2025-10-27 18:17:42+00:00,2025-10-27 19:49:16+00:00,1.5261111111111112,False,False
decidim/decidim,61966004,2025-12-05 08:45:27+00:00,2025-12-05 11:35:09+00:00,2.828333333333333,False,False
decidim/decidim,61966004,2026-08-03 22:37:56+00:00,2026-08-04 07:57:21+00:00,9.323611111111111,False,False
decidim/decidim,61966004,2026-09-23 08:56:49+00:00,2026-09-23 10:48:41+00:00,1.8644444444444443,False,False
decidim/decidim,727620,2025-10-07 08:48:48+00:00,2025-10-07 13:39:38+00:00,4.847222222222222,False,False
decidim/decidim,727620,2025-12-05 08:45:27+00:00,2025-12-05 11:59:07+00:00,3.227777777777778,False,False
decidim/decidim,727620,2026-04-09 07:38:47+00:00,2026-04-09 14:21:05+00:00,6.705,False,False
decidim/decidim,727620,2026-08-03 22:37:56+00:00,2026-08-04 08:11:58+00:00,9.567222222222222,False,False
decidim/decidim,727620,2026-09-11 08:17:50+00:00,2026-09-11 13:16:52+00:00,4.983888888888889,False,False
decidim/decidim,727620,2026-09-23 08:56:49+00:00,2026-09-23 10:57:20+00:00,2.008611111111111,False,False
decidim/decidim,727600,2025-10-02 10:12:02+00:00,2025-10-07 07:00:44+00:00,116.81166666666667,False,False
decidim/decidim,727600,2025-10-07 08:48:48+00:00,2025-10-07 16:08:58+00:00,7.336111111111111,False,False
decidim/decidim,727600,2025-10-09 08:02:46+00:00,2025-10-09 15:06:50+00:00,7.067777777777778,False,False
decidim/decidim,727600,2025-10-10 10:53:40+00:00,2025-10-10 14:30:36+00:00,3.6155555555555554,False,False
decidim/decidim,727600,2025-10-13 06:08:36+00:00,2025-10-16 20:30:00+00:00,86.35666666666667,False,False
decidim/decidim,727600,2025-10-16 20:36:25+00:00,2025-10-16 22:10:01+00:00,1.56,False,False
decidim/decidim,727600,2025-10-17 01:14:40+00:00,2025-10-17 13:03:09+00:00,11.808055555555555,False,False
decidim/decidim,727600,2025-10-21 09:52:24+00:00,2025-10-22 22:26:28+00:00,36.56777777777778,False,False
decidim/decidim,727600,2025-10-23 11:32:12+00:00,2025-10-23 13:07:09+00:00,1.5825,False,False
decidim/decidim,727600,2025-10-26 09:58:00+00:00,2025-10-27 11:09:36+00:00,25.19333333333333,False,False
decidim/decidim,727600,2025-10-27 18:17:42+00:00,2025-10-27 20:11:38+00:00,1.8988888888888888,False,False
decidim/decidim,727600,2025-11-02 12:21:06+00:00,2025-11-03 08:04:39+00:00,19.725833333333334,False,False
decidim/decidim,727600,2025-11-07 14:28:37+00:00,2025-11-11 09:09:43+00:00,90.685,False,False
decidim/decidim,727600,2025-11-12 14:13:50+00:00,2025-11-13 05:15:08+00:00,15.021666666666667,False,False
decidim/decidim,727600,2025-11-14 23:11:10+00:00,2025-11-15 23:37:36+00:00,24.440555555555555,False,False
decidim/decidim,727600,2025-11-17 09:50:56+00:00,2025-11-17 10:27:41+00:00,0.6125,False,False
decidim/decidim,727600,2025-11-21 09:48:43+00:00,2025-11-21 11:09:13+00:00,1.3416666666666666,False,False
decidim/decidim,727600,2025-11-27 12:27:21+00:00,2025-11-27 13:50:58+00:00,1.3936111111111111,False,False
decidim/decidim,727600,2025-12-05 08:45:27+00:00,2025-12-05 12:09:29+00:00,3.4005555555555556,False,False
decidim/decidim,727600,2025-12-05 17:32:56+00:00,2025-12-05 23:54:33+00:00,6.360277777777778,False,False
decidim/decidim,727600,2025-12-13 07:23:48+00:00,2025-12-14 21:45:40+00:00,38.364444444444445,False,False
decidim/decidim,727600,2025-12-17 09:31:22+00:00,2025-12-17 13:50:17+00:00,4.315277777777778,False,False
decidim/decidim,727600,2025-12-17 21:40:16+00:00,2025-12-18 16:00:18+00:00,18.33388888888889,False,False
decidim/decidim,727600,2026-01-09 14:54:55+00:00,2026-01-12 09:55:35+00:00,67.0111111111111,False,False
decidim/decidim,727600,2026-01-28 09:49:11+00:00,2026-01-28 13:39:36+00:00,3.8402777777777777,False,False
decidim/decidim,727600,2026-01-30 16:04:53+00:00,2026-01-30 17:27:42+00:00,1.3802777777777777,False,False
decidim/decidim,727600,2026-02-04 23:53:07+00:00,2026-02-05 09:00:50+00:00,9.12861111111111,False,False
decidim/decidim,727600,2026-02-09 14:44:40+00:00,2026-02-10 06:35:25+00:00,15.845833333333333,False,False
decidim/decidim,727600,2026-02-11 11:01:05+00:00,2026-02-11 12:20:24+00:00,1.3219444444444444,False,False
decidim/decidim,727600,2026-02-11 13:55:38+00:00,2026-02-12 17:50:18+00:00,27.91111111111111,False,False
decidim/decidim,727600,2026-02-13 10:57:44+00:00,2026-02-13 12:54:38+00:00,1.9483333333333333,False,False
decidim/decidim,727600,2026-02-26 18:13:58+00:00,2026-02-26 20:47:02+00:00,2.551111111111111,False,False
decidim/decidim,727600,2026-02-27 11:27:31+00:00,2026-02-27 12:36:50+00:00,1.1552777777777778,False,False
decidim/decidim,727600,2026-03-01 15:49:43+00:00,2026-03-01 19:23:50+00:00,3.568611111111111,False,False
decidim/decidim,727600,2026-03-05 11:28:58+00:00,2026-03-05 12:34:24+00:00,1.0905555555555555,False,False
decidim/decidim,727600,2026-03-07 23:00:43+00:00,2026-03-08 11:29:22+00:00,12.4775,False,False
decidim/decidim,727600,2026-03-08 19:58:51+00:00,2026-03-08 21:08:15+00:00,1.1566666666666667,False,False
decidim/decidim,727600,2026-03-10 08:05:00+00:00,2026-03-10 09:24:19+00:00,1.3219444444444444,False,False
decidim/decidim,727600,2026-03-11 09:46:54+00:00,2026-03-11 12:06:53+00:00,2.3330555555555557,False,False
decidim/decidim,727600,2026-03-12 06:37:23+00:00,2026-03-12 08:01:15+00:00,1.3977777777777778,False,False
decidim/decidim,727600,2026-03-13 06:18:29+00:00,2026-03-16 11:14:07+00:00,76.92722222222223,False,False
decidim/decidim,727600,2026-03-17 15:35:35+00:00,2026-03-17 16:43:30+00:00,1.1319444444444444,False,False
decidim/decidim,727600,2026-03-18 14:19:26+00:00,2026-03-18 15:26:49+00:00,1.1230555555555555,False,False
decidim/decidim,727600,2026-04-02 07:07:57+00:00,2026-04-06 19:44:42+00:00,108.6125,False,False
decidim/decidim,727600,2026-04-07 09:25:18+00:00,2026-04-07 12:37:56+00:00,3.2105555555555556,False,False
decidim/decidim,727600,2026-04-08 08:35:03+00:00,2026-04-08 09:55:19+00:00,1.3377777777777777,False,False
decidim/decidim,727600,2026-04-09 09:37:03+00:00,2026-04-09 14:24:45+00:00,4.795,False,False
decidim/decidim,727600,2026-05-04 08:10:17+00:00,2026-05-05 06:59:00+00:00,22.811944444444446,False,False
decidim/decidim,727600,2026-05-05 22:00:11+00:00,2026-05-05 23:36:29+00:00,1.605,False,False
decidim/decidim,727600,2026-05-13 04:30:58+00:00,2026-05-13 14:36:32+00:00,10.092777777777778,False,False
decidim/decidim,727600,2026-05-14 07:06:20+00:00,2026-05-14 09:39:56+00:00,2.56,False,False
decidim/decidim,727600,2026-05-19 07:38:59+00:00,2026-05-19 12:10:52+00:00,4.5313888888888885,False,False
decidim/decidim,727600,2026-05-21 09:46:21+00:00,2026-05-22 10:34:23+00:00,24.800555555555555,False,False
decidim/decidim,727600,2026-05-22 13:13:53+00:00,2026-05-22 16:30:52+00:00,3.2830555555555554,False,False
decidim/decidim,727600,2026-05-22 20:59:55+00:00,2026-05-23 00:35:26+00:00,3.5919444444444446,False,False
decidim/decidim,727600,2026-05-26 20:50:51+00:00,2026-05-27 05:00:08+00:00,8.154722222222222,False,False
decidim/decidim,727600,2026-05-27 09:51:42+00:00,2026-05-27 14:32:15+00:00,4.675833333333333,False,False
decidim/decidim,727600,2026-05-29 21:34:38+00:00,2026-05-29 23:28:34+00:00,1.8988888888888888,False,False
decidim/decidim,727600,2026-06-04 03:25:44+00:00,2026-06-04 04:30:50+00:00,1.085,False,False
decidim/decidim,727600,2026-06-05 09:48:13+00:00,2026-06-05 11:13:12+00:00,1.416388888888889,False,False
decidim/decidim,727600,2026-06-17 12:03:43+00:00,2026-06-18 09:41:04+00:00,21.6225,False,False
decidim/decidim,727600,2026-06-19 03:14:57+00:00,2026-06-19 04:47:53+00:00,1.548888888888889,False,False
decidim/decidim,727600,2026-07-29 14:54:52+00:00,2026-07-29 22:38:51+00:00,7.733055555555556,False,False
decidim/decidim,727600,2026-08-03 22:37:56+00:00,2026-08-04 08:07:12+00:00,9.487777777777778,False,False
decidim/decidim,727600,2026-08-21 07:45:30+00:00,2026-08-21 10:21:16+00:00,2.596111111111111,False,False
decidim/decidim,727600,2026-08-27 11:41:04+00:00,2026-09-02 08:24:57+00:00,140.7313888888889,False,False
decidim/decidim,727600,2026-09-11 08:17:50+00:00,2026-09-11 14:20:01+00:00,6.036388888888889,False,False
decidim/decidim,727600,2026-09-23 08:56:49+00:00,2026-09-23 11:01:57+00:00,2.0855555555555556,False,False
decidim/decidim,727610,2025-10-13 06:08:36+00:00,2025-10-13 13:41:42+00:00,7.551666666666667,False,False
decidim/decidim,727610,2025-11-07 11:31:02+00:00,2025-11-10 14:19:33+00:00,74.8086111111111,False,False
decidim/decidim,727610,2025-12-05 08:45:27+00:00,2025-12-05 11:55:24+00:00,3.1658333333333335,False,False
decidim/decidim,727610,2026-04-09 07:38:47+00:00,2026-04-09 14:40:23+00:00,7.026666666666666,False,False
decidim/decidim,727610,2026-05-04 08:10:17+00:00,2026-05-05 06:55:24+00:00,22.751944444444444,False,False
decidim/decidim,727610,2026-08-03 22:37:56+00:00,2026-08-04 08:18:59+00:00,9.684166666666666,False,False
decidim/decidim,727610,2026-09-23 08:56:49+00:00,2026-09-23 10:59:18+00:00,2.0413888888888887,False,False
decidim/decidim,727615,2025-10-13 06:08:36+00:00,2025-10-13 13:31:15+00:00,7.3775,False,False
decidim/decidim,727615,2025-10-27 10:51:39+00:00,2025-10-27 18:24:53+00:00,7.553888888888889,False,False
decidim/decidim,727615,2025-12-05 08:45:27+00:00,2025-12-05 11:24:36+00:00,2.6525,False,False
decidim/decidim,727615,2026-04-09 07:38:47+00:00,2026-04-09 14:11:30+00:00,6.545277777777778,False,False
decidim/decidim,727615,2026-05-04 08:10:17+00:00,2026-05-05 06:45:49+00:00,22.592222222222222,False,False
decidim/decidim,727615,2026-06-11 04:46:02+00:00,2026-06-11 07:59:07+00:00,3.2180555555555554,False,False
decidim/decidim,727615,2026-08-03 22:37:56+00:00,2026-08-04 08:02:50+00:00,9.415,False,False
decidim/decidim,727615,2026-09-03 07:11:32+00:00,2026-09-03 13:44:24+00:00,6.547777777777778,False,False
decidim/decidim,727615,2026-09-23 08:56:49+00:00,2026-09-23 10:48:18+00:00,1.8580555555555556,False,False
decidim/decidim,1738996,2025-12-05 08:45:27+00:00,2025-12-05 11:51:13+00:00,3.096111111111111,False,False
decidim/decidim,1738996,2026-02-12 19:47:05+00:00,2026-02-12 21:31:40+00:00,1.7430555555555556,False,False
decidim/decidim,1738996,2026-03-05 12:08:20+00:00,2026-03-05 13:13:28+00:00,1.0855555555555556,False,False
decidim/decidim,1738996,2026-03-07 23:00:43+00:00,2026-03-08 11:24:07+00:00,12.39,False,False
decidim/decidim,1738996,2026-03-25 12:47:12+00:00,2026-03-25 14:22:14+00:00,1.583888888888889,False,False
decidim/decidim,1738996,2026-04-08 07:35:40+00:00,2026-04-08 08:14:27+00:00,0.6463888888888889,False,False
decidim/decidim,1738996,2026-04-09 07:38:47+00:00,2026-04-09 14:14:59+00:00,6.6033333333333335,False,False
decidim/decidim,1738996,2026-05-20 12:12:09+00:00,2026-05-20 12:44:00+00:00,0.5308333333333334,False,False
decidim/decidim,1738996,2026-06-02 09:48:24+00:00,2026-06-02 20:23:11+00:00,10.579722222222221,False,False
decidim/decidim,1738996,2026-06-08 07:08:12+00:00,2026-06-08 07:49:44+00:00,0.6922222222222222,False,False
decidim/decidim,1738996,2026-06-10 06:21:42+00:00,2026-06-10 07:17:53+00:00,0.9363888888888889,False,False
decidim/decidim,1738996,2026-06-11 07:43:01+00:00,2026-06-11 11:19:03+00:00,3.6005555555555557,False,False
decidim/decidim,1738996,2026-08-03 22:37:56+00:00,2026-08-04 08:07:22+00:00,9.490555555555556,False,False
decidim/decidim,1738996,2026-09-11 08:17:50+00:00,2026-09-11 10:00:25+00:00,1.7097222222222221,False,False
decidim/decidim,1738996,2026-09-23 08:56:49+00:00,2026-09-23 10:52:03+00:00,1.9205555555555556,False,False
decidim/decidim,727623,2025-10-04 11:47:59+00:00,2025-10-07 07:04:54+00:00,67.28194444444445,False,False
decidim/decidim,727623,2025-10-07 08:48:48+00:00,2025-10-07 13:41:12+00:00,4.873333333333333,False,False
decidim/decidim,727623,2025-10-09 14:30:14+00:00,2025-10-10 11:09:46+00:00,20.65888888888889,False,False
decidim/decidim,727623,2025-10-13 06:08:36+00:00,2025-10-13 13:40:47+00:00,7.536388888888889,False,False
decidim/decidim,727623,2025-10-16 23:03:56+00:00,2025-10-17 02:00:54+00:00,2.9494444444444445,False,False
decidim/decidim,727623,2025-11-11 11:35:15+00:00,2025-11-12 09:15:08+00:00,21.664722222222224,False,False
decidim/decidim,727623,2025-11-12 14:13:50+00:00,2025-11-13 05:14:50+00:00,15.016666666666667,False,False
decidim/decidim,727623,2025-11-13 15:10:53+00:00,2025-11-13 17:43:16+00:00,2.539722222222222,False,False
decidim/decidim,727623,2025-11-17 11:19:10+00:00,2025-11-17 14:10:09+00:00,2.8497222222222223,False,False
decidim/decidim,727623,2025-11-24 08:35:44+00:00,2025-11-24 10:24:12+00:00,1.8077777777777777,False,False
decidim/decidim,727623,2025-12-05 08:45:27+00:00,2025-12-05 12:05:44+00:00,3.3380555555555556,False,False
decidim/decidim,727623,2025-12-05 17:32:56+00:00,2025-12-05 23:48:43+00:00,6.263055555555556,False,False
decidim/decidim,727623,2025-12-18 15:41:25+00:00,2025-12-19 07:03:20+00:00,15.365277777777777,False,False
decidim/decidim,727623,2025-12-24 16:30:50+00:00,2026-01-07 10:16:57+00:00,329.7686111111111,False,False
decidim/decidim,727623,2026-01-09 08:26:55+00:00,2026-01-09 09:42:03+00:00,1.2522222222222221,False,False
decidim/decidim,727623,2026-01-29 10:41:08+00:00,2026-01-30 12:27:20+00:00,25.77,False,False
decidim/decidim,727623,2026-02-04 23:53:07+00:00,2026-02-05 08:59:38+00:00,9.108611111111111,False,False
decidim/decidim,727623,2026-02-27 23:39:45+00:00,2026-02-28 00:51:52+00:00,1.2019444444444445,False,False
decidim/decidim,727623,2026-03-09 06:53:37+00:00,2026-03-10 01:32:23+00:00,18.64611111111111,False,False
decidim/decidim,727623,2026-03-10 08:05:00+00:00,2026-03-10 09:22:19+00:00,1.2886111111111112,False,False
decidim/decidim,727623,2026-04-09 09:36:33+00:00,2026-04-09 14:28:56+00:00,4.873055555555555,False,False
decidim/decidim,727623,2026-05-04 08:28:44+00:00,2026-05-05 06:54:49+00:00,22.434722222222224,False,False
decidim/decidim,727623,2026-05-28 21:42:55+00:00,2026-05-29 00:17:45+00:00,2.5805555555555557,False,False
decidim/decidim,727623,2026-06-08 19:42:43+00:00,2026-06-09 13:24:45+00:00,17.700555555555557,False,False
decidim/decidim,727623,2026-06-19 06:10:59+00:00,2026-06-19 07:13:16+00:00,1.0380555555555555,False,False
decidim/decidim,727623,2026-06-19 07:57:37+00:00,2026-06-19 09:15:48+00:00,1.3030555555555556,False,False
decidim/decidim,727623,2026-06-19 09:37:51+00:00,2026-06-19 13:10:55+00:00,3.551111111111111,False,False
decidim/decidim,727623,2026-06-29 09:52:41+00:00,2026-06-29 15:33:55+00:00,5.687222222222222,False,False
decidim/decidim,727623,2026-06-29 17:09:30+00:00,2026-06-29 18:16:00+00:00,1.1083333333333334,False,False
decidim/decidim,727623,2026-07-16 08:29:02+00:00,2026-07-17 06:53:01+00:00,22.399722222222223,False,False
decidim/decidim,727623,2026-07-17 09:49:53+00:00,2026-07-17 12:23:04+00:00,2.5530555555555554,False,False
decidim/decidim,727623,2026-08-03 22:37:56+00:00,2026-08-04 08:10:56+00:00,9.55,False,False
decidim/decidim,727623,2026-09-23 08:56:49+00:00,2026-09-23 10:54:38+00:00,1.9636111111111112,False,False
decidim/decidim,727603,2025-11-27 13:07:29+00:00,2025-11-27 13:40:00+00:00,0.5419444444444445,False,False
decidim/decidim,727603,2026-01-15 13:07:50+00:00,2026-01-17 19:06:45+00:00,53.981944444444444,False,False
decidim/decidim,727603,2026-01-19 16:58:59+00:00,2026-01-21 10:02:23+00:00,41.056666666666665,False,False
decidim/decidim,727603,2026-02-26 13:33:21+00:00,2026-02-26 16:34:43+00:00,3.022777777777778,False,False
decidim/decidim,727603,2026-02-26 20:27:50+00:00,2026-02-26 21:21:11+00:00,0.8891666666666667,False,False
decidim/decidim,727603,2026-02-26 21:55:04+00:00,2026-02-27 07:45:32+00:00,9.841111111111111,False,False
decidim/decidim,727603,2026-02-27 07:57:18+00:00,2026-02-27 13:56:02+00:00,5.978888888888889,False,False
decidim/decidim,727603,2026-02-27 16:16:20+00:00,2026-02-27 20:24:03+00:00,4.128611111111111,False,False
decidim/decidim,727603,2026-02-28 05:49:23+00:00,2026-03-01 15:15:48+00:00,33.44027777777778,False,False
decidim/decidim,727603,2026-03-01 15:49:43+00:00,2026-03-01 22:05:29+00:00,6.262777777777778,False,False
decidim/decidim,727603,2026-03-02 21:00:23+00:00,2026-03-03 05:20:01+00:00,8.327222222222222,False,False
decidim/decidim,727603,2026-03-04 08:50:57+00:00,2026-03-04 14:04:29+00:00,5.225555555555555,False,False
decidim/decidim,727603,2026-03-07 00:11:11+00:00,2026-03-07 07:28:01+00:00,7.280555555555556,False,False
decidim/decidim,727603,2026-03-07 08:42:36+00:00,2026-03-07 16:58:40+00:00,8.267777777777777,False,False
decidim/decidim,727603,2026-03-07 17:35:40+00:00,2026-03-07 22:28:30+00:00,4.8805555555555555,False,False
decidim/decidim,727603,2026-03-07 23:00:43+00:00,2026-03-08 11:30:58+00:00,12.504166666666666,False,False
decidim/decidim,727603,2026-03-08 16:19:36+00:00,2026-03-08 17:17:21+00:00,0.9625,False,False
decidim/decidim,727603,2026-03-08 19:58:51+00:00,2026-03-09 05:32:11+00:00,9.555555555555555,False,False
decidim/decidim,727603,2026-03-09 06:04:44+00:00,2026-03-09 07:10:58+00:00,1.103888888888889,False,False
decidim/decidim,727603,2026-03-25 10:27:16+00:00,2026-03-25 13:04:33+00:00,2.6213888888888888,False,False
decidim/decidim,727603,2026-03-25 13:58:04+00:00,2026-03-26 09:28:24+00:00,19.505555555555556,False,False
decidim/decidim,727603,2026-03-26 12:09:24+00:00,2026-03-26 14:35:04+00:00,2.4277777777777776,False,False
decidim/decidim,727603,2026-04-09 07:38:47+00:00,2026-04-09 14:22:23+00:00,6.726666666666667,False,False
decidim/decidim,727603,2026-05-04 08:10:17+00:00,2026-05-04 08:58:00+00:00,0.7952777777777778,False,False
decidim/decidim,727603,2026-05-07 11:52:00+00:00,2026-05-07 16:20:54+00:00,4.4816666666666665,False,False
decidim/decidim,727603,2026-05-27 04:42:11+00:00,2026-05-27 10:25:08+00:00,5.715833333333333,False,False
decidim/decidim,727603,2026-05-27 14:13:01+00:00,2026-05-27 21:51:47+00:00,7.646111111111111,False,False
decidim/decidim,727603,2026-08-03 22:37:56+00:00,2026-08-04 08:15:07+00:00,9.619722222222222,False,False
decidim/decidim,727603,2026-09-23 08:56:49+00:00,2026-09-23 10:58:16+00:00,2.0241666666666664,False,False
decidim/decidim,7612794,2025-12-05 08:45:27+00:00,2025-12-05 11:25:09+00:00,2.6616666666666666,False,False
decidim/decidim,7612794,2026-04-09 07:38:47+00:00,2026-04-09 14:10:22+00:00,6.526388888888889,False,False
decidim/decidim,7612794,2026-08-03 22:37:56+00:00,2026-08-04 07:56:13+00:00,9.304722222222223,False,False
decidim/decidim,7612794,2026-09-23 08:56:49+00:00,2026-09-23 10:48:04+00:00,1.8541666666666667,False,False
decidim/decidim,727602,2025-10-02 10:12:02+00:00,2025-10-03 15:39:03+00:00,29.450277777777778,False,False
decidim/decidim,727602,2025-10-04 11:47:59+00:00,2025-10-07 07:07:47+00:00,67.33,False,False
decidim/decidim,727602,2025-10-07 15:50:49+00:00,2025-10-09 15:25:20+00:00,47.57527777777778,False,False
decidim/decidim,727602,2025-10-11 15:09:12+00:00,2025-10-13 13:49:52+00:00,46.67777777777778,False,False
decidim/decidim,727602,2025-10-16 20:10:20+00:00,2025-10-17 13:04:51+00:00,16.90861111111111,False,False
decidim/decidim,727602,2025-10-17 14:42:26+00:00,2025-10-17 17:28:27+00:00,2.7669444444444444,False,False
decidim/decidim,727602,2025-10-21 09:52:24+00:00,2025-10-22 22:33:52+00:00,36.69111111111111,False,False
decidim/decidim,727602,2025-10-26 09:58:00+00:00,2025-10-27 09:09:05+00:00,23.184722222222224,False,False
decidim/decidim,727602,2025-10-27 10:25:50+00:00,2025-10-27 18:40:08+00:00,8.238333333333333,False,False
decidim/decidim,727602,2025-10-27 19:23:41+00:00,2025-10-28 21:51:32+00:00,26.464166666666667,False,False
decidim/decidim,727602,2025-11-02 12:21:06+00:00,2025-11-11 09:26:36+00:00,213.09166666666667,False,False
decidim/decidim,727602,2025-11-13 04:58:05+00:00,2025-11-13 07:41:33+00:00,2.7244444444444444,False,False
decidim/decidim,727602,2025-11-13 10:21:34+00:00,2025-11-13 15:52:22+00:00,5.513333333333334,False,False
decidim/decidim,727602,2025-11-13 17:26:32+00:00,2025-11-14 11:59:50+00:00,18.555,False,False
decidim/decidim,727602,2025-11-14 14:31:13+00:00,2025-11-17 11:10:45+00:00,68.6588888888889,False,False
decidim/decidim,727602,2025-11-17 11:19:10+00:00,2025-11-17 14:18:06+00:00,2.982222222222222,False,False
decidim/decidim,727602,2025-11-19 11:01:28+00:00,2025-11-19 16:58:32+00:00,5.9511111111111115,False,False
decidim/decidim,727602,2025-11-20 07:44:07+00:00,2025-11-20 10:41:07+00:00,2.95,False,False
decidim/decidim,727602,2025-11-21 11:26:22+00:00,2025-11-24 09:11:26+00:00,69.75111111111111,False,False
decidim/decidim,727602,2025-11-25 10:56:27+00:00,2025-11-25 13:24:56+00:00,2.4747222222222223,False,False
decidim/decidim,727602,2025-11-27 01:14:03+00:00,2025-11-27 05:01:09+00:00,3.785,False,False
decidim/decidim,727602,2025-11-27 06:58:42+00:00,2025-11-27 09:51:00+00:00,2.8716666666666666,False,False
decidim/decidim,727602,2025-11-27 18:34:01+00:00,2025-11-28 22:32:14+00:00,27.970277777777778,False,False
decidim/decidim,727602,2025-12-05 08:45:27+00:00,2025-12-05 12:13:28+00:00,3.4669444444444446,False,False
decidim/decidim,727602,2025-12-07 21:52:53+00:00,2025-12-07 23:54:18+00:00,2.0236111111111112,False,False
decidim/decidim,727602,2025-12-19 06:46:03+00:00,2025-12-19 08:42:36+00:00,1.9425,False,False
decidim/decidim,727602,2026-01-30 17:08:55+00:00,2026-02-03 12:41:54+00:00,91.54972222222223,False,False
decidim/decidim,727602,2026-02-05 20:49:37+00:00,2026-02-06 01:22:05+00:00,4.541111111111111,False,False
decidim/decidim,727602,2026-03-01 21:49:42+00:00,2026-03-02 10:42:48+00:00,12.885,False,False
decidim/decidim,727602,2026-03-04 21:55:52+00:00,2026-03-05 12:46:41+00:00,14.846944444444444,False,False
decidim/decidim,727602,2026-04-09 07:38:47+00:00,2026-04-09 14:32:15+00:00,6.891111111111111,False,False
decidim/decidim,727602,2026-05-04 08:28:44+00:00,2026-05-05 07:00:49+00:00,22.53472222222222,False,False
decidim/decidim,727602,2026-05-19 05:31:43+00:00,2026-05-19 07:36:27+00:00,2.078888888888889,False,False
decidim/decidim,727602,2026-05-23 02:49:39+00:00,2026-05-23 04:35:24+00:00,1.7625,False,False
decidim/decidim,727602,2026-05-28 14:15:44+00:00,2026-05-28 16:41:04+00:00,2.422222222222222,False,False
decidim/decidim,727602,2026-06-05 08:32:28+00:00,2026-06-05 10:14:50+00:00,1.7061111111111111,False,False
decidim/decidim,727602,2026-06-10 06:21:42+00:00,2026-06-10 07:57:41+00:00,1.5997222222222223,False,False
decidim/decidim,727602,2026-06-11 11:06:11+00:00,2026-06-11 17:50:07+00:00,6.732222222222222,False,False
decidim/decidim,727602,2026-06-15 13:11:00+00:00,2026-06-16 06:19:51+00:00,17.1475,False,False
decidim/decidim,727602,2026-07-22 12:29:37+00:00,2026-07-23 09:08:32+00:00,20.648611111111112,False,False
decidim/decidim,727602,2026-08-03 22:37:56+00:00,2026-08-04 08:20:28+00:00,9.70888888888889,False,False
decidim/decidim,727602,2026-08-04 09:33:50+00:00,2026-08-04 13:49:29+00:00,4.260833333333333,False,False
decidim/decidim,727602,2026-08-20 15:51:04+00:00,2026-08-20 17:21:09+00:00,1.5013888888888889,False,False
decidim/decidim,727602,2026-08-27 11:41:04+00:00,2026-09-02 08:26:32+00:00,140.7577777777778,False,False
decidim/decidim,727602,2026-09-10 20:41:45+00:00,2026-09-11 09:14:30+00:00,12.545833333333333,False,False
decidim/decidim,727602,2026-09-23 08:56:49+00:00,2026-09-23 11:04:36+00:00,2.129722222222222,False,False
decidim/decidim,62425350,2025-10-13 06:08:36+00:00,2025-10-13 13:50:33+00:00,7.699166666666667,False,False
decidim/decidim,62425350,2025-10-23 11:32:12+00:00,2025-10-23 13:57:30+00:00,2.421666666666667,False,False
decidim/decidim,62425350,2025-12-05 08:45:27+00:00,2025-12-05 12:15:48+00:00,3.5058333333333334,False,False
decidim/decidim,62425350,2025-12-16 12:40:28+00:00,2025-12-17 10:04:34+00:00,21.401666666666667,False,False
decidim/decidim,62425350,2025-12-19 08:16:54+00:00,2025-12-19 09:44:00+00:00,1.4516666666666667,False,False
decidim/decidim,62425350,2025-12-20 22:12:36+00:00,2025-12-20 23:10:05+00:00,0.9580555555555555,False,False
decidim/decidim,62425350,2026-01-21 07:45:01+00:00,2026-01-21 09:25:49+00:00,1.68,False,False
decidim/decidim,62425350,2026-01-27 07:04:28+00:00,2026-01-27 08:24:37+00:00,1.3358333333333334,False,False
decidim/decidim,62425350,2026-01-30 12:09:09+00:00,2026-01-30 16:28:22+00:00,4.320277777777778,False,False
decidim/decidim,62425350,2026-02-03 14:39:28+00:00,2026-02-04 09:48:41+00:00,19.15361111111111,False,False
decidim/decidim,62425350,2026-02-09 07:40:45+00:00,2026-02-09 15:08:09+00:00,7.456666666666667,False,False
decidim/decidim,62425350,2026-02-10 16:58:43+00:00,2026-02-10 19:14:13+00:00,2.2583333333333333,False,False
decidim/decidim,62425350,2026-03-01 15:49:43+00:00,2026-03-01 19:27:43+00:00,3.6333333333333333,False,False
decidim/decidim,62425350,2026-03-07 10:50:40+00:00,2026-03-07 12:10:39+00:00,1.3330555555555557,False,False
decidim/decidim,62425350,2026-03-07 14:17:11+00:00,2026-03-07 17:01:34+00:00,2.7397222222222224,False,False
decidim/decidim,62425350,2026-03-07 23:00:43+00:00,2026-03-08 11:35:16+00:00,12.575833333333334,False,False
decidim/decidim,62425350,2026-03-08 19:58:51+00:00,2026-03-09 05:43:17+00:00,9.740555555555556,False,False
decidim/decidim,62425350,2026-03-10 09:05:29+00:00,2026-03-10 18:16:08+00:00,9.1775,False,False
decidim/decidim,62425350,2026-03-10 18:29:43+00:00,2026-03-10 19:16:43+00:00,0.7833333333333333,False,False
decidim/decidim,62425350,2026-03-19 07:59:48+00:00,2026-03-19 09:15:10+00:00,1.2561111111111112,False,False
decidim/decidim,62425350,2026-04-08 05:12:33+00:00,2026-04-08 06:12:25+00:00,0.9977777777777778,False,False
decidim/decidim,62425350,2026-04-09 07:38:47+00:00,2026-04-09 14:28:05+00:00,6.821666666666666,False,False
decidim/decidim,62425350,2026-04-16 07:18:14+00:00,2026-04-20 09:30:09+00:00,98.1986111111111,False,False
decidim/decidim,62425350,2026-04-27 07:41:30+00:00,2026-04-29 08:25:00+00:00,48.725,False,False
decidim/decidim,62425350,2026-05-04 08:28:44+00:00,2026-05-05 06:59:36+00:00,22.514444444444443,False,False
decidim/decidim,62425350,2026-05-20 12:32:16+00:00,2026-05-21 08:06:57+00:00,19.578055555555554,False,False
decidim/decidim,62425350,2026-05-21 09:46:21+00:00,2026-05-22 10:44:27+00:00,24.968333333333334,False,False
decidim/decidim,62425350,2026-06-08 22:03:10+00:00,2026-06-09 06:19:22+00:00,8.27,False,False
decidim/decidim,62425350,2026-06-14 10:09:06+00:00,2026-06-15 11:20:30+00:00,25.19,False,False
decidim/decidim,62425350,2026-06-18 08:14:11+00:00,2026-06-18 09:43:45+00:00,1.4927777777777778,False,False
decidim/decidim,62425350,2026-06-18 20:01:25+00:00,2026-06-19 01:19:10+00:00,5.295833333333333,False,False
decidim/decidim,62425350,2026-06-19 12:53:58+00:00,2026-06-19 21:31:55+00:00,8.6325,False,False
decidim/decidim,62425350,2026-06-21 09:59:21+00:00,2026-06-22 06:01:06+00:00,20.029166666666665,False,False
decidim/decidim,62425350,2026-06-29 17:58:23+00:00,2026-06-29 19:05:10+00:00,1.1130555555555555,False,False
decidim/decidim,62425350,2026-07-01 09:54:25+00:00,2026-07-01 22:16:50+00:00,12.373611111111112,False,False
decidim/decidim,62425350,2026-07-14 09:21:26+00:00,2026-07-15 10:11:08+00:00,24.828333333333333,False,False
decidim/decidim,62425350,2026-07-16 05:15:48+00:00,2026-07-16 08:03:18+00:00,2.7916666666666665,False,False
decidim/decidim,62425350,2026-07-21 10:21:05+00:00,2026-07-21 14:04:15+00:00,3.7194444444444446,False,False
decidim/decidim,62425350,2026-08-03 22:37:56+00:00,2026-08-04 08:10:58+00:00,9.550555555555556,False,False
decidim/decidim,62425350,2026-08-07 07:35:56+00:00,2026-08-07 09:40:57+00:00,2.0836111111111113,False,False
decidim/decidim,62425350,2026-08-09 20:13:15+00:00,2026-08-10 06:54:11+00:00,10.682222222222222,False,False
decidim/decidim,62425350,2026-08-10 17:10:48+00:00,2026-08-11 06:48:58+00:00,13.636111111111111,False,False
decidim/decidim,62425350,2026-09-23 08:56:49+00:00,2026-09-23 11:03:47+00:00,2.116111111111111,False,False
module-federation/core,91628004,2026-01-29 08:32:58+00:00,2026-02-02 11:49:12+00:00,99.27055555555556,False,False
module-federation/core,91628004,2026-03-08 23:02:29+00:00,2026-03-08 23:29:00+00:00,0.4419444444444444,False,False
module-federation/core,72333518,2025-10-17 13:48:35+00:00,2025-10-23 02:59:06+00:00,133.17527777777778,False,False
module-federation/core,72333518,2026-01-29 08:32:58+00:00,2026-02-12 06:38:35+00:00,334.0936111111111,False,False
module-federation/core,72333518,2026-03-08 23:24:48+00:00,2026-03-09 00:14:38+00:00,0.8305555555555556,False,False
module-federation/core,72333518,2026-03-09 01:34:43+00:00,2026-03-10 05:45:36+00:00,28.18138888888889,False,False
module-federation/core,72333518,2026-03-12 03:58:51+00:00,2026-03-12 06:30:23+00:00,2.5255555555555556,False,False
module-federation/core,72333518,2026-04-29 22:35:19+00:00,2026-04-29 22:53:14+00:00,0.2986111111111111,False,False
module-federation/core,72333518,2026-06-08 02:20:33+00:00,2026-06-12 03:04:03+00:00,96.725,False,False
apache/geode,25818845,2026-03-10 12:34:52+00:00,2026-03-11 19:05:04+00:00,30.503333333333334,False,False
apache/geode,25818845,2026-07-13 18:43:53+00:00,2026-07-28 14:12:22+00:00,355.4747222222222,False,False
apache/geode,25818845,2026-07-28 18:10:30+00:00,2026-07-28 19:21:45+00:00,1.1875,False,False
apache/geode,25818845,2026-08-06 15:44:51+00:00,2026-08-07 13:55:19+00:00,22.174444444444443,False,False
apache/geode,25818845,2026-08-07 13:25:14+00:00,2026-08-07 14:57:06+00:00,1.531111111111111,False,False
apache/geode,25818845,2026-09-07 16:36:34+00:00,2026-09-08 11:31:06+00:00,18.90888888888889,False,False
apache/geode,25818845,2026-09-08 13:40:29+00:00,2026-09-08 14:32:13+00:00,0.8622222222222222,False,False
apache/geode,25818845,2026-09-21 10:14:02+00:00,2026-09-21 13:31:10+00:00,3.2855555555555553,False,False
apache/geode,25818845,2026-09-21 18:16:04+00:00,2026-09-22 17:32:40+00:00,23.276666666666667,False,False
apache/geode,25818845,2026-09-22 17:24:26+00:00,2026-09-24 11:16:24+00:00,41.86611111111111,False,False
apache/geode,40972920,2025-11-04 12:59:28+00:00,2025-11-07 20:31:29+00:00,79.53361111111111,False,False
apache/geode,40972920,2026-03-10 12:34:52+00:00,2026-03-16 22:45:54+00:00,154.1838888888889,False,False
apache/geode,40972920,2026-03-23 18:00:34+00:00,2026-07-28 23:01:35+00:00,3053.0169444444446,False,False
apache/geode,40972920,2026-07-28 18:53:10+00:00,2026-07-30 00:00:57+00:00,29.129722222222224,False,False
apache/geode,40972920,2026-07-31 18:47:54+00:00,2026-08-07 18:21:07+00:00,167.5536111111111,False,False
apache/geode,40972920,2026-08-07 14:29:22+00:00,2026-08-10 18:43:17+00:00,76.23194444444445,False,False
apache/geode,40972920,2026-09-13 11:10:00+00:00,2026-09-13 16:07:59+00:00,4.966388888888889,False,False
apache/geode,40972920,2026-09-13 16:35:14+00:00,2026-09-14 17:15:33+00:00,24.671944444444446,False,False
apache/geode,40972920,2026-09-14 12:47:13+00:00,2026-09-15 00:34:31+00:00,11.788333333333334,False,False
apache/geode,40972920,2026-09-21 13:07:22+00:00,2026-09-21 17:39:27+00:00,4.534722222222222,False,False
apache/geode,40972920,2026-09-21 18:16:04+00:00,2026-09-22 20:12:56+00:00,25.947777777777777,False,False
apache/geode,40972920,2026-09-22 16:54:12+00:00,2026-09-24 15:48:44+00:00,46.90888888888889,False,False
felangel/bloc,438890,2026-02-09 20:36:30+00:00,2026-02-09 20:44:37+00:00,0.13527777777777777,False,False
longbridge/gpui-kit,108894596,2025-10-08 03:09:58+00:00,2025-10-08 03:25:01+00:00,0.25083333333333335,False,False
longbridge/gpui-kit,108894596,2025-10-24 05:25:39+00:00,2025-10-24 05:34:14+00:00,0.14305555555555555,False,False
longbridge/gpui-kit,108894596,2025-11-14 03:02:47+00:00,2025-11-14 03:26:14+00:00,0.3908333333333333,False,False
longbridge/gpui-kit,108894596,2025-11-24 03:33:24+00:00,2025-11-24 03:43:37+00:00,0.17027777777777778,False,False
longbridge/gpui-kit,108894596,2025-11-24 06:38:46+00:00,2025-11-24 07:07:35+00:00,0.4802777777777778,False,False
longbridge/gpui-kit,108894596,2025-11-24 09:14:42+00:00,2025-11-24 09:41:31+00:00,0.4469444444444444,False,False
longbridge/gpui-kit,108894596,2025-11-24 10:12:39+00:00,2025-11-24 10:17:30+00:00,0.08083333333333333,False,False
longbridge/gpui-kit,108894596,2025-11-27 02:10:42+00:00,2025-11-27 03:45:51+00:00,1.5858333333333334,False,False
longbridge/gpui-kit,108894596,2025-12-18 10:19:13+00:00,2025-12-18 10:59:50+00:00,0.6769444444444445,False,False
longbridge/gpui-kit,108894596,2026-02-02 14:45:11+00:00,2026-02-03 03:10:22+00:00,12.419722222222223,False,False
longbridge/gpui-kit,108894596,2026-06-10 06:15:22+00:00,2026-06-11 01:45:10+00:00,19.496666666666666,False,False
longbridge/gpui-kit,108894596,2026-07-06 11:17:46+00:00,2026-07-06 12:13:45+00:00,0.9330555555555555,False,False
longbridge/gpui-kit,108894596,2026-08-06 15:41:09+00:00,2026-08-07 08:29:04+00:00,16.79861111111111,False,False
longbridge/gpui-kit,108894596,2026-08-12 01:47:36+00:00,2026-08-12 02:09:26+00:00,0.3638888888888889,False,False
longbridge/gpui-kit,108894596,2026-08-13 08:52:03+00:00,2026-08-13 09:36:54+00:00,0.7475,False,False
longbridge/gpui-kit,108894596,2026-08-14 07:59:40+00:00,2026-08-14 08:40:33+00:00,0.6813888888888889,False,False
longbridge/gpui-kit,108894596,2026-08-14 16:47:17+00:00,2026-08-15 05:49:55+00:00,13.043888888888889,False,False
longbridge/gpui-kit,108894596,2026-08-15 07:46:14+00:00,2026-08-15 08:17:41+00:00,0.5241666666666667,False,False
longbridge/gpui-kit,108894596,2026-08-17 08:27:42+00:00,2026-08-17 08:35:07+00:00,0.12361111111111112,False,False
longbridge/gpui-kit,108894596,2026-08-17 13:27:23+00:00,2026-08-18 04:11:11+00:00,14.73,False,False
longbridge/gpui-kit,108894596,2026-08-20 07:52:40+00:00,2026-08-20 08:20:02+00:00,0.45611111111111113,False,False
longbridge/gpui-kit,108894596,2026-08-27 08:33:04+00:00,2026-08-27 09:58:07+00:00,1.4175,False,False
longbridge/gpui-kit,108894596,2026-08-28 03:50:43+00:00,2026-08-28 05:54:26+00:00,2.0619444444444444,False,False
longbridge/gpui-kit,108894596,2026-08-28 13:40:13+00:00,2026-08-28 16:31:24+00:00,2.8530555555555557,False,False
longbridge/gpui-kit,108894596,2026-08-28 17:51:26+00:00,2026-08-29 08:34:39+00:00,14.720277777777778,False,False
longbridge/gpui-kit,108894596,2026-09-02 13:21:28+00:00,2026-09-02 16:19:56+00:00,2.9744444444444444,False,False
longbridge/gpui-kit,108894596,2026-09-03 14:07:38+00:00,2026-09-03 15:42:46+00:00,1.5855555555555556,False,False
longbridge/gpui-kit,108894596,2026-09-06 10:19:29+00:00,2026-09-06 12:15:28+00:00,1.9330555555555555,False,False
longbridge/gpui-kit,108894596,2026-09-09 09:23:38+00:00,2026-09-09 12:46:06+00:00,3.3744444444444444,False,False
longbridge/gpui-kit,108894596,2026-09-18 09:12:50+00:00,2026-09-18 11:22:14+00:00,2.1566666666666667,False,False
longbridge/gpui-kit,108894596,2026-09-22 11:40:19+00:00,2026-09-22 14:58:14+00:00,3.298611111111111,False,False
longbridge/gpui-kit,108894596,2026-09-24 07:03:05+00:00,2026-09-24 07:30:54+00:00,0.4636111111111111,False,False
longbridge/gpui-kit,108894596,2026-09-29 01:44:23+00:00,2026-09-29 02:54:18+00:00,1.1652777777777779,False,False
zeek/zeek,14948460,2026-06-11 19:47:55+00:00,2026-06-11 20:00:36+00:00,0.21138888888888888,False,False
zeek/zeek,14948460,2026-08-06 17:57:29+00:00,2026-08-07 22:35:13+00:00,28.628888888888888,False,False
zeek/zeek,14948460,2026-08-26 15:43:26+00:00,2026-08-26 17:08:42+00:00,1.4211111111111112,False,False
mockoon/mockoon,32343,2025-10-07 12:44:46+00:00,2025-10-07 13:08:47+00:00,0.4002777777777778,False,False
mockoon/mockoon,32343,2025-10-30 08:10:40+00:00,2025-10-30 10:54:01+00:00,2.7225,False,False
mockoon/mockoon,32343,2025-12-16 13:03:37+00:00,2025-12-16 13:42:36+00:00,0.6497222222222222,False,False
mockoon/mockoon,32343,2026-01-05 13:00:18+00:00,2026-01-08 15:38:18+00:00,74.63333333333334,False,False
mockoon/mockoon,32343,2026-02-25 14:39:28+00:00,2026-03-03 15:29:44+00:00,144.83777777777777,False,False
mockoon/mockoon,32343,2026-03-10 13:10:35+00:00,2026-03-16 16:31:55+00:00,147.35555555555555,False,False
mockoon/mockoon,32343,2026-04-02 07:45:25+00:00,2026-04-02 08:15:45+00:00,0.5055555555555555,False,False
mockoon/mockoon,32343,2026-04-24 12:07:37+00:00,2026-04-24 13:10:02+00:00,1.0402777777777779,False,False
mockoon/mockoon,32343,2026-05-05 16:21:14+00:00,2026-05-06 08:07:46+00:00,15.775555555555556,False,False
mockoon/mockoon,32343,2026-05-12 16:39:01+00:00,2026-05-12 17:09:23+00:00,0.5061111111111111,False,False
mockoon/mockoon,32343,2026-05-13 09:10:56+00:00,2026-05-13 10:12:19+00:00,1.0230555555555556,False,False
mockoon/mockoon,32343,2026-05-18 06:13:16+00:00,2026-05-18 16:21:51+00:00,10.143055555555556,False,False
mockoon/mockoon,32343,2026-05-19 12:04:53+00:00,2026-05-19 13:25:03+00:00,1.336111111111111,False,False
mockoon/mockoon,32343,2026-05-19 14:42:52+00:00,2026-05-26 18:48:57+00:00,172.1013888888889,False,False
mockoon/mockoon,32343,2026-05-26 21:03:43+00:00,2026-05-27 08:50:51+00:00,11.785555555555556,False,False
mockoon/mockoon,32343,2026-05-29 13:16:02+00:00,2026-05-30 13:04:46+00:00,23.81222222222222,False,False
mockoon/mockoon,32343,2026-05-31 19:55:12+00:00,2026-06-01 12:18:09+00:00,16.3825,False,False
mockoon/mockoon,32343,2026-06-02 15:52:16+00:00,2026-06-03 07:06:08+00:00,15.231111111111112,False,False
mockoon/mockoon,32343,2026-06-12 13:46:36+00:00,2026-06-13 08:21:48+00:00,18.586666666666666,False,False
mockoon/mockoon,32343,2026-06-18 15:28:40+00:00,2026-06-19 07:47:51+00:00,16.31972222222222,False,False
mockoon/mockoon,32343,2026-07-04 05:43:24+00:00,2026-07-04 06:20:53+00:00,0.6247222222222222,False,False
mockoon/mockoon,32343,2026-07-21 06:54:07+00:00,2026-07-21 19:01:56+00:00,12.130277777777778,False,False
mockoon/mockoon,32343,2026-07-22 11:13:53+00:00,2026-07-22 14:08:59+00:00,2.9183333333333334,False,False
mockoon/mockoon,32343,2026-07-26 14:07:11+00:00,2026-07-26 15:07:42+00:00,1.0086111111111111,False,False
mockoon/mockoon,32343,2026-07-26 14:50:05+00:00,2026-07-26 15:35:30+00:00,0.7569444444444444,False,False
mockoon/mockoon,32343,2026-07-27 14:58:12+00:00,2026-07-29 09:16:44+00:00,42.30888888888889,False,False
mockoon/mockoon,32343,2026-07-31 08:27:53+00:00,2026-08-01 07:10:42+00:00,22.71361111111111,False,False
mockoon/mockoon,32343,2026-08-01 06:59:55+00:00,2026-08-01 19:43:48+00:00,12.731388888888889,False,False
mockoon/mockoon,32343,2026-08-07 08:10:36+00:00,2026-08-08 06:59:42+00:00,22.81833333333333,False,False
mockoon/mockoon,32343,2026-08-31 08:05:27+00:00,2026-08-31 09:28:37+00:00,1.386111111111111,False,False
mockoon/mockoon,32343,2026-09-03 06:23:23+00:00,2026-09-03 07:44:21+00:00,1.3494444444444444,False,False
mockoon/mockoon,32343,2026-09-03 10:01:25+00:00,2026-09-03 13:58:22+00:00,3.9491666666666667,False,False
mockoon/mockoon,32343,2026-09-04 07:07:25+00:00,2026-09-04 15:51:14+00:00,8.730277777777777,False,False
mockoon/mockoon,32343,2026-09-07 08:38:34+00:00,2026-09-07 12:47:02+00:00,4.141111111111111,False,False
mockoon/mockoon,32343,2026-09-08 06:29:40+00:00,2026-09-08 07:41:31+00:00,1.1975,False,False
mockoon/mockoon,32343,2026-09-08 18:16:54+00:00,2026-09-10 07:27:09+00:00,37.170833333333334,False,False
mockoon/mockoon,32343,2026-09-10 07:15:38+00:00,2026-09-10 13:38:09+00:00,6.375277777777778,False,False
mockoon/mockoon,32343,2026-09-10 19:21:34+00:00,2026-09-11 09:15:54+00:00,13.905555555555555,False,False
mockoon/mockoon,32343,2026-09-14 07:33:31+00:00,2026-09-14 09:01:47+00:00,1.471111111111111,False,False
mockoon/mockoon,32343,2026-09-15 14:25:48+00:00,2026-09-15 14:46:26+00:00,0.3438888888888889,False,False
openvinotoolkit/openvino,130580141,2026-07-27 12:18:02+00:00,2026-07-29 10:29:20+00:00,46.18833333333333,False,False
ydb-platform/ydb,71309487,2026-02-16 08:50:41+00:00,2026-02-16 11:13:40+00:00,2.3830555555555555,False,False
ydb-platform/ydb,71309487,2026-04-08 17:56:44+00:00,2026-04-09 13:38:20+00:00,19.69333333333333,False,False
ydb-platform/ydb,71309487,2026-05-11 14:52:16+00:00,2026-05-13 11:51:24+00:00,44.98555555555556,False,False
ydb-platform/ydb,71309487,2026-05-27 14:17:51+00:00,2026-05-30 09:16:48+00:00,66.9825,False,False
ydb-platform/ydb,71309487,2026-07-29 12:14:27+00:00,2026-07-30 10:13:33+00:00,21.985,False,False
ydb-platform/ydb,71309487,2026-08-22 07:37:39+00:00,2026-08-24 08:11:52+00:00,48.570277777777775,False,False
ydb-platform/ydb,71309487,2026-09-28 09:37:02+00:00,2026-09-28 13:02:36+00:00,3.426111111111111,False,False
lancedb/lancedb,140818990,2026-02-02 19:54:52+00:00,2026-02-03 00:28:10+00:00,4.555,False,False
lancedb/lancedb,140818990,2026-03-16 13:25:46+00:00,2026-03-16 16:02:29+00:00,2.6119444444444446,False,False
lancedb/lancedb,140818990,2026-07-14 23:26:59+00:00,2026-07-14 23:28:48+00:00,0.03027777777777778,False,False
lancedb/lancedb,60162926,2025-10-08 18:13:13+00:00,2025-10-10 03:30:23+00:00,33.28611111111111,False,False
lancedb/lancedb,60162926,2025-10-16 17:54:09+00:00,2025-10-17 09:46:12+00:00,15.8675,False,False
lancedb/lancedb,60162926,2025-11-20 18:32:40+00:00,2025-11-20 19:39:49+00:00,1.1191666666666666,False,False
lancedb/lancedb,60162926,2025-12-03 05:04:14+00:00,2025-12-03 07:11:10+00:00,2.1155555555555554,False,False
lancedb/lancedb,60162926,2025-12-04 21:53:50+00:00,2025-12-05 01:04:53+00:00,3.1841666666666666,False,False
lancedb/lancedb,60162926,2025-12-08 09:10:28+00:00,2025-12-16 05:04:03+00:00,187.89305555555555,False,False
lancedb/lancedb,60162926,2025-12-29 17:08:07+00:00,2026-01-02 18:07:01+00:00,96.98166666666667,False,False
lancedb/lancedb,60162926,2026-01-13 19:23:17+00:00,2026-01-15 18:13:58+00:00,46.844722222222224,False,False
lancedb/lancedb,60162926,2026-01-21 19:52:10+00:00,2026-01-22 22:04:41+00:00,26.20861111111111,False,False
lancedb/lancedb,60162926,2026-01-26 20:17:26+00:00,2026-01-26 22:26:56+00:00,2.158333333333333,False,False
lancedb/lancedb,60162926,2026-02-02 19:54:52+00:00,2026-02-03 00:54:03+00:00,4.9863888888888885,False,False
lancedb/lancedb,60162926,2026-02-25 22:59:35+00:00,2026-02-27 03:51:59+00:00,28.873333333333335,False,False
lancedb/lancedb,60162926,2026-03-06 04:24:53+00:00,2026-03-06 17:23:25+00:00,12.975555555555555,False,False
lancedb/lancedb,60162926,2026-03-10 20:39:42+00:00,2026-03-11 05:10:38+00:00,8.515555555555556,False,False
lancedb/lancedb,60162926,2026-03-30 16:29:27+00:00,2026-03-30 17:41:55+00:00,1.2077777777777778,False,False
lancedb/lancedb,60162926,2026-03-30 18:15:40+00:00,2026-03-30 19:33:11+00:00,1.2919444444444443,False,False
lancedb/lancedb,60162926,2026-04-25 03:53:18+00:00,2026-04-28 01:20:13+00:00,69.4486111111111,False,False
lancedb/lancedb,60162926,2026-04-28 13:29:32+00:00,2026-04-29 16:50:23+00:00,27.3475,False,False
lancedb/lancedb,60162926,2026-05-05 04:38:01+00:00,2026-05-05 21:11:59+00:00,16.566111111111113,False,False
lancedb/lancedb,60162926,2026-05-15 17:56:32+00:00,2026-05-16 17:26:32+00:00,23.5,False,False
lancedb/lancedb,60162926,2026-05-18 22:07:58+00:00,2026-05-19 12:34:57+00:00,14.449722222222222,False,False
lancedb/lancedb,60162926,2026-05-20 03:15:19+00:00,2026-05-20 18:00:33+00:00,14.75388888888889,False,False
lancedb/lancedb,60162926,2026-05-31 02:22:53+00:00,2026-06-01 13:14:25+00:00,34.85888888888889,False,False
lancedb/lancedb,60162926,2026-06-05 04:57:19+00:00,2026-06-05 13:57:12+00:00,8.998055555555556,False,False
lancedb/lancedb,60162926,2026-06-10 19:28:27+00:00,2026-06-11 01:22:29+00:00,5.900555555555556,False,False
lancedb/lancedb,60162926,2026-06-11 22:03:39+00:00,2026-06-15 14:05:50+00:00,88.0363888888889,False,False
lancedb/lancedb,60162926,2026-06-15 15:42:09+00:00,2026-06-17 18:00:47+00:00,50.31055555555555,False,False
lancedb/lancedb,60162926,2026-06-30 13:27:25+00:00,2026-06-30 16:02:56+00:00,2.5919444444444446,False,False
lancedb/lancedb,60162926,2026-07-02 11:33:59+00:00,2026-07-03 00:30:53+00:00,12.948333333333334,False,False
lancedb/lancedb,60162926,2026-07-06 18:30:21+00:00,2026-07-07 22:50:26+00:00,28.334722222222222,False,False
lancedb/lancedb,60162926,2026-07-13 21:22:43+00:00,2026-07-15 00:10:02+00:00,26.788611111111113,False,False
lancedb/lancedb,60162926,2026-07-15 17:42:32+00:00,2026-07-16 04:49:56+00:00,11.123333333333333,False,False
lancedb/lancedb,60162926,2026-07-22 21:12:00+00:00,2026-07-24 22:41:56+00:00,49.49888888888889,False,False
lancedb/lancedb,60162926,2026-08-17 16:57:00+00:00,2026-08-17 18:32:36+00:00,1.5933333333333333,False,False
lancedb/lancedb,60162926,2026-08-18 12:03:23+00:00,2026-08-19 14:05:21+00:00,26.032777777777778,False,False
lancedb/lancedb,60162926,2026-08-20 17:55:19+00:00,2026-08-21 11:30:13+00:00,17.581666666666667,False,False
lancedb/lancedb,60162926,2026-08-22 05:39:49+00:00,2026-08-22 07:55:53+00:00,2.267777777777778,False,False
lancedb/lancedb,60162926,2026-08-27 22:52:44+00:00,2026-08-28 03:10:10+00:00,4.290555555555556,False,False
lancedb/lancedb,60162926,2026-09-03 21:59:17+00:00,2026-09-04 06:22:51+00:00,8.392777777777777,False,False
lancedb/lancedb,60162926,2026-09-14 16:46:58+00:00,2026-09-15 04:17:48+00:00,11.51388888888889,False,False
lancedb/lancedb,60162926,2026-09-16 23:11:18+00:00,2026-09-17 14:19:07+00:00,15.130277777777778,False,False
lancedb/lancedb,60162926,2026-09-23 21:31:38+00:00,2026-09-24 09:59:21+00:00,12.461944444444445,False,False
lancedb/lancedb,52030777,2025-10-03 23:47:07+00:00,2025-10-06 17:10:19+00:00,65.38666666666667,False,False
lancedb/lancedb,52030777,2025-10-06 18:23:24+00:00,2025-10-06 21:39:50+00:00,3.273888888888889,False,False
lancedb/lancedb,52030777,2025-11-10 17:05:01+00:00,2025-11-21 04:09:59+00:00,251.08277777777778,False,False
lancedb/lancedb,52030777,2025-11-24 22:58:44+00:00,2025-12-02 07:36:28+00:00,176.6288888888889,False,False
lancedb/lancedb,52030777,2025-12-02 22:12:55+00:00,2025-12-03 07:09:35+00:00,8.944444444444445,False,False
lancedb/lancedb,52030777,2025-12-03 07:53:33+00:00,2025-12-03 16:54:59+00:00,9.023888888888889,False,False
lancedb/lancedb,52030777,2025-12-04 21:53:50+00:00,2025-12-16 05:04:53+00:00,271.18416666666667,False,False
lancedb/lancedb,52030777,2026-01-06 22:35:59+00:00,2026-01-13 15:42:02+00:00,161.10083333333333,False,False
lancedb/lancedb,52030777,2026-01-21 16:42:44+00:00,2026-01-21 22:10:24+00:00,5.461111111111111,False,False
lancedb/lancedb,52030777,2026-01-26 20:17:26+00:00,2026-01-26 22:29:06+00:00,2.1944444444444446,False,False
lancedb/lancedb,52030777,2026-01-30 00:06:39+00:00,2026-02-03 00:57:54+00:00,96.85416666666667,False,False
lancedb/lancedb,52030777,2026-02-17 17:04:25+00:00,2026-02-17 20:06:39+00:00,3.0372222222222223,False,False
lancedb/lancedb,52030777,2026-02-20 19:18:36+00:00,2026-02-21 00:30:21+00:00,5.195833333333334,False,False
lancedb/lancedb,52030777,2026-02-23 18:35:11+00:00,2026-02-24 16:28:33+00:00,21.889444444444443,False,False
lancedb/lancedb,52030777,2026-02-27 03:25:49+00:00,2026-02-27 22:01:32+00:00,18.595277777777778,False,False
lancedb/lancedb,52030777,2026-03-02 16:37:28+00:00,2026-03-02 18:06:59+00:00,1.4919444444444445,False,False
lancedb/lancedb,52030777,2026-03-10 20:39:42+00:00,2026-03-11 05:11:27+00:00,8.529166666666667,False,False
lancedb/lancedb,52030777,2026-03-16 13:25:46+00:00,2026-03-16 21:30:20+00:00,8.07611111111111,False,False
lancedb/lancedb,52030777,2026-03-30 16:29:27+00:00,2026-03-30 22:16:57+00:00,5.791666666666667,False,False
lancedb/lancedb,52030777,2026-03-31 18:32:52+00:00,2026-03-31 20:58:00+00:00,2.418888888888889,False,False
lancedb/lancedb,52030777,2026-04-05 02:51:22+00:00,2026-04-06 18:48:30+00:00,39.952222222222225,False,False
lancedb/lancedb,52030777,2026-04-19 06:02:26+00:00,2026-04-19 21:07:36+00:00,15.08611111111111,False,False
lancedb/lancedb,52030777,2026-04-27 22:13:10+00:00,2026-04-28 01:25:40+00:00,3.2083333333333335,False,False
lancedb/lancedb,52030777,2026-05-20 01:35:11+00:00,2026-05-20 03:47:12+00:00,2.200277777777778,False,False
lancedb/lancedb,52030777,2026-05-20 16:49:04+00:00,2026-05-20 18:03:22+00:00,1.2383333333333333,False,False
lancedb/lancedb,52030777,2026-05-28 23:41:50+00:00,2026-05-29 16:51:35+00:00,17.1625,False,False
lancedb/lancedb,52030777,2026-06-10 15:54:05+00:00,2026-06-10 17:44:59+00:00,1.8483333333333334,False,False
lancedb/lancedb,52030777,2026-06-27 06:57:19+00:00,2026-06-29 11:45:16+00:00,52.799166666666665,False,False
lancedb/lancedb,52030777,2026-06-30 21:46:26+00:00,2026-06-30 22:54:44+00:00,1.1383333333333334,False,False
lancedb/lancedb,52030777,2026-07-15 20:54:27+00:00,2026-07-16 04:54:52+00:00,8.006944444444445,False,False
lancedb/lancedb,52030777,2026-08-21 09:19:16+00:00,2026-08-21 12:11:56+00:00,2.8777777777777778,False,False
lancedb/lancedb,52030777,2026-08-21 18:01:48+00:00,2026-08-21 21:45:50+00:00,3.733888888888889,False,False
lancedb/lancedb,52030777,2026-08-25 00:16:44+00:00,2026-08-25 06:55:00+00:00,6.637777777777778,False,False
lancedb/lancedb,52030777,2026-08-26 15:31:01+00:00,2026-08-26 18:43:35+00:00,3.2094444444444443,False,False
lancedb/lancedb,52030777,2026-09-15 14:00:35+00:00,2026-09-15 15:47:03+00:00,1.7744444444444445,False,False
lancedb/lancedb,52030777,2026-09-18 16:18:42+00:00,2026-09-18 19:35:00+00:00,3.2716666666666665,False,False
lancedb/lancedb,83352036,2025-10-09 07:46:21+00:00,2025-10-09 19:27:50+00:00,11.69138888888889,False,False
lancedb/lancedb,83352036,2025-11-10 17:05:01+00:00,2025-11-18 17:15:15+00:00,192.17055555555555,False,False
lancedb/lancedb,83352036,2025-11-20 18:32:40+00:00,2025-11-20 19:13:10+00:00,0.675,False,False
lancedb/lancedb,83352036,2025-11-20 19:14:23+00:00,2025-11-21 00:55:48+00:00,5.690277777777778,False,False
lancedb/lancedb,83352036,2025-12-04 21:53:50+00:00,2025-12-05 00:46:22+00:00,2.8755555555555556,False,False
lancedb/lancedb,83352036,2026-01-02 17:39:23+00:00,2026-01-02 23:25:37+00:00,5.770555555555555,False,False
lancedb/lancedb,83352036,2026-01-20 23:26:49+00:00,2026-01-21 12:33:00+00:00,13.103055555555555,False,False
lancedb/lancedb,83352036,2026-01-30 00:06:39+00:00,2026-02-03 00:39:46+00:00,96.55194444444444,False,False
lancedb/lancedb,83352036,2026-02-03 17:54:22+00:00,2026-02-03 18:19:16+00:00,0.415,False,False
lancedb/lancedb,83352036,2026-02-04 18:31:42+00:00,2026-02-05 00:19:00+00:00,5.788333333333333,False,False
lancedb/lancedb,83352036,2026-02-20 19:18:36+00:00,2026-02-23 08:49:40+00:00,61.51777777777778,False,False
lancedb/lancedb,83352036,2026-02-28 01:31:55+00:00,2026-03-02 16:49:44+00:00,63.29694444444444,False,False
lancedb/lancedb,83352036,2026-03-02 17:38:58+00:00,2026-03-02 20:14:02+00:00,2.5844444444444443,False,False
lancedb/lancedb,83352036,2026-03-06 16:54:49+00:00,2026-03-09 08:58:25+00:00,64.06,False,False
lancedb/lancedb,83352036,2026-03-10 03:04:30+00:00,2026-03-16 13:34:18+00:00,154.49666666666667,False,False
lancedb/lancedb,83352036,2026-03-30 19:55:58+00:00,2026-03-30 21:58:03+00:00,2.0347222222222223,False,False
lancedb/lancedb,83352036,2026-05-13 18:49:31+00:00,2026-05-13 23:40:22+00:00,4.8475,False,False
lancedb/lancedb,83352036,2026-05-18 07:11:37+00:00,2026-05-18 12:45:50+00:00,5.570277777777778,False,False
lancedb/lancedb,83352036,2026-05-20 03:15:19+00:00,2026-05-20 13:45:39+00:00,10.505555555555556,False,False
lancedb/lancedb,83352036,2026-06-05 02:47:55+00:00,2026-06-05 13:38:07+00:00,10.836666666666666,False,False
lancedb/lancedb,83352036,2026-06-09 22:59:34+00:00,2026-06-10 16:09:33+00:00,17.16638888888889,False,False
lancedb/lancedb,83352036,2026-06-11 15:06:10+00:00,2026-06-11 18:51:33+00:00,3.756388888888889,False,False
lancedb/lancedb,83352036,2026-06-15 20:56:20+00:00,2026-06-15 22:18:19+00:00,1.3663888888888889,False,False
lancedb/lancedb,83352036,2026-07-06 18:30:21+00:00,2026-07-08 11:49:18+00:00,41.31583333333333,False,False
lancedb/lancedb,83352036,2026-07-13 21:22:43+00:00,2026-07-14 06:55:08+00:00,9.540277777777778,False,False
lancedb/lancedb,83352036,2026-07-25 16:22:38+00:00,2026-07-26 06:57:19+00:00,14.578055555555556,False,False
lancedb/lancedb,83352036,2026-07-30 14:56:55+00:00,2026-07-30 19:20:55+00:00,4.4,False,False
lancedb/lancedb,83352036,2026-07-31 14:32:33+00:00,2026-07-31 19:56:37+00:00,5.401111111111111,False,False
lancedb/lancedb,83352036,2026-08-08 19:34:42+00:00,2026-08-10 07:13:27+00:00,35.645833333333336,False,False
lancedb/lancedb,83352036,2026-08-13 17:23:40+00:00,2026-08-13 18:36:38+00:00,1.2161111111111111,False,False
lancedb/lancedb,83352036,2026-08-26 02:56:29+00:00,2026-08-26 05:05:03+00:00,2.142777777777778,False,False
lancedb/lancedb,83352036,2026-09-01 12:08:51+00:00,2026-09-01 13:10:37+00:00,1.0294444444444444,False,False
lancedb/lancedb,83352036,2026-09-01 23:32:07+00:00,2026-09-02 05:52:58+00:00,6.3475,False,False
lancedb/lancedb,83352036,2026-09-04 06:52:18+00:00,2026-09-05 23:45:18+00:00,40.88333333333333,False,False
lancedb/lancedb,83352036,2026-09-15 19:13:43+00:00,2026-09-15 20:56:55+00:00,1.72,False,False
lancedb/lancedb,83352036,2026-09-15 21:05:55+00:00,2026-09-15 23:41:39+00:00,2.5955555555555554,False,False
lancedb/lancedb,83352036,2026-09-16 01:01:46+00:00,2026-09-16 08:39:24+00:00,7.627222222222223,False,False
lancedb/lancedb,83352036,2026-09-16 19:00:40+00:00,2026-09-16 22:10:51+00:00,3.169722222222222,False,False
lancedb/lancedb,83352036,2026-09-16 23:11:18+00:00,2026-09-17 12:24:24+00:00,13.218333333333334,False,False
lancedb/lancedb,83352036,2026-09-23 21:31:38+00:00,2026-09-24 07:34:45+00:00,10.051944444444445,False,False
lancedb/lancedb,83352036,2026-09-29 01:19:54+00:00,2026-09-29 01:38:17+00:00,0.3063888888888889,False,False
lancedb/lancedb,60410212,2025-10-09 07:46:21+00:00,2025-10-09 19:41:19+00:00,11.91611111111111,False,False
lancedb/lancedb,60410212,2025-11-18 20:26:01+00:00,2025-11-19 10:03:40+00:00,13.6275,False,False
lancedb/lancedb,60410212,2025-12-04 21:53:50+00:00,2025-12-05 02:01:17+00:00,4.1241666666666665,False,False
lancedb/lancedb,60410212,2026-01-30 00:06:39+00:00,2026-02-03 03:45:04+00:00,99.64027777777778,False,False
lancedb/lancedb,60410212,2026-02-09 06:06:27+00:00,2026-03-03 18:47:47+00:00,540.6888888888889,False,False
lancedb/lancedb,60410212,2026-03-03 21:36:12+00:00,2026-03-04 01:29:58+00:00,3.8961111111111113,False,False
lancedb/lancedb,60410212,2026-03-10 03:04:30+00:00,2026-03-16 14:45:05+00:00,155.67638888888888,False,False
lancedb/lancedb,60410212,2026-03-16 22:47:12+00:00,2026-03-25 04:45:28+00:00,197.9711111111111,False,False
lancedb/lancedb,60410212,2026-03-31 21:26:10+00:00,2026-04-03 09:36:59+00:00,60.180277777777775,False,False
lancedb/lancedb,60410212,2026-04-17 08:12:32+00:00,2026-04-19 05:44:39+00:00,45.53527777777778,False,False
lancedb/lancedb,60410212,2026-05-05 04:38:01+00:00,2026-05-05 22:22:06+00:00,17.73472222222222,False,False
lancedb/lancedb,60410212,2026-05-18 16:36:05+00:00,2026-05-19 02:54:55+00:00,10.313888888888888,False,False
lancedb/lancedb,60410212,2026-06-05 14:52:45+00:00,2026-06-05 18:45:59+00:00,3.8872222222222224,False,False
lancedb/lancedb,60410212,2026-06-23 13:58:32+00:00,2026-06-23 18:33:35+00:00,4.5841666666666665,False,False
lancedb/lancedb,60410212,2026-07-08 21:14:42+00:00,2026-07-10 18:08:49+00:00,44.901944444444446,False,False
lancedb/lancedb,60410212,2026-07-15 17:42:32+00:00,2026-07-15 22:46:49+00:00,5.0713888888888885,False,False
lancedb/lancedb,52044865,2025-12-04 21:53:51+00:00,2025-12-05 01:07:31+00:00,3.227777777777778,False,False
lancedb/lancedb,52044865,2026-02-02 19:54:52+00:00,2026-02-03 00:57:00+00:00,5.035555555555556,False,False
lancedb/lancedb,52044865,2026-02-17 17:04:25+00:00,2026-02-17 20:05:38+00:00,3.020277777777778,False,False
lancedb/lancedb,52044865,2026-02-27 03:25:48+00:00,2026-03-04 19:39:23+00:00,136.2263888888889,False,False
lancedb/lancedb,52044865,2026-03-10 20:39:42+00:00,2026-03-11 05:12:14+00:00,8.542222222222222,False,False
lancedb/lancedb,52044865,2026-04-20 01:28:48+00:00,2026-05-08 16:25:12+00:00,446.94,False,False
lancedb/lancedb,52044865,2026-06-08 11:48:44+00:00,2026-06-09 00:01:50+00:00,12.218333333333334,False,False
lancedb/lancedb,52044865,2026-07-02 23:54:37+00:00,2026-07-04 18:44:06+00:00,42.82472222222222,False,False
lancedb/lancedb,52044865,2026-07-30 23:50:09+00:00,2026-08-10 14:19:57+00:00,254.49666666666667,False,False
lancedb/lancedb,52044865,2026-08-17 16:57:00+00:00,2026-08-17 19:03:33+00:00,2.109166666666667,False,False
lancedb/lancedb,52044865,2026-08-19 16:44:50+00:00,2026-08-21 09:52:40+00:00,41.13055555555555,False,False
lancedb/lancedb,52044865,2026-09-05 23:26:05+00:00,2026-09-14 07:20:12+00:00,199.90194444444444,False,False
uriyyo/fastapi-pagination,3892327,2026-04-29 17:02:58+00:00,2026-04-29 19:29:03+00:00,2.4347222222222222,False,False
uriyyo/fastapi-pagination,3892328,2025-12-11 21:34:33+00:00,2025-12-11 21:50:18+00:00,0.2625,False,False
uriyyo/fastapi-pagination,3892328,2026-01-11 15:05:57+00:00,2026-01-11 15:16:32+00:00,0.1763888888888889,False,False
uriyyo/fastapi-pagination,3892328,2026-05-08 18:12:57+00:00,2026-05-08 20:40:32+00:00,2.459722222222222,False,False
uriyyo/fastapi-pagination,3892328,2026-05-17 19:43:52+00:00,2026-05-17 21:30:49+00:00,1.7825,False,False
Notifuse/notifuse,150700293,2025-10-04 20:13:45+00:00,2025-10-04 20:41:00+00:00,0.45416666666666666,False,False
Notifuse/notifuse,150700293,2025-11-01 11:55:40+00:00,2025-11-01 13:37:47+00:00,1.7019444444444445,False,False
Notifuse/notifuse,150700293,2025-11-01 13:39:20+00:00,2025-11-01 14:28:04+00:00,0.8122222222222222,False,False
Notifuse/notifuse,150700293,2025-11-01 14:35:31+00:00,2025-11-01 16:45:09+00:00,2.1605555555555553,False,False
Notifuse/notifuse,150700293,2025-11-27 10:09:20+00:00,2025-11-27 10:45:32+00:00,0.6033333333333334,False,False
Notifuse/notifuse,150700293,2026-08-16 20:50:58+00:00,2026-08-16 21:13:52+00:00,0.38166666666666665,False,False
Notifuse/notifuse,150700293,2026-09-01 07:13:12+00:00,2026-09-01 08:12:57+00:00,0.9958333333333333,False,False
napi-rs/napi-rs,17386712,2026-03-27 14:09:54+00:00,2026-03-27 15:02:21+00:00,0.8741666666666666,False,False
napi-rs/napi-rs,17386712,2026-04-09 18:44:20+00:00,2026-04-10 10:13:46+00:00,15.490555555555556,False,False
napi-rs/napi-rs,18386506,2025-11-08 22:07:19+00:00,2025-11-10 03:50:57+00:00,29.727222222222224,False,False
napi-rs/napi-rs,63457628,2025-10-03 08:14:35+00:00,2025-10-05 11:43:14+00:00,51.4775,False,False
napi-rs/napi-rs,63457628,2025-10-29 07:12:28+00:00,2025-10-30 15:30:43+00:00,32.30416666666667,False,False
napi-rs/napi-rs,63457628,2025-11-07 13:24:33+00:00,2025-11-07 15:02:21+00:00,1.63,False,False
napi-rs/napi-rs,63457628,2025-11-08 16:33:07+00:00,2025-11-10 03:54:44+00:00,35.360277777777775,False,False
napi-rs/napi-rs,63457628,2025-12-20 12:05:17+00:00,2025-12-21 09:01:11+00:00,20.93166666666667,False,False
napi-rs/napi-rs,63457628,2026-02-23 00:49:19+00:00,2026-02-25 09:28:49+00:00,56.65833333333333,False,False
napi-rs/napi-rs,63457628,2026-02-26 14:03:35+00:00,2026-02-26 19:16:22+00:00,5.213055555555556,False,False
napi-rs/napi-rs,63457628,2026-03-06 06:09:22+00:00,2026-04-03 01:56:48+00:00,667.7905555555556,False,False
napi-rs/napi-rs,63457628,2026-04-06 21:13:12+00:00,2026-04-07 02:14:00+00:00,5.013333333333334,False,False
napi-rs/napi-rs,63457628,2026-04-10 10:09:11+00:00,2026-04-10 10:56:57+00:00,0.7961111111111111,False,False
napi-rs/napi-rs,63457628,2026-04-16 22:58:22+00:00,2026-04-24 03:03:14+00:00,172.0811111111111,False,False
napi-rs/napi-rs,63457628,2026-04-28 23:15:50+00:00,2026-04-29 03:10:46+00:00,3.9155555555555557,False,False
napi-rs/napi-rs,63457628,2026-05-03 01:46:39+00:00,2026-05-07 12:26:51+00:00,106.67,False,False
napi-rs/napi-rs,63457628,2026-05-16 02:04:29+00:00,2026-05-17 17:06:59+00:00,39.041666666666664,False,False
napi-rs/napi-rs,63457628,2026-05-18 18:52:48+00:00,2026-05-25 16:10:24+00:00,165.29333333333332,False,False
napi-rs/napi-rs,63457628,2026-05-26 04:43:39+00:00,2026-05-27 10:15:30+00:00,29.530833333333334,False,False
napi-rs/napi-rs,63457628,2026-05-27 14:08:24+00:00,2026-06-09 16:59:45+00:00,314.85583333333335,False,False
napi-rs/napi-rs,63457628,2026-06-13 15:05:43+00:00,2026-06-14 03:09:33+00:00,12.063888888888888,False,False
napi-rs/napi-rs,63457628,2026-06-16 05:35:44+00:00,2026-06-18 10:00:38+00:00,52.415,False,False
napi-rs/napi-rs,63457628,2026-06-18 10:10:15+00:00,2026-06-18 11:11:06+00:00,1.0141666666666667,False,False
napi-rs/napi-rs,63457628,2026-06-18 11:43:55+00:00,2026-06-21 13:31:58+00:00,73.80083333333333,False,False
napi-rs/napi-rs,63457628,2026-06-29 09:03:23+00:00,2026-06-29 23:53:45+00:00,14.839444444444444,False,False
napi-rs/napi-rs,63457628,2026-06-30 04:49:20+00:00,2026-06-30 10:40:28+00:00,5.852222222222222,False,False
napi-rs/napi-rs,63457628,2026-07-03 05:25:28+00:00,2026-07-03 12:45:23+00:00,7.331944444444445,False,False
napi-rs/napi-rs,63457628,2026-07-14 08:49:32+00:00,2026-07-14 17:59:12+00:00,9.161111111111111,False,False
napi-rs/napi-rs,63457628,2026-08-10 16:07:57+00:00,2026-08-10 19:29:01+00:00,3.351111111111111,False,False
napi-rs/napi-rs,63457628,2026-08-28 18:31:22+00:00,2026-08-29 17:59:01+00:00,23.460833333333333,False,False
napi-rs/napi-rs,63457628,2026-09-02 16:05:41+00:00,2026-09-03 15:13:58+00:00,23.138055555555557,False,False
napi-rs/napi-rs,63457628,2026-09-09 15:27:27+00:00,2026-09-10 01:55:52+00:00,10.473611111111111,False,False
napi-rs/napi-rs,63457628,2026-09-14 14:52:57+00:00,2026-09-14 17:04:44+00:00,2.196388888888889,False,False
napi-rs/napi-rs,63457628,2026-09-15 02:58:28+00:00,2026-09-15 06:38:16+00:00,3.6633333333333336,False,False
napi-rs/napi-rs,63457628,2026-09-15 14:14:36+00:00,2026-09-16 03:54:35+00:00,13.66638888888889,False,False
napi-rs/napi-rs,63457628,2026-09-16 08:57:32+00:00,2026-09-16 13:15:27+00:00,4.298611111111111,False,False
napi-rs/napi-rs,63457628,2026-09-17 16:35:56+00:00,2026-09-18 03:53:00+00:00,11.284444444444444,False,False
napi-rs/napi-rs,175917544,2025-10-20 16:12:42+00:00,2025-10-20 16:51:11+00:00,0.6413888888888889,False,False
napi-rs/napi-rs,175917544,2025-12-12 06:58:38+00:00,2025-12-12 07:00:29+00:00,0.030833333333333334,False,False
napi-rs/napi-rs,175917544,2026-07-21 10:24:40+00:00,2026-07-21 12:17:20+00:00,1.8777777777777778,False,False
cloudflare/vibesdk,194761697,2025-11-18 17:17:13+00:00,2025-11-18 17:23:10+00:00,0.09916666666666667,False,False
cloudflare/vibesdk,194761697,2026-02-16 07:50:10+00:00,2026-02-17 06:20:57+00:00,22.513055555555557,False,False
abhinavxd/libredesk,167176485,2026-08-20 07:46:24+00:00,2026-08-20 22:59:16+00:00,15.214444444444444,False,False
abhinavxd/libredesk,167176485,2026-08-22 06:49:45+00:00,2026-08-22 07:38:38+00:00,0.8147222222222222,False,False
abhinavxd/libredesk,167176485,2026-08-22 08:16:03+00:00,2026-08-22 09:02:28+00:00,0.7736111111111111,False,False
kizuna-ai-lab/sokuji,189319762,2025-12-18 08:18:43+00:00,2025-12-19 04:54:08+00:00,20.59027777777778,False,False
kizuna-ai-lab/sokuji,189319762,2026-01-09 18:22:05+00:00,2026-01-09 18:31:45+00:00,0.16111111111111112,False,False
kizuna-ai-lab/sokuji,189319762,2026-02-19 19:34:29+00:00,2026-02-19 20:09:46+00:00,0.5880555555555556,False,False
kizuna-ai-lab/sokuji,189319762,2026-03-06 09:13:48+00:00,2026-03-06 09:45:01+00:00,0.5202777777777777,False,False
kizuna-ai-lab/sokuji,189319762,2026-08-01 01:20:11+00:00,2026-08-01 01:28:05+00:00,0.13166666666666665,False,False
kizuna-ai-lab/sokuji,189319762,2026-09-03 06:10:34+00:00,2026-09-03 09:08:27+00:00,2.964722222222222,False,False
kizuna-ai-lab/sokuji,189319762,2026-09-03 12:55:06+00:00,2026-09-03 19:45:53+00:00,6.846388888888889,False,False
ocaml/merlin,2352433,2026-05-21 13:34:03+00:00,2026-05-22 11:39:57+00:00,22.098333333333333,False,False
ocaml/merlin,2352433,2026-05-26 12:48:11+00:00,2026-05-27 17:18:22+00:00,28.503055555555555,False,False
ocaml/merlin,2352433,2026-07-06 09:44:49+00:00,2026-07-20 17:12:05+00:00,343.45444444444445,False,False
ocaml/merlin,2352433,2026-07-22 08:06:40+00:00,2026-07-22 12:38:37+00:00,4.5325,False,False
ocaml/merlin,58267672,2026-02-26 10:39:03+00:00,2026-03-05 18:48:42+00:00,176.16083333333333,False,False
ocaml/merlin,58267672,2026-03-27 14:26:02+00:00,2026-04-01 12:38:10+00:00,118.20222222222222,False,False
ocaml/merlin,58267672,2026-04-09 20:12:12+00:00,2026-04-17 13:03:09+00:00,184.84916666666666,False,False
ocaml/merlin,58267672,2026-05-26 12:48:11+00:00,2026-05-27 17:09:06+00:00,28.34861111111111,False,False
aquasecurity/trivy,100162235,2026-02-10 08:04:53+00:00,2026-02-10 08:10:49+00:00,0.09888888888888889,False,False
aquasecurity/trivy,100162235,2026-04-08 10:47:52+00:00,2026-04-09 08:19:54+00:00,21.53388888888889,False,False
aquasecurity/trivy,100162235,2026-04-17 05:20:55+00:00,2026-04-17 07:49:17+00:00,2.472777777777778,False,False
aquasecurity/trivy,100162235,2026-06-30 08:49:39+00:00,2026-07-01 10:41:08+00:00,25.858055555555556,False,False
aquasecurity/trivy,100162235,2026-09-21 12:21:33+00:00,2026-09-21 13:17:16+00:00,0.9286111111111112,False,False
aquasecurity/trivy,29226518,2026-01-14 20:04:58+00:00,2026-01-14 20:49:10+00:00,0.7366666666666667,False,False
aquasecurity/trivy,29226518,2026-04-09 11:26:39+00:00,2026-04-16 14:08:30+00:00,170.6975,False,False
aquasecurity/trivy,29226518,2026-05-26 10:21:39+00:00,2026-05-27 05:12:39+00:00,18.85,False,False
aquasecurity/trivy,173750896,2026-02-26 06:21:50+00:00,2026-02-26 07:51:42+00:00,1.4977777777777779,False,False
dbos-inc/dbos-transact-py,108214809,2025-10-31 18:06:51+00:00,2025-11-02 16:49:39+00:00,46.71333333333333,False,False
dbos-inc/dbos-transact-py,108214809,2026-03-05 18:18:24+00:00,2026-03-05 19:14:11+00:00,0.9297222222222222,False,False
dbos-inc/dbos-transact-py,108214809,2026-05-06 00:49:51+00:00,2026-05-06 04:05:47+00:00,3.2655555555555558,False,False
dbos-inc/dbos-transact-py,108214809,2026-07-02 19:27:59+00:00,2026-07-02 20:58:06+00:00,1.5019444444444445,False,False
dbos-inc/dbos-transact-py,108214809,2026-07-14 23:51:02+00:00,2026-07-15 01:34:45+00:00,1.728611111111111,False,False
dbos-inc/dbos-transact-py,108214809,2026-07-21 21:26:37+00:00,2026-07-21 23:23:52+00:00,1.9541666666666666,False,False
dbos-inc/dbos-transact-py,108214809,2026-09-10 21:08:19+00:00,2026-09-10 22:46:54+00:00,1.6430555555555555,False,False
dbos-inc/dbos-transact-py,108214809,2026-09-25 17:08:33+00:00,2026-09-25 18:28:36+00:00,1.3341666666666667,False,False
Suwayomi/Suwayomi-Server,7748866,2025-11-09 00:38:37+00:00,2025-11-09 00:56:50+00:00,0.3036111111111111,False,False
Suwayomi/Suwayomi-Server,7748866,2026-07-01 16:17:02+00:00,2026-07-01 21:30:54+00:00,5.231111111111111,False,False
Suwayomi/Suwayomi-Server,7748866,2026-08-16 22:44:04+00:00,2026-08-17 00:06:57+00:00,1.381388888888889,False,False
softprops/action-gh-release,87465,2026-01-11 02:15:17+00:00,2026-01-11 02:18:27+00:00,0.05277777777777778,False,False
stryker-mutator/stryker-js,298765,2026-07-09 09:16:28+00:00,2026-07-13 13:04:38+00:00,99.80277777777778,False,False
browserless/browserless,74425213,2025-12-03 16:41:53+00:00,2025-12-05 19:01:58+00:00,50.334722222222226,False,False
browserless/browserless,74425213,2026-01-06 20:13:02+00:00,2026-01-07 18:10:45+00:00,21.961944444444445,False,False
browserless/browserless,74425213,2026-05-11 13:52:52+00:00,2026-05-11 16:13:59+00:00,2.3519444444444444,False,False
browserless/browserless,74425213,2026-05-19 16:16:35+00:00,2026-05-26 16:53:59+00:00,168.62333333333333,False,False
browserless/browserless,74425213,2026-06-03 15:16:46+00:00,2026-06-03 19:10:47+00:00,3.9002777777777777,False,False
browserless/browserless,74425213,2026-06-11 00:35:18+00:00,2026-06-11 11:11:10+00:00,10.597777777777777,False,False
browserless/browserless,74425213,2026-06-18 21:21:16+00:00,2026-06-22 12:37:31+00:00,87.27083333333333,False,False
browserless/browserless,74425213,2026-08-03 21:49:51+00:00,2026-08-04 13:34:32+00:00,15.744722222222222,False,False
browserless/browserless,74425213,2026-09-02 13:37:25+00:00,2026-09-02 14:13:58+00:00,0.6091666666666666,False,False
browserless/browserless,74425213,2026-09-04 18:58:33+00:00,2026-09-07 10:46:11+00:00,63.79388888888889,False,False
browserless/browserless,74425213,2026-09-09 06:45:49+00:00,2026-09-09 06:54:41+00:00,0.14777777777777779,False,False
browserless/browserless,74425213,2026-09-30 16:45:53+00:00,2026-09-30 20:01:11+00:00,3.255,False,False
xiaojieonly/Ehviewer_CN_SXJ,40656463,2025-11-01 12:18:54+00:00,2025-11-01 13:53:31+00:00,1.5769444444444445,False,False
xiaojieonly/Ehviewer_CN_SXJ,40656463,2025-11-14 08:15:59+00:00,2025-11-18 09:13:20+00:00,96.95583333333333,False,False
xiaojieonly/Ehviewer_CN_SXJ,40656463,2025-12-15 09:14:25+00:00,2025-12-16 02:10:12+00:00,16.92972222222222,False,False
xiaojieonly/Ehviewer_CN_SXJ,40656463,2026-03-04 05:54:49+00:00,2026-03-04 07:51:58+00:00,1.9525,False,False
xiaojieonly/Ehviewer_CN_SXJ,40656463,2026-03-27 09:00:04+00:00,2026-04-30 05:57:52+00:00,812.9633333333334,False,False
xiaojieonly/Ehviewer_CN_SXJ,40656463,2026-08-31 08:34:14+00:00,2026-09-01 15:37:32+00:00,31.055,False,False
apache/storm,50442072,2025-10-25 21:33:40+00:00,2025-10-25 21:52:17+00:00,0.31027777777777776,False,False
apache/storm,50442072,2025-12-03 19:22:40+00:00,2025-12-03 19:41:29+00:00,0.3136111111111111,False,False
apache/storm,50442072,2026-04-02 08:47:25+00:00,2026-04-02 10:07:34+00:00,1.3358333333333334,False,False
apache/storm,50442072,2026-04-02 10:45:54+00:00,2026-04-02 11:09:19+00:00,0.3902777777777778,False,False
apache/storm,50442072,2026-04-02 11:13:19+00:00,2026-04-02 12:01:11+00:00,0.7977777777777778,False,False
apache/storm,50442072,2026-04-03 10:05:07+00:00,2026-04-03 10:33:37+00:00,0.475,False,False
apache/storm,50442072,2026-04-14 11:09:36+00:00,2026-04-14 12:00:44+00:00,0.8522222222222222,False,False
apache/storm,50442072,2026-05-01 18:10:14+00:00,2026-05-01 18:33:49+00:00,0.39305555555555555,False,False
apache/storm,50442072,2026-05-01 18:21:22+00:00,2026-05-01 19:02:40+00:00,0.6883333333333334,False,False
apache/storm,50442072,2026-05-10 20:31:40+00:00,2026-05-10 20:54:54+00:00,0.38722222222222225,False,False
apache/storm,50442072,2026-05-10 20:31:54+00:00,2026-05-10 21:16:48+00:00,0.7483333333333333,False,False
apache/storm,50442072,2026-06-04 16:35:15+00:00,2026-06-04 17:05:43+00:00,0.5077777777777778,False,False
apache/storm,50442072,2026-07-01 12:06:58+00:00,2026-07-01 12:29:37+00:00,0.3775,False,False
apache/storm,50442072,2026-08-22 17:03:13+00:00,2026-08-22 17:30:57+00:00,0.4622222222222222,False,False
apache/storm,50442072,2026-08-24 08:52:40+00:00,2026-08-24 11:39:35+00:00,2.7819444444444446,False,False
apache/storm,50442072,2026-09-08 13:48:25+00:00,2026-09-10 02:19:49+00:00,36.52333333333333,False,False
safing/portmaster,122014285,2025-10-17 19:50:37+00:00,2025-10-17 22:25:25+00:00,2.58,False,False
safing/portmaster,122014285,2026-03-10 12:16:41+00:00,2026-03-10 12:42:25+00:00,0.4288888888888889,False,False
safing/portmaster,122014285,2026-03-10 12:23:06+00:00,2026-03-10 13:27:45+00:00,1.0775,False,False
safing/portmaster,122014285,2026-03-25 14:08:23+00:00,2026-03-26 21:47:40+00:00,31.654722222222222,False,False
safing/portmaster,122014285,2026-09-10 08:45:02+00:00,2026-09-28 13:49:38+00:00,437.07666666666665,False,False
safing/portmaster,5119513,2026-08-14 11:43:38+00:00,2026-08-14 12:21:52+00:00,0.6372222222222222,False,False
safing/portmaster,5119513,2026-08-18 12:47:06+00:00,2026-08-18 18:50:06+00:00,6.05,False,False
safing/portmaster,5119513,2026-08-19 18:12:29+00:00,2026-09-10 08:50:52+00:00,518.6397222222222,False,False
safing/portmaster,5119513,2026-09-29 15:21:11+00:00,2026-09-30 15:41:53+00:00,24.345,False,False
jackocnr/intl-tel-input,187198200,2026-01-23 12:17:54+00:00,2026-01-23 12:25:51+00:00,0.1325,False,False
jackocnr/intl-tel-input,187198200,2026-02-10 17:09:59+00:00,2026-02-10 17:14:44+00:00,0.07916666666666666,False,False
jackocnr/intl-tel-input,187198200,2026-02-23 10:53:39+00:00,2026-02-23 11:05:21+00:00,0.195,False,False
jackocnr/intl-tel-input,187198200,2026-02-24 12:47:05+00:00,2026-02-24 12:50:27+00:00,0.05611111111111111,False,False
jackocnr/intl-tel-input,187198200,2026-02-26 15:30:59+00:00,2026-02-26 22:51:44+00:00,7.345833333333333,False,False
jackocnr/intl-tel-input,187198200,2026-03-10 09:20:43+00:00,2026-03-10 09:36:23+00:00,0.2611111111111111,False,False
jackocnr/intl-tel-input,187198200,2026-03-25 18:41:40+00:00,2026-03-25 19:59:26+00:00,1.2961111111111112,False,False
jackocnr/intl-tel-input,187198200,2026-04-13 17:22:08+00:00,2026-04-13 19:52:54+00:00,2.512777777777778,False,False
jackocnr/intl-tel-input,187198200,2026-04-14 14:26:13+00:00,2026-04-14 17:23:13+00:00,2.95,False,False
jackocnr/intl-tel-input,187198200,2026-04-20 13:35:49+00:00,2026-04-20 13:52:05+00:00,0.27111111111111114,False,False
jackocnr/intl-tel-input,187198200,2026-04-24 23:44:50+00:00,2026-04-25 07:38:14+00:00,7.89,False,False
jackocnr/intl-tel-input,187198200,2026-04-25 08:59:10+00:00,2026-04-25 10:09:26+00:00,1.1711111111111112,False,False
jackocnr/intl-tel-input,187198200,2026-04-25 19:04:27+00:00,2026-04-25 19:52:31+00:00,0.8011111111111111,False,False
jackocnr/intl-tel-input,187198200,2026-04-26 12:11:32+00:00,2026-04-26 13:10:42+00:00,0.9861111111111112,False,False
jackocnr/intl-tel-input,187198200,2026-04-26 20:14:18+00:00,2026-04-26 21:04:41+00:00,0.8397222222222223,False,False
jackocnr/intl-tel-input,187198200,2026-05-13 17:39:47+00:00,2026-05-13 19:29:31+00:00,1.8288888888888888,False,False
jackocnr/intl-tel-input,187198200,2026-05-30 08:16:38+00:00,2026-05-30 11:30:57+00:00,3.238611111111111,False,False
jackocnr/intl-tel-input,187198200,2026-08-07 12:37:36+00:00,2026-08-07 16:24:02+00:00,3.773888888888889,False,False
jackocnr/intl-tel-input,187198200,2026-08-07 16:23:38+00:00,2026-08-07 18:53:26+00:00,2.4966666666666666,False,False
jackocnr/intl-tel-input,187198200,2026-09-19 17:16:47+00:00,2026-09-19 17:37:28+00:00,0.3447222222222222,False,False
lancedb/lancedb,97302384,2026-06-05 23:55:20+00:00,2026-06-10 17:11:11+00:00,113.26416666666667,False,False
aquasecurity/trivy,6543039,2025-10-06 18:36:06+00:00,2025-10-07 05:17:51+00:00,10.695833333333333,False,False
aquasecurity/trivy,6543039,2026-04-09 07:52:27+00:00,2026-04-14 11:00:42+00:00,123.1375,False,False
aquasecurity/trivy,6543039,2026-05-27 11:38:20+00:00,2026-06-03 14:41:34+00:00,171.05388888888888,False,False
aquasecurity/trivy,6543039,2026-09-21 10:39:01+00:00,2026-09-23 07:16:06+00:00,44.61805555555556,False,False
ChrispyBacon-dev/DockFlare,156134778,2025-10-18 16:38:40+00:00,2025-10-19 09:39:56+00:00,17.02111111111111,False,False
ChrispyBacon-dev/DockFlare,156134778,2026-03-03 16:30:03+00:00,2026-03-16 21:12:41+00:00,316.7105555555556,False,False
Kong/unirest-java,135674129,2026-01-18 17:15:48+00:00,2026-01-18 20:52:01+00:00,3.6036111111111113,False,False
Kong/unirest-java,135674129,2026-03-30 12:14:51+00:00,2026-03-30 12:15:11+00:00,0.005555555555555556,False,False
Kong/unirest-java,135674129,2026-07-23 12:38:42+00:00,2026-07-28 21:04:20+00:00,128.4272222222222,False,False
Kong/unirest-java,53137,2026-05-10 12:02:43+00:00,2026-05-11 10:50:00+00:00,22.788055555555555,False,False
Kong/unirest-java,53137,2026-05-11 18:07:54+00:00,2026-05-11 19:24:25+00:00,1.2752777777777777,False,False
Kong/unirest-java,53137,2026-07-20 16:23:17+00:00,2026-07-20 16:55:10+00:00,0.5313888888888889,False,False
Kong/unirest-java,53137,2026-07-20 17:29:21+00:00,2026-07-23 12:39:57+00:00,67.17666666666666,False,False
eloqdata/eloqkv,147351024,2025-10-10 07:12:30+00:00,2025-10-11 08:37:48+00:00,25.421666666666667,False,False
eloqdata/eloqkv,147351024,2025-11-28 10:33:52+00:00,2025-11-29 04:05:22+00:00,17.525,False,False
inertiajs/inertia-rails,129050995,2026-02-02 22:00:19+00:00,2026-02-04 22:01:37+00:00,48.02166666666667,False,False
inertiajs/inertia-rails,47475,2025-12-27 07:37:49+00:00,2025-12-30 18:30:47+00:00,82.88277777777778,False,False
inertiajs/inertia-rails,47475,2025-12-30 22:03:41+00:00,2025-12-30 22:15:08+00:00,0.19083333333333333,False,False
inertiajs/inertia-rails,47475,2026-02-02 22:00:19+00:00,2026-02-04 22:09:22+00:00,48.15083333333333,False,False
inertiajs/inertia-rails,47475,2026-09-09 06:36:54+00:00,2026-09-11 13:06:21+00:00,54.490833333333335,False,False
standardnotes/app,27932417,2025-10-15 12:09:42+00:00,2025-10-22 00:51:23+00:00,156.69472222222223,False,False
standardnotes/app,27932417,2025-10-27 22:59:23+00:00,2025-10-27 23:43:44+00:00,0.7391666666666666,False,False
standardnotes/app,27932417,2025-10-27 23:44:02+00:00,2025-10-28 01:21:23+00:00,1.6225,False,False
standardnotes/app,27932417,2025-10-28 17:38:44+00:00,2025-11-04 13:02:13+00:00,163.39138888888888,False,False
standardnotes/app,27932417,2025-11-17 20:35:40+00:00,2025-11-18 13:39:38+00:00,17.066111111111113,False,False
standardnotes/app,27932417,2025-12-03 14:38:16+00:00,2025-12-05 14:23:35+00:00,47.75527777777778,False,False
standardnotes/app,27932417,2025-12-17 13:28:42+00:00,2026-02-06 03:23:02+00:00,1213.9055555555556,False,False
standardnotes/app,27932417,2026-02-06 03:14:52+00:00,2026-02-06 03:54:32+00:00,0.6611111111111111,False,False
standardnotes/app,27932417,2026-02-06 04:13:42+00:00,2026-02-06 19:45:18+00:00,15.526666666666667,False,False
standardnotes/app,27932417,2026-02-07 02:53:41+00:00,2026-02-07 17:20:24+00:00,14.445277777777777,False,False
standardnotes/app,27932417,2026-02-07 17:14:36+00:00,2026-02-07 18:36:42+00:00,1.3683333333333334,False,False
standardnotes/app,27932417,2026-04-07 04:19:36+00:00,2026-04-07 15:05:48+00:00,10.77,False,False
standardnotes/app,27932417,2026-04-07 15:03:21+00:00,2026-04-07 15:41:11+00:00,0.6305555555555555,False,False
standardnotes/app,27932417,2026-04-24 01:41:48+00:00,2026-04-24 17:02:02+00:00,15.337222222222222,False,False
standardnotes/app,27932417,2026-07-18 19:38:48+00:00,2026-07-18 20:59:11+00:00,1.3397222222222223,False,False
standardnotes/app,27932417,2026-08-25 22:46:57+00:00,2026-09-03 14:10:31+00:00,207.39277777777778,False,False
standardnotes/app,27932417,2026-09-03 13:52:28+00:00,2026-09-04 03:37:03+00:00,13.743055555555555,False,False
SciML/NeuralPDE.jl,53044189,2026-05-30 08:48:50+00:00,2026-06-07 17:30:07+00:00,200.68805555555556,False,False
SciML/NeuralPDE.jl,53044189,2026-07-02 09:49:52+00:00,2026-07-21 22:28:30+00:00,468.6438888888889,False,False
SciML/NeuralPDE.jl,53044189,2026-08-26 04:58:58+00:00,2026-08-26 09:06:48+00:00,4.1305555555555555,False,False
SciML/NeuralPDE.jl,53044189,2026-08-26 19:41:05+00:00,2026-08-30 15:08:28+00:00,91.4563888888889,False,False
SciML/NeuralPDE.jl,53044189,2026-09-13 21:29:16+00:00,,,True,False
SciML/NeuralPDE.jl,89615020,2026-08-01 10:38:39+00:00,2026-08-15 17:07:26+00:00,342.4797222222222,False,False
SciML/NeuralPDE.jl,89615020,2026-08-26 17:30:09+00:00,2026-08-26 21:24:29+00:00,3.9055555555555554,False,False
SciML/NeuralPDE.jl,110193519,2026-02-02 05:33:09+00:00,2026-03-25 12:15:25+00:00,1230.7044444444443,False,False
SciML/NeuralPDE.jl,110193519,2026-04-06 13:33:13+00:00,2026-04-06 18:16:53+00:00,4.727777777777778,False,False
SciML/NeuralPDE.jl,110193519,2026-04-09 17:36:27+00:00,2026-04-20 22:33:28+00:00,268.9502777777778,False,False
SciML/NeuralPDE.jl,110193519,2026-04-27 11:35:43+00:00,2026-07-12 13:53:56+00:00,1826.3036111111112,False,False
SciML/NeuralPDE.jl,110193519,2026-07-13 01:54:42+00:00,,,True,False
SciML/NeuralPDE.jl,29007798,2025-11-18 14:48:23+00:00,2025-11-24 16:22:41+00:00,145.57166666666666,False,False
SciML/NeuralPDE.jl,29007798,2026-01-04 14:51:36+00:00,2026-01-05 15:38:09+00:00,24.775833333333335,False,False
SciML/NeuralPDE.jl,29007798,2026-01-30 01:37:00+00:00,2026-01-31 19:53:55+00:00,42.28194444444444,False,False
SciML/NeuralPDE.jl,29007798,2026-03-19 06:54:02+00:00,2026-03-21 10:14:26+00:00,51.34,False,False
SciML/NeuralPDE.jl,29007798,2026-03-23 11:42:48+00:00,2026-03-25 10:27:09+00:00,46.73916666666667,False,False
SciML/NeuralPDE.jl,29007798,2026-05-05 19:18:01+00:00,2026-06-03 23:32:51+00:00,700.2472222222223,False,False
SciML/NeuralPDE.jl,29007798,2026-06-07 10:30:54+00:00,2026-06-08 05:40:35+00:00,19.16138888888889,False,False
SciML/NeuralPDE.jl,29007798,2026-08-23 20:26:01+00:00,2026-08-26 20:51:05+00:00,72.41777777777777,False,False
SciML/NeuralPDE.jl,29007798,2026-08-30 12:04:50+00:00,2026-08-31 11:43:37+00:00,23.64638888888889,False,False
SciML/NeuralPDE.jl,29007798,2026-09-22 23:27:47+00:00,,,True,False
GoogleContainerTools/skaffold,25596779,2025-12-17 21:36:28+00:00,2026-02-10 17:33:21+00:00,1315.9480555555556,False,False
GoogleContainerTools/skaffold,41762538,2026-04-13 16:06:21+00:00,2026-04-14 14:59:51+00:00,22.891666666666666,False,False
GoogleContainerTools/skaffold,41762538,2026-04-23 15:52:20+00:00,2026-05-12 13:30:12+00:00,453.6311111111111,False,False
GoogleContainerTools/skaffold,41762538,2026-05-20 17:57:49+00:00,2026-05-20 20:20:10+00:00,2.3725,False,False
GoogleContainerTools/skaffold,41762538,2026-06-25 19:04:21+00:00,2026-06-25 20:41:55+00:00,1.626111111111111,False,False
GoogleContainerTools/skaffold,14727329,2026-03-11 15:53:46+00:00,2026-03-12 14:50:32+00:00,22.94611111111111,False,False
GoogleContainerTools/skaffold,14727329,2026-04-07 15:04:26+00:00,2026-04-08 19:35:02+00:00,28.51,False,False
GoogleContainerTools/skaffold,14727329,2026-06-25 19:04:21+00:00,2026-06-25 20:43:15+00:00,1.6483333333333334,False,False
linear/linear,5728489,2025-10-20 09:35:08+00:00,2025-10-20 14:40:30+00:00,5.089444444444444,False,False
linear/linear,5728489,2025-10-31 19:02:14+00:00,2025-10-31 20:05:57+00:00,1.0619444444444444,False,False
linear/linear,5728489,2025-12-05 16:32:17+00:00,2025-12-05 16:56:06+00:00,0.39694444444444443,False,False
linear/linear,5728489,2025-12-15 22:26:58+00:00,2025-12-15 23:57:21+00:00,1.506388888888889,False,False
linear/linear,5728489,2026-04-07 22:17:10+00:00,2026-04-07 23:17:59+00:00,1.013611111111111,False,False
linear/linear,5728489,2026-04-18 04:07:31+00:00,2026-04-18 04:40:09+00:00,0.5438888888888889,False,False
linear/linear,5728489,2026-05-12 02:02:30+00:00,2026-05-12 02:04:49+00:00,0.03861111111111111,False,False
linear/linear,5728489,2026-05-21 22:40:41+00:00,2026-05-21 22:47:51+00:00,0.11944444444444445,False,False
linear/linear,5728489,2026-09-24 23:44:14+00:00,2026-09-25 00:11:04+00:00,0.44722222222222224,False,False
pytorch/pytorch,37481293,2025-10-15 02:32:20+00:00,2025-10-15 06:15:22+00:00,3.7172222222222224,False,False
pytorch/pytorch,37481293,2025-10-15 03:04:44+00:00,2025-10-15 07:03:45+00:00,3.983611111111111,False,False
pytorch/pytorch,37481293,2025-10-15 16:35:05+00:00,2025-10-15 21:17:42+00:00,4.710277777777778,False,False
pytorch/pytorch,37481293,2025-10-15 18:11:29+00:00,2025-10-15 21:52:05+00:00,3.6766666666666667,False,False
pytorch/pytorch,37481293,2025-10-15 18:32:07+00:00,2025-10-15 22:20:23+00:00,3.8044444444444445,False,False
pytorch/pytorch,37481293,2025-10-15 19:07:11+00:00,2025-10-15 22:58:29+00:00,3.855,False,False
pytorch/pytorch,37481293,2025-10-15 23:38:00+00:00,2025-10-16 03:03:08+00:00,3.418888888888889,False,False
pytorch/pytorch,37481293,2025-10-16 00:55:48+00:00,2025-10-16 04:56:45+00:00,4.015833333333333,False,False
pytorch/pytorch,37481293,2025-10-16 01:05:36+00:00,2025-10-16 04:55:46+00:00,3.8361111111111112,False,False
pytorch/pytorch,37481293,2025-10-31 03:31:06+00:00,2025-10-31 07:03:12+00:00,3.535,False,False
pytorch/pytorch,37481293,2025-10-31 10:20:55+00:00,2025-10-31 12:45:07+00:00,2.4033333333333333,False,False
pytorch/pytorch,37481293,2025-10-31 16:15:48+00:00,2025-10-31 19:07:41+00:00,2.8647222222222224,False,False
pytorch/pytorch,37481293,2025-10-31 22:44:33+00:00,2025-11-01 02:17:52+00:00,3.555277777777778,False,False
pytorch/pytorch,37481293,2025-11-14 00:06:47+00:00,2025-11-15 05:41:22+00:00,29.57638888888889,False,False
pytorch/pytorch,37481293,2025-11-15 06:01:06+00:00,2025-11-15 11:28:00+00:00,5.448333333333333,False,False
pytorch/pytorch,37481293,2025-11-23 19:04:17+00:00,2025-11-23 23:16:57+00:00,4.211111111111111,False,False
pytorch/pytorch,37481293,2025-11-24 00:03:25+00:00,2025-11-24 05:14:43+00:00,5.1883333333333335,False,False
pytorch/pytorch,37481293,2025-11-24 09:05:54+00:00,2025-11-24 21:19:44+00:00,12.230555555555556,False,False
pytorch/pytorch,37481293,2025-11-24 23:39:38+00:00,2025-11-27 23:32:11+00:00,71.87583333333333,False,False
pytorch/pytorch,37481293,2025-11-28 10:27:24+00:00,2025-11-28 17:00:29+00:00,6.551388888888889,False,False
pytorch/pytorch,37481293,2025-12-15 16:57:59+00:00,2025-12-15 20:00:26+00:00,3.0408333333333335,False,False
pytorch/pytorch,37481293,2025-12-15 18:57:16+00:00,2025-12-29 11:47:15+00:00,328.8330555555556,False,False
pytorch/pytorch,37481293,2025-12-29 09:38:02+00:00,2025-12-29 13:07:24+00:00,3.4894444444444446,False,False
pytorch/pytorch,37481293,2025-12-29 17:44:38+00:00,2025-12-29 20:51:39+00:00,3.1169444444444445,False,False
pytorch/pytorch,37481293,2025-12-29 18:34:57+00:00,2025-12-29 22:01:42+00:00,3.4458333333333333,False,False
pytorch/pytorch,37481293,2025-12-29 21:10:58+00:00,2025-12-30 00:26:24+00:00,3.257222222222222,False,False
pytorch/pytorch,37481293,2025-12-29 22:23:03+00:00,2025-12-30 11:39:10+00:00,13.268611111111111,False,False
pytorch/pytorch,37481293,2025-12-30 14:07:37+00:00,2025-12-30 18:00:03+00:00,3.8738888888888887,False,False
pytorch/pytorch,37481293,2025-12-30 16:20:11+00:00,2025-12-30 19:14:41+00:00,2.908333333333333,False,False
pytorch/pytorch,37481293,2025-12-30 17:22:13+00:00,2025-12-30 20:41:44+00:00,3.325277777777778,False,False
pytorch/pytorch,37481293,2025-12-30 22:03:34+00:00,2025-12-31 01:37:43+00:00,3.569166666666667,False,False
pytorch/pytorch,37481293,2025-12-31 00:02:17+00:00,2025-12-31 03:48:03+00:00,3.762777777777778,False,False
pytorch/pytorch,37481293,2025-12-31 01:07:31+00:00,2025-12-31 07:42:13+00:00,6.578333333333333,False,False
pytorch/pytorch,37481293,2025-12-31 23:52:09+00:00,2026-01-15 03:25:16+00:00,339.5519444444444,False,False
pytorch/pytorch,37481293,2026-01-14 23:50:14+00:00,2026-01-15 03:50:22+00:00,4.002222222222223,False,False
pytorch/pytorch,37481293,2026-01-15 03:19:39+00:00,2026-01-15 06:48:51+00:00,3.486666666666667,False,False
pytorch/pytorch,37481293,2026-01-15 04:41:37+00:00,2026-01-15 07:21:24+00:00,2.6630555555555557,False,False
pytorch/pytorch,37481293,2026-01-15 09:24:16+00:00,2026-01-15 14:40:06+00:00,5.263888888888889,False,False
pytorch/pytorch,37481293,2026-01-15 15:56:28+00:00,2026-01-15 18:47:39+00:00,2.8530555555555557,False,False
pytorch/pytorch,37481293,2026-01-15 17:32:21+00:00,2026-01-15 20:58:53+00:00,3.442222222222222,False,False
pytorch/pytorch,37481293,2026-01-15 21:45:43+00:00,2026-01-16 01:19:57+00:00,3.5705555555555555,False,False
pytorch/pytorch,37481293,2026-01-16 02:32:31+00:00,2026-01-16 06:06:36+00:00,3.5680555555555555,False,False
pytorch/pytorch,37481293,2026-01-29 23:01:16+00:00,2026-01-30 03:45:58+00:00,4.745,False,False
pytorch/pytorch,37481293,2026-01-30 00:24:31+00:00,2026-01-30 03:46:38+00:00,3.368611111111111,False,False
pytorch/pytorch,37481293,2026-01-30 00:30:09+00:00,2026-01-30 05:41:51+00:00,5.195,False,False
pytorch/pytorch,37481293,2026-01-30 03:29:27+00:00,2026-01-30 08:10:01+00:00,4.676111111111111,False,False
pytorch/pytorch,37481293,2026-01-30 05:36:53+00:00,2026-01-30 09:30:16+00:00,3.8897222222222223,False,False
pytorch/pytorch,37481293,2026-01-30 14:29:56+00:00,2026-01-30 21:22:17+00:00,6.8725,False,False
pytorch/pytorch,37481293,2026-01-30 17:55:00+00:00,2026-01-30 22:23:05+00:00,4.468055555555556,False,False
pytorch/pytorch,37481293,2026-01-30 19:05:29+00:00,2026-01-31 02:08:26+00:00,7.049166666666666,False,False
pytorch/pytorch,37481293,2026-01-30 23:19:01+00:00,2026-01-31 03:01:17+00:00,3.7044444444444444,False,False
pytorch/pytorch,37481293,2026-01-31 00:42:11+00:00,2026-01-31 04:05:42+00:00,3.3919444444444444,False,False
pytorch/pytorch,37481293,2026-01-31 00:55:07+00:00,2026-01-31 04:33:50+00:00,3.645277777777778,False,False
pytorch/pytorch,37481293,2026-01-31 02:23:42+00:00,2026-01-31 05:56:27+00:00,3.5458333333333334,False,False
pytorch/pytorch,37481293,2026-01-31 19:09:24+00:00,2026-01-31 23:47:27+00:00,4.634166666666666,False,False
pytorch/pytorch,37481293,2026-02-13 06:06:09+00:00,2026-02-27 21:08:45+00:00,351.04333333333335,False,False
pytorch/pytorch,37481293,2026-02-27 03:38:47+00:00,2026-02-27 21:16:28+00:00,17.628055555555555,False,False
pytorch/pytorch,37481293,2026-02-27 05:23:20+00:00,2026-02-27 21:24:51+00:00,16.025277777777777,False,False
pytorch/pytorch,37481293,2026-02-27 05:40:46+00:00,2026-02-27 21:26:27+00:00,15.761388888888888,False,False
pytorch/pytorch,37481293,2026-02-27 06:41:26+00:00,2026-02-27 22:52:51+00:00,16.190277777777776,False,False
pytorch/pytorch,37481293,2026-02-27 07:27:22+00:00,2026-02-27 23:28:03+00:00,16.011388888888888,False,False
pytorch/pytorch,37481293,2026-02-27 14:53:47+00:00,2026-02-27 23:30:27+00:00,8.61111111111111,False,False
pytorch/pytorch,37481293,2026-02-27 18:47:00+00:00,2026-02-27 23:53:42+00:00,5.111666666666666,False,False
pytorch/pytorch,37481293,2026-02-27 19:21:12+00:00,2026-02-28 01:58:16+00:00,6.6177777777777775,False,False
pytorch/pytorch,37481293,2026-02-27 23:50:49+00:00,2026-03-13 21:38:49+00:00,333.8,False,False
pytorch/pytorch,37481293,2026-03-13 19:01:24+00:00,2026-03-14 02:33:29+00:00,7.534722222222222,False,False
pytorch/pytorch,37481293,2026-03-14 00:39:27+00:00,2026-03-14 04:00:18+00:00,3.3475,False,False
pytorch/pytorch,37481293,2026-03-14 01:01:01+00:00,2026-03-14 04:05:04+00:00,3.0675,False,False
pytorch/pytorch,37481293,2026-03-14 01:03:13+00:00,2026-03-14 04:52:56+00:00,3.828611111111111,False,False
pytorch/pytorch,37481293,2026-03-14 02:30:32+00:00,2026-03-14 05:35:01+00:00,3.0747222222222224,False,False
pytorch/pytorch,37481293,2026-03-14 04:27:29+00:00,2026-03-14 08:08:51+00:00,3.6894444444444443,False,False
pytorch/pytorch,37481293,2026-03-14 09:32:38+00:00,2026-03-14 13:50:52+00:00,4.303888888888889,False,False
pytorch/pytorch,37481293,2026-03-14 13:39:25+00:00,2026-03-14 23:18:54+00:00,9.658055555555556,False,False
pytorch/pytorch,37481293,2026-03-15 04:30:12+00:00,2026-03-15 07:22:17+00:00,2.8680555555555554,False,False
pytorch/pytorch,37481293,2026-03-15 05:22:10+00:00,2026-03-15 09:16:27+00:00,3.9047222222222224,False,False
pytorch/pytorch,37481293,2026-03-15 06:22:26+00:00,2026-03-15 16:31:52+00:00,10.157222222222222,False,False
pytorch/pytorch,37481293,2026-03-15 23:23:18+00:00,2026-03-16 06:37:57+00:00,7.244166666666667,False,False
pytorch/pytorch,37481293,2026-03-16 03:35:48+00:00,2026-03-16 08:55:11+00:00,5.323055555555555,False,False
pytorch/pytorch,37481293,2026-03-16 05:57:55+00:00,2026-03-16 11:28:32+00:00,5.510277777777778,False,False
pytorch/pytorch,37481293,2026-03-16 11:14:43+00:00,2026-03-16 14:14:21+00:00,2.993888888888889,False,False
pytorch/pytorch,37481293,2026-03-30 21:37:37+00:00,2026-03-31 01:30:22+00:00,3.879166666666667,False,False
pytorch/pytorch,37481293,2026-03-31 08:38:43+00:00,2026-03-31 15:28:54+00:00,6.836388888888889,False,False
pytorch/pytorch,37481293,2026-03-31 12:53:13+00:00,2026-03-31 17:25:47+00:00,4.542777777777777,False,False
pytorch/pytorch,37481293,2026-03-31 16:08:26+00:00,2026-03-31 21:16:39+00:00,5.1369444444444445,False,False
pytorch/pytorch,37481293,2026-03-31 17:49:50+00:00,2026-03-31 21:16:57+00:00,3.4519444444444445,False,False
pytorch/pytorch,37481293,2026-03-31 18:24:47+00:00,2026-03-31 21:27:12+00:00,3.040277777777778,False,False
pytorch/pytorch,37481293,2026-03-31 21:04:11+00:00,2026-04-01 00:29:44+00:00,3.4258333333333333,False,False
pytorch/pytorch,37481293,2026-04-14 22:08:04+00:00,2026-04-15 00:56:31+00:00,2.8075,False,False
pytorch/pytorch,37481293,2026-04-14 23:00:58+00:00,2026-04-15 02:02:35+00:00,3.0269444444444447,False,False
pytorch/pytorch,37481293,2026-04-15 21:48:00+00:00,2026-04-16 00:33:22+00:00,2.756111111111111,False,False
pytorch/pytorch,37481293,2026-04-29 21:38:26+00:00,2026-04-30 00:30:35+00:00,2.8691666666666666,False,False
pytorch/pytorch,37481293,2026-04-29 22:54:18+00:00,2026-04-30 01:32:42+00:00,2.64,False,False
pytorch/pytorch,37481293,2026-04-30 01:54:59+00:00,2026-04-30 04:10:10+00:00,2.2530555555555556,False,False
pytorch/pytorch,37481293,2026-04-30 02:57:10+00:00,2026-04-30 07:10:14+00:00,4.217777777777778,False,False
pytorch/pytorch,37481293,2026-04-30 03:05:35+00:00,2026-04-30 07:10:42+00:00,4.085277777777778,False,False
pytorch/pytorch,37481293,2026-04-30 04:27:39+00:00,2026-04-30 07:10:20+00:00,2.711388888888889,False,False
pytorch/pytorch,37481293,2026-04-30 05:27:49+00:00,2026-04-30 08:41:45+00:00,3.232222222222222,False,False
pytorch/pytorch,37481293,2026-04-30 07:34:07+00:00,2026-04-30 15:27:06+00:00,7.883055555555556,False,False
pytorch/pytorch,37481293,2026-04-30 15:47:09+00:00,2026-04-30 18:33:41+00:00,2.7755555555555556,False,False
pytorch/pytorch,37481293,2026-04-30 16:02:53+00:00,2026-04-30 18:48:06+00:00,2.7536111111111112,False,False
pytorch/pytorch,37481293,2026-04-30 16:28:02+00:00,2026-04-30 20:31:49+00:00,4.063055555555556,False,False
pytorch/pytorch,37481293,2026-04-30 17:20:58+00:00,2026-04-30 20:26:53+00:00,3.098611111111111,False,False
pytorch/pytorch,37481293,2026-04-30 18:03:01+00:00,2026-04-30 21:27:02+00:00,3.4002777777777777,False,False
pytorch/pytorch,37481293,2026-04-30 18:07:11+00:00,2026-04-30 22:01:58+00:00,3.9130555555555557,False,False
pytorch/pytorch,37481293,2026-04-30 20:08:36+00:00,2026-04-30 22:52:57+00:00,2.7391666666666667,False,False
pytorch/pytorch,37481293,2026-04-30 23:17:16+00:00,2026-05-01 02:27:20+00:00,3.167777777777778,False,False
pytorch/pytorch,37481293,2026-05-15 07:05:15+00:00,2026-05-15 10:27:47+00:00,3.3755555555555556,False,False
pytorch/pytorch,37481293,2026-05-15 07:19:15+00:00,2026-05-15 13:35:58+00:00,6.278611111111111,False,False
pytorch/pytorch,37481293,2026-05-15 17:44:33+00:00,2026-05-16 02:58:58+00:00,9.240277777777777,False,False
pytorch/pytorch,37481293,2026-05-16 07:58:57+00:00,2026-05-16 14:05:21+00:00,6.1066666666666665,False,False
pytorch/pytorch,37481293,2026-05-29 17:31:59+00:00,2026-05-30 07:57:14+00:00,14.420833333333333,False,False
pytorch/pytorch,37481293,2026-06-14 20:33:32+00:00,2026-06-30 23:18:23+00:00,386.7475,False,False
pytorch/pytorch,37481293,2026-06-30 20:43:03+00:00,2026-06-30 23:25:49+00:00,2.7127777777777777,False,False
pytorch/pytorch,37481293,2026-07-15 17:14:38+00:00,2026-07-15 22:02:50+00:00,4.803333333333334,False,False
pytorch/pytorch,37481293,2026-07-15 17:23:06+00:00,2026-07-15 22:33:10+00:00,5.167777777777777,False,False
pytorch/pytorch,37481293,2026-07-15 17:23:50+00:00,2026-07-15 22:37:12+00:00,5.222777777777778,False,False
pytorch/pytorch,37481293,2026-07-30 19:24:33+00:00,2026-07-31 01:32:29+00:00,6.1322222222222225,False,False
pytorch/pytorch,37481293,2026-07-31 01:07:06+00:00,2026-07-31 05:07:20+00:00,4.003888888888889,False,False
pytorch/pytorch,37481293,2026-07-31 22:02:56+00:00,2026-08-01 01:54:50+00:00,3.865,False,False
pytorch/pytorch,37481293,2026-08-14 17:34:57+00:00,2026-08-14 20:50:18+00:00,3.2558333333333334,False,False
pytorch/pytorch,37481293,2026-08-14 21:00:47+00:00,2026-08-15 00:00:27+00:00,2.9944444444444445,False,False
pytorch/pytorch,37481293,2026-08-30 23:15:00+00:00,2026-08-31 02:37:13+00:00,3.370277777777778,False,False
pytorch/pytorch,37481293,2026-08-31 14:59:24+00:00,2026-08-31 18:24:11+00:00,3.4130555555555557,False,False
pytorch/pytorch,37481293,2026-09-14 19:10:47+00:00,,,True,False
pytorch/pytorch,1316,2025-10-16 01:31:55+00:00,2025-10-16 02:16:17+00:00,0.7394444444444445,False,False
pytorch/pytorch,1316,2025-10-31 02:58:04+00:00,2025-10-31 03:59:34+00:00,1.025,False,False
pytorch/pytorch,1316,2025-10-31 16:56:58+00:00,2025-10-31 17:23:39+00:00,0.44472222222222224,False,False
pytorch/pytorch,1316,2025-10-31 22:44:33+00:00,2025-10-31 23:14:59+00:00,0.5072222222222222,False,False
pytorch/pytorch,1316,2025-11-14 05:31:35+00:00,2025-11-14 06:29:18+00:00,0.9619444444444445,False,False
pytorch/pytorch,1316,2025-12-15 22:58:39+00:00,2025-12-16 00:38:41+00:00,1.6672222222222222,False,False
pytorch/pytorch,1316,2025-12-16 05:32:29+00:00,2025-12-16 06:01:04+00:00,0.47638888888888886,False,False
pytorch/pytorch,1316,2026-01-30 17:55:00+00:00,2026-01-30 18:11:37+00:00,0.27694444444444444,False,False
pytorch/pytorch,1316,2026-02-13 14:28:49+00:00,2026-02-13 15:16:17+00:00,0.7911111111111111,False,False
pytorch/pytorch,1316,2026-02-13 20:07:30+00:00,2026-02-13 21:21:22+00:00,1.231111111111111,False,False
pytorch/pytorch,1316,2026-02-13 21:01:08+00:00,2026-02-13 21:41:21+00:00,0.6702777777777778,False,False
pytorch/pytorch,1316,2026-02-14 00:17:55+00:00,2026-02-14 01:42:31+00:00,1.41,False,False
pytorch/pytorch,1316,2026-02-14 09:21:54+00:00,2026-02-14 10:32:05+00:00,1.1697222222222223,False,False
pytorch/pytorch,1316,2026-02-27 14:53:46+00:00,2026-02-27 21:12:14+00:00,6.307777777777778,False,False
pytorch/pytorch,1316,2026-02-27 22:42:38+00:00,2026-02-27 23:29:21+00:00,0.7786111111111111,False,False
pytorch/pytorch,1316,2026-03-15 20:02:27+00:00,2026-03-15 20:59:21+00:00,0.9483333333333334,False,False
pytorch/pytorch,1316,2026-03-16 02:25:00+00:00,2026-03-16 03:40:48+00:00,1.2633333333333334,False,False
pytorch/pytorch,1316,2026-04-15 00:43:31+00:00,2026-04-15 01:43:32+00:00,1.0002777777777778,False,False
pytorch/pytorch,1316,2026-04-15 03:50:12+00:00,2026-04-15 04:12:51+00:00,0.3775,False,False
pytorch/pytorch,1316,2026-05-29 18:30:10+00:00,2026-05-29 19:40:15+00:00,1.1680555555555556,False,False
pytorch/pytorch,1316,2026-06-15 05:48:23+00:00,2026-06-15 06:03:30+00:00,0.25194444444444447,False,False
pytorch/pytorch,1316,2026-06-15 13:29:34+00:00,2026-06-15 13:40:00+00:00,0.1738888888888889,False,False
pytorch/pytorch,1316,2026-06-30 17:28:16+00:00,2026-06-30 17:46:43+00:00,0.3075,False,False
pytorch/pytorch,1316,2026-07-31 01:07:06+00:00,2026-07-31 01:47:26+00:00,0.6722222222222223,False,False
pytorch/pytorch,1316,2026-08-14 17:47:04+00:00,2026-08-14 18:43:33+00:00,0.9413888888888889,False,False
pytorch/pytorch,1316,2026-08-30 17:32:26+00:00,2026-08-30 18:44:17+00:00,1.1975,False,False
pytorch/pytorch,1316,2026-09-15 03:54:14+00:00,2026-09-15 04:15:07+00:00,0.34805555555555556,False,False
pytorch/pytorch,1316,2026-09-30 18:29:47+00:00,2026-09-30 19:05:59+00:00,0.6033333333333334,False,False
pytorch/pytorch,12100232,2026-01-16 02:00:49+00:00,2026-01-16 02:37:34+00:00,0.6125,False,False
pytorch/pytorch,12100232,2026-03-31 15:39:21+00:00,2026-03-31 15:54:24+00:00,0.25083333333333335,False,False
pytorch/pytorch,12100232,2026-06-30 15:30:06+00:00,2026-06-30 17:05:55+00:00,1.5969444444444445,False,False
pytorch/pytorch,12100232,2026-06-30 17:09:55+00:00,2026-06-30 17:33:27+00:00,0.39222222222222225,False,False
pytorch/pytorch,12100232,2026-06-30 20:57:53+00:00,2026-06-30 21:28:52+00:00,0.5163888888888889,False,False
pytorch/pytorch,12100232,2026-08-30 00:48:13+00:00,2026-08-30 01:10:29+00:00,0.3711111111111111,False,False
pytorch/pytorch,12100232,2026-08-30 01:20:38+00:00,2026-08-30 04:38:42+00:00,3.301111111111111,False,False
pytorch/pytorch,12100232,2026-08-30 04:29:39+00:00,2026-08-30 04:53:10+00:00,0.39194444444444443,False,False
pytorch/pytorch,12100232,2026-09-30 15:15:53+00:00,2026-09-30 16:37:23+00:00,1.3583333333333334,False,False
pytorch/pytorch,88553166,2025-11-25 01:42:49+00:00,2025-11-27 20:53:35+00:00,67.17944444444444,False,False
pytorch/pytorch,88553166,2026-01-08 00:12:09+00:00,2026-01-08 00:20:41+00:00,0.14222222222222222,False,False
pytorch/pytorch,88553166,2026-01-15 06:16:09+00:00,2026-01-15 07:25:19+00:00,1.1527777777777777,False,False
pytorch/pytorch,88553166,2026-01-15 12:19:53+00:00,2026-01-15 13:58:30+00:00,1.6436111111111111,False,False
pytorch/pytorch,88553166,2026-01-15 19:07:28+00:00,2026-01-15 20:17:19+00:00,1.1641666666666666,False,False
pytorch/pytorch,88553166,2026-01-16 05:23:53+00:00,2026-01-16 06:46:28+00:00,1.3763888888888889,False,False
pytorch/pytorch,88553166,2026-01-16 10:01:31+00:00,2026-01-16 11:43:07+00:00,1.6933333333333334,False,False
pytorch/pytorch,88553166,2026-01-30 06:56:30+00:00,2026-01-30 07:58:05+00:00,1.0263888888888888,False,False
pytorch/pytorch,88553166,2026-01-30 07:06:32+00:00,2026-01-30 15:22:50+00:00,8.271666666666667,False,False
pytorch/pytorch,88553166,2026-01-31 00:55:07+00:00,2026-01-31 02:21:21+00:00,1.4372222222222222,False,False
pytorch/pytorch,88553166,2026-02-13 15:03:16+00:00,2026-02-13 16:06:44+00:00,1.0577777777777777,False,False
pytorch/pytorch,88553166,2026-02-13 16:16:51+00:00,2026-02-13 17:46:10+00:00,1.488611111111111,False,False
pytorch/pytorch,88553166,2026-02-13 18:38:23+00:00,2026-02-13 20:04:28+00:00,1.4347222222222222,False,False
pytorch/pytorch,88553166,2026-02-14 02:56:41+00:00,2026-02-14 04:03:49+00:00,1.1188888888888888,False,False
pytorch/pytorch,88553166,2026-02-14 03:35:25+00:00,2026-02-14 05:00:50+00:00,1.4236111111111112,False,False
pytorch/pytorch,88553166,2026-02-27 05:19:18+00:00,2026-02-27 22:28:13+00:00,17.148611111111112,False,False
pytorch/pytorch,88553166,2026-02-27 05:23:31+00:00,2026-02-27 06:38:23+00:00,1.2477777777777779,False,False
pytorch/pytorch,88553166,2026-02-27 06:00:22+00:00,2026-02-27 07:24:06+00:00,1.3955555555555557,False,False
pytorch/pytorch,88553166,2026-02-27 18:53:08+00:00,2026-02-27 20:25:22+00:00,1.5372222222222223,False,False
pytorch/pytorch,88553166,2026-02-27 23:28:03+00:00,2026-02-28 01:08:48+00:00,1.6791666666666667,False,False
pytorch/pytorch,88553166,2026-02-28 01:58:15+00:00,2026-02-28 03:13:14+00:00,1.2497222222222222,False,False
pytorch/pytorch,88553166,2026-02-28 03:13:08+00:00,2026-02-28 05:49:28+00:00,2.6055555555555556,False,False
pytorch/pytorch,88553166,2026-02-28 05:37:29+00:00,2026-02-28 07:25:25+00:00,1.798888888888889,False,False
pytorch/pytorch,88553166,2026-02-28 07:44:16+00:00,2026-02-28 08:50:37+00:00,1.1058333333333332,False,False
pytorch/pytorch,88553166,2026-02-28 08:37:43+00:00,2026-02-28 10:58:49+00:00,2.3516666666666666,False,False
pytorch/pytorch,88553166,2026-02-28 14:18:51+00:00,2026-02-28 15:45:27+00:00,1.4433333333333334,False,False
pytorch/pytorch,88553166,2026-02-28 17:57:23+00:00,2026-02-28 20:50:42+00:00,2.888611111111111,False,False
pytorch/pytorch,88553166,2026-02-28 23:53:34+00:00,2026-03-01 00:54:43+00:00,1.0191666666666668,False,False
pytorch/pytorch,88553166,2026-03-31 15:35:43+00:00,2026-03-31 17:19:29+00:00,1.7294444444444443,False,False
pytorch/pytorch,45324508,2026-04-30 03:17:48+00:00,2026-04-30 03:43:00+00:00,0.42,False,False
pytorch/pytorch,45324508,2026-09-30 05:44:11+00:00,2026-09-30 07:03:22+00:00,1.3197222222222222,False,False
pytorch/pytorch,45324508,2026-09-30 18:29:46+00:00,2026-09-30 19:59:49+00:00,1.5008333333333332,False,False
pytorch/pytorch,16535519,2025-10-15 17:24:56+00:00,2025-10-15 21:48:08+00:00,4.386666666666667,False,False
pytorch/pytorch,16535519,2025-10-15 18:11:28+00:00,2025-10-15 22:29:19+00:00,4.2975,False,False
pytorch/pytorch,16535519,2025-10-15 19:07:10+00:00,2025-10-15 23:27:32+00:00,4.339444444444444,False,False
pytorch/pytorch,16535519,2025-10-15 20:52:47+00:00,2025-10-16 01:16:06+00:00,4.3886111111111115,False,False
pytorch/pytorch,16535519,2025-10-15 22:49:20+00:00,2025-10-16 03:34:50+00:00,4.758333333333334,False,False
pytorch/pytorch,16535519,2025-10-15 23:38:00+00:00,2025-10-16 04:07:13+00:00,4.486944444444444,False,False
pytorch/pytorch,16535519,2025-10-16 01:03:31+00:00,2025-10-16 05:20:27+00:00,4.282222222222222,False,False
pytorch/pytorch,16535519,2025-10-16 05:29:55+00:00,2025-10-16 10:11:48+00:00,4.698055555555555,False,False
pytorch/pytorch,16535519,2025-10-31 11:48:36+00:00,2025-10-31 16:30:53+00:00,4.704722222222222,False,False
pytorch/pytorch,16535519,2025-10-31 18:21:12+00:00,2025-10-31 22:27:54+00:00,4.111666666666666,False,False
pytorch/pytorch,16535519,2025-11-14 00:06:47+00:00,2025-11-23 09:02:57+00:00,224.9361111111111,False,False
pytorch/pytorch,16535519,2025-11-23 19:04:17+00:00,2025-11-24 00:34:17+00:00,5.5,False,False
pytorch/pytorch,16535519,2025-11-24 14:14:27+00:00,2025-11-24 21:28:32+00:00,7.2347222222222225,False,False
pytorch/pytorch,16535519,2025-11-24 18:16:45+00:00,2025-11-24 22:26:45+00:00,4.166666666666667,False,False
pytorch/pytorch,16535519,2025-11-24 19:47:51+00:00,2025-11-25 00:07:26+00:00,4.326388888888889,False,False
pytorch/pytorch,16535519,2025-11-24 23:26:04+00:00,2025-12-01 21:19:05+00:00,165.88361111111112,False,False
pytorch/pytorch,16535519,2025-12-15 22:58:39+00:00,2025-12-16 04:32:59+00:00,5.572222222222222,False,False
pytorch/pytorch,16535519,2025-12-16 02:51:14+00:00,2025-12-16 09:52:38+00:00,7.023333333333333,False,False
pytorch/pytorch,16535519,2026-01-08 00:11:52+00:00,2026-01-08 02:14:18+00:00,2.0405555555555557,False,False
pytorch/pytorch,16535519,2026-01-08 00:12:46+00:00,2026-01-08 02:18:13+00:00,2.0908333333333333,False,False
pytorch/pytorch,16535519,2026-01-08 00:13:53+00:00,2026-01-08 03:53:12+00:00,3.6552777777777776,False,False
pytorch/pytorch,16535519,2026-01-08 00:37:34+00:00,2026-01-08 04:12:32+00:00,3.582777777777778,False,False
pytorch/pytorch,16535519,2026-01-08 00:38:10+00:00,2026-01-08 04:07:22+00:00,3.486666666666667,False,False
pytorch/pytorch,16535519,2026-01-15 02:14:38+00:00,2026-01-15 07:38:52+00:00,5.403888888888889,False,False
pytorch/pytorch,16535519,2026-01-15 05:40:49+00:00,2026-01-15 09:54:23+00:00,4.226111111111111,False,False
pytorch/pytorch,16535519,2026-01-15 16:41:41+00:00,2026-01-15 22:45:38+00:00,6.065833333333333,False,False
pytorch/pytorch,16535519,2026-01-16 02:32:19+00:00,2026-01-16 06:41:12+00:00,4.148055555555556,False,False
pytorch/pytorch,16535519,2026-01-30 00:22:43+00:00,2026-01-31 02:13:03+00:00,25.83888888888889,False,False
pytorch/pytorch,16535519,2026-02-13 06:06:58+00:00,2026-03-13 23:52:32+00:00,689.7594444444444,False,False
pytorch/pytorch,16535519,2026-03-13 19:01:24+00:00,2026-03-14 00:42:11+00:00,5.679722222222222,False,False
pytorch/pytorch,16535519,2026-03-13 23:06:18+00:00,2026-03-14 04:07:03+00:00,5.0125,False,False
pytorch/pytorch,16535519,2026-03-13 23:29:13+00:00,2026-03-14 06:44:45+00:00,7.2588888888888885,False,False
pytorch/pytorch,16535519,2026-03-14 01:40:46+00:00,2026-03-14 06:58:56+00:00,5.302777777777778,False,False
pytorch/pytorch,16535519,2026-03-14 06:11:18+00:00,2026-03-14 13:41:53+00:00,7.509722222222222,False,False
pytorch/pytorch,16535519,2026-03-14 10:43:39+00:00,2026-03-14 17:59:30+00:00,7.264166666666667,False,False
pytorch/pytorch,16535519,2026-03-14 20:09:37+00:00,2026-03-15 06:55:09+00:00,10.758888888888889,False,False
pytorch/pytorch,16535519,2026-03-15 05:22:09+00:00,2026-03-15 14:01:18+00:00,8.6525,False,False
pytorch/pytorch,16535519,2026-03-15 09:39:33+00:00,2026-03-15 18:09:36+00:00,8.500833333333333,False,False
pytorch/pytorch,16535519,2026-03-15 15:50:22+00:00,2026-03-16 00:57:18+00:00,9.115555555555556,False,False
pytorch/pytorch,16535519,2026-03-15 20:47:38+00:00,2026-03-16 02:43:51+00:00,5.936944444444444,False,False
pytorch/pytorch,16535519,2026-03-15 22:19:57+00:00,2026-03-16 04:09:39+00:00,5.828333333333333,False,False
pytorch/pytorch,16535519,2026-03-15 22:48:28+00:00,2026-03-16 04:04:43+00:00,5.270833333333333,False,False
pytorch/pytorch,16535519,2026-03-15 23:24:40+00:00,2026-03-16 06:58:10+00:00,7.558333333333334,False,False
pytorch/pytorch,16535519,2026-03-16 02:57:07+00:00,2026-03-16 08:08:39+00:00,5.192222222222222,False,False
pytorch/pytorch,16535519,2026-03-16 05:33:44+00:00,2026-03-16 10:43:28+00:00,5.162222222222222,False,False
pytorch/pytorch,16535519,2026-03-16 08:53:56+00:00,2026-04-01 04:11:43+00:00,379.2963888888889,False,False
pytorch/pytorch,16535519,2026-04-01 02:14:14+00:00,2026-04-16 01:33:59+00:00,359.32916666666665,False,False
pytorch/pytorch,16535519,2026-04-15 21:41:52+00:00,2026-04-16 03:09:52+00:00,5.466666666666667,False,False
pytorch/pytorch,16535519,2026-04-15 22:23:21+00:00,2026-04-16 06:08:51+00:00,7.758333333333334,False,False
pytorch/pytorch,16535519,2026-04-16 04:10:17+00:00,2026-04-16 08:25:07+00:00,4.247222222222222,False,False
pytorch/pytorch,16535519,2026-04-16 04:56:39+00:00,2026-04-30 03:06:12+00:00,334.1591666666667,False,False
pytorch/pytorch,16535519,2026-04-29 22:10:29+00:00,2026-04-30 06:43:52+00:00,8.55638888888889,False,False
pytorch/pytorch,16535519,2026-04-30 00:00:57+00:00,2026-04-30 06:58:06+00:00,6.9525,False,False
pytorch/pytorch,16535519,2026-04-30 02:57:10+00:00,2026-04-30 10:21:06+00:00,7.398888888888889,False,False
pytorch/pytorch,16535519,2026-04-30 03:17:48+00:00,2026-04-30 09:08:45+00:00,5.849166666666667,False,False
pytorch/pytorch,16535519,2026-04-30 05:27:48+00:00,2026-04-30 11:24:13+00:00,5.940277777777778,False,False
pytorch/pytorch,16535519,2026-04-30 06:38:31+00:00,2026-04-30 11:21:52+00:00,4.7225,False,False
pytorch/pytorch,16535519,2026-04-30 07:10:25+00:00,2026-04-30 12:16:25+00:00,5.1,False,False
pytorch/pytorch,16535519,2026-04-30 07:30:13+00:00,2026-04-30 13:56:25+00:00,6.4366666666666665,False,False
pytorch/pytorch,16535519,2026-04-30 10:47:07+00:00,2026-04-30 12:14:45+00:00,1.4605555555555556,False,False
pytorch/pytorch,16535519,2026-04-30 11:13:16+00:00,2026-04-30 16:58:08+00:00,5.747777777777777,False,False
pytorch/pytorch,16535519,2026-04-30 12:37:40+00:00,2026-04-30 17:24:01+00:00,4.7725,False,False
pytorch/pytorch,16535519,2026-04-30 14:30:27+00:00,2026-04-30 20:07:56+00:00,5.624722222222222,False,False
pytorch/pytorch,16535519,2026-04-30 15:47:08+00:00,2026-04-30 21:02:40+00:00,5.2588888888888885,False,False
pytorch/pytorch,16535519,2026-04-30 16:03:22+00:00,2026-04-30 21:38:16+00:00,5.581666666666667,False,False
pytorch/pytorch,16535519,2026-04-30 16:11:04+00:00,2026-05-01 01:43:05+00:00,9.533611111111112,False,False
pytorch/pytorch,16535519,2026-04-30 16:28:02+00:00,2026-05-01 01:43:48+00:00,9.262777777777778,False,False
pytorch/pytorch,16535519,2026-04-30 16:58:53+00:00,2026-05-01 01:05:04+00:00,8.103055555555555,False,False
pytorch/pytorch,16535519,2026-04-30 17:21:16+00:00,2026-05-01 00:13:44+00:00,6.874444444444444,False,False
pytorch/pytorch,16535519,2026-04-30 17:57:23+00:00,2026-05-01 00:22:27+00:00,6.417777777777777,False,False
pytorch/pytorch,16535519,2026-04-30 22:10:27+00:00,2026-05-01 03:52:32+00:00,5.701388888888889,False,False
pytorch/pytorch,16535519,2026-05-01 07:05:34+00:00,2026-05-15 19:24:26+00:00,348.31444444444446,False,False
pytorch/pytorch,16535519,2026-05-15 15:57:37+00:00,2026-05-15 20:35:19+00:00,4.628333333333333,False,False
pytorch/pytorch,16535519,2026-05-15 16:36:01+00:00,2026-05-15 22:07:20+00:00,5.521944444444444,False,False
pytorch/pytorch,16535519,2026-05-15 17:44:33+00:00,2026-05-15 22:42:31+00:00,4.966111111111111,False,False
pytorch/pytorch,16535519,2026-05-15 18:16:37+00:00,2026-05-15 22:56:43+00:00,4.668333333333333,False,False
pytorch/pytorch,16535519,2026-05-15 18:57:16+00:00,2026-05-15 23:55:48+00:00,4.975555555555555,False,False
pytorch/pytorch,16535519,2026-05-15 19:08:40+00:00,2026-05-16 00:12:21+00:00,5.061388888888889,False,False
pytorch/pytorch,16535519,2026-05-15 19:59:59+00:00,2026-05-16 01:54:21+00:00,5.9061111111111115,False,False
pytorch/pytorch,16535519,2026-05-15 21:21:59+00:00,2026-05-16 00:00:16+00:00,2.6380555555555554,False,False
pytorch/pytorch,16535519,2026-05-15 21:32:37+00:00,2026-05-16 02:33:14+00:00,5.010277777777778,False,False
pytorch/pytorch,16535519,2026-05-15 22:13:11+00:00,2026-05-16 01:04:31+00:00,2.8555555555555556,False,False
pytorch/pytorch,16535519,2026-05-15 22:17:57+00:00,2026-05-16 03:48:31+00:00,5.509444444444444,False,False
pytorch/pytorch,16535519,2026-05-15 23:43:08+00:00,2026-05-16 05:10:50+00:00,5.461666666666667,False,False
pytorch/pytorch,16535519,2026-05-16 01:31:06+00:00,2026-05-16 05:56:58+00:00,4.431111111111111,False,False
pytorch/pytorch,16535519,2026-05-16 04:21:19+00:00,2026-05-16 09:03:41+00:00,4.706111111111111,False,False
pytorch/pytorch,16535519,2026-05-16 07:10:28+00:00,2026-05-16 15:20:56+00:00,8.174444444444445,False,False
pytorch/pytorch,16535519,2026-05-16 11:28:37+00:00,2026-05-30 18:28:56+00:00,343.0052777777778,False,False
pytorch/pytorch,16535519,2026-05-30 15:01:22+00:00,2026-05-30 19:49:01+00:00,4.7941666666666665,False,False
pytorch/pytorch,16535519,2026-05-30 17:09:04+00:00,2026-05-30 21:02:14+00:00,3.886111111111111,False,False
pytorch/pytorch,16535519,2026-05-30 17:28:10+00:00,2026-05-30 22:05:09+00:00,4.616388888888889,False,False
pytorch/pytorch,16535519,2026-05-30 22:12:51+00:00,2026-05-31 07:01:32+00:00,8.811388888888889,False,False
pytorch/pytorch,16535519,2026-06-15 00:38:44+00:00,2026-06-15 15:08:41+00:00,14.499166666666667,False,False
pytorch/pytorch,16535519,2026-06-15 12:47:11+00:00,2026-06-15 18:39:13+00:00,5.867222222222222,False,False
pytorch/pytorch,16535519,2026-06-15 14:34:14+00:00,2026-06-15 15:17:03+00:00,0.7136111111111111,False,False
pytorch/pytorch,16535519,2026-06-15 15:33:43+00:00,2026-06-15 21:02:03+00:00,5.472222222222222,False,False
pytorch/pytorch,16535519,2026-06-15 16:47:55+00:00,2026-06-15 21:20:21+00:00,4.540555555555556,False,False
pytorch/pytorch,16535519,2026-06-15 18:30:35+00:00,2026-06-15 22:42:34+00:00,4.199722222222222,False,False
pytorch/pytorch,16535519,2026-06-15 19:23:18+00:00,2026-06-15 19:50:51+00:00,0.45916666666666667,False,False
pytorch/pytorch,16535519,2026-06-15 19:50:05+00:00,2026-06-16 00:38:10+00:00,4.801388888888889,False,False
pytorch/pytorch,16535519,2026-06-15 20:39:22+00:00,2026-06-15 21:14:22+00:00,0.5833333333333334,False,False
pytorch/pytorch,16535519,2026-06-15 22:35:50+00:00,2026-06-16 03:07:36+00:00,4.529444444444445,False,False
pytorch/pytorch,16535519,2026-06-15 22:58:17+00:00,2026-06-16 03:33:18+00:00,4.583611111111111,False,False
pytorch/pytorch,16535519,2026-06-16 00:06:04+00:00,2026-06-16 01:31:42+00:00,1.4272222222222222,False,False
pytorch/pytorch,16535519,2026-06-16 01:47:48+00:00,2026-06-29 20:26:39+00:00,330.6475,False,False
pytorch/pytorch,16535519,2026-06-29 16:04:43+00:00,2026-06-29 20:49:49+00:00,4.751666666666667,False,False
pytorch/pytorch,16535519,2026-06-29 19:47:59+00:00,2026-06-30 00:57:51+00:00,5.164444444444444,False,False
pytorch/pytorch,16535519,2026-06-29 20:09:12+00:00,2026-06-30 01:18:38+00:00,5.157222222222222,False,False
pytorch/pytorch,16535519,2026-06-29 21:31:44+00:00,2026-06-30 02:40:58+00:00,5.153888888888889,False,False
pytorch/pytorch,16535519,2026-06-29 23:09:55+00:00,2026-06-30 04:42:43+00:00,5.546666666666667,False,False
pytorch/pytorch,16535519,2026-06-30 00:26:52+00:00,2026-06-30 06:54:00+00:00,6.452222222222222,False,False
pytorch/pytorch,16535519,2026-06-30 02:58:05+00:00,2026-06-30 08:11:12+00:00,5.2186111111111115,False,False
pytorch/pytorch,16535519,2026-06-30 04:27:18+00:00,2026-06-30 08:46:26+00:00,4.318888888888889,False,False
pytorch/pytorch,16535519,2026-06-30 05:42:17+00:00,2026-06-30 08:50:20+00:00,3.1341666666666668,False,False
pytorch/pytorch,16535519,2026-06-30 14:09:25+00:00,2026-06-30 18:40:14+00:00,4.5136111111111115,False,False
pytorch/pytorch,16535519,2026-06-30 15:30:08+00:00,2026-06-30 20:02:12+00:00,4.5344444444444445,False,False
pytorch/pytorch,16535519,2026-06-30 17:09:56+00:00,2026-06-30 22:02:59+00:00,4.884166666666666,False,False
pytorch/pytorch,16535519,2026-06-30 17:42:15+00:00,2026-07-01 03:26:06+00:00,9.730833333333333,False,False
pytorch/pytorch,16535519,2026-06-30 22:51:51+00:00,2026-07-01 03:00:46+00:00,4.148611111111111,False,False
pytorch/pytorch,16535519,2026-06-30 23:14:53+00:00,2026-07-15 15:04:36+00:00,351.8286111111111,False,False
pytorch/pytorch,16535519,2026-07-15 13:36:35+00:00,2026-07-15 18:02:34+00:00,4.433055555555556,False,False
pytorch/pytorch,16535519,2026-07-15 15:03:06+00:00,2026-07-15 19:45:08+00:00,4.700555555555556,False,False
pytorch/pytorch,16535519,2026-07-15 15:34:47+00:00,2026-07-15 21:26:50+00:00,5.8675,False,False
pytorch/pytorch,16535519,2026-07-15 17:14:38+00:00,2026-07-16 01:19:32+00:00,8.081666666666667,False,False
pytorch/pytorch,16535519,2026-07-15 19:52:43+00:00,2026-07-16 02:57:47+00:00,7.084444444444444,False,False
pytorch/pytorch,16535519,2026-07-15 21:07:03+00:00,2026-07-16 06:32:44+00:00,9.428055555555556,False,False
pytorch/pytorch,16535519,2026-07-15 23:20:05+00:00,2026-07-16 06:28:52+00:00,7.146388888888889,False,False
pytorch/pytorch,16535519,2026-07-16 00:00:28+00:00,2026-07-16 06:34:35+00:00,6.568611111111111,False,False
pytorch/pytorch,16535519,2026-07-16 02:01:35+00:00,2026-07-16 08:47:38+00:00,6.7675,False,False
pytorch/pytorch,16535519,2026-07-16 03:54:40+00:00,2026-07-16 09:49:59+00:00,5.921944444444445,False,False
pytorch/pytorch,16535519,2026-07-16 04:09:12+00:00,2026-07-16 10:12:49+00:00,6.060277777777777,False,False
pytorch/pytorch,16535519,2026-07-16 04:55:09+00:00,2026-07-30 21:39:48+00:00,352.7441666666667,False,False
pytorch/pytorch,16535519,2026-07-30 17:52:03+00:00,2026-07-30 22:28:17+00:00,4.603888888888889,False,False
pytorch/pytorch,16535519,2026-07-30 18:37:09+00:00,2026-07-31 00:56:42+00:00,6.325833333333334,False,False
pytorch/pytorch,16535519,2026-07-30 19:37:12+00:00,2026-07-31 01:14:59+00:00,5.629722222222222,False,False
pytorch/pytorch,16535519,2026-07-30 20:30:23+00:00,2026-07-31 01:49:33+00:00,5.319444444444445,False,False
pytorch/pytorch,16535519,2026-07-30 23:01:44+00:00,2026-07-31 04:06:20+00:00,5.076666666666667,False,False
pytorch/pytorch,16535519,2026-07-31 01:07:06+00:00,2026-07-31 03:35:06+00:00,2.466666666666667,False,False
pytorch/pytorch,16535519,2026-07-31 03:13:21+00:00,2026-07-31 10:05:58+00:00,6.876944444444445,False,False
pytorch/pytorch,16535519,2026-07-31 05:25:46+00:00,2026-07-31 12:07:30+00:00,6.695555555555556,False,False
pytorch/pytorch,16535519,2026-07-31 09:21:19+00:00,2026-07-31 21:57:48+00:00,12.608055555555556,False,False
pytorch/pytorch,16535519,2026-07-31 14:36:18+00:00,2026-07-31 21:53:01+00:00,7.278611111111111,False,False
pytorch/pytorch,16535519,2026-07-31 17:49:26+00:00,2026-08-01 01:41:49+00:00,7.873055555555555,False,False
pytorch/pytorch,16535519,2026-07-31 21:14:52+00:00,2026-08-01 01:39:28+00:00,4.41,False,False
pytorch/pytorch,16535519,2026-07-31 22:02:56+00:00,2026-08-01 02:39:35+00:00,4.610833333333333,False,False
pytorch/pytorch,16535519,2026-07-31 22:27:38+00:00,2026-08-01 03:35:35+00:00,5.1325,False,False
pytorch/pytorch,16535519,2026-07-31 23:53:48+00:00,2026-08-01 04:03:55+00:00,4.168611111111111,False,False
pytorch/pytorch,16535519,2026-08-01 03:02:49+00:00,2026-08-01 06:06:51+00:00,3.067222222222222,False,False
pytorch/pytorch,16535519,2026-08-14 04:12:49+00:00,2026-08-14 08:24:45+00:00,4.198888888888889,False,False
pytorch/pytorch,16535519,2026-08-14 05:14:28+00:00,2026-08-14 09:35:27+00:00,4.349722222222222,False,False
pytorch/pytorch,16535519,2026-08-14 08:48:21+00:00,2026-08-14 13:11:13+00:00,4.381111111111111,False,False
pytorch/pytorch,16535519,2026-08-14 14:03:34+00:00,2026-08-14 19:40:32+00:00,5.6161111111111115,False,False
pytorch/pytorch,16535519,2026-08-14 14:57:55+00:00,2026-08-14 19:30:04+00:00,4.535833333333334,False,False
pytorch/pytorch,16535519,2026-08-14 15:18:57+00:00,2026-08-14 19:56:03+00:00,4.618333333333333,False,False
pytorch/pytorch,16535519,2026-08-14 16:04:29+00:00,2026-08-14 21:54:12+00:00,5.828611111111111,False,False
pytorch/pytorch,16535519,2026-08-14 18:02:45+00:00,2026-08-14 23:12:46+00:00,5.166944444444445,False,False
pytorch/pytorch,16535519,2026-08-14 21:04:42+00:00,2026-08-15 01:49:58+00:00,4.754444444444444,False,False
pytorch/pytorch,16535519,2026-08-14 22:43:35+00:00,2026-08-15 02:53:46+00:00,4.169722222222222,False,False
pytorch/pytorch,16535519,2026-08-15 00:29:47+00:00,2026-08-15 04:51:09+00:00,4.356111111111111,False,False
pytorch/pytorch,16535519,2026-08-15 04:25:28+00:00,2026-08-15 09:07:02+00:00,4.692777777777778,False,False
pytorch/pytorch,16535519,2026-08-15 04:45:05+00:00,2026-08-15 09:29:14+00:00,4.735833333333333,False,False
pytorch/pytorch,16535519,2026-08-16 03:12:59+00:00,2026-08-16 07:04:18+00:00,3.855277777777778,False,False
pytorch/pytorch,16535519,2026-08-16 03:35:31+00:00,2026-08-16 07:36:16+00:00,4.0125,False,False
pytorch/pytorch,16535519,2026-08-29 22:06:34+00:00,2026-08-30 02:52:26+00:00,4.764444444444444,False,False
pytorch/pytorch,16535519,2026-08-30 00:53:03+00:00,2026-08-30 04:53:55+00:00,4.014444444444444,False,False
pytorch/pytorch,16535519,2026-08-30 17:32:26+00:00,2026-08-30 21:53:09+00:00,4.345277777777778,False,False
pytorch/pytorch,16535519,2026-08-30 22:10:28+00:00,2026-08-31 01:43:15+00:00,3.546388888888889,False,False
pytorch/pytorch,16535519,2026-08-31 19:27:06+00:00,2026-09-01 00:03:18+00:00,4.6033333333333335,False,False
pytorch/pytorch,16535519,2026-09-13 21:05:06+00:00,2026-09-15 00:47:37+00:00,27.70861111111111,False,False
pytorch/pytorch,16535519,2026-09-14 19:58:58+00:00,2026-09-15 01:34:57+00:00,5.599722222222222,False,False
pytorch/pytorch,16535519,2026-09-14 20:41:54+00:00,2026-09-15 01:35:30+00:00,4.8933333333333335,False,False
pytorch/pytorch,16535519,2026-09-14 22:53:57+00:00,2026-09-15 04:49:54+00:00,5.9325,False,False
pytorch/pytorch,16535519,2026-09-15 01:15:50+00:00,2026-09-15 05:10:42+00:00,3.9144444444444444,False,False
pytorch/pytorch,16535519,2026-09-15 01:23:37+00:00,2026-09-15 06:24:58+00:00,5.0225,False,False
pytorch/pytorch,16535519,2026-09-15 02:01:53+00:00,2026-09-15 07:15:15+00:00,5.222777777777778,False,False
pytorch/pytorch,16535519,2026-09-15 09:24:12+00:00,2026-09-15 13:13:49+00:00,3.8269444444444445,False,False
pytorch/pytorch,16535519,2026-09-15 09:55:23+00:00,2026-09-15 14:10:20+00:00,4.2491666666666665,False,False
pytorch/pytorch,16535519,2026-09-15 14:21:58+00:00,2026-09-15 20:15:00+00:00,5.8838888888888885,False,False
pytorch/pytorch,16535519,2026-09-15 17:04:20+00:00,2026-09-15 21:17:30+00:00,4.219444444444444,False,False
pytorch/pytorch,16535519,2026-09-15 17:22:30+00:00,2026-09-15 21:26:21+00:00,4.064166666666667,False,False
pytorch/pytorch,16535519,2026-09-15 17:52:37+00:00,2026-09-15 22:57:05+00:00,5.0744444444444445,False,False
pytorch/pytorch,16535519,2026-09-15 20:32:15+00:00,2026-09-16 00:25:21+00:00,3.885,False,False
pytorch/pytorch,16535519,2026-09-15 21:51:03+00:00,2026-09-16 03:15:57+00:00,5.415,False,False
pytorch/pytorch,16535519,2026-09-29 21:03:46+00:00,2026-09-30 03:21:56+00:00,6.302777777777778,False,False
pytorch/pytorch,16535519,2026-09-29 23:24:33+00:00,2026-09-30 09:39:59+00:00,10.257222222222222,False,False
pytorch/pytorch,16535519,2026-09-30 06:00:39+00:00,2026-09-30 11:14:50+00:00,5.2363888888888885,False,False
pytorch/pytorch,16535519,2026-09-30 07:17:07+00:00,2026-09-30 12:49:11+00:00,5.5344444444444445,False,False
pytorch/pytorch,16535519,2026-09-30 16:30:39+00:00,2026-09-30 20:58:57+00:00,4.471666666666667,False,False
pytorch/pytorch,16535519,2026-09-30 17:07:20+00:00,2026-09-30 21:37:44+00:00,4.506666666666667,False,False
pytorch/pytorch,16535519,2026-09-30 18:04:20+00:00,2026-09-30 22:07:46+00:00,4.057222222222222,False,False
pytorch/pytorch,16535519,2026-09-30 18:29:48+00:00,2026-09-30 23:49:58+00:00,5.336111111111111,False,False
pytorch/pytorch,16535519,2026-09-30 20:50:39+00:00,2026-10-01 02:04:50+00:00,5.2363888888888885,False,False
pytorch/pytorch,176125466,2025-10-15 02:01:52+00:00,2025-10-15 04:52:11+00:00,2.838611111111111,False,False
pytorch/pytorch,176125466,2025-10-15 04:35:55+00:00,2025-10-15 07:14:47+00:00,2.647777777777778,False,False
pytorch/pytorch,176125466,2025-10-15 13:49:29+00:00,2025-10-15 17:08:47+00:00,3.3216666666666668,False,False
pytorch/pytorch,176125466,2025-10-15 17:38:57+00:00,2025-10-15 20:34:09+00:00,2.92,False,False
pytorch/pytorch,176125466,2025-10-15 19:30:51+00:00,2025-10-15 22:05:02+00:00,2.569722222222222,False,False
pytorch/pytorch,176125466,2025-10-15 21:58:21+00:00,2025-10-16 00:23:40+00:00,2.4219444444444442,False,False
pytorch/pytorch,176125466,2025-10-16 01:03:31+00:00,2025-10-16 04:18:36+00:00,3.251388888888889,False,False
pytorch/pytorch,176125466,2025-10-16 11:09:53+00:00,2025-10-31 03:25:15+00:00,352.2561111111111,False,False
pytorch/pytorch,176125466,2025-10-31 02:37:25+00:00,2025-10-31 05:11:13+00:00,2.5633333333333335,False,False
pytorch/pytorch,176125466,2025-10-31 22:39:36+00:00,2025-11-01 01:04:16+00:00,2.411111111111111,False,False
pytorch/pytorch,176125466,2025-11-14 00:06:47+00:00,2025-11-14 03:37:31+00:00,3.5122222222222224,False,False
pytorch/pytorch,176125466,2025-11-14 02:21:17+00:00,2025-11-14 04:59:14+00:00,2.6325,False,False
pytorch/pytorch,176125466,2025-11-14 19:11:08+00:00,2025-11-14 21:46:22+00:00,2.587222222222222,False,False
pytorch/pytorch,176125466,2025-11-14 19:24:50+00:00,2025-11-14 21:47:54+00:00,2.3844444444444446,False,False
pytorch/pytorch,176125466,2025-11-15 08:29:17+00:00,2025-11-15 20:33:16+00:00,12.06638888888889,False,False
pytorch/pytorch,176125466,2025-11-23 00:56:16+00:00,2025-11-24 19:33:53+00:00,42.62694444444445,False,False
pytorch/pytorch,176125466,2025-11-24 17:35:52+00:00,2025-11-24 19:22:10+00:00,1.7716666666666667,False,False
pytorch/pytorch,176125466,2025-11-24 23:40:41+00:00,2025-12-15 07:04:15+00:00,487.3927777777778,False,False
pytorch/pytorch,176125466,2025-12-16 00:55:42+00:00,2025-12-16 03:17:31+00:00,2.363611111111111,False,False
pytorch/pytorch,176125466,2025-12-30 22:03:34+00:00,2025-12-31 00:48:05+00:00,2.7419444444444445,False,False
pytorch/pytorch,176125466,2026-01-15 17:13:44+00:00,2026-01-15 20:36:55+00:00,3.386388888888889,False,False
pytorch/pytorch,176125466,2026-01-16 17:40:22+00:00,2026-01-30 01:12:42+00:00,319.5388888888889,False,False
pytorch/pytorch,176125466,2026-01-30 00:24:31+00:00,2026-01-30 02:38:40+00:00,2.2358333333333333,False,False
pytorch/pytorch,176125466,2026-01-30 03:51:55+00:00,2026-01-30 07:09:56+00:00,3.3002777777777776,False,False
pytorch/pytorch,176125466,2026-01-30 07:06:32+00:00,2026-01-30 09:29:07+00:00,2.376388888888889,False,False
pytorch/pytorch,176125466,2026-01-30 14:29:55+00:00,2026-01-30 18:21:01+00:00,3.8516666666666666,False,False
pytorch/pytorch,176125466,2026-01-30 16:47:17+00:00,2026-01-30 21:48:17+00:00,5.016666666666667,False,False
pytorch/pytorch,176125466,2026-01-30 19:33:54+00:00,2026-01-30 22:35:34+00:00,3.0277777777777777,False,False
pytorch/pytorch,176125466,2026-01-31 04:42:14+00:00,2026-01-31 22:14:42+00:00,17.54111111111111,False,False
pytorch/pytorch,176125466,2026-01-31 22:59:08+00:00,2026-02-01 01:16:15+00:00,2.285277777777778,False,False
pytorch/pytorch,176125466,2026-01-31 23:27:38+00:00,2026-02-13 09:07:07+00:00,297.65805555555556,False,False
pytorch/pytorch,176125466,2026-02-13 16:16:51+00:00,2026-02-13 23:49:02+00:00,7.536388888888889,False,False
pytorch/pytorch,176125466,2026-02-14 23:04:56+00:00,2026-02-27 23:53:31+00:00,312.8097222222222,False,False
pytorch/pytorch,176125466,2026-02-27 06:00:22+00:00,2026-02-28 01:03:09+00:00,19.046388888888888,False,False
pytorch/pytorch,176125466,2026-02-27 06:41:25+00:00,2026-02-28 03:01:27+00:00,20.33388888888889,False,False
pytorch/pytorch,176125466,2026-02-27 19:21:12+00:00,2026-02-28 03:25:07+00:00,8.065277777777778,False,False
pytorch/pytorch,176125466,2026-02-27 23:33:36+00:00,2026-02-28 06:20:47+00:00,6.786388888888889,False,False
pytorch/pytorch,176125466,2026-02-28 02:15:55+00:00,2026-02-28 07:12:37+00:00,4.945,False,False
pytorch/pytorch,176125466,2026-02-28 03:11:43+00:00,2026-02-28 07:37:59+00:00,4.437777777777778,False,False
pytorch/pytorch,176125466,2026-02-28 03:18:59+00:00,2026-02-28 08:45:44+00:00,5.445833333333334,False,False
pytorch/pytorch,176125466,2026-02-28 05:36:44+00:00,2026-02-28 11:55:19+00:00,6.309722222222222,False,False
pytorch/pytorch,176125466,2026-02-28 09:04:41+00:00,2026-02-28 17:16:51+00:00,8.202777777777778,False,False
pytorch/pytorch,176125466,2026-02-28 14:18:51+00:00,2026-02-28 22:58:49+00:00,8.66611111111111,False,False
pytorch/pytorch,176125466,2026-02-28 19:59:35+00:00,2026-03-01 03:18:36+00:00,7.316944444444444,False,False
pytorch/pytorch,176125466,2026-02-28 23:53:34+00:00,2026-03-13 22:47:10+00:00,310.8933333333333,False,False
pytorch/pytorch,176125466,2026-03-13 19:00:54+00:00,2026-03-13 22:23:52+00:00,3.3827777777777777,False,False
pytorch/pytorch,176125466,2026-03-13 23:29:13+00:00,2026-03-14 04:38:52+00:00,5.160833333333334,False,False
pytorch/pytorch,176125466,2026-03-14 00:44:26+00:00,2026-03-14 05:10:24+00:00,4.432777777777778,False,False
pytorch/pytorch,176125466,2026-03-14 01:31:59+00:00,2026-03-14 04:37:20+00:00,3.089166666666667,False,False
pytorch/pytorch,176125466,2026-03-14 09:32:38+00:00,2026-03-14 20:02:28+00:00,10.497222222222222,False,False
pytorch/pytorch,176125466,2026-03-14 17:42:48+00:00,2026-03-14 23:59:09+00:00,6.2725,False,False
pytorch/pytorch,176125466,2026-03-14 23:04:02+00:00,2026-03-15 06:16:50+00:00,7.213333333333333,False,False
pytorch/pytorch,176125466,2026-03-15 04:30:11+00:00,2026-03-15 07:38:12+00:00,3.133611111111111,False,False
pytorch/pytorch,176125466,2026-03-15 05:47:37+00:00,2026-03-15 10:05:00+00:00,4.289722222222222,False,False
pytorch/pytorch,176125466,2026-03-15 15:50:22+00:00,2026-03-16 00:52:58+00:00,9.043333333333333,False,False
pytorch/pytorch,176125466,2026-03-15 22:19:42+00:00,2026-03-16 04:23:49+00:00,6.068611111111111,False,False
pytorch/pytorch,176125466,2026-03-15 23:24:40+00:00,2026-03-16 06:38:13+00:00,7.225833333333333,False,False
pytorch/pytorch,176125466,2026-03-16 03:35:47+00:00,2026-03-16 09:25:55+00:00,5.835555555555556,False,False
pytorch/pytorch,176125466,2026-03-16 11:14:42+00:00,2026-03-16 15:29:26+00:00,4.245555555555556,False,False
pytorch/pytorch,176125466,2026-03-30 20:19:24+00:00,2026-04-30 01:12:40+00:00,724.8877777777777,False,False
pytorch/pytorch,176125466,2026-04-30 00:31:56+00:00,2026-04-30 03:58:39+00:00,3.4452777777777777,False,False
pytorch/pytorch,176125466,2026-04-30 04:27:39+00:00,2026-04-30 08:48:16+00:00,4.3436111111111115,False,False
pytorch/pytorch,176125466,2026-04-30 06:36:53+00:00,2026-04-30 10:33:35+00:00,3.945,False,False
pytorch/pytorch,176125466,2026-04-30 09:15:17+00:00,2026-04-30 13:47:20+00:00,4.534166666666667,False,False
pytorch/pytorch,176125466,2026-04-30 12:48:17+00:00,2026-04-30 21:24:04+00:00,8.596388888888889,False,False
pytorch/pytorch,176125466,2026-04-30 18:06:37+00:00,2026-04-30 22:14:12+00:00,4.126388888888889,False,False
pytorch/pytorch,176125466,2026-04-30 20:57:26+00:00,2026-05-01 01:03:48+00:00,4.106111111111111,False,False
pytorch/pytorch,176125466,2026-05-15 05:55:31+00:00,2026-05-15 10:27:11+00:00,4.527777777777778,False,False
pytorch/pytorch,176125466,2026-05-15 07:05:14+00:00,2026-05-15 10:36:01+00:00,3.5130555555555554,False,False
pytorch/pytorch,176125466,2026-05-15 07:27:23+00:00,2026-05-15 16:52:54+00:00,9.425277777777778,False,False
pytorch/pytorch,176125466,2026-05-15 14:30:29+00:00,2026-05-15 19:05:49+00:00,4.588888888888889,False,False
pytorch/pytorch,176125466,2026-05-15 15:57:37+00:00,2026-05-15 19:30:11+00:00,3.542777777777778,False,False
pytorch/pytorch,176125466,2026-05-15 16:24:13+00:00,2026-05-15 19:46:07+00:00,3.365,False,False
pytorch/pytorch,176125466,2026-05-15 16:46:58+00:00,2026-05-15 20:25:27+00:00,3.641388888888889,False,False
pytorch/pytorch,176125466,2026-05-15 17:59:17+00:00,2026-05-15 21:40:49+00:00,3.692222222222222,False,False
pytorch/pytorch,176125466,2026-05-15 18:19:13+00:00,2026-05-15 21:36:26+00:00,3.2869444444444444,False,False
pytorch/pytorch,176125466,2026-05-15 18:47:38+00:00,2026-05-15 22:16:26+00:00,3.48,False,False
pytorch/pytorch,176125466,2026-05-15 19:40:57+00:00,2026-05-15 23:09:26+00:00,3.4747222222222223,False,False
pytorch/pytorch,176125466,2026-05-15 20:44:34+00:00,2026-05-16 04:06:41+00:00,7.368611111111111,False,False
pytorch/pytorch,176125466,2026-05-16 00:54:00+00:00,2026-05-16 07:01:57+00:00,6.1325,False,False
pytorch/pytorch,176125466,2026-05-16 04:21:19+00:00,2026-05-16 07:53:24+00:00,3.5347222222222223,False,False
pytorch/pytorch,176125466,2026-05-16 11:28:37+00:00,,,True,False
pytorch/pytorch,53162249,2025-10-15 18:55:50+00:00,2025-10-15 21:54:26+00:00,2.9766666666666666,False,False
pytorch/pytorch,53162249,2025-10-15 20:00:29+00:00,2025-10-16 00:30:42+00:00,4.503611111111111,False,False
pytorch/pytorch,53162249,2025-10-15 21:33:56+00:00,2025-10-16 01:10:36+00:00,3.611111111111111,False,False
pytorch/pytorch,53162249,2025-10-15 23:48:33+00:00,2025-10-16 03:05:18+00:00,3.279166666666667,False,False
pytorch/pytorch,53162249,2025-10-16 02:53:21+00:00,2025-10-16 08:17:50+00:00,5.408055555555555,False,False
pytorch/pytorch,53162249,2025-10-16 07:59:52+00:00,2025-10-16 12:26:39+00:00,4.4463888888888885,False,False
pytorch/pytorch,53162249,2025-10-31 08:08:14+00:00,2025-10-31 13:23:55+00:00,5.261388888888889,False,False
pytorch/pytorch,53162249,2025-10-31 10:33:21+00:00,2025-10-31 14:51:22+00:00,4.300277777777778,False,False
pytorch/pytorch,53162249,2025-10-31 11:20:45+00:00,2025-10-31 15:59:41+00:00,4.648888888888889,False,False
pytorch/pytorch,53162249,2025-10-31 12:58:01+00:00,2025-10-31 16:46:51+00:00,3.813888888888889,False,False
pytorch/pytorch,53162249,2025-10-31 13:44:11+00:00,2025-10-31 17:29:55+00:00,3.7622222222222224,False,False
pytorch/pytorch,53162249,2025-10-31 17:30:54+00:00,2025-11-01 00:21:49+00:00,6.848611111111111,False,False
pytorch/pytorch,53162249,2025-11-14 03:51:49+00:00,2025-11-14 07:52:16+00:00,4.0075,False,False
pytorch/pytorch,53162249,2025-11-14 05:35:34+00:00,2025-11-14 09:59:56+00:00,4.4061111111111115,False,False
pytorch/pytorch,53162249,2025-11-14 18:11:49+00:00,2025-11-14 21:45:56+00:00,3.568611111111111,False,False
pytorch/pytorch,53162249,2025-11-14 19:24:50+00:00,2025-11-15 04:45:42+00:00,9.347777777777777,False,False
pytorch/pytorch,53162249,2025-11-24 18:16:45+00:00,2025-11-24 21:19:39+00:00,3.0483333333333333,False,False
pytorch/pytorch,53162249,2025-11-24 23:26:04+00:00,2025-11-28 00:05:02+00:00,72.64944444444444,False,False
pytorch/pytorch,53162249,2025-11-27 20:33:58+00:00,2025-11-28 23:21:43+00:00,26.795833333333334,False,False
pytorch/pytorch,53162249,2025-12-15 22:04:51+00:00,2025-12-16 01:41:08+00:00,3.604722222222222,False,False
pytorch/pytorch,53162249,2025-12-15 22:31:34+00:00,2025-12-16 01:52:36+00:00,3.3505555555555557,False,False
pytorch/pytorch,53162249,2025-12-16 00:55:42+00:00,2025-12-16 04:14:37+00:00,3.3152777777777778,False,False
pytorch/pytorch,53162249,2025-12-16 02:51:14+00:00,2025-12-16 08:59:00+00:00,6.129444444444444,False,False
pytorch/pytorch,53162249,2025-12-16 06:00:15+00:00,2025-12-16 09:19:54+00:00,3.3275,False,False
pytorch/pytorch,53162249,2025-12-29 20:34:19+00:00,2025-12-30 00:18:59+00:00,3.7444444444444445,False,False
pytorch/pytorch,53162249,2025-12-31 19:10:15+00:00,2026-01-01 03:15:58+00:00,8.095277777777778,False,False
pytorch/pytorch,53162249,2026-01-15 16:41:41+00:00,2026-01-15 21:32:48+00:00,4.851944444444444,False,False
pytorch/pytorch,53162249,2026-01-30 00:24:31+00:00,2026-01-30 04:00:20+00:00,3.5969444444444445,False,False
pytorch/pytorch,53162249,2026-01-30 17:35:33+00:00,2026-01-30 23:25:05+00:00,5.825555555555556,False,False
pytorch/pytorch,53162249,2026-02-13 07:04:16+00:00,2026-02-13 21:13:03+00:00,14.14638888888889,False,False
pytorch/pytorch,53162249,2026-02-13 19:44:59+00:00,2026-02-14 02:06:03+00:00,6.351111111111111,False,False
pytorch/pytorch,53162249,2026-02-27 07:23:06+00:00,2026-02-27 23:22:17+00:00,15.98638888888889,False,False
pytorch/pytorch,53162249,2026-02-27 18:53:08+00:00,2026-02-28 00:09:47+00:00,5.2775,False,False
pytorch/pytorch,53162249,2026-02-27 20:13:27+00:00,2026-02-28 01:47:24+00:00,5.565833333333333,False,False
pytorch/pytorch,53162249,2026-02-27 23:17:54+00:00,2026-02-28 02:37:21+00:00,3.3241666666666667,False,False
pytorch/pytorch,53162249,2026-02-27 23:50:48+00:00,2026-02-28 03:20:32+00:00,3.4955555555555557,False,False
pytorch/pytorch,53162249,2026-02-28 00:20:29+00:00,2026-02-28 04:40:19+00:00,4.330555555555556,False,False
pytorch/pytorch,53162249,2026-02-28 02:15:55+00:00,2026-02-28 05:43:39+00:00,3.462222222222222,False,False
pytorch/pytorch,53162249,2026-02-28 05:36:44+00:00,2026-02-28 08:28:43+00:00,2.866388888888889,False,False
pytorch/pytorch,53162249,2026-02-28 07:44:16+00:00,2026-02-28 10:51:18+00:00,3.1172222222222223,False,False
pytorch/pytorch,53162249,2026-02-28 12:19:19+00:00,2026-02-28 17:34:19+00:00,5.25,False,False
pytorch/pytorch,53162249,2026-02-28 23:53:14+00:00,2026-03-01 02:46:28+00:00,2.8872222222222224,False,False
pytorch/pytorch,53162249,2026-03-13 18:36:21+00:00,2026-03-13 21:46:18+00:00,3.1658333333333335,False,False
pytorch/pytorch,53162249,2026-03-14 09:25:10+00:00,2026-03-14 12:00:21+00:00,2.586388888888889,False,False
pytorch/pytorch,53162249,2026-03-16 02:24:59+00:00,2026-03-16 06:02:50+00:00,3.6308333333333334,False,False
pytorch/pytorch,53162249,2026-03-31 02:07:27+00:00,2026-03-31 06:47:13+00:00,4.6627777777777775,False,False
pytorch/pytorch,53162249,2026-03-31 15:39:21+00:00,2026-03-31 18:54:53+00:00,3.258888888888889,False,False
pytorch/pytorch,53162249,2026-03-31 16:08:26+00:00,2026-03-31 19:54:54+00:00,3.7744444444444443,False,False
pytorch/pytorch,53162249,2026-03-31 18:38:50+00:00,2026-03-31 22:23:18+00:00,3.741111111111111,False,False
pytorch/pytorch,53162249,2026-04-14 21:00:43+00:00,2026-04-15 17:55:53+00:00,20.919444444444444,False,False
pytorch/pytorch,53162249,2026-04-15 21:08:32+00:00,2026-04-16 00:16:29+00:00,3.1325,False,False
pytorch/pytorch,53162249,2026-04-15 23:07:03+00:00,2026-04-16 02:54:06+00:00,3.7841666666666667,False,False
pytorch/pytorch,53162249,2026-04-30 01:00:55+00:00,2026-04-30 04:31:56+00:00,3.5169444444444444,False,False
pytorch/pytorch,53162249,2026-04-30 01:57:08+00:00,2026-04-30 07:27:06+00:00,5.499444444444444,False,False
pytorch/pytorch,53162249,2026-04-30 07:34:07+00:00,2026-04-30 12:22:20+00:00,4.8036111111111115,False,False
pytorch/pytorch,53162249,2026-04-30 15:56:12+00:00,2026-04-30 18:49:03+00:00,2.8808333333333334,False,False
pytorch/pytorch,53162249,2026-04-30 16:24:24+00:00,2026-04-30 20:39:56+00:00,4.2588888888888885,False,False
pytorch/pytorch,53162249,2026-04-30 16:58:53+00:00,2026-04-30 20:27:08+00:00,3.470833333333333,False,False
pytorch/pytorch,53162249,2026-04-30 23:47:38+00:00,2026-05-01 02:53:55+00:00,3.104722222222222,False,False
pytorch/pytorch,53162249,2026-05-15 07:23:18+00:00,2026-05-15 12:29:10+00:00,5.097777777777778,False,False
pytorch/pytorch,53162249,2026-06-15 02:41:56+00:00,2026-06-15 07:43:37+00:00,5.0280555555555555,False,False
pytorch/pytorch,53162249,2026-06-15 06:48:06+00:00,2026-06-15 11:13:24+00:00,4.421666666666667,False,False
pytorch/pytorch,53162249,2026-06-15 13:13:45+00:00,2026-06-15 17:07:42+00:00,3.8991666666666664,False,False
pytorch/pytorch,53162249,2026-06-15 13:29:34+00:00,2026-06-15 17:48:07+00:00,4.309166666666667,False,False
pytorch/pytorch,53162249,2026-06-15 17:45:33+00:00,2026-06-15 21:59:56+00:00,4.239722222222222,False,False
pytorch/pytorch,53162249,2026-06-15 22:35:50+00:00,2026-06-16 02:23:38+00:00,3.796666666666667,False,False
pytorch/pytorch,53162249,2026-06-29 17:18:24+00:00,2026-06-29 20:31:55+00:00,3.225277777777778,False,False
pytorch/pytorch,53162249,2026-06-29 18:05:26+00:00,2026-06-29 22:07:59+00:00,4.0425,False,False
pytorch/pytorch,53162249,2026-06-29 20:22:23+00:00,2026-06-29 23:45:04+00:00,3.3780555555555556,False,False
pytorch/pytorch,53162249,2026-06-30 20:21:16+00:00,2026-06-30 22:56:45+00:00,2.591388888888889,False,False
pytorch/pytorch,53162249,2026-07-15 13:35:19+00:00,2026-07-15 17:23:19+00:00,3.8,False,False
pytorch/pytorch,53162249,2026-07-15 13:38:21+00:00,2026-07-15 18:03:12+00:00,4.414166666666667,False,False
pytorch/pytorch,53162249,2026-07-15 14:41:55+00:00,2026-07-15 19:54:58+00:00,5.2175,False,False
pytorch/pytorch,53162249,2026-07-15 16:06:05+00:00,2026-07-15 23:04:39+00:00,6.976111111111111,False,False
pytorch/pytorch,53162249,2026-07-15 17:23:55+00:00,2026-07-15 23:46:16+00:00,6.3725,False,False
pytorch/pytorch,53162249,2026-07-15 17:27:20+00:00,2026-07-15 23:47:40+00:00,6.338888888888889,False,False
pytorch/pytorch,53162249,2026-07-15 17:27:54+00:00,2026-07-15 23:21:31+00:00,5.893611111111111,False,False
pytorch/pytorch,53162249,2026-07-15 17:37:20+00:00,2026-07-15 22:27:57+00:00,4.8436111111111115,False,False
pytorch/pytorch,53162249,2026-07-15 19:08:23+00:00,2026-07-16 01:11:08+00:00,6.045833333333333,False,False
pytorch/pytorch,53162249,2026-07-15 20:53:45+00:00,2026-07-16 02:50:29+00:00,5.945555555555556,False,False
pytorch/pytorch,53162249,2026-07-15 23:20:05+00:00,2026-07-16 03:10:24+00:00,3.838611111111111,False,False
pytorch/pytorch,53162249,2026-07-16 00:00:28+00:00,2026-07-16 02:59:43+00:00,2.9875,False,False
pytorch/pytorch,53162249,2026-07-16 02:35:31+00:00,2026-07-16 08:08:45+00:00,5.553888888888889,False,False
pytorch/pytorch,53162249,2026-07-16 04:55:09+00:00,2026-07-16 11:08:16+00:00,6.2186111111111115,False,False
pytorch/pytorch,53162249,2026-07-16 09:24:01+00:00,2026-07-16 14:19:29+00:00,4.924444444444444,False,False
pytorch/pytorch,53162249,2026-07-30 14:27:34+00:00,2026-07-30 19:45:14+00:00,5.294444444444444,False,False
pytorch/pytorch,53162249,2026-07-30 16:33:13+00:00,2026-07-30 20:17:51+00:00,3.743888888888889,False,False
pytorch/pytorch,53162249,2026-07-30 17:19:16+00:00,2026-07-30 21:46:16+00:00,4.45,False,False
pytorch/pytorch,53162249,2026-07-30 17:43:38+00:00,2026-07-30 21:51:52+00:00,4.137222222222222,False,False
pytorch/pytorch,53162249,2026-07-30 18:22:15+00:00,2026-07-30 23:55:00+00:00,5.545833333333333,False,False
pytorch/pytorch,53162249,2026-07-30 18:49:58+00:00,2026-07-30 23:08:07+00:00,4.3025,False,False
pytorch/pytorch,53162249,2026-07-30 20:06:12+00:00,2026-07-31 01:20:54+00:00,5.245,False,False
pytorch/pytorch,53162249,2026-07-30 21:34:33+00:00,2026-07-31 02:22:29+00:00,4.7988888888888885,False,False
pytorch/pytorch,53162249,2026-07-30 21:39:56+00:00,2026-07-31 03:21:53+00:00,5.699166666666667,False,False
pytorch/pytorch,53162249,2026-07-30 23:13:05+00:00,2026-07-31 03:53:11+00:00,4.668333333333333,False,False
pytorch/pytorch,53162249,2026-07-31 00:13:48+00:00,2026-07-31 04:40:39+00:00,4.4475,False,False
pytorch/pytorch,53162249,2026-07-31 01:33:28+00:00,2026-07-31 07:23:16+00:00,5.83,False,False
pytorch/pytorch,53162249,2026-07-31 04:10:15+00:00,2026-07-31 08:37:08+00:00,4.448055555555555,False,False
pytorch/pytorch,53162249,2026-07-31 07:01:44+00:00,2026-07-31 11:42:48+00:00,4.684444444444445,False,False
pytorch/pytorch,53162249,2026-07-31 10:24:52+00:00,2026-07-31 15:19:36+00:00,4.912222222222222,False,False
pytorch/pytorch,53162249,2026-07-31 12:26:32+00:00,2026-07-31 17:38:59+00:00,5.2075,False,False
pytorch/pytorch,53162249,2026-07-31 14:09:13+00:00,2026-07-31 23:30:51+00:00,9.360555555555555,False,False
pytorch/pytorch,53162249,2026-07-31 20:13:12+00:00,2026-08-01 01:01:58+00:00,4.812777777777778,False,False
pytorch/pytorch,53162249,2026-07-31 21:14:52+00:00,2026-08-01 03:43:33+00:00,6.478055555555556,False,False
pytorch/pytorch,53162249,2026-09-15 09:14:23+00:00,2026-09-15 12:26:36+00:00,3.203611111111111,False,False
pytorch/pytorch,53162249,2026-09-15 18:28:49+00:00,2026-09-16 00:02:46+00:00,5.565833333333333,False,False
pytorch/pytorch,53162249,2026-09-29 23:41:11+00:00,2026-09-30 02:47:07+00:00,3.098888888888889,False,False
pytorch/pytorch,53162249,2026-09-30 18:29:46+00:00,2026-09-30 21:49:32+00:00,3.3294444444444444,False,False
pytorch/pytorch,53162249,2026-09-30 22:20:23+00:00,2026-10-01 01:05:27+00:00,2.7511111111111113,False,False
pytorch/pytorch,139700577,2025-10-15 09:18:32+00:00,2025-10-15 22:26:29+00:00,13.1325,False,False
pytorch/pytorch,139700577,2025-10-15 18:32:07+00:00,2025-10-15 22:18:41+00:00,3.776111111111111,False,False
pytorch/pytorch,139700577,2025-10-15 23:41:07+00:00,2025-10-31 04:04:22+00:00,364.3875,False,False
pytorch/pytorch,139700577,2025-10-31 17:24:01+00:00,2025-10-31 21:51:25+00:00,4.456666666666667,False,False
pytorch/pytorch,139700577,2025-11-14 00:21:32+00:00,2025-11-14 04:26:21+00:00,4.080277777777778,False,False
pytorch/pytorch,139700577,2025-11-14 05:35:34+00:00,2025-11-14 10:48:24+00:00,5.213888888888889,False,False
pytorch/pytorch,139700577,2025-11-14 19:24:50+00:00,2025-11-15 05:00:00+00:00,9.58611111111111,False,False
pytorch/pytorch,139700577,2025-11-15 03:26:43+00:00,2025-11-15 09:43:48+00:00,6.284722222222222,False,False
pytorch/pytorch,139700577,2025-11-15 05:55:13+00:00,2025-11-15 09:44:43+00:00,3.825,False,False
pytorch/pytorch,139700577,2025-11-15 08:29:17+00:00,2025-11-16 04:25:05+00:00,19.93,False,False
pytorch/pytorch,139700577,2025-11-24 04:26:28+00:00,2025-11-24 10:27:59+00:00,6.025277777777778,False,False
pytorch/pytorch,139700577,2025-11-24 17:35:53+00:00,2025-11-24 21:32:06+00:00,3.9369444444444444,False,False
pytorch/pytorch,139700577,2025-11-24 21:11:44+00:00,2025-11-25 01:20:02+00:00,4.138333333333334,False,False
pytorch/pytorch,139700577,2025-11-24 23:26:04+00:00,2025-12-15 08:26:35+00:00,489.0086111111111,False,False
pytorch/pytorch,139700577,2025-12-15 17:47:07+00:00,2025-12-15 22:30:45+00:00,4.727222222222222,False,False
pytorch/pytorch,139700577,2025-12-15 21:55:50+00:00,2025-12-16 03:18:58+00:00,5.385555555555555,False,False
pytorch/pytorch,139700577,2025-12-15 22:58:39+00:00,2025-12-16 06:01:15+00:00,7.043333333333333,False,False
pytorch/pytorch,139700577,2025-12-16 02:24:20+00:00,2025-12-16 11:48:54+00:00,9.409444444444444,False,False
pytorch/pytorch,139700577,2025-12-31 09:05:14+00:00,2026-01-15 02:41:27+00:00,353.6036111111111,False,False
pytorch/pytorch,139700577,2026-01-15 16:41:41+00:00,2026-01-15 22:20:39+00:00,5.649444444444445,False,False
pytorch/pytorch,139700577,2026-01-15 21:04:09+00:00,2026-01-16 00:47:04+00:00,3.7152777777777777,False,False
pytorch/pytorch,139700577,2026-01-15 23:02:10+00:00,2026-01-16 02:26:46+00:00,3.41,False,False
pytorch/pytorch,140072819,2025-10-15 17:38:57+00:00,2025-10-15 21:56:35+00:00,4.293888888888889,False,False
pytorch/pytorch,140072819,2025-10-15 19:44:34+00:00,2025-10-15 23:17:44+00:00,3.5527777777777776,False,False
pytorch/pytorch,140072819,2025-10-15 20:02:37+00:00,2025-10-15 23:54:36+00:00,3.866388888888889,False,False
pytorch/pytorch,140072819,2025-10-16 01:31:55+00:00,2025-10-16 05:25:19+00:00,3.89,False,False
pytorch/pytorch,140072819,2025-10-31 00:49:14+00:00,2025-10-31 03:36:31+00:00,2.7880555555555557,False,False
pytorch/pytorch,140072819,2025-10-31 20:22:39+00:00,2025-10-31 23:34:27+00:00,3.1966666666666668,False,False
pytorch/pytorch,140072819,2025-11-14 21:56:26+00:00,2025-11-15 03:33:36+00:00,5.6194444444444445,False,False
pytorch/pytorch,140072819,2025-11-15 03:26:43+00:00,2025-11-15 08:49:06+00:00,5.373055555555555,False,False
pytorch/pytorch,140072819,2025-11-24 14:24:25+00:00,2025-11-24 19:01:03+00:00,4.610555555555556,False,False
pytorch/pytorch,140072819,2025-11-24 19:25:53+00:00,2025-11-24 23:07:18+00:00,3.6902777777777778,False,False
pytorch/pytorch,140072819,2025-11-24 20:10:57+00:00,2025-11-24 23:36:21+00:00,3.4233333333333333,False,False
pytorch/pytorch,140072819,2025-11-24 23:26:04+00:00,2025-12-01 21:26:37+00:00,166.00916666666666,False,False
pytorch/pytorch,140072819,2025-12-30 15:03:58+00:00,2025-12-30 18:36:41+00:00,3.5452777777777778,False,False
pytorch/pytorch,140072819,2025-12-30 19:51:18+00:00,2025-12-31 00:42:34+00:00,4.854444444444445,False,False
pytorch/pytorch,140072819,2025-12-31 05:35:15+00:00,2025-12-31 09:37:15+00:00,4.033333333333333,False,False
pytorch/pytorch,140072819,2025-12-31 17:05:39+00:00,2025-12-31 20:36:52+00:00,3.520277777777778,False,False
pytorch/pytorch,140072819,2025-12-31 19:10:15+00:00,2026-01-01 03:26:37+00:00,8.272777777777778,False,False
pytorch/pytorch,140072819,2025-12-31 23:47:38+00:00,2026-01-01 02:37:42+00:00,2.8344444444444443,False,False
pytorch/pytorch,140072819,2026-01-16 08:38:40+00:00,2026-01-16 12:51:37+00:00,4.215833333333333,False,False
pytorch/pytorch,72860611,2025-10-31 17:24:01+00:00,2025-10-31 20:26:48+00:00,3.046388888888889,False,False
pytorch/pytorch,16521569,2025-10-15 04:32:54+00:00,2025-10-15 07:31:45+00:00,2.9808333333333334,False,False
pytorch/pytorch,16521569,2025-10-15 17:47:28+00:00,2025-10-15 21:28:54+00:00,3.6905555555555556,False,False
pytorch/pytorch,16521569,2025-10-15 18:32:07+00:00,2025-10-15 22:05:02+00:00,3.548611111111111,False,False
pytorch/pytorch,16521569,2025-10-15 19:26:55+00:00,2025-10-15 22:37:46+00:00,3.180833333333333,False,False
pytorch/pytorch,16521569,2025-10-15 20:00:29+00:00,2025-10-15 22:54:21+00:00,2.897777777777778,False,False
pytorch/pytorch,16521569,2025-10-15 21:58:21+00:00,2025-10-16 01:02:21+00:00,3.066666666666667,False,False
pytorch/pytorch,16521569,2025-10-16 01:50:57+00:00,2025-10-16 06:51:43+00:00,5.012777777777778,False,False
pytorch/pytorch,16521569,2025-10-16 04:59:52+00:00,2025-10-16 11:41:26+00:00,6.692777777777778,False,False
pytorch/pytorch,16521569,2025-10-16 09:09:07+00:00,2025-10-16 14:03:40+00:00,4.909166666666667,False,False
pytorch/pytorch,16521569,2025-10-16 16:33:51+00:00,2025-10-31 03:49:51+00:00,347.26666666666665,False,False
pytorch/pytorch,16521569,2025-10-31 00:56:07+00:00,2025-10-31 05:31:08+00:00,4.583611111111111,False,False
pytorch/pytorch,16521569,2025-10-31 03:52:26+00:00,2025-10-31 16:00:14+00:00,12.13,False,False
pytorch/pytorch,16521569,2025-10-31 15:11:34+00:00,2025-10-31 18:22:23+00:00,3.180277777777778,False,False
pytorch/pytorch,16521569,2025-10-31 19:37:31+00:00,2025-10-31 23:14:12+00:00,3.611388888888889,False,False
pytorch/pytorch,16521569,2025-10-31 21:24:11+00:00,2025-11-01 00:52:29+00:00,3.4716666666666667,False,False
pytorch/pytorch,16521569,2025-10-31 21:58:57+00:00,2025-11-01 01:28:22+00:00,3.4902777777777776,False,False
pytorch/pytorch,16521569,2025-11-14 03:51:49+00:00,2025-11-14 08:21:10+00:00,4.489166666666667,False,False
pytorch/pytorch,16521569,2025-11-14 05:35:34+00:00,2025-11-14 10:26:04+00:00,4.841666666666667,False,False
pytorch/pytorch,16521569,2025-11-14 16:16:41+00:00,2025-11-14 20:35:50+00:00,4.319166666666667,False,False
pytorch/pytorch,16521569,2025-11-14 19:46:01+00:00,2025-11-14 23:28:41+00:00,3.7111111111111112,False,False
pytorch/pytorch,16521569,2025-11-14 23:14:44+00:00,2025-11-15 04:13:50+00:00,4.985,False,False
pytorch/pytorch,16521569,2025-11-15 03:26:57+00:00,2025-11-15 08:32:56+00:00,5.099722222222222,False,False
pytorch/pytorch,16521569,2025-11-23 19:04:17+00:00,2025-11-23 23:17:00+00:00,4.211944444444445,False,False
pytorch/pytorch,16521569,2025-11-24 06:35:47+00:00,2025-11-24 12:15:28+00:00,5.661388888888889,False,False
pytorch/pytorch,16521569,2025-11-24 21:19:57+00:00,2025-11-25 00:44:18+00:00,3.4058333333333333,False,False
pytorch/pytorch,16521569,2025-11-24 23:26:04+00:00,2025-11-27 23:05:13+00:00,71.6525,False,False
pytorch/pytorch,16521569,2025-11-27 20:59:53+00:00,2025-11-28 00:17:28+00:00,3.2930555555555556,False,False
pytorch/pytorch,16521569,2025-11-28 00:51:07+00:00,2025-11-28 05:45:29+00:00,4.9061111111111115,False,False
pytorch/pytorch,16521569,2025-11-28 03:11:05+00:00,2025-11-28 23:23:03+00:00,20.199444444444445,False,False
pytorch/pytorch,16521569,2025-11-30 19:29:19+00:00,2025-12-15 07:48:18+00:00,348.31638888888887,False,False
pytorch/pytorch,16521569,2025-12-15 22:58:39+00:00,2025-12-16 00:35:50+00:00,1.6197222222222223,False,False
pytorch/pytorch,16521569,2026-01-08 00:12:54+00:00,2026-01-08 02:02:31+00:00,1.8269444444444445,False,False
pytorch/pytorch,16521569,2026-01-08 00:36:46+00:00,2026-01-08 03:45:48+00:00,3.1505555555555556,False,False
pytorch/pytorch,16521569,2026-01-14 23:01:49+00:00,2026-01-15 02:17:45+00:00,3.2655555555555558,False,False
pytorch/pytorch,16521569,2026-01-15 05:40:49+00:00,2026-01-15 08:51:06+00:00,3.171388888888889,False,False
pytorch/pytorch,16521569,2026-01-15 06:16:10+00:00,2026-01-15 09:35:13+00:00,3.3175,False,False
pytorch/pytorch,16521569,2026-01-15 16:41:41+00:00,2026-01-15 21:54:45+00:00,5.217777777777778,False,False
pytorch/pytorch,16521569,2026-01-16 00:55:58+00:00,2026-01-16 05:01:54+00:00,4.098888888888889,False,False
pytorch/pytorch,16521569,2026-01-30 03:07:15+00:00,2026-01-31 00:28:20+00:00,21.351388888888888,False,False
pytorch/pytorch,16521569,2026-01-30 20:49:45+00:00,2026-01-31 00:46:47+00:00,3.9505555555555554,False,False
pytorch/pytorch,16521569,2026-01-30 23:36:14+00:00,2026-01-31 03:01:02+00:00,3.4133333333333336,False,False
pytorch/pytorch,16521569,2026-01-30 23:54:41+00:00,2026-01-31 03:10:11+00:00,3.2583333333333333,False,False
pytorch/pytorch,16521569,2026-02-13 06:06:09+00:00,2026-02-13 21:16:28+00:00,15.171944444444444,False,False
pytorch/pytorch,16521569,2026-02-13 18:19:59+00:00,2026-02-27 21:39:42+00:00,339.3286111111111,False,False
pytorch/pytorch,16521569,2026-02-27 21:48:17+00:00,2026-02-28 02:12:50+00:00,4.409166666666667,False,False
pytorch/pytorch,16521569,2026-02-28 04:51:14+00:00,2026-02-28 08:19:32+00:00,3.4716666666666667,False,False
pytorch/pytorch,16521569,2026-02-28 05:37:29+00:00,2026-02-28 15:17:20+00:00,9.664166666666667,False,False
pytorch/pytorch,16521569,2026-02-28 11:43:56+00:00,2026-02-28 16:15:43+00:00,4.529722222222222,False,False
pytorch/pytorch,16521569,2026-02-28 12:23:03+00:00,2026-02-28 17:27:43+00:00,5.0777777777777775,False,False
pytorch/pytorch,16521569,2026-02-28 14:18:51+00:00,2026-02-28 18:12:23+00:00,3.8922222222222222,False,False
pytorch/pytorch,16521569,2026-02-28 16:54:57+00:00,2026-02-28 21:22:34+00:00,4.460277777777778,False,False
pytorch/pytorch,16521569,2026-02-28 19:59:35+00:00,2026-03-01 01:39:25+00:00,5.663888888888889,False,False
pytorch/pytorch,16521569,2026-03-13 18:47:41+00:00,2026-03-13 22:44:04+00:00,3.939722222222222,False,False
pytorch/pytorch,16521569,2026-03-14 00:39:26+00:00,2026-03-14 04:24:59+00:00,3.7591666666666668,False,False
pytorch/pytorch,16521569,2026-03-14 01:39:36+00:00,2026-03-14 04:46:35+00:00,3.116388888888889,False,False
pytorch/pytorch,16521569,2026-03-14 09:32:38+00:00,2026-03-14 13:55:11+00:00,4.3758333333333335,False,False
pytorch/pytorch,16521569,2026-03-14 17:42:48+00:00,2026-03-14 23:21:10+00:00,5.639444444444444,False,False
pytorch/pytorch,16521569,2026-03-15 04:49:24+00:00,2026-03-15 12:22:54+00:00,7.558333333333334,False,False
pytorch/pytorch,16521569,2026-03-15 13:24:52+00:00,2026-03-15 23:06:42+00:00,9.697222222222223,False,False
pytorch/pytorch,16521569,2026-03-15 20:47:38+00:00,2026-03-16 02:06:30+00:00,5.314444444444445,False,False
pytorch/pytorch,16521569,2026-03-15 23:00:56+00:00,2026-03-16 02:47:37+00:00,3.7780555555555555,False,False
pytorch/pytorch,16521569,2026-03-15 23:24:40+00:00,2026-03-16 04:25:22+00:00,5.011666666666667,False,False
pytorch/pytorch,16521569,2026-03-16 03:35:48+00:00,2026-03-16 08:23:30+00:00,4.795,False,False
pytorch/pytorch,16521569,2026-03-16 05:57:55+00:00,2026-03-16 06:22:09+00:00,0.4038888888888889,False,False
pytorch/pytorch,16521569,2026-03-30 20:19:25+00:00,2026-03-30 23:55:24+00:00,3.5997222222222223,False,False
pytorch/pytorch,16521569,2026-03-30 20:45:01+00:00,2026-03-31 01:07:41+00:00,4.377777777777778,False,False
pytorch/pytorch,16521569,2026-03-30 22:36:13+00:00,2026-03-31 03:53:15+00:00,5.283888888888889,False,False
pytorch/pytorch,16521569,2026-03-31 03:48:51+00:00,2026-03-31 08:40:22+00:00,4.858611111111111,False,False
pytorch/pytorch,16521569,2026-03-31 08:10:27+00:00,2026-03-31 12:20:33+00:00,4.168333333333333,False,False
pytorch/pytorch,16521569,2026-03-31 12:26:00+00:00,2026-03-31 16:41:39+00:00,4.260833333333333,False,False
pytorch/pytorch,16521569,2026-03-31 12:53:12+00:00,2026-03-31 17:00:03+00:00,4.114166666666667,False,False
pytorch/pytorch,16521569,2026-03-31 14:30:41+00:00,2026-03-31 18:04:57+00:00,3.571111111111111,False,False
pytorch/pytorch,16521569,2026-03-31 15:33:43+00:00,2026-03-31 20:10:22+00:00,4.610833333333333,False,False
pytorch/pytorch,16521569,2026-03-31 18:24:47+00:00,2026-03-31 23:09:17+00:00,4.741666666666666,False,False
pytorch/pytorch,16521569,2026-03-31 19:45:29+00:00,2026-03-31 20:21:22+00:00,0.5980555555555556,False,False
pytorch/pytorch,16521569,2026-03-31 21:36:10+00:00,2026-04-01 01:57:36+00:00,4.357222222222222,False,False
pytorch/pytorch,16521569,2026-03-31 22:48:37+00:00,2026-04-01 03:35:10+00:00,4.775833333333333,False,False
pytorch/pytorch,16521569,2026-03-31 23:59:37+00:00,2026-04-15 01:28:16+00:00,337.4775,False,False
pytorch/pytorch,16521569,2026-04-14 22:21:22+00:00,2026-04-15 01:37:35+00:00,3.270277777777778,False,False
pytorch/pytorch,16521569,2026-04-15 00:12:46+00:00,2026-04-15 01:54:47+00:00,1.7002777777777778,False,False
pytorch/pytorch,16521569,2026-04-15 02:40:10+00:00,2026-04-15 06:16:15+00:00,3.6013888888888888,False,False
pytorch/pytorch,16521569,2026-04-15 03:50:12+00:00,2026-04-15 04:38:23+00:00,0.8030555555555555,False,False
pytorch/pytorch,16521569,2026-04-15 05:54:26+00:00,2026-04-15 10:58:16+00:00,5.063888888888889,False,False
pytorch/pytorch,16521569,2026-04-15 08:22:15+00:00,2026-04-15 14:04:41+00:00,5.707222222222223,False,False
pytorch/pytorch,16521569,2026-04-15 11:39:11+00:00,2026-04-15 14:35:18+00:00,2.935277777777778,False,False
pytorch/pytorch,16521569,2026-04-15 13:26:18+00:00,2026-04-15 17:16:55+00:00,3.843611111111111,False,False
pytorch/pytorch,16521569,2026-04-15 16:38:11+00:00,2026-04-15 20:36:16+00:00,3.9680555555555554,False,False
pytorch/pytorch,16521569,2026-04-15 18:57:46+00:00,2026-04-15 21:54:59+00:00,2.953611111111111,False,False
pytorch/pytorch,16521569,2026-04-15 19:40:43+00:00,2026-04-15 23:10:26+00:00,3.495277777777778,False,False
pytorch/pytorch,16521569,2026-04-15 20:05:21+00:00,2026-04-16 00:03:04+00:00,3.9619444444444443,False,False
pytorch/pytorch,16521569,2026-04-15 21:48:00+00:00,2026-04-16 00:46:45+00:00,2.9791666666666665,False,False
pytorch/pytorch,16521569,2026-04-15 23:23:34+00:00,2026-04-16 00:23:32+00:00,0.9994444444444445,False,False
pytorch/pytorch,16521569,2026-04-16 02:17:54+00:00,2026-04-30 00:52:34+00:00,334.5777777777778,False,False
pytorch/pytorch,16521569,2026-04-30 16:42:51+00:00,2026-04-30 19:49:20+00:00,3.1080555555555556,False,False
pytorch/pytorch,16521569,2026-04-30 17:52:28+00:00,2026-05-15 09:41:40+00:00,351.82,False,False
pytorch/pytorch,16521569,2026-05-15 07:19:15+00:00,2026-05-15 10:29:12+00:00,3.1658333333333335,False,False
pytorch/pytorch,16521569,2026-05-15 09:31:46+00:00,2026-05-15 16:37:40+00:00,7.098333333333334,False,False
pytorch/pytorch,16521569,2026-05-15 13:24:54+00:00,2026-05-15 16:48:06+00:00,3.3866666666666667,False,False
pytorch/pytorch,16521569,2026-05-15 14:30:29+00:00,2026-05-15 19:00:04+00:00,4.493055555555555,False,False
pytorch/pytorch,16521569,2026-05-15 16:17:42+00:00,2026-05-15 19:23:25+00:00,3.0952777777777776,False,False
pytorch/pytorch,16521569,2026-05-15 16:36:01+00:00,2026-05-15 19:53:04+00:00,3.2841666666666667,False,False
pytorch/pytorch,16521569,2026-05-15 17:14:17+00:00,2026-05-15 20:22:10+00:00,3.131388888888889,False,False
pytorch/pytorch,16521569,2026-05-15 17:31:20+00:00,2026-05-15 19:22:21+00:00,1.8502777777777777,False,False
pytorch/pytorch,16521569,2026-05-15 18:47:39+00:00,2026-05-16 02:55:05+00:00,8.123888888888889,False,False
pytorch/pytorch,16521569,2026-05-16 00:50:40+00:00,2026-05-16 04:38:06+00:00,3.7905555555555557,False,False
pytorch/pytorch,16521569,2026-05-16 01:54:15+00:00,2026-05-16 07:05:53+00:00,5.193888888888889,False,False
pytorch/pytorch,16521569,2026-05-16 04:21:19+00:00,2026-05-16 07:46:34+00:00,3.4208333333333334,False,False
pytorch/pytorch,16521569,2026-05-16 07:58:57+00:00,2026-05-16 14:13:50+00:00,6.248055555555555,False,False
pytorch/pytorch,16521569,2026-05-29 17:31:59+00:00,2026-05-29 23:34:41+00:00,6.045,False,False
pytorch/pytorch,16521569,2026-05-29 20:20:12+00:00,2026-05-30 02:12:57+00:00,5.879166666666666,False,False
pytorch/pytorch,16521569,2026-05-30 00:30:58+00:00,2026-05-30 03:45:25+00:00,3.2408333333333332,False,False
pytorch/pytorch,16521569,2026-05-30 01:32:00+00:00,2026-05-30 04:40:02+00:00,3.133888888888889,False,False
pytorch/pytorch,16521569,2026-05-30 03:27:37+00:00,2026-05-30 06:45:39+00:00,3.3005555555555555,False,False
pytorch/pytorch,16521569,2026-05-30 11:05:29+00:00,2026-05-30 14:01:40+00:00,2.9363888888888887,False,False
pytorch/pytorch,16521569,2026-05-30 16:17:25+00:00,2026-05-30 20:29:30+00:00,4.201388888888889,False,False
pytorch/pytorch,16521569,2026-05-30 22:15:06+00:00,2026-05-31 03:10:04+00:00,4.916111111111111,False,False
pytorch/pytorch,16521569,2026-06-14 21:07:43+00:00,2026-06-15 00:35:03+00:00,3.4555555555555557,False,False
pytorch/pytorch,16521569,2026-06-14 23:29:55+00:00,2026-06-15 02:36:24+00:00,3.1080555555555556,False,False
pytorch/pytorch,16521569,2026-06-15 04:01:51+00:00,2026-06-15 09:31:08+00:00,5.4880555555555555,False,False
pytorch/pytorch,16521569,2026-06-15 05:54:31+00:00,2026-06-15 09:45:32+00:00,3.850277777777778,False,False
pytorch/pytorch,16521569,2026-06-15 13:31:42+00:00,2026-06-15 17:15:03+00:00,3.7225,False,False
pytorch/pytorch,16521569,2026-06-15 15:23:52+00:00,2026-06-15 18:55:44+00:00,3.531111111111111,False,False
pytorch/pytorch,16521569,2026-06-15 15:26:34+00:00,2026-06-15 18:53:59+00:00,3.4569444444444444,False,False
pytorch/pytorch,16521569,2026-06-15 16:13:29+00:00,2026-06-15 19:27:54+00:00,3.2402777777777776,False,False
pytorch/pytorch,16521569,2026-06-15 18:46:14+00:00,2026-06-15 22:35:23+00:00,3.819166666666667,False,False
pytorch/pytorch,16521569,2026-06-15 21:37:21+00:00,2026-06-16 00:41:07+00:00,3.062777777777778,False,False
pytorch/pytorch,16521569,2026-06-16 03:34:51+00:00,2026-06-29 11:35:10+00:00,320.0052777777778,False,False
pytorch/pytorch,16521569,2026-06-29 15:09:17+00:00,2026-06-29 19:16:29+00:00,4.12,False,False
pytorch/pytorch,16521569,2026-06-29 16:01:52+00:00,2026-06-29 19:18:50+00:00,3.2827777777777776,False,False
pytorch/pytorch,16521569,2026-06-29 22:10:16+00:00,2026-06-30 02:13:49+00:00,4.059166666666667,False,False
pytorch/pytorch,16521569,2026-06-30 17:09:56+00:00,2026-06-30 19:49:16+00:00,2.6555555555555554,False,False
pytorch/pytorch,16521569,2026-06-30 17:30:57+00:00,2026-06-30 20:13:19+00:00,2.706111111111111,False,False
pytorch/pytorch,16521569,2026-06-30 19:17:12+00:00,2026-07-01 00:32:04+00:00,5.247777777777777,False,False
pytorch/pytorch,16521569,2026-07-15 13:35:20+00:00,2026-07-15 20:58:22+00:00,7.3838888888888885,False,False
pytorch/pytorch,16521569,2026-07-16 04:55:09+00:00,2026-07-16 07:34:53+00:00,2.6622222222222223,False,False
pytorch/pytorch,16521569,2026-07-30 17:45:23+00:00,2026-07-30 19:01:00+00:00,1.2602777777777778,False,False
pytorch/pytorch,16521569,2026-07-30 21:39:56+00:00,2026-07-30 23:55:20+00:00,2.256666666666667,False,False
pytorch/pytorch,16521569,2026-07-31 01:07:05+00:00,2026-07-31 03:03:10+00:00,1.9347222222222222,False,False
pytorch/pytorch,16521569,2026-08-14 17:54:24+00:00,2026-08-14 19:22:24+00:00,1.4666666666666666,False,False
pytorch/pytorch,16521569,2026-08-14 21:00:47+00:00,2026-08-14 22:26:21+00:00,1.426111111111111,False,False
pytorch/pytorch,16521569,2026-08-31 01:12:29+00:00,2026-08-31 03:20:32+00:00,2.1341666666666668,False,False
pytorch/pytorch,16521569,2026-09-15 09:14:23+00:00,2026-09-15 10:46:33+00:00,1.5361111111111112,False,False
pytorch/pytorch,16521569,2026-09-29 23:24:33+00:00,2026-09-30 01:40:50+00:00,2.2713888888888887,False,False
pytorch/pytorch,16521569,2026-09-30 18:29:47+00:00,2026-09-30 20:16:44+00:00,1.7825,False,False
dotnet/ClangSharp,15886465,2025-11-01 14:52:35+00:00,2025-11-01 15:28:10+00:00,0.5930555555555556,False,False
dotnet/ClangSharp,15886465,2026-01-07 21:41:39+00:00,2026-03-13 19:37:15+00:00,1557.9266666666667,False,False
dotnet/ClangSharp,15886465,2026-07-10 05:19:10+00:00,2026-07-15 00:13:32+00:00,114.90611111111112,False,False
dotnet/ClangSharp,15886465,2026-07-15 04:01:42+00:00,2026-07-15 04:56:39+00:00,0.9158333333333334,False,False
dotnet/ClangSharp,15886465,2026-08-23 14:39:59+00:00,2026-09-02 13:02:34+00:00,238.3763888888889,False,False
GoogleCloudPlatform/cloud-foundation-toolkit,982817,2025-10-24 17:13:36+00:00,2025-10-24 19:14:38+00:00,2.0172222222222222,False,False
autobrr/netronome,143684451,2026-05-31 11:51:59+00:00,2026-05-31 13:21:47+00:00,1.4966666666666666,False,False
autobrr/netronome,143684451,2026-07-27 14:05:04+00:00,2026-07-27 14:16:45+00:00,0.1947222222222222,False,False
autobrr/netronome,143684451,2026-07-28 06:06:54+00:00,2026-07-28 07:07:07+00:00,1.003611111111111,False,False
pytorch/pytorch,126988696,2026-03-31 20:07:34+00:00,2026-04-15 23:29:08+00:00,363.3594444444444,False,False
pytorch/pytorch,106272409,2026-03-30 20:23:06+00:00,2026-03-31 17:18:39+00:00,20.925833333333333,False,False
pytorch/pytorch,106272409,2026-03-31 16:08:25+00:00,2026-04-15 23:29:54+00:00,367.35805555555555,False,False
pytorch/pytorch,106272409,2026-06-15 20:21:13+00:00,2026-06-15 22:14:50+00:00,1.8936111111111111,False,False
pytorch/pytorch,21588777,2025-11-14 23:14:44+00:00,2025-12-30 02:06:41+00:00,1082.8658333333333,False,False
pytorch/pytorch,21588777,2026-04-30 17:38:41+00:00,2026-04-30 19:47:10+00:00,2.141388888888889,False,False
pytorch/pytorch,21588777,2026-06-15 23:53:20+00:00,2026-06-16 01:26:51+00:00,1.5586111111111112,False,False
pytorch/pytorch,21588777,2026-07-16 02:01:33+00:00,2026-07-30 14:53:30+00:00,348.86583333333334,False,False
GoogleCloudPlatform/cloud-foundation-toolkit,1408950,2026-05-19 17:41:28+00:00,2026-05-19 21:41:50+00:00,4.006111111111111,False,False
safing/portmaster,91632302,2025-10-17 20:51:22+00:00,2025-12-17 10:05:44+00:00,1453.2394444444444,False,False
safing/portmaster,91632302,2026-03-10 13:12:56+00:00,2026-03-11 08:30:26+00:00,19.291666666666668,False,False
safing/portmaster,91632302,2026-06-11 12:50:06+00:00,2026-06-11 13:00:34+00:00,0.17444444444444446,False,False
safing/portmaster,91632302,2026-08-14 10:32:24+00:00,2026-09-09 14:29:24+00:00,627.95,False,False
safing/portmaster,91632302,2026-09-30 12:51:25+00:00,,,True,False
deepdoctection/deepdoctection,35942494,2025-12-17 21:52:38+00:00,2025-12-29 18:24:41+00:00,284.5341666666667,False,False
deepdoctection/deepdoctection,35942494,2026-01-06 15:35:23+00:00,2026-01-06 15:47:01+00:00,0.1938888888888889,False,False
deepdoctection/deepdoctection,38245847,2026-01-06 15:35:23+00:00,2026-01-06 15:48:39+00:00,0.22111111111111112,False,False
deepdoctection/deepdoctection,38245847,2026-01-07 09:41:15+00:00,2026-01-07 09:59:48+00:00,0.30916666666666665,False,False
deepdoctection/deepdoctection,38245847,2026-01-08 08:00:34+00:00,2026-01-08 08:36:20+00:00,0.5961111111111111,False,False
deepdoctection/deepdoctection,38245847,2026-03-14 09:56:52+00:00,2026-03-14 10:02:35+00:00,0.09527777777777778,False,False
deepdoctection/deepdoctection,38245847,2026-03-31 09:03:36+00:00,2026-03-31 09:17:26+00:00,0.23055555555555557,False,False
OneDragon-Anything/ZenlessZoneZero-OneDragon,198936770,2025-10-20 05:08:00+00:00,2025-10-21 04:15:49+00:00,23.130277777777778,False,False
OneDragon-Anything/ZenlessZoneZero-OneDragon,198936770,2025-11-03 12:40:49+00:00,2025-11-06 10:29:41+00:00,69.81444444444445,False,False
OneDragon-Anything/ZenlessZoneZero-OneDragon,198936770,2025-11-10 06:31:02+00:00,2025-11-12 09:49:54+00:00,51.31444444444445,False,False
OneDragon-Anything/ZenlessZoneZero-OneDragon,198936770,2025-11-17 16:23:28+00:00,2025-11-18 16:10:08+00:00,23.77777777777778,False,False
OneDragon-Anything/ZenlessZoneZero-OneDragon,198936770,2025-11-18 20:10:30+00:00,2025-11-20 05:38:06+00:00,33.46,False,False
OneDragon-Anything/ZenlessZoneZero-OneDragon,198936770,2025-11-20 20:11:25+00:00,2025-11-22 01:06:10+00:00,28.9125,False,False
OneDragon-Anything/ZenlessZoneZero-OneDragon,198936770,2025-11-24 02:57:33+00:00,2025-11-26 04:57:33+00:00,50.0,False,False
OneDragon-Anything/ZenlessZoneZero-OneDragon,198936770,2025-12-01 16:24:09+00:00,2025-12-04 13:08:25+00:00,68.73777777777778,False,False
OneDragon-Anything/ZenlessZoneZero-OneDragon,198936770,2025-12-21 18:47:59+00:00,2025-12-23 15:53:22+00:00,45.08972222222222,False,False
OneDragon-Anything/ZenlessZoneZero-OneDragon,198936770,2025-12-29 08:01:47+00:00,2025-12-30 08:20:23+00:00,24.31,False,False
OneDragon-Anything/ZenlessZoneZero-OneDragon,198936770,2025-12-31 12:55:12+00:00,2026-01-06 14:33:54+00:00,145.645,False,False
OneDragon-Anything/ZenlessZoneZero-OneDragon,198936770,2026-01-08 13:48:21+00:00,2026-01-09 07:27:44+00:00,17.656388888888888,False,False
OneDragon-Anything/ZenlessZoneZero-OneDragon,198936770,2026-01-13 15:27:01+00:00,2026-02-11 16:36:04+00:00,697.1508333333334,False,False
OneDragon-Anything/ZenlessZoneZero-OneDragon,198936770,2026-02-16 17:09:54+00:00,2026-02-18 08:36:10+00:00,39.437777777777775,False,False
OneDragon-Anything/ZenlessZoneZero-OneDragon,198936770,2026-03-03 20:03:55+00:00,2026-03-04 19:07:46+00:00,23.064166666666665,False,False
OneDragon-Anything/ZenlessZoneZero-OneDragon,198936770,2026-03-05 09:39:22+00:00,2026-03-16 11:03:31+00:00,265.4025,False,False
OneDragon-Anything/ZenlessZoneZero-OneDragon,198936770,2026-03-24 05:04:41+00:00,2026-03-25 09:07:22+00:00,28.044722222222223,False,False
OneDragon-Anything/ZenlessZoneZero-OneDragon,198936770,2026-05-04 09:02:03+00:00,2026-05-04 16:02:36+00:00,7.009166666666666,False,False
OneDragon-Anything/ZenlessZoneZero-OneDragon,198936770,2026-05-08 19:37:58+00:00,2026-05-09 08:02:46+00:00,12.413333333333334,False,False
OneDragon-Anything/ZenlessZoneZero-OneDragon,198936770,2026-06-17 16:48:59+00:00,2026-06-19 15:51:41+00:00,47.045,False,False
OneDragon-Anything/ZenlessZoneZero-OneDragon,198936770,2026-06-29 12:26:08+00:00,2026-06-29 16:09:00+00:00,3.7144444444444447,False,False
OneDragon-Anything/ZenlessZoneZero-OneDragon,198936770,2026-07-18 15:07:12+00:00,2026-07-19 05:48:20+00:00,14.685555555555556,False,False
OneDragon-Anything/ZenlessZoneZero-OneDragon,198936770,2026-07-19 05:59:50+00:00,2026-07-20 06:38:34+00:00,24.645555555555557,False,False
OneDragon-Anything/ZenlessZoneZero-OneDragon,198936770,2026-07-20 15:11:49+00:00,2026-07-21 12:05:28+00:00,20.894166666666667,False,False
OneDragon-Anything/ZenlessZoneZero-OneDragon,198936770,2026-07-22 11:34:37+00:00,2026-07-23 10:16:17+00:00,22.694444444444443,False,False
OneDragon-Anything/ZenlessZoneZero-OneDragon,198936770,2026-07-28 07:53:15+00:00,2026-07-29 03:52:07+00:00,19.98111111111111,False,False
OneDragon-Anything/ZenlessZoneZero-OneDragon,198936770,2026-07-29 09:33:52+00:00,2026-07-31 06:30:33+00:00,44.944722222222225,False,False
OneDragon-Anything/ZenlessZoneZero-OneDragon,198936770,2026-08-02 09:52:45+00:00,2026-08-03 15:13:57+00:00,29.35333333333333,False,False
OneDragon-Anything/ZenlessZoneZero-OneDragon,198936770,2026-08-06 16:58:39+00:00,2026-08-07 01:59:32+00:00,9.014722222222222,False,False
motiondivision/motion-vue,153989024,2026-02-13 06:46:26+00:00,2026-02-13 07:01:22+00:00,0.24888888888888888,False,False
motiondivision/motion-vue,149901793,2026-01-24 17:15:07+00:00,2026-01-25 14:10:10+00:00,20.9175,False,False
motiondivision/motion-vue,149901793,2026-02-13 06:46:26+00:00,2026-02-13 06:58:54+00:00,0.20777777777777778,False,False
longbridge/gpui-kit,199282909,2025-10-21 07:18:44+00:00,2025-10-21 07:25:03+00:00,0.10527777777777778,False,False
longbridge/gpui-kit,199282909,2025-10-28 13:22:34+00:00,2025-10-28 13:38:06+00:00,0.2588888888888889,False,False
longbridge/gpui-kit,199282909,2025-11-04 12:59:42+00:00,2025-11-04 13:26:57+00:00,0.45416666666666666,False,False
qarmin/czkawka,2890589,2026-09-08 06:55:48+00:00,2026-09-09 06:54:23+00:00,23.976388888888888,False,False
qarmin/czkawka,2890581,2026-01-30 16:31:48+00:00,2026-01-31 18:27:14+00:00,25.92388888888889,False,False
qarmin/czkawka,2890581,2026-06-29 21:20:02+00:00,2026-07-06 19:15:44+00:00,165.92833333333334,False,False
qarmin/czkawka,2890581,2026-09-08 07:07:30+00:00,2026-09-09 08:35:57+00:00,25.474166666666665,False,False
qarmin/czkawka,2890582,2026-03-07 17:40:51+00:00,2026-03-10 19:50:20+00:00,74.15805555555555,False,False
dagger/dagger,196460909,2025-11-03 02:38:43+00:00,2025-11-03 10:30:37+00:00,7.865,False,False
dagger/dagger,196460909,2025-11-06 00:15:35+00:00,2025-11-06 20:50:46+00:00,20.586388888888887,False,False
dagger/dagger,196460909,2025-11-07 20:20:09+00:00,2025-11-08 00:57:08+00:00,4.616388888888889,False,False
dagger/dagger,196460909,2025-11-10 11:30:50+00:00,2025-11-10 13:51:20+00:00,2.341666666666667,False,False
dagger/dagger,196460909,2025-11-10 18:11:00+00:00,2025-11-11 19:08:51+00:00,24.964166666666667,False,False
dagger/dagger,196460909,2025-11-13 21:15:50+00:00,2025-11-13 23:41:51+00:00,2.433611111111111,False,False
dagger/dagger,196460909,2025-11-14 19:40:32+00:00,2025-11-14 20:09:28+00:00,0.4822222222222222,False,False
dagger/dagger,196460909,2025-11-20 21:19:29+00:00,2025-11-20 21:47:37+00:00,0.4688888888888889,False,False
dagger/dagger,196460908,2025-10-22 16:38:38+00:00,2025-10-22 19:58:55+00:00,3.3380555555555556,False,False
dagger/dagger,196460908,2025-10-22 19:49:40+00:00,2025-10-23 18:43:24+00:00,22.895555555555557,False,False
dagger/dagger,196460908,2025-10-24 21:27:22+00:00,2025-10-25 16:06:25+00:00,18.650833333333335,False,False
dagger/dagger,196460908,2025-10-25 19:09:13+00:00,2025-10-27 11:07:19+00:00,39.968333333333334,False,False
dagger/dagger,196460908,2025-10-27 11:36:31+00:00,2025-10-28 08:12:31+00:00,20.6,False,False
dagger/dagger,196460908,2025-10-28 15:57:36+00:00,2025-10-28 17:05:51+00:00,1.1375,False,False
dagger/dagger,196460908,2025-10-28 19:12:26+00:00,2025-10-29 21:27:11+00:00,26.245833333333334,False,False
dagger/dagger,196460908,2025-10-29 23:14:15+00:00,2025-10-30 14:43:23+00:00,15.485555555555555,False,False
dagger/dagger,196460908,2025-10-31 05:34:24+00:00,2025-11-03 17:54:27+00:00,84.33416666666666,False,False
dagger/dagger,196460908,2025-11-03 20:07:42+00:00,2025-11-04 22:22:16+00:00,26.24277777777778,False,False
dagger/dagger,196460908,2025-11-05 02:22:24+00:00,2025-11-05 03:20:33+00:00,0.9691666666666666,False,False
dagger/dagger,196460908,2025-11-05 19:13:26+00:00,2025-11-05 19:30:05+00:00,0.2775,False,False
dagger/dagger,196460908,2025-11-05 22:05:37+00:00,2025-11-07 20:40:19+00:00,46.57833333333333,False,False
dagger/dagger,196460908,2025-11-07 21:44:52+00:00,2025-11-10 08:16:55+00:00,58.534166666666664,False,False
dagger/dagger,196460908,2025-11-10 11:30:50+00:00,2025-11-10 14:19:12+00:00,2.806111111111111,False,False
dagger/dagger,196460908,2025-11-10 14:29:27+00:00,2025-11-10 18:13:03+00:00,3.7266666666666666,False,False
dagger/dagger,196460908,2025-11-10 18:11:00+00:00,2025-11-11 20:34:22+00:00,26.389444444444443,False,False
dagger/dagger,196460908,2025-11-13 21:15:50+00:00,2025-11-13 23:31:26+00:00,2.26,False,False
dagger/dagger,196460908,2025-11-13 23:36:56+00:00,2025-11-14 18:19:32+00:00,18.71,False,False
dagger/dagger,196460908,2025-11-14 18:50:13+00:00,2025-11-14 20:16:17+00:00,1.4344444444444444,False,False
dagger/dagger,196460908,2025-11-17 19:19:10+00:00,2025-11-19 19:38:18+00:00,48.318888888888885,False,False
dagger/dagger,196460908,2025-11-19 19:36:08+00:00,2025-11-19 19:54:39+00:00,0.3086111111111111,False,False
dagger/dagger,196460908,2025-11-20 00:32:04+00:00,2025-11-20 22:22:35+00:00,21.841944444444444,False,False
dagger/dagger,196460908,2025-11-21 02:48:42+00:00,2025-11-21 18:38:57+00:00,15.8375,False,False
dagger/dagger,196460908,2025-11-21 20:11:41+00:00,2025-11-21 21:07:58+00:00,0.9380555555555555,False,False
dagger/dagger,196460908,2025-11-24 10:12:15+00:00,,,True,False
dagger/dagger,194999201,2025-10-23 17:39:03+00:00,2025-10-23 18:25:53+00:00,0.7805555555555556,False,False
dagger/dagger,194999201,2025-11-13 15:58:05+00:00,2025-11-13 23:25:17+00:00,7.453333333333333,False,False
dagger/dagger,194999201,2025-11-20 21:19:29+00:00,2025-11-20 21:47:08+00:00,0.4608333333333333,False,False
dagger/dagger,196460906,2025-10-24 07:16:36+00:00,2025-10-24 16:19:21+00:00,9.045833333333333,False,False
dagger/dagger,196460906,2025-10-25 15:55:13+00:00,2025-10-25 19:17:12+00:00,3.366388888888889,False,False
dagger/dagger,196460906,2025-10-27 10:56:07+00:00,2025-10-27 15:42:24+00:00,4.771388888888889,False,False
dagger/dagger,196460906,2025-10-28 13:20:49+00:00,2025-10-28 16:04:36+00:00,2.729722222222222,False,False
dagger/dagger,196460906,2025-11-05 22:05:37+00:00,2025-11-05 22:32:36+00:00,0.44972222222222225,False,False
dagger/dagger,196460906,2025-11-07 21:27:52+00:00,2025-11-07 21:54:25+00:00,0.4425,False,False
dagger/dagger,196460906,2025-11-14 18:50:13+00:00,2025-11-14 19:48:44+00:00,0.9752777777777778,False,False
dagger/dagger,196460906,2025-11-17 11:31:34+00:00,2025-11-17 17:47:16+00:00,6.261666666666667,False,False
dagger/dagger,196460906,2025-11-20 20:58:40+00:00,2025-11-20 21:30:40+00:00,0.5333333333333333,False,False
dagger/dagger,199435238,2025-10-25 19:09:13+00:00,2025-10-27 10:58:44+00:00,39.82527777777778,False,False
dagger/dagger,199435238,2025-11-07 21:27:52+00:00,2025-11-07 21:46:40+00:00,0.31333333333333335,False,False
dagger/dagger,199435238,2025-11-14 00:23:15+00:00,2025-11-14 18:53:08+00:00,18.498055555555556,False,False
dagger/dagger,199435238,2025-11-18 18:00:47+00:00,2025-11-18 18:49:56+00:00,0.8191666666666667,False,False
dagger/dagger,199435238,2025-11-19 19:36:08+00:00,2025-11-19 19:40:50+00:00,0.07833333333333334,False,False
dagger/dagger,199435238,2025-11-20 09:25:16+00:00,2025-11-20 17:34:01+00:00,8.145833333333334,False,False
dagger/dagger,196460910,2025-10-30 14:28:45+00:00,2025-10-30 14:32:32+00:00,0.06305555555555556,False,False
dagger/dagger,196460910,2025-10-31 15:58:57+00:00,2025-11-02 07:19:26+00:00,39.341388888888886,False,False
dagger/dagger,196460910,2025-11-05 19:16:29+00:00,2025-11-05 20:23:32+00:00,1.1175,False,False
dagger/dagger,196460910,2025-11-06 20:44:11+00:00,2025-11-07 20:24:33+00:00,23.672777777777778,False,False
dagger/dagger,196460910,2025-11-10 14:03:01+00:00,2025-11-10 14:33:04+00:00,0.5008333333333334,False,False
module-federation/core,200114759,2026-02-06 07:03:10+00:00,2026-02-08 04:23:20+00:00,45.33611111111111,False,False
module-federation/core,200114759,2026-07-16 23:43:51+00:00,2026-07-17 23:38:40+00:00,23.913611111111113,False,False
Suwayomi/Suwayomi-Server,189416507,2026-05-31 21:05:26+00:00,2026-05-31 21:45:06+00:00,0.6611111111111111,False,False
the-momentum/open-wearables,202434423,2025-11-19 22:34:00+00:00,2025-11-24 08:11:35+00:00,105.62638888888888,False,False
the-momentum/open-wearables,202434423,2025-11-25 10:28:39+00:00,2025-11-28 11:26:54+00:00,72.97083333333333,False,False
the-momentum/open-wearables,202434423,2025-11-28 13:49:56+00:00,2025-11-28 14:36:21+00:00,0.7736111111111111,False,False
the-momentum/open-wearables,202434423,2025-11-28 16:19:02+00:00,2025-12-01 07:14:51+00:00,62.930277777777775,False,False
the-momentum/open-wearables,202434423,2025-12-01 12:09:23+00:00,2025-12-01 18:24:25+00:00,6.250555555555556,False,False
the-momentum/open-wearables,202434423,2025-12-08 12:53:51+00:00,2025-12-08 13:25:47+00:00,0.5322222222222223,False,False
the-momentum/open-wearables,202434423,2025-12-11 07:10:36+00:00,2025-12-11 07:26:15+00:00,0.2608333333333333,False,False
the-momentum/open-wearables,202434423,2025-12-18 11:17:35+00:00,2025-12-18 11:25:18+00:00,0.12861111111111112,False,False
the-momentum/open-wearables,202434423,2025-12-19 11:44:33+00:00,2025-12-22 14:38:54+00:00,74.90583333333333,False,False
the-momentum/open-wearables,202434423,2025-12-22 23:50:04+00:00,2025-12-23 13:00:59+00:00,13.181944444444444,False,False
the-momentum/open-wearables,202434423,2026-01-20 14:38:56+00:00,2026-01-20 16:26:09+00:00,1.7869444444444444,False,False
the-momentum/open-wearables,202434423,2026-03-02 14:15:06+00:00,2026-03-02 14:36:10+00:00,0.3511111111111111,False,False
the-momentum/open-wearables,202434423,2026-04-17 08:08:55+00:00,2026-04-17 11:38:28+00:00,3.4925,False,False
the-momentum/open-wearables,202434423,2026-05-04 11:28:51+00:00,2026-05-04 13:32:11+00:00,2.0555555555555554,False,False
the-momentum/open-wearables,202434423,2026-06-16 11:47:21+00:00,2026-06-16 13:59:50+00:00,2.2080555555555557,False,False
the-momentum/open-wearables,202434423,2026-09-23 11:59:02+00:00,2026-09-23 12:06:13+00:00,0.11972222222222222,False,False
cloudflare/vibesdk,203273643,2025-11-03 02:24:23+00:00,2025-11-03 03:00:00+00:00,0.5936111111111111,False,False
cloudflare/vibesdk,203273643,2025-11-04 07:04:23+00:00,2025-11-09 04:39:09+00:00,117.57944444444445,False,False
cloudflare/vibesdk,203273643,2025-11-30 21:33:17+00:00,2025-12-04 05:16:47+00:00,79.725,False,False
cloudflare/vibesdk,203273643,2025-12-09 03:16:00+00:00,2025-12-20 18:46:36+00:00,279.51,False,False
dagger/dagger,199798405,2025-11-04 22:09:01+00:00,2025-11-05 00:43:50+00:00,2.580277777777778,False,False
dagger/dagger,199798405,2025-11-06 00:15:35+00:00,2025-11-08 00:59:23+00:00,48.73,False,False
dagger/dagger,199798405,2025-11-08 09:12:41+00:00,2025-11-10 08:14:30+00:00,47.030277777777776,False,False
dagger/dagger,201785341,2025-11-07 20:20:09+00:00,2025-11-07 20:32:15+00:00,0.20166666666666666,False,False
dagger/dagger,201785341,2025-11-20 17:31:15+00:00,2025-11-20 17:33:46+00:00,0.041944444444444444,False,False
AhmetCanArslan/ShizuWall,203905435,2025-12-15 10:02:28+00:00,2025-12-15 10:10:38+00:00,0.1361111111111111,False,False
AhmetCanArslan/ShizuWall,203905435,2025-12-15 19:31:03+00:00,2025-12-15 20:01:43+00:00,0.5111111111111111,False,False
AhmetCanArslan/ShizuWall,203905435,2026-01-02 16:47:42+00:00,2026-01-02 21:52:23+00:00,5.078055555555555,False,False
AhmetCanArslan/ShizuWall,203905435,2026-01-09 21:42:57+00:00,2026-01-09 21:49:32+00:00,0.10972222222222222,False,False
AhmetCanArslan/ShizuWall,203905435,2026-05-31 15:20:29+00:00,2026-05-31 15:57:22+00:00,0.6147222222222222,False,False
AhmetCanArslan/ShizuWall,203905435,2026-06-12 22:16:59+00:00,2026-06-14 07:06:54+00:00,32.831944444444446,False,False
OneDragon-Anything/ZenlessZoneZero-OneDragon,205066628,2026-01-04 09:04:08+00:00,2026-01-04 09:05:47+00:00,0.0275,False,False
OneDragon-Anything/ZenlessZoneZero-OneDragon,205066628,2026-01-05 13:15:25+00:00,2026-01-05 13:16:54+00:00,0.024722222222222222,False,False
OneDragon-Anything/ZenlessZoneZero-OneDragon,205066628,2026-08-06 16:58:39+00:00,2026-08-07 01:59:11+00:00,9.008888888888889,False,False
decidim/decidim,183258065,2026-01-19 08:59:13+00:00,2026-01-19 12:23:42+00:00,3.4080555555555554,False,False
decidim/decidim,183258065,2026-03-16 10:55:48+00:00,2026-03-17 12:16:23+00:00,25.343055555555555,False,False
pytorch/pytorch,206158015,2025-11-14 01:12:26+00:00,2025-11-14 06:11:41+00:00,4.9875,False,False
pytorch/pytorch,206158015,2025-11-14 02:21:17+00:00,2025-11-14 07:53:01+00:00,5.528888888888889,False,False
pytorch/pytorch,206158015,2025-11-14 05:01:59+00:00,2025-11-14 09:52:13+00:00,4.8372222222222225,False,False
pytorch/pytorch,206158015,2025-11-14 05:35:34+00:00,2025-11-14 11:11:19+00:00,5.595833333333333,False,False
pytorch/pytorch,206158015,2025-11-14 07:46:41+00:00,2025-11-14 12:35:53+00:00,4.82,False,False
pytorch/pytorch,206158015,2025-11-14 17:09:15+00:00,2025-11-14 18:22:42+00:00,1.2241666666666666,False,False
pytorch/pytorch,206158015,2025-11-25 01:42:49+00:00,2025-11-27 20:35:57+00:00,66.88555555555556,False,False
pytorch/pytorch,206158015,2025-12-15 16:57:59+00:00,2025-12-15 20:36:03+00:00,3.6344444444444446,False,False
pytorch/pytorch,206158015,2025-12-15 17:23:15+00:00,2025-12-15 21:31:33+00:00,4.138333333333334,False,False
pytorch/pytorch,206158015,2025-12-15 18:57:15+00:00,2025-12-15 23:22:05+00:00,4.413888888888889,False,False
pytorch/pytorch,206158015,2025-12-15 20:14:49+00:00,2025-12-16 00:31:18+00:00,4.2747222222222225,False,False
pytorch/pytorch,206158015,2025-12-15 21:24:46+00:00,2025-12-16 01:47:32+00:00,4.379444444444444,False,False
pytorch/pytorch,206158015,2025-12-15 22:58:39+00:00,2025-12-16 05:07:45+00:00,6.151666666666666,False,False
pytorch/pytorch,206158015,2025-12-16 00:55:42+00:00,2025-12-16 06:13:17+00:00,5.293055555555555,False,False
pytorch/pytorch,206158015,2025-12-16 02:51:14+00:00,2025-12-16 09:59:42+00:00,7.141111111111111,False,False
pytorch/pytorch,206158015,2025-12-16 06:00:15+00:00,2025-12-16 10:41:40+00:00,4.690277777777778,False,False
pytorch/pytorch,206158015,2025-12-16 06:37:53+00:00,2025-12-16 11:49:58+00:00,5.201388888888889,False,False
pytorch/pytorch,206158015,2025-12-16 07:52:43+00:00,2025-12-16 11:58:07+00:00,4.09,False,False
dagger/dagger,207902179,2025-11-25 21:30:27+00:00,2025-12-01 17:44:58+00:00,140.24194444444444,False,False
dagger/dagger,207902179,2025-12-01 17:34:04+00:00,2025-12-01 18:39:39+00:00,1.0930555555555554,False,False
dagger/dagger,207902179,2025-12-02 13:58:53+00:00,2025-12-02 22:42:21+00:00,8.724444444444444,False,False
dagger/dagger,207902179,2025-12-02 23:35:51+00:00,2025-12-04 07:32:48+00:00,31.949166666666667,False,False
dagger/dagger,207902179,2025-12-04 20:52:39+00:00,2025-12-04 22:05:44+00:00,1.2180555555555554,False,False
dagger/dagger,207902179,2025-12-05 22:52:08+00:00,2025-12-08 17:47:15+00:00,66.9186111111111,False,False
dagger/dagger,207902179,2025-12-08 17:49:02+00:00,2025-12-09 11:16:03+00:00,17.450277777777778,False,False
dagger/dagger,207902179,2025-12-09 11:21:26+00:00,2025-12-09 21:56:57+00:00,10.591944444444444,False,False
dagger/dagger,207902179,2025-12-10 19:45:53+00:00,2025-12-16 00:40:21+00:00,124.90777777777778,False,False
dagger/dagger,207902179,2025-12-16 04:08:24+00:00,2025-12-17 10:49:56+00:00,30.692222222222224,False,False
dagger/dagger,207902179,2025-12-17 10:41:16+00:00,,,True,False
kaitranntt/ccs,211692017,2026-03-03 18:49:02+00:00,2026-03-03 19:28:29+00:00,0.6575,False,False
kaitranntt/ccs,211692017,2026-03-04 12:23:12+00:00,2026-03-04 12:52:58+00:00,0.4961111111111111,False,False
kaitranntt/ccs,211692017,2026-03-10 08:35:51+00:00,2026-03-11 03:55:29+00:00,19.327222222222222,False,False
kaitranntt/ccs,211692017,2026-04-01 18:08:24+00:00,2026-04-01 20:48:37+00:00,2.6702777777777778,False,False
kaitranntt/ccs,211692017,2026-04-13 14:38:15+00:00,2026-04-13 15:21:31+00:00,0.7211111111111111,False,False
kaitranntt/ccs,211692017,2026-05-01 04:51:12+00:00,2026-05-01 05:17:43+00:00,0.4419444444444444,False,False
kaitranntt/ccs,211692017,2026-05-15 01:29:07+00:00,2026-05-23 19:03:56+00:00,209.58027777777778,False,False
langchain4j/langchain4j,81973085,2025-12-16 11:00:19+00:00,2025-12-16 11:07:39+00:00,0.12222222222222222,False,False
langchain4j/langchain4j,81973085,2026-03-18 09:28:15+00:00,2026-03-19 16:33:21+00:00,31.085,False,False
langchain4j/langchain4j,81973085,2026-05-13 12:08:37+00:00,2026-05-15 15:02:40+00:00,50.90083333333333,False,False
langchain4j/langchain4j,81973085,2026-06-06 10:14:13+00:00,2026-06-08 09:03:20+00:00,46.81861111111111,False,False
langchain4j/langchain4j,81973085,2026-06-17 16:46:32+00:00,2026-06-18 08:20:57+00:00,15.573611111111111,False,False
langchain4j/langchain4j,81973085,2026-07-06 11:53:59+00:00,2026-07-06 12:42:25+00:00,0.8072222222222222,False,False
langchain4j/langchain4j,81973085,2026-07-16 08:23:46+00:00,2026-07-17 08:54:15+00:00,24.508055555555554,False,False
langchain4j/langchain4j,81973085,2026-08-10 09:15:01+00:00,2026-08-10 14:14:38+00:00,4.993611111111111,False,False
langchain4j/langchain4j,81973085,2026-08-27 08:31:55+00:00,2026-09-01 07:56:11+00:00,119.40444444444445,False,False
langchain4j/langchain4j,81973085,2026-09-02 12:02:15+00:00,2026-09-02 15:56:15+00:00,3.9,False,False
SynkraAI/aiox-core,214505586,2026-02-02 20:49:00+00:00,2026-02-03 12:52:37+00:00,16.060277777777777,False,False
SynkraAI/aiox-core,214505586,2026-02-14 16:25:32+00:00,2026-02-15 19:15:58+00:00,26.840555555555557,False,False
SynkraAI/aiox-core,214505577,2025-12-14 19:08:00+00:00,,,True,False
pytorch/pytorch,216192117,2026-01-15 20:05:08+00:00,2026-01-15 21:42:27+00:00,1.6219444444444444,False,False
pytorch/pytorch,216192117,2026-02-13 07:22:33+00:00,2026-02-13 08:51:29+00:00,1.4822222222222223,False,False
pytorch/pytorch,216192117,2026-02-13 08:59:38+00:00,2026-02-13 11:11:31+00:00,2.1980555555555554,False,False
pytorch/pytorch,216192117,2026-02-13 11:44:15+00:00,2026-02-13 17:02:12+00:00,5.299166666666666,False,False
pytorch/pytorch,216192117,2026-02-13 16:29:24+00:00,2026-02-13 17:28:28+00:00,0.9844444444444445,False,False
pytorch/pytorch,216192117,2026-02-13 16:59:53+00:00,2026-02-13 17:53:07+00:00,0.8872222222222222,False,False
pytorch/pytorch,216192117,2026-02-13 18:38:23+00:00,2026-02-13 19:50:07+00:00,1.1955555555555555,False,False
pytorch/pytorch,216192117,2026-02-13 20:07:28+00:00,2026-02-13 22:50:48+00:00,2.7222222222222223,False,False
pytorch/pytorch,216192117,2026-02-13 21:28:16+00:00,2026-02-14 01:01:44+00:00,3.557777777777778,False,False
pytorch/pytorch,216192117,2026-02-14 02:56:41+00:00,2026-02-14 03:53:34+00:00,0.9480555555555555,False,False
pytorch/pytorch,216192117,2026-02-14 03:35:26+00:00,2026-02-14 05:12:05+00:00,1.6108333333333333,False,False
pytorch/pytorch,216192117,2026-02-14 04:44:55+00:00,2026-02-14 08:48:07+00:00,4.053333333333334,False,False
pytorch/pytorch,216192117,2026-02-14 08:00:11+00:00,2026-02-14 10:05:40+00:00,2.091388888888889,False,False
pytorch/pytorch,216192117,2026-02-14 10:19:48+00:00,2026-02-14 19:35:44+00:00,9.265555555555556,False,False
pytorch/pytorch,216192117,2026-02-14 19:19:45+00:00,2026-02-14 20:09:14+00:00,0.8247222222222222,False,False
pytorch/pytorch,216192117,2026-02-28 17:57:23+00:00,2026-02-28 19:47:19+00:00,1.8322222222222222,False,False
pytorch/pytorch,216192117,2026-03-31 15:39:21+00:00,2026-03-31 17:42:09+00:00,2.046666666666667,False,False
pytorch/pytorch,216192117,2026-03-31 19:24:59+00:00,2026-04-01 02:42:38+00:00,7.2941666666666665,False,False
pytorch/pytorch,216192117,2026-05-15 07:27:23+00:00,2026-05-15 09:50:14+00:00,2.3808333333333334,False,False
pytorch/pytorch,216192117,2026-05-16 00:54:01+00:00,2026-05-16 04:22:49+00:00,3.48,False,False
pytorch/pytorch,216192117,2026-05-29 17:39:58+00:00,2026-06-30 19:20:16+00:00,769.6716666666666,False,False
pytorch/pytorch,216192117,2026-07-15 10:10:37+00:00,,,True,False
SynkraAI/aiox-core,217150988,2025-12-22 23:47:59+00:00,2025-12-23 20:58:18+00:00,21.171944444444446,False,False
doctrine/DoctrineBundle,3614747,2026-04-11 18:54:46+00:00,2026-04-20 15:32:47+00:00,212.63361111111112,False,False
steipete/summarize,217370255,2026-01-20 12:10:23+00:00,2026-01-20 12:13:54+00:00,0.058611111111111114,False,False
steipete/summarize,217370255,2026-07-03 11:15:15+00:00,2026-07-06 07:55:38+00:00,68.67305555555555,False,False
steipete/summarize,217370255,2026-07-06 08:58:31+00:00,2026-07-07 09:55:15+00:00,24.945555555555554,False,False
steipete/summarize,216860385,2025-12-23 02:01:40+00:00,2025-12-23 04:22:45+00:00,2.3513888888888888,False,False
steipete/summarize,216860385,2025-12-23 11:26:13+00:00,2025-12-23 11:29:43+00:00,0.058333333333333334,False,False
steipete/summarize,216860385,2025-12-23 19:54:18+00:00,2025-12-23 23:50:05+00:00,3.9297222222222223,False,False
steipete/summarize,216860385,2025-12-24 12:52:39+00:00,2025-12-24 19:26:19+00:00,6.561111111111111,False,False
steipete/summarize,216860385,2025-12-24 20:13:26+00:00,2025-12-24 20:18:52+00:00,0.09055555555555556,False,False
steipete/summarize,216860385,2025-12-24 20:29:39+00:00,2025-12-24 20:33:11+00:00,0.058888888888888886,False,False
steipete/summarize,216860385,2025-12-24 20:53:04+00:00,2025-12-24 23:10:21+00:00,2.2880555555555557,False,False
steipete/summarize,216860385,2025-12-25 00:29:32+00:00,2025-12-25 00:52:53+00:00,0.38916666666666666,False,False
steipete/summarize,216860385,2025-12-25 00:54:39+00:00,2025-12-25 01:03:02+00:00,0.13972222222222222,False,False
steipete/summarize,216860385,2025-12-25 01:22:27+00:00,2025-12-25 01:48:06+00:00,0.4275,False,False
steipete/summarize,216860385,2025-12-25 01:57:49+00:00,2025-12-25 02:06:16+00:00,0.14083333333333334,False,False
steipete/summarize,216860385,2025-12-25 02:43:01+00:00,2025-12-25 03:01:51+00:00,0.3138888888888889,False,False
steipete/summarize,216860385,2025-12-25 09:39:47+00:00,2025-12-25 14:47:02+00:00,5.120833333333334,False,False
steipete/summarize,216860385,2025-12-25 16:22:56+00:00,2025-12-25 23:33:46+00:00,7.180555555555555,False,False
steipete/summarize,216860385,2025-12-25 23:39:40+00:00,2025-12-25 23:48:39+00:00,0.14972222222222223,False,False
steipete/summarize,216860385,2025-12-26 01:44:33+00:00,2025-12-26 19:04:17+00:00,17.32888888888889,False,False
steipete/summarize,216860385,2025-12-26 19:15:47+00:00,2025-12-26 19:19:37+00:00,0.06388888888888888,False,False
steipete/summarize,216860385,2025-12-26 20:51:56+00:00,2025-12-26 20:58:15+00:00,0.10527777777777778,False,False
steipete/summarize,216860385,2025-12-26 21:48:46+00:00,2025-12-26 21:52:16+00:00,0.058333333333333334,False,False
steipete/summarize,216860385,2025-12-26 22:39:46+00:00,2025-12-26 22:43:45+00:00,0.06638888888888889,False,False
steipete/summarize,216860385,2025-12-26 23:30:55+00:00,2025-12-28 02:08:28+00:00,26.625833333333333,False,False
steipete/summarize,216860385,2025-12-28 02:35:00+00:00,2025-12-28 02:38:44+00:00,0.06222222222222222,False,False
steipete/summarize,216860385,2025-12-28 03:38:06+00:00,2025-12-28 10:04:32+00:00,6.440555555555555,False,False
steipete/summarize,216860385,2025-12-28 10:09:06+00:00,2025-12-28 10:21:24+00:00,0.205,False,False
steipete/summarize,216860385,2025-12-28 10:24:30+00:00,2025-12-28 10:41:20+00:00,0.28055555555555556,False,False
steipete/summarize,216860385,2025-12-28 10:45:09+00:00,2025-12-28 10:54:20+00:00,0.15305555555555556,False,False
steipete/summarize,216860385,2025-12-28 11:11:09+00:00,2025-12-28 11:17:31+00:00,0.10611111111111111,False,False
steipete/summarize,216860385,2025-12-28 12:07:41+00:00,2025-12-28 12:14:07+00:00,0.10722222222222222,False,False
steipete/summarize,216860385,2025-12-28 13:13:19+00:00,2025-12-28 13:25:42+00:00,0.2063888888888889,False,False
steipete/summarize,216860385,2025-12-28 13:35:25+00:00,2025-12-28 15:33:37+00:00,1.97,False,False
steipete/summarize,216860385,2025-12-28 15:34:57+00:00,2025-12-28 15:43:04+00:00,0.13527777777777777,False,False
steipete/summarize,216860385,2025-12-28 16:21:35+00:00,2025-12-28 16:49:06+00:00,0.45861111111111114,False,False
steipete/summarize,216860385,2025-12-28 20:15:09+00:00,2025-12-28 22:43:48+00:00,2.4775,False,False
steipete/summarize,216860385,2025-12-28 23:05:42+00:00,2025-12-29 00:56:03+00:00,1.8391666666666666,False,False
steipete/summarize,216860385,2025-12-29 10:38:47+00:00,2025-12-29 16:58:07+00:00,6.322222222222222,False,False
steipete/summarize,216860385,2025-12-29 19:14:29+00:00,2025-12-30 00:53:20+00:00,5.6475,False,False
steipete/summarize,216860385,2025-12-30 01:55:33+00:00,2025-12-30 11:44:16+00:00,9.811944444444444,False,False
steipete/summarize,216860385,2025-12-30 12:05:19+00:00,2025-12-30 14:25:43+00:00,2.34,False,False
steipete/summarize,216860385,2025-12-30 15:08:34+00:00,2025-12-30 15:21:45+00:00,0.21972222222222224,False,False
steipete/summarize,216860385,2025-12-30 15:53:46+00:00,2025-12-30 18:58:37+00:00,3.0808333333333335,False,False
steipete/summarize,216860385,2025-12-30 18:59:29+00:00,2025-12-30 20:37:03+00:00,1.626111111111111,False,False
steipete/summarize,216860385,2025-12-30 21:06:55+00:00,2025-12-30 22:15:26+00:00,1.1419444444444444,False,False
steipete/summarize,216860385,2025-12-30 22:42:10+00:00,2025-12-31 00:21:37+00:00,1.6575,False,False
steipete/summarize,216860385,2025-12-31 03:18:22+00:00,2026-01-12 03:03:13+00:00,287.7475,False,False
steipete/summarize,216860385,2026-01-12 09:32:47+00:00,2026-01-12 09:53:17+00:00,0.3416666666666667,False,False
steipete/summarize,216860385,2026-01-12 10:39:04+00:00,2026-01-13 02:05:05+00:00,15.43361111111111,False,False
steipete/summarize,216860385,2026-01-13 06:17:23+00:00,2026-01-13 07:54:43+00:00,1.6222222222222222,False,False
steipete/summarize,216860385,2026-01-15 11:18:56+00:00,2026-01-16 08:56:00+00:00,21.61777777777778,False,False
steipete/summarize,216860385,2026-01-16 10:29:37+00:00,2026-01-21 23:02:38+00:00,132.55027777777778,False,False
steipete/summarize,216860385,2026-01-22 01:46:34+00:00,2026-01-22 03:56:36+00:00,2.167222222222222,False,False
steipete/summarize,216860385,2026-01-22 04:21:52+00:00,2026-01-22 06:34:00+00:00,2.2022222222222223,False,False
steipete/summarize,216860385,2026-01-22 08:47:47+00:00,2026-01-22 12:34:59+00:00,3.7866666666666666,False,False
steipete/summarize,216860385,2026-01-22 13:44:14+00:00,2026-02-13 17:56:29+00:00,532.2041666666667,False,False
steipete/summarize,216860385,2026-02-13 19:28:26+00:00,2026-02-13 20:09:02+00:00,0.6766666666666666,False,False
steipete/summarize,216860385,2026-02-13 22:16:22+00:00,2026-02-13 22:44:02+00:00,0.46111111111111114,False,False
steipete/summarize,216860385,2026-02-13 23:16:47+00:00,2026-02-14 01:17:14+00:00,2.0075,False,False
steipete/summarize,216860385,2026-02-14 13:09:12+00:00,2026-02-14 13:34:30+00:00,0.4216666666666667,False,False
steipete/summarize,216860385,2026-03-07 15:27:09+00:00,2026-03-07 15:34:43+00:00,0.12611111111111112,False,False
steipete/summarize,216860385,2026-03-07 15:36:12+00:00,2026-03-07 15:49:37+00:00,0.22361111111111112,False,False
steipete/summarize,216860385,2026-03-07 19:23:00+00:00,2026-03-07 19:29:13+00:00,0.10361111111111111,False,False
steipete/summarize,216860385,2026-03-07 21:17:33+00:00,2026-03-08 00:11:50+00:00,2.9047222222222224,False,False
steipete/summarize,216860385,2026-03-08 00:38:33+00:00,2026-03-08 01:00:27+00:00,0.365,False,False
steipete/summarize,216860385,2026-03-08 01:20:59+00:00,2026-03-08 01:44:06+00:00,0.3852777777777778,False,False
steipete/summarize,216860385,2026-03-08 02:54:14+00:00,2026-03-08 05:47:03+00:00,2.8802777777777777,False,False
steipete/summarize,216860385,2026-03-08 05:59:49+00:00,2026-03-09 04:02:01+00:00,22.036666666666665,False,False
steipete/summarize,216860385,2026-03-09 04:50:17+00:00,2026-03-09 05:38:25+00:00,0.8022222222222222,False,False
steipete/summarize,216860385,2026-03-09 05:48:52+00:00,2026-03-11 22:39:01+00:00,64.83583333333333,False,False
steipete/summarize,216860385,2026-03-11 23:19:45+00:00,2026-03-12 00:09:54+00:00,0.8358333333333333,False,False
steipete/summarize,216860385,2026-03-12 23:43:39+00:00,2026-03-13 00:05:24+00:00,0.3625,False,False
steipete/summarize,216860385,2026-03-13 00:51:05+00:00,2026-03-13 01:11:03+00:00,0.3327777777777778,False,False
steipete/summarize,216860385,2026-04-07 08:22:39+00:00,2026-04-07 09:13:59+00:00,0.8555555555555555,False,False
steipete/summarize,216860385,2026-04-07 10:09:54+00:00,2026-04-07 10:19:27+00:00,0.15916666666666668,False,False
steipete/summarize,216860385,2026-04-07 11:33:08+00:00,2026-04-07 11:49:20+00:00,0.27,False,False
steipete/summarize,216860385,2026-04-07 14:06:32+00:00,2026-04-07 14:57:55+00:00,0.8563888888888889,False,False
steipete/summarize,216860385,2026-04-07 15:05:56+00:00,2026-04-07 19:22:22+00:00,4.273888888888889,False,False
steipete/summarize,216860385,2026-04-22 01:14:36+00:00,2026-04-22 01:45:46+00:00,0.5194444444444445,False,False
steipete/summarize,216860385,2026-05-14 05:38:18+00:00,2026-05-14 05:48:05+00:00,0.16305555555555556,False,False
steipete/summarize,216860385,2026-05-20 15:57:00+00:00,2026-05-20 18:26:30+00:00,2.4916666666666667,False,False
steipete/summarize,216860385,2026-05-21 21:24:46+00:00,2026-05-22 12:28:07+00:00,15.055833333333334,False,False
steipete/summarize,216860385,2026-06-10 03:55:59+00:00,2026-06-10 04:11:19+00:00,0.25555555555555554,False,False
steipete/summarize,216860385,2026-06-11 01:48:08+00:00,2026-06-11 02:11:41+00:00,0.3925,False,False
steipete/summarize,216860385,2026-06-11 06:39:18+00:00,2026-06-11 06:46:21+00:00,0.1175,False,False
steipete/summarize,216860385,2026-06-11 06:59:55+00:00,2026-06-11 07:13:50+00:00,0.23194444444444445,False,False
steipete/summarize,216860385,2026-06-11 22:23:14+00:00,2026-06-11 22:38:13+00:00,0.24972222222222223,False,False
steipete/summarize,216860385,2026-09-05 11:50:13+00:00,2026-09-05 12:10:34+00:00,0.33916666666666667,False,False
steipete/summarize,216860385,2026-09-12 23:20:06+00:00,2026-09-12 23:53:27+00:00,0.5558333333333333,False,False
SynkraAI/aiox-core,214505576,2025-12-29 21:10:59+00:00,2025-12-30 14:45:51+00:00,17.58111111111111,False,False
SynkraAI/aiox-core,214505576,2026-01-04 16:53:08+00:00,2026-01-04 20:03:02+00:00,3.165,False,False
SynkraAI/aiox-core,214505576,2026-01-13 21:33:44+00:00,2026-01-28 20:02:58+00:00,358.4872222222222,False,False
SynkraAI/aiox-core,214505576,2026-01-28 20:31:47+00:00,2026-02-02 01:38:13+00:00,101.10722222222222,False,False
SynkraAI/aiox-core,214505576,2026-02-02 02:26:05+00:00,2026-02-02 02:41:07+00:00,0.25055555555555553,False,False
SynkraAI/aiox-core,214505576,2026-02-02 03:08:14+00:00,2026-02-02 03:38:02+00:00,0.49666666666666665,False,False
SynkraAI/aiox-core,214505576,2026-02-02 03:56:36+00:00,2026-02-02 12:49:44+00:00,8.885555555555555,False,False
SynkraAI/aiox-core,214505576,2026-02-02 20:49:00+00:00,2026-02-03 15:18:02+00:00,18.483888888888888,False,False
SynkraAI/aiox-core,214505576,2026-02-04 13:20:56+00:00,2026-02-04 23:52:11+00:00,10.520833333333334,False,False
SynkraAI/aiox-core,214505576,2026-02-05 02:22:53+00:00,2026-02-05 19:01:03+00:00,16.636111111111113,False,False
SynkraAI/aiox-core,214505576,2026-02-05 19:20:45+00:00,2026-02-05 20:29:58+00:00,1.1536111111111111,False,False
SynkraAI/aiox-core,214505576,2026-02-05 23:03:50+00:00,2026-02-09 22:06:08+00:00,95.03833333333333,False,False
SynkraAI/aiox-core,214505576,2026-02-10 10:56:16+00:00,2026-02-10 17:02:19+00:00,6.100833333333333,False,False
SynkraAI/aiox-core,214505576,2026-02-11 00:54:04+00:00,2026-02-11 13:32:27+00:00,12.639722222222222,False,False
SynkraAI/aiox-core,214505576,2026-02-11 14:21:00+00:00,2026-02-11 14:27:05+00:00,0.10138888888888889,False,False
SynkraAI/aiox-core,214505576,2026-02-11 15:41:26+00:00,2026-02-11 16:20:46+00:00,0.6555555555555556,False,False
SynkraAI/aiox-core,214505576,2026-02-11 16:32:12+00:00,2026-02-11 16:49:13+00:00,0.2836111111111111,False,False
SynkraAI/aiox-core,214505576,2026-02-11 17:18:46+00:00,2026-02-11 18:05:51+00:00,0.7847222222222222,False,False
SynkraAI/aiox-core,214505576,2026-02-11 18:12:30+00:00,2026-02-12 14:13:39+00:00,20.019166666666667,False,False
SynkraAI/aiox-core,214505576,2026-02-13 01:11:05+00:00,2026-02-15 19:45:39+00:00,66.57611111111112,False,False
SynkraAI/aiox-core,214505576,2026-02-15 20:39:48+00:00,2026-02-16 01:45:26+00:00,5.0938888888888885,False,False
SynkraAI/aiox-core,214505576,2026-02-16 03:53:36+00:00,2026-02-16 19:15:43+00:00,15.368611111111111,False,False
SynkraAI/aiox-core,214505576,2026-02-16 20:51:02+00:00,2026-02-21 16:40:03+00:00,115.81694444444445,False,False
SynkraAI/aiox-core,214505576,2026-02-21 17:46:25+00:00,2026-02-21 18:16:26+00:00,0.5002777777777778,False,False
SynkraAI/aiox-core,214505576,2026-02-23 12:10:24+00:00,2026-02-24 01:33:41+00:00,13.388055555555555,False,False
SynkraAI/aiox-core,214505576,2026-02-24 15:10:34+00:00,2026-02-24 15:42:31+00:00,0.5325,False,False
SynkraAI/aiox-core,214505576,2026-02-24 16:50:45+00:00,2026-02-24 18:33:22+00:00,1.7102777777777778,False,False
SynkraAI/aiox-core,214505576,2026-02-25 00:47:36+00:00,2026-02-25 01:00:15+00:00,0.21083333333333334,False,False
SynkraAI/aiox-core,214505576,2026-02-25 01:27:00+00:00,2026-02-25 01:40:04+00:00,0.21777777777777776,False,False
SynkraAI/aiox-core,214505576,2026-02-25 01:52:22+00:00,2026-02-26 15:49:27+00:00,37.951388888888886,False,False
SynkraAI/aiox-core,214505576,2026-03-03 13:01:30+00:00,2026-03-03 13:11:51+00:00,0.1725,False,False
SynkraAI/aiox-core,214505576,2026-03-04 17:45:09+00:00,2026-03-05 18:00:28+00:00,24.255277777777778,False,False
SynkraAI/aiox-core,214505576,2026-03-11 12:38:17+00:00,2026-03-11 13:04:33+00:00,0.43777777777777777,False,False
SynkraAI/aiox-core,214505576,2026-05-05 22:35:51+00:00,2026-05-07 19:37:50+00:00,45.033055555555556,False,False
SynkraAI/aiox-core,214505576,2026-05-07 21:50:21+00:00,2026-05-07 23:50:49+00:00,2.0077777777777777,False,False
SynkraAI/aiox-core,214505576,2026-05-08 00:18:31+00:00,2026-05-08 01:13:00+00:00,0.9080555555555555,False,False
SynkraAI/aiox-core,214505576,2026-05-08 01:59:38+00:00,2026-05-08 07:12:58+00:00,5.222222222222222,False,False
SynkraAI/aiox-core,214505576,2026-05-08 12:00:19+00:00,2026-05-08 18:01:20+00:00,6.016944444444444,False,False
SynkraAI/aiox-core,214505576,2026-05-08 19:24:03+00:00,2026-05-08 20:10:58+00:00,0.7819444444444444,False,False
SynkraAI/aiox-core,214505576,2026-05-08 21:01:27+00:00,2026-05-08 21:39:03+00:00,0.6266666666666667,False,False
SynkraAI/aiox-core,214505576,2026-05-14 15:10:31+00:00,2026-05-14 15:26:48+00:00,0.2713888888888889,False,False
SynkraAI/aiox-core,214505576,2026-05-15 16:19:04+00:00,2026-05-17 09:40:13+00:00,41.3525,False,False
SynkraAI/aiox-core,214505576,2026-05-17 12:23:31+00:00,2026-05-17 14:04:43+00:00,1.6866666666666668,False,False
SynkraAI/aiox-core,214505576,2026-05-18 05:33:04+00:00,2026-05-18 05:51:23+00:00,0.30527777777777776,False,False
SynkraAI/aiox-core,214505576,2026-05-18 11:49:59+00:00,2026-05-18 16:16:22+00:00,4.439722222222223,False,False
SynkraAI/aiox-core,214505576,2026-05-21 00:12:53+00:00,,,True,False
browserbase/stagehand,218105052,2026-01-20 23:44:10+00:00,2026-01-21 01:01:26+00:00,1.2877777777777777,False,False
browserbase/stagehand,218105052,2026-01-22 03:36:08+00:00,2026-01-22 22:28:12+00:00,18.86777777777778,False,False
browserbase/stagehand,218105052,2026-01-26 23:07:35+00:00,2026-02-04 21:26:35+00:00,214.31666666666666,False,False
browserbase/stagehand,218105052,2026-02-18 01:45:52+00:00,2026-02-24 23:05:08+00:00,165.32111111111112,False,False
chengzuopeng/stock-sdk,218466611,2026-06-20 06:33:30+00:00,2026-06-20 06:54:16+00:00,0.3461111111111111,False,False
fruitcake/laravel-debugbar,219997751,2026-01-01 10:54:09+00:00,2026-01-01 10:59:27+00:00,0.08833333333333333,False,False
fruitcake/laravel-debugbar,219997751,2026-01-09 21:18:19+00:00,2026-01-09 21:39:12+00:00,0.34805555555555556,False,False
fruitcake/laravel-debugbar,219997751,2026-01-10 14:08:01+00:00,2026-01-10 15:19:32+00:00,1.1919444444444445,False,False
fruitcake/laravel-debugbar,219997751,2026-01-16 21:59:33+00:00,2026-01-16 22:04:26+00:00,0.08138888888888889,False,False
fruitcake/laravel-debugbar,219997751,2026-01-26 18:23:16+00:00,2026-01-26 18:26:30+00:00,0.05388888888888889,False,False
fruitcake/laravel-debugbar,219997754,2026-01-07 15:22:04+00:00,2026-01-07 15:46:50+00:00,0.4127777777777778,False,False
fruitcake/laravel-debugbar,219997754,2026-01-09 21:18:19+00:00,2026-01-09 21:39:52+00:00,0.3591666666666667,False,False
fruitcake/laravel-debugbar,219997754,2026-01-10 14:08:01+00:00,2026-01-10 15:58:03+00:00,1.833888888888889,False,False
fruitcake/laravel-debugbar,219997754,2026-01-12 10:47:08+00:00,2026-01-12 12:42:52+00:00,1.9288888888888889,False,False
fruitcake/laravel-debugbar,219997754,2026-01-16 21:59:33+00:00,2026-01-16 22:08:01+00:00,0.1411111111111111,False,False
fruitcake/laravel-debugbar,219997754,2026-02-21 08:28:07+00:00,2026-03-07 15:39:41+00:00,343.1927777777778,False,False
fruitcake/laravel-debugbar,219997754,2026-03-08 08:18:27+00:00,2026-03-08 08:21:11+00:00,0.04555555555555556,False,False
fruitcake/laravel-debugbar,219997754,2026-03-27 12:21:28+00:00,2026-03-28 07:15:59+00:00,18.90861111111111,False,False
fruitcake/laravel-debugbar,219997754,2026-04-07 17:24:37+00:00,2026-04-08 09:39:33+00:00,16.24888888888889,False,False
fruitcake/laravel-debugbar,219997754,2026-06-04 07:21:00+00:00,2026-06-04 07:23:00+00:00,0.03333333333333333,False,False
fruitcake/laravel-debugbar,219997754,2026-07-10 19:55:53+00:00,2026-07-28 06:49:10+00:00,418.8880555555556,False,False
fruitcake/laravel-debugbar,219997754,2026-08-20 10:17:42+00:00,2026-08-20 10:23:47+00:00,0.10138888888888889,False,False
fruitcake/laravel-debugbar,219997754,2026-08-20 14:13:41+00:00,2026-08-20 19:56:43+00:00,5.717222222222222,False,False
fruitcake/laravel-debugbar,219997754,2026-09-24 08:31:24+00:00,2026-09-24 09:33:07+00:00,1.0286111111111111,False,False
fruitcake/laravel-debugbar,219997752,2026-01-09 21:18:19+00:00,2026-01-09 21:39:22+00:00,0.35083333333333333,False,False
fruitcake/laravel-debugbar,219997752,2026-03-08 06:14:09+00:00,2026-03-08 08:19:33+00:00,2.09,False,False
fruitcake/laravel-debugbar,219997752,2026-06-04 07:21:00+00:00,2026-06-04 07:40:59+00:00,0.33305555555555555,False,False
wzh4869/AppPorts,220085282,2026-03-12 15:35:59+00:00,2026-03-12 16:06:43+00:00,0.5122222222222222,False,False
fruitcake/laravel-debugbar,131972360,2026-07-02 12:28:39+00:00,2026-07-02 12:43:28+00:00,0.24694444444444444,False,False
kenn-io/roborev,220928912,2026-01-23 17:25:44+00:00,2026-01-24 12:04:01+00:00,18.638055555555557,False,False
kenn-io/roborev,220928912,2026-01-26 18:02:02+00:00,2026-01-26 18:25:59+00:00,0.39916666666666667,False,False
kenn-io/roborev,220928912,2026-01-27 02:26:48+00:00,2026-01-27 02:40:38+00:00,0.23055555555555557,False,False
kenn-io/roborev,220928912,2026-02-16 14:20:37+00:00,2026-02-16 15:54:55+00:00,1.5716666666666668,False,False
kenn-io/roborev,220928912,2026-02-16 16:08:46+00:00,2026-02-17 13:34:17+00:00,21.42527777777778,False,False
kenn-io/roborev,220928912,2026-02-18 21:34:28+00:00,2026-02-19 01:58:37+00:00,4.4025,False,False
kenn-io/roborev,220928912,2026-02-19 02:56:36+00:00,2026-02-19 04:09:42+00:00,1.2183333333333333,False,False
kenn-io/roborev,220928912,2026-02-19 12:54:06+00:00,2026-02-19 22:14:46+00:00,9.344444444444445,False,False
kenn-io/roborev,220928912,2026-03-07 20:46:22+00:00,2026-03-07 21:07:58+00:00,0.36,False,False
kenn-io/roborev,220928912,2026-03-07 22:14:54+00:00,2026-03-07 22:32:02+00:00,0.28555555555555556,False,False
kenn-io/roborev,220928912,2026-03-30 18:43:38+00:00,2026-03-31 03:09:19+00:00,8.428055555555556,False,False
kenn-io/roborev,220928912,2026-04-17 21:09:54+00:00,2026-04-17 22:42:04+00:00,1.5361111111111112,False,False
kenn-io/roborev,220928912,2026-04-22 00:32:40+00:00,2026-04-25 16:58:42+00:00,88.43388888888889,False,False
kenn-io/roborev,220928912,2026-04-30 19:38:55+00:00,2026-04-30 20:04:17+00:00,0.42277777777777775,False,False
kenn-io/roborev,220928912,2026-05-06 00:15:33+00:00,2026-05-07 01:54:02+00:00,25.64138888888889,False,False
kenn-io/roborev,220928912,2026-05-22 21:40:30+00:00,2026-05-23 11:42:33+00:00,14.034166666666666,False,False
kenn-io/roborev,220928912,2026-05-24 20:43:53+00:00,2026-05-26 15:51:47+00:00,43.13166666666667,False,False
kenn-io/roborev,220928912,2026-05-29 10:06:46+00:00,2026-05-29 16:26:08+00:00,6.322777777777778,False,False
kenn-io/roborev,220928912,2026-06-04 13:12:59+00:00,2026-06-05 20:37:36+00:00,31.41027777777778,False,False
kenn-io/roborev,220928912,2026-06-08 22:47:26+00:00,2026-06-08 23:11:53+00:00,0.4075,False,False
kenn-io/roborev,220928912,2026-06-11 17:18:31+00:00,2026-06-15 19:33:04+00:00,98.2425,False,False
kenn-io/roborev,220928912,2026-06-15 20:29:53+00:00,2026-06-16 00:57:08+00:00,4.454166666666667,False,False
kenn-io/roborev,220928912,2026-06-17 19:36:00+00:00,2026-06-18 00:49:29+00:00,5.224722222222222,False,False
kenn-io/roborev,220928912,2026-06-19 18:05:25+00:00,2026-06-19 19:23:02+00:00,1.293611111111111,False,False
kenn-io/roborev,220928912,2026-06-21 01:35:05+00:00,2026-06-21 13:30:03+00:00,11.91611111111111,False,False
kenn-io/roborev,220928912,2026-07-28 19:26:37+00:00,2026-07-29 03:09:16+00:00,7.710833333333333,False,False
kenn-io/roborev,220928912,2026-08-02 00:29:51+00:00,2026-08-03 19:04:10+00:00,42.57194444444445,False,False
kenn-io/roborev,220928912,2026-08-07 01:49:44+00:00,2026-08-07 14:24:45+00:00,12.58361111111111,False,False
kenn-io/roborev,220928912,2026-08-14 14:12:37+00:00,2026-08-14 20:30:06+00:00,6.291388888888889,False,False
kenn-io/roborev,220928912,2026-08-15 19:19:48+00:00,2026-08-16 23:53:24+00:00,28.56,False,False
kenn-io/roborev,220928912,2026-09-01 19:34:14+00:00,2026-09-01 22:59:48+00:00,3.426111111111111,False,False
kenn-io/roborev,220928912,2026-09-08 13:09:00+00:00,2026-09-08 17:49:40+00:00,4.677777777777778,False,False
kenn-io/roborev,220928912,2026-09-24 20:18:27+00:00,2026-09-24 21:33:23+00:00,1.248888888888889,False,False
kenn-io/roborev,220928912,2026-09-25 20:46:04+00:00,2026-09-26 20:43:00+00:00,23.948888888888888,False,False
fruitcake/laravel-debugbar,223630637,2026-01-16 21:59:33+00:00,2026-01-16 22:08:04+00:00,0.14194444444444446,False,False
fruitcake/laravel-debugbar,223630637,2026-01-24 14:35:15+00:00,2026-01-24 17:07:13+00:00,2.5327777777777776,False,False
fruitcake/laravel-debugbar,223630637,2026-02-21 08:28:06+00:00,,,True,False
wp-graphql/wp-graphql,222914545,2026-02-11 18:43:46+00:00,2026-02-11 20:22:30+00:00,1.6455555555555557,False,False
wp-graphql/wp-graphql,222914545,2026-03-03 18:47:30+00:00,2026-03-03 23:29:10+00:00,4.694444444444445,False,False
wp-graphql/wp-graphql,222914545,2026-03-05 22:38:05+00:00,2026-03-10 16:46:49+00:00,114.14555555555556,False,False
wp-graphql/wp-graphql,222914545,2026-04-20 15:10:21+00:00,2026-04-20 15:56:08+00:00,0.7630555555555556,False,False
wp-graphql/wp-graphql,222914545,2026-05-08 17:37:44+00:00,2026-05-09 04:00:10+00:00,10.373888888888889,False,False
wp-graphql/wp-graphql,222914545,2026-06-10 16:55:09+00:00,2026-06-10 21:21:03+00:00,4.431666666666667,False,False
wp-graphql/wp-graphql,222914545,2026-06-24 15:51:19+00:00,2026-06-24 17:31:54+00:00,1.676388888888889,False,False
wp-graphql/wp-graphql,222914545,2026-06-24 21:24:29+00:00,2026-06-24 22:12:31+00:00,0.8005555555555556,False,False
wp-graphql/wp-graphql,222914545,2026-07-01 23:19:19+00:00,2026-07-02 03:48:23+00:00,4.484444444444445,False,False
wp-graphql/wp-graphql,222914545,2026-08-26 21:28:57+00:00,2026-08-27 18:51:12+00:00,21.370833333333334,False,False
wp-graphql/wp-graphql,222914545,2026-09-03 16:47:09+00:00,2026-09-04 17:38:13+00:00,24.851111111111113,False,False
wp-graphql/wp-graphql,222914545,2026-09-04 22:19:07+00:00,2026-09-08 23:36:17+00:00,97.28611111111111,False,False
wp-graphql/wp-graphql,612312,2026-01-22 22:43:40+00:00,2026-01-29 04:29:13+00:00,149.75916666666666,False,False
wp-graphql/wp-graphql,612312,2026-02-25 18:09:00+00:00,2026-02-26 16:13:03+00:00,22.0675,False,False
wp-graphql/wp-graphql,612312,2026-03-03 18:47:25+00:00,2026-03-03 23:27:57+00:00,4.6755555555555555,False,False
wp-graphql/wp-graphql,612312,2026-03-05 22:38:05+00:00,2026-03-10 16:48:17+00:00,114.17,False,False
wp-graphql/wp-graphql,612312,2026-04-09 21:57:22+00:00,2026-04-10 18:02:58+00:00,20.093333333333334,False,False
wp-graphql/wp-graphql,612312,2026-06-09 20:40:06+00:00,2026-06-11 04:55:23+00:00,32.25472222222222,False,False
wp-graphql/wp-graphql,612312,2026-06-24 15:51:19+00:00,2026-06-24 17:31:17+00:00,1.666111111111111,False,False
wp-graphql/wp-graphql,612312,2026-07-01 23:19:19+00:00,2026-07-02 03:50:03+00:00,4.512222222222222,False,False
wp-graphql/wp-graphql,612312,2026-09-15 16:43:14+00:00,2026-09-15 17:50:33+00:00,1.1219444444444444,False,False
wp-graphql/wp-graphql,224291629,2026-01-17 03:29:36+00:00,2026-01-17 05:00:43+00:00,1.5186111111111111,False,False
wp-graphql/wp-graphql,224291629,2026-01-29 17:38:07+00:00,2026-01-29 17:46:06+00:00,0.13305555555555557,False,False
wp-graphql/wp-graphql,224291629,2026-01-29 20:46:16+00:00,2026-01-29 20:55:20+00:00,0.1511111111111111,False,False
wp-graphql/wp-graphql,224291629,2026-01-29 22:16:07+00:00,2026-01-29 22:40:24+00:00,0.4047222222222222,False,False
wp-graphql/wp-graphql,224291629,2026-01-30 17:04:52+00:00,2026-01-30 22:31:15+00:00,5.439722222222223,False,False
wp-graphql/wp-graphql,224291629,2026-02-03 07:56:25+00:00,2026-02-03 08:18:57+00:00,0.37555555555555553,False,False
wp-graphql/wp-graphql,224291629,2026-02-04 22:06:27+00:00,2026-02-05 06:59:48+00:00,8.889166666666666,False,False
wp-graphql/wp-graphql,224291629,2026-02-05 19:54:04+00:00,2026-02-05 20:15:32+00:00,0.35777777777777775,False,False
wp-graphql/wp-graphql,224291629,2026-02-06 02:34:24+00:00,2026-02-06 02:51:36+00:00,0.2866666666666667,False,False
wp-graphql/wp-graphql,224291629,2026-02-11 18:28:00+00:00,2026-02-11 18:44:23+00:00,0.27305555555555555,False,False
wp-graphql/wp-graphql,224291629,2026-03-03 18:47:27+00:00,2026-03-03 23:22:39+00:00,4.586666666666667,False,False
wp-graphql/wp-graphql,224291629,2026-03-04 03:35:51+00:00,2026-03-04 03:53:38+00:00,0.29638888888888887,False,False
wp-graphql/wp-graphql,224291629,2026-03-18 22:06:02+00:00,2026-03-18 22:17:40+00:00,0.1938888888888889,False,False
wp-graphql/wp-graphql,224291629,2026-04-23 21:10:04+00:00,2026-04-23 21:17:00+00:00,0.11555555555555555,False,False
wp-graphql/wp-graphql,224291629,2026-04-27 16:56:31+00:00,2026-04-27 16:59:21+00:00,0.04722222222222222,False,False
wp-graphql/wp-graphql,224291629,2026-04-27 17:04:58+00:00,2026-05-04 17:16:19+00:00,168.18916666666667,False,False
wp-graphql/wp-graphql,224291629,2026-05-08 17:36:31+00:00,2026-05-08 17:42:49+00:00,0.105,False,False
wp-graphql/wp-graphql,224291629,2026-06-04 04:25:31+00:00,2026-06-04 04:49:11+00:00,0.39444444444444443,False,False
wp-graphql/wp-graphql,224291629,2026-06-15 19:15:57+00:00,2026-06-15 19:20:06+00:00,0.06916666666666667,False,False
wp-graphql/wp-graphql,224291629,2026-07-22 17:27:42+00:00,2026-07-22 17:29:20+00:00,0.02722222222222222,False,False
wp-graphql/wp-graphql,224291629,2026-08-10 18:04:14+00:00,2026-08-10 18:06:01+00:00,0.029722222222222223,False,False
wp-graphql/wp-graphql,224291629,2026-08-27 18:43:24+00:00,2026-08-27 19:07:43+00:00,0.4052777777777778,False,False
wp-graphql/wp-graphql,224291629,2026-09-15 18:41:19+00:00,2026-09-15 18:42:47+00:00,0.024444444444444446,False,False
wp-graphql/wp-graphql,224354479,2026-03-05 22:38:05+00:00,2026-03-10 16:43:25+00:00,114.08888888888889,False,False
wp-graphql/wp-graphql,224354479,2026-06-24 15:51:19+00:00,2026-06-24 17:28:55+00:00,1.6266666666666667,False,False
wp-graphql/wp-graphql,224354479,2026-06-24 19:12:22+00:00,2026-06-24 21:29:58+00:00,2.2933333333333334,False,False
wp-graphql/wp-graphql,224354479,2026-07-01 23:19:19+00:00,2026-07-02 03:50:53+00:00,4.526111111111111,False,False
browserbase/stagehand,225465880,2026-01-29 19:15:18+00:00,2026-01-29 20:34:29+00:00,1.3197222222222222,False,False
wp-graphql/wp-graphql,225796122,2026-03-03 18:47:29+00:00,2026-03-03 23:29:05+00:00,4.693333333333333,False,False
wp-graphql/wp-graphql,225796122,2026-04-20 15:10:21+00:00,2026-04-20 16:02:37+00:00,0.8711111111111111,False,False
wp-graphql/wp-graphql,225796122,2026-05-20 20:21:02+00:00,2026-05-20 21:09:10+00:00,0.8022222222222222,False,False
wp-graphql/wp-graphql,225796122,2026-05-21 22:54:11+00:00,2026-05-22 03:39:04+00:00,4.748055555555555,False,False
wp-graphql/wp-graphql,225796122,2026-05-24 21:30:54+00:00,2026-05-25 06:48:13+00:00,9.288611111111111,False,False
wp-graphql/wp-graphql,225796122,2026-06-03 18:48:35+00:00,2026-06-03 23:31:26+00:00,4.714166666666666,False,False
wp-graphql/wp-graphql,225796122,2026-06-10 16:55:09+00:00,2026-06-10 21:15:00+00:00,4.3308333333333335,False,False
wp-graphql/wp-graphql,225796122,2026-06-11 04:51:35+00:00,2026-06-15 15:09:10+00:00,106.29305555555555,False,False
wp-graphql/wp-graphql,225796122,2026-06-18 14:27:47+00:00,2026-06-18 15:43:49+00:00,1.2672222222222222,False,False
wp-graphql/wp-graphql,225796122,2026-06-18 20:03:35+00:00,2026-06-18 23:29:36+00:00,3.433611111111111,False,False
wp-graphql/wp-graphql,225796122,2026-06-22 11:01:56+00:00,2026-06-24 15:51:43+00:00,52.82972222222222,False,False
wp-graphql/wp-graphql,225796122,2026-06-24 16:01:13+00:00,2026-06-24 16:13:53+00:00,0.2111111111111111,False,False
wp-graphql/wp-graphql,225796122,2026-06-30 17:10:59+00:00,2026-07-01 17:15:38+00:00,24.0775,False,False
wp-graphql/wp-graphql,225796122,2026-07-02 02:46:08+00:00,2026-07-02 03:55:43+00:00,1.1597222222222223,False,False
wp-graphql/wp-graphql,225796122,2026-07-09 01:49:05+00:00,2026-07-09 03:29:34+00:00,1.6747222222222222,False,False
wp-graphql/wp-graphql,225796122,2026-07-14 21:58:56+00:00,2026-07-15 16:03:58+00:00,18.08388888888889,False,False
wp-graphql/wp-graphql,225796122,2026-07-15 16:46:47+00:00,2026-07-15 22:34:07+00:00,5.788888888888889,False,False
wp-graphql/wp-graphql,225796122,2026-07-22 17:29:29+00:00,2026-07-22 18:54:48+00:00,1.4219444444444445,False,False
wp-graphql/wp-graphql,225796122,2026-07-23 20:10:27+00:00,2026-07-24 17:20:04+00:00,21.16027777777778,False,False
wp-graphql/wp-graphql,225796122,2026-08-07 17:44:34+00:00,2026-08-07 19:07:39+00:00,1.3847222222222222,False,False
wp-graphql/wp-graphql,225796122,2026-08-18 19:04:30+00:00,2026-08-26 19:49:23+00:00,192.74805555555557,False,False
wp-graphql/wp-graphql,225796122,2026-08-31 19:36:55+00:00,2026-08-31 20:02:40+00:00,0.42916666666666664,False,False
wp-graphql/wp-graphql,225796122,2026-09-01 20:58:35+00:00,2026-09-01 21:48:41+00:00,0.835,False,False
wp-graphql/wp-graphql,225796122,2026-09-04 22:19:07+00:00,2026-09-08 22:29:04+00:00,96.16583333333334,False,False
wp-graphql/wp-graphql,225796122,2026-09-08 22:49:38+00:00,2026-09-08 23:42:12+00:00,0.8761111111111111,False,False
wp-graphql/wp-graphql,228120396,2026-02-27 18:52:11+00:00,2026-02-27 19:19:28+00:00,0.45472222222222225,False,False
wp-graphql/wp-graphql,228120396,2026-03-05 19:28:59+00:00,2026-03-05 22:32:04+00:00,3.051388888888889,False,False
wp-graphql/wp-graphql,228120396,2026-03-05 22:38:05+00:00,2026-03-10 16:40:43+00:00,114.04388888888889,False,False
wp-graphql/wp-graphql,228120396,2026-04-04 15:46:57+00:00,2026-04-04 16:04:13+00:00,0.2877777777777778,False,False
wp-graphql/wp-graphql,228120396,2026-04-04 17:55:00+00:00,2026-04-04 20:55:14+00:00,3.003888888888889,False,False
wp-graphql/wp-graphql,228120396,2026-04-04 21:53:49+00:00,2026-04-06 01:41:01+00:00,27.786666666666665,False,False
wp-graphql/wp-graphql,228120396,2026-04-06 03:02:55+00:00,2026-04-09 20:20:38+00:00,89.29527777777778,False,False
wp-graphql/wp-graphql,228120396,2026-04-09 21:23:59+00:00,2026-04-09 21:44:52+00:00,0.34805555555555556,False,False
wp-graphql/wp-graphql,228120396,2026-06-24 16:01:14+00:00,2026-06-24 16:13:49+00:00,0.20972222222222223,False,False
wp-graphql/wp-graphql,228120396,2026-06-29 18:04:16+00:00,2026-06-29 18:59:18+00:00,0.9172222222222223,False,False
wp-graphql/wp-graphql,228120396,2026-07-02 02:46:08+00:00,2026-07-02 03:53:36+00:00,1.1244444444444444,False,False
wp-graphql/wp-graphql,228120396,2026-07-07 17:17:23+00:00,2026-07-07 18:06:31+00:00,0.8188888888888889,False,False
wp-graphql/wp-graphql,228120396,2026-07-13 22:18:39+00:00,2026-07-14 00:51:12+00:00,2.5425,False,False
wp-graphql/wp-graphql,228120396,2026-07-14 21:58:56+00:00,2026-07-15 15:53:44+00:00,17.913333333333334,False,False
wp-graphql/wp-graphql,228120396,2026-07-22 20:26:07+00:00,2026-07-22 21:06:28+00:00,0.6725,False,False
wp-graphql/wp-graphql,228120396,2026-07-23 19:47:18+00:00,2026-07-23 20:21:22+00:00,0.5677777777777778,False,False
wp-graphql/wp-graphql,228120396,2026-07-24 18:52:11+00:00,2026-07-24 21:55:28+00:00,3.0547222222222223,False,False
wp-graphql/wp-graphql,228120396,2026-07-24 22:23:58+00:00,2026-07-30 14:38:29+00:00,136.24194444444444,False,False
wp-graphql/wp-graphql,228120396,2026-07-30 15:07:35+00:00,2026-07-30 22:10:12+00:00,7.043611111111111,False,False
wp-graphql/wp-graphql,228120396,2026-08-07 18:50:14+00:00,2026-08-07 19:07:00+00:00,0.27944444444444444,False,False
wp-graphql/wp-graphql,228120396,2026-09-01 17:21:09+00:00,2026-09-01 20:02:50+00:00,2.694722222222222,False,False
wp-graphql/wp-graphql,228120396,2026-09-01 20:58:35+00:00,2026-09-01 21:48:46+00:00,0.8363888888888888,False,False
wp-graphql/wp-graphql,228120396,2026-09-01 21:57:25+00:00,2026-09-02 18:43:36+00:00,20.76972222222222,False,False
wp-graphql/wp-graphql,228120396,2026-09-15 18:19:35+00:00,2026-09-15 18:45:45+00:00,0.4361111111111111,False,False
pytorch/pytorch,227687971,2026-02-28 07:44:17+00:00,2026-02-28 11:12:31+00:00,3.4705555555555554,False,False
pytorch/pytorch,227687971,2026-03-31 16:08:26+00:00,2026-03-31 23:39:55+00:00,7.5247222222222225,False,False
pytorch/pytorch,227687971,2026-04-14 21:00:43+00:00,2026-04-15 00:34:23+00:00,3.561111111111111,False,False
pytorch/pytorch,227687971,2026-04-14 23:00:58+00:00,2026-04-15 02:18:18+00:00,3.2888888888888888,False,False
pytorch/pytorch,227687971,2026-04-14 23:33:00+00:00,2026-04-15 03:03:14+00:00,3.503888888888889,False,False
pytorch/pytorch,227687971,2026-04-15 02:45:09+00:00,2026-04-15 05:48:35+00:00,3.0572222222222223,False,False
pytorch/pytorch,227687971,2026-04-15 08:34:17+00:00,2026-04-15 13:03:45+00:00,4.4911111111111115,False,False
pytorch/pytorch,227687971,2026-04-15 16:11:54+00:00,2026-04-16 00:41:53+00:00,8.499722222222223,False,False
pytorch/pytorch,227687971,2026-04-15 22:52:23+00:00,2026-04-16 01:43:10+00:00,2.846388888888889,False,False
pytorch/pytorch,227687971,2026-04-15 23:18:13+00:00,2026-04-16 02:13:30+00:00,2.921388888888889,False,False
pytorch/pytorch,227687971,2026-04-30 00:00:56+00:00,2026-04-30 05:54:01+00:00,5.884722222222222,False,False
pytorch/pytorch,227687971,2026-04-30 02:57:10+00:00,2026-04-30 09:42:38+00:00,6.757777777777778,False,False
pytorch/pytorch,227687971,2026-04-30 03:40:46+00:00,2026-04-30 09:43:16+00:00,6.041666666666667,False,False
pytorch/pytorch,227687971,2026-04-30 04:30:17+00:00,2026-04-30 09:40:15+00:00,5.166111111111111,False,False
pytorch/pytorch,227687971,2026-04-30 17:38:41+00:00,2026-04-30 23:23:55+00:00,5.753888888888889,False,False
pytorch/pytorch,227687971,2026-05-15 07:19:15+00:00,2026-05-15 13:28:36+00:00,6.155833333333334,False,False
pytorch/pytorch,227687971,2026-05-15 09:31:46+00:00,2026-05-15 15:13:33+00:00,5.6963888888888885,False,False
pytorch/pytorch,227687971,2026-05-15 17:59:17+00:00,2026-05-15 23:03:48+00:00,5.075277777777778,False,False
pytorch/pytorch,227687971,2026-05-15 19:06:41+00:00,2026-05-15 23:29:03+00:00,4.372777777777777,False,False
pytorch/pytorch,227687971,2026-05-15 19:59:58+00:00,2026-05-16 00:49:33+00:00,4.826388888888889,False,False
pytorch/pytorch,227687971,2026-05-15 21:21:59+00:00,2026-05-16 01:59:15+00:00,4.621111111111111,False,False
pytorch/pytorch,227687971,2026-05-15 22:17:57+00:00,2026-05-16 03:28:18+00:00,5.1725,False,False
pytorch/pytorch,227687971,2026-05-16 00:50:40+00:00,2026-05-16 06:26:47+00:00,5.601944444444444,False,False
pytorch/pytorch,227687971,2026-05-29 17:39:58+00:00,2026-05-30 01:44:27+00:00,8.074722222222222,False,False
pytorch/pytorch,227687971,2026-05-29 18:43:02+00:00,2026-05-30 01:20:45+00:00,6.628611111111111,False,False
pytorch/pytorch,227687971,2026-05-29 19:23:04+00:00,2026-05-30 02:08:21+00:00,6.754722222222222,False,False
pytorch/pytorch,227687971,2026-05-29 21:03:58+00:00,2026-05-30 03:35:29+00:00,6.525277777777778,False,False
pytorch/pytorch,227687971,2026-05-29 23:12:15+00:00,2026-05-30 05:05:43+00:00,5.891111111111111,False,False
pytorch/pytorch,227687971,2026-05-30 01:45:01+00:00,2026-05-30 07:54:00+00:00,6.1497222222222225,False,False
pytorch/pytorch,227687971,2026-05-30 05:00:55+00:00,2026-05-30 09:12:37+00:00,4.195,False,False
openvinotoolkit/openvino,227831021,2026-03-02 12:45:32+00:00,2026-03-02 13:35:34+00:00,0.8338888888888889,False,False
openvinotoolkit/openvino,227831021,2026-07-09 04:43:01+00:00,2026-07-09 09:58:02+00:00,5.250277777777778,False,False
llmsresearch/paperbanana,230480311,2026-02-08 11:15:28+00:00,2026-02-13 00:47:01+00:00,109.52583333333334,False,False
llmsresearch/paperbanana,230480311,2026-04-07 12:53:55+00:00,2026-04-15 17:18:46+00:00,196.41416666666666,False,False
llmsresearch/paperbanana,230480311,2026-04-16 09:41:59+00:00,2026-04-16 09:55:04+00:00,0.21805555555555556,False,False
llmsresearch/paperbanana,230480311,2026-06-11 03:33:49+00:00,2026-06-11 03:38:59+00:00,0.08611111111111111,False,False
wp-graphql/wp-graphql,231427003,2026-06-24 16:01:13+00:00,2026-06-24 17:29:54+00:00,1.4780555555555555,False,False
wp-graphql/wp-graphql,231427003,2026-07-02 02:46:08+00:00,2026-07-02 03:48:15+00:00,1.0352777777777777,False,False
wp-graphql/wp-graphql,231427003,2026-07-24 17:08:53+00:00,2026-07-24 18:55:15+00:00,1.7727777777777778,False,False
wp-graphql/wp-graphql,231427003,2026-09-22 18:34:14+00:00,2026-09-24 18:03:43+00:00,47.49138888888889,False,False
AnalogJ/scrutiny,29025253,2026-07-13 02:33:05+00:00,2026-08-04 15:35:29+00:00,541.04,False,False
AnalogJ/scrutiny,29025253,2026-08-06 17:32:05+00:00,2026-08-07 20:46:33+00:00,27.24111111111111,False,False
SynkraAI/aiox-core,233018404,2026-02-11 15:41:26+00:00,2026-02-11 16:06:07+00:00,0.4113888888888889,False,False
SynkraAI/aiox-core,233018404,2026-02-11 17:52:33+00:00,2026-02-11 21:04:07+00:00,3.1927777777777777,False,False
SynkraAI/aiox-core,233018404,2026-03-05 18:00:10+00:00,2026-04-16 15:26:31+00:00,1005.4391666666667,False,False
kavinsood/yaos,235291197,2026-03-02 07:14:21+00:00,2026-03-02 07:23:18+00:00,0.14916666666666667,False,False
kavinsood/yaos,235291197,2026-03-02 21:26:00+00:00,2026-03-02 21:31:56+00:00,0.09888888888888889,False,False
kavinsood/yaos,235291197,2026-05-08 18:19:21+00:00,2026-05-08 19:24:00+00:00,1.0775,False,False
kavinsood/yaos,235291197,2026-05-11 17:34:20+00:00,2026-05-11 17:50:57+00:00,0.27694444444444444,False,False
kavinsood/yaos,235291197,2026-05-12 11:33:03+00:00,2026-05-12 11:43:13+00:00,0.16944444444444445,False,False
kavinsood/yaos,235291197,2026-05-18 15:07:36+00:00,2026-05-18 15:27:31+00:00,0.33194444444444443,False,False
kavinsood/yaos,235291197,2026-08-12 09:05:59+00:00,2026-08-13 14:12:51+00:00,29.114444444444445,False,False
browserbase/stagehand,118975991,2026-08-11 16:31:38+00:00,2026-08-12 18:47:43+00:00,26.268055555555556,False,False
browserbase/stagehand,118975991,2026-08-14 20:00:37+00:00,2026-08-14 22:09:48+00:00,2.1530555555555555,False,False
browserbase/stagehand,118975991,2026-08-20 01:31:13+00:00,2026-08-20 16:49:56+00:00,15.311944444444444,False,False
browserbase/stagehand,118975991,2026-08-21 21:48:31+00:00,2026-08-24 18:45:21+00:00,68.94722222222222,False,False
rocketride-org/rocketride-server,236666470,2026-02-21 06:51:00+00:00,2026-02-21 08:05:25+00:00,1.2402777777777778,False,False
rocketride-org/rocketride-server,236666470,2026-02-21 12:37:36+00:00,2026-02-22 07:48:29+00:00,19.18138888888889,False,False
rocketride-org/rocketride-server,236666470,2026-02-23 12:02:53+00:00,2026-02-23 12:49:47+00:00,0.7816666666666666,False,False
rocketride-org/rocketride-server,236666470,2026-02-26 13:05:43+00:00,2026-02-26 17:27:11+00:00,4.357777777777778,False,False
hawtio/hawtio,47887417,2026-03-03 07:45:53+00:00,2026-03-04 06:39:49+00:00,22.898888888888887,False,False
hawtio/hawtio,47887417,2026-03-12 08:06:36+00:00,2026-03-12 08:55:22+00:00,0.8127777777777778,False,False
hawtio/hawtio,47887417,2026-03-23 09:05:57+00:00,2026-03-25 07:05:10+00:00,45.98694444444445,False,False
hawtio/hawtio,47887417,2026-05-20 06:21:58+00:00,2026-05-20 06:49:33+00:00,0.4597222222222222,False,False
hawtio/hawtio,47887417,2026-06-18 05:57:53+00:00,2026-06-18 07:53:40+00:00,1.9297222222222221,False,False
hawtio/hawtio,47887417,2026-09-04 04:48:04+00:00,2026-09-07 03:47:00+00:00,70.98222222222222,False,False
hawtio/hawtio,47887417,2026-09-08 09:06:56+00:00,2026-09-08 09:46:25+00:00,0.6580555555555555,False,False
hawtio/hawtio,144553832,2026-03-11 07:58:24+00:00,2026-03-11 10:25:33+00:00,2.4525,False,False
hawtio/hawtio,144553832,2026-03-12 08:06:31+00:00,2026-03-12 08:52:43+00:00,0.77,False,False
hawtio/hawtio,144553832,2026-03-17 08:58:26+00:00,2026-03-17 09:30:15+00:00,0.5302777777777777,False,False
hawtio/hawtio,144553832,2026-03-23 09:05:57+00:00,2026-03-25 07:04:44+00:00,45.97972222222222,False,False
hawtio/hawtio,144553832,2026-04-15 07:11:11+00:00,2026-04-15 07:34:03+00:00,0.3811111111111111,False,False
hawtio/hawtio,144553832,2026-04-28 07:23:52+00:00,2026-04-28 08:06:45+00:00,0.7147222222222223,False,False
hawtio/hawtio,144553832,2026-05-20 06:21:52+00:00,2026-05-20 06:47:13+00:00,0.4225,False,False
hawtio/hawtio,144553832,2026-06-03 07:42:20+00:00,2026-06-03 08:00:39+00:00,0.30527777777777776,False,False
hawtio/hawtio,144553832,2026-06-08 09:48:54+00:00,2026-06-08 10:03:15+00:00,0.23916666666666667,False,False
hawtio/hawtio,144553832,2026-06-18 05:57:53+00:00,2026-06-18 07:24:01+00:00,1.4355555555555555,False,False
hawtio/hawtio,144553832,2026-09-04 04:45:42+00:00,2026-09-07 03:19:23+00:00,70.56138888888889,False,False
hawtio/hawtio,144553832,2026-09-08 09:06:49+00:00,2026-09-08 09:36:44+00:00,0.4986111111111111,False,False
hawtio/hawtio,60819564,2026-03-12 08:06:31+00:00,2026-03-12 08:52:27+00:00,0.7655555555555555,False,False
hawtio/hawtio,60819564,2026-03-17 08:58:26+00:00,2026-03-17 09:13:38+00:00,0.25333333333333335,False,False
hawtio/hawtio,60819564,2026-04-15 07:11:11+00:00,2026-04-15 07:34:08+00:00,0.3825,False,False
hawtio/hawtio,60819564,2026-05-20 06:21:52+00:00,2026-05-20 06:48:02+00:00,0.4361111111111111,False,False
hawtio/hawtio,60819564,2026-06-03 07:58:44+00:00,2026-06-03 08:28:58+00:00,0.5038888888888889,False,False
hawtio/hawtio,60819564,2026-06-08 09:48:54+00:00,2026-06-08 10:04:12+00:00,0.255,False,False
hawtio/hawtio,60819564,2026-06-18 05:57:53+00:00,2026-06-18 07:24:44+00:00,1.4475,False,False
hawtio/hawtio,60819564,2026-07-14 04:45:20+00:00,2026-07-14 05:36:59+00:00,0.8608333333333333,False,False
hawtio/hawtio,60819564,2026-07-14 05:21:55+00:00,2026-07-14 05:44:38+00:00,0.3786111111111111,False,False
hawtio/hawtio,60819564,2026-09-04 04:45:42+00:00,2026-09-07 03:02:31+00:00,70.28027777777778,False,False
hawtio/hawtio,60819564,2026-09-08 09:06:49+00:00,2026-09-08 09:40:03+00:00,0.5538888888888889,False,False
hawtio/hawtio,14696954,2026-03-12 08:06:31+00:00,2026-03-12 08:42:02+00:00,0.5919444444444445,False,False
hawtio/hawtio,14696954,2026-03-17 08:58:26+00:00,2026-03-17 09:05:51+00:00,0.12361111111111112,False,False
hawtio/hawtio,14696954,2026-04-15 07:11:11+00:00,2026-04-15 07:27:28+00:00,0.2713888888888889,False,False
hawtio/hawtio,14696954,2026-05-20 06:21:52+00:00,2026-05-20 06:40:11+00:00,0.30527777777777776,False,False
hawtio/hawtio,14696954,2026-06-08 09:48:54+00:00,2026-06-08 09:56:58+00:00,0.13444444444444445,False,False
hawtio/hawtio,14696954,2026-06-18 05:57:53+00:00,2026-06-18 07:16:18+00:00,1.3069444444444445,False,False
hawtio/hawtio,14696954,2026-09-02 10:08:37+00:00,2026-09-03 04:57:25+00:00,18.813333333333333,False,False
hawtio/hawtio,14696954,2026-09-04 04:45:42+00:00,2026-09-07 03:14:10+00:00,70.47444444444444,False,False
hawtio/hawtio,14696954,2026-09-08 09:06:49+00:00,2026-09-08 09:31:34+00:00,0.4125,False,False
rocketride-org/rocketride-server,239689818,2026-03-02 18:35:02+00:00,,,True,False
open-pencil/open-pencil,240123052,2026-03-02 12:01:01+00:00,2026-03-02 12:27:15+00:00,0.43722222222222223,False,False
open-pencil/open-pencil,240123052,2026-03-27 18:47:23+00:00,2026-03-27 19:09:49+00:00,0.3738888888888889,False,False
open-pencil/open-pencil,240128423,2026-03-02 08:34:01+00:00,2026-03-02 08:37:09+00:00,0.052222222222222225,False,False
open-pencil/open-pencil,240128423,2026-03-02 12:01:01+00:00,2026-03-02 12:04:27+00:00,0.05722222222222222,False,False
open-pencil/open-pencil,240128423,2026-03-02 20:39:10+00:00,2026-03-03 06:54:29+00:00,10.255277777777778,False,False
open-pencil/open-pencil,240128423,2026-03-05 06:05:43+00:00,2026-03-05 06:52:58+00:00,0.7875,False,False
open-pencil/open-pencil,240128423,2026-03-06 15:04:15+00:00,2026-03-06 15:30:47+00:00,0.44222222222222224,False,False
open-pencil/open-pencil,240128423,2026-03-09 06:44:28+00:00,2026-03-09 07:06:09+00:00,0.36138888888888887,False,False
open-pencil/open-pencil,240128423,2026-03-13 15:59:09+00:00,2026-03-14 07:38:40+00:00,15.658611111111112,False,False
open-pencil/open-pencil,240128423,2026-03-15 16:25:04+00:00,2026-03-15 16:41:17+00:00,0.2702777777777778,False,False
open-pencil/open-pencil,240128423,2026-03-27 14:07:38+00:00,2026-03-27 18:47:56+00:00,4.671666666666667,False,False
open-pencil/open-pencil,240128423,2026-04-06 11:44:25+00:00,2026-04-08 08:23:21+00:00,44.64888888888889,False,False
open-pencil/open-pencil,240128423,2026-05-05 23:27:07+00:00,2026-05-05 23:31:56+00:00,0.08027777777777778,False,False
open-pencil/open-pencil,240128423,2026-05-17 12:27:19+00:00,2026-05-17 12:30:03+00:00,0.04555555555555556,False,False
open-pencil/open-pencil,240128423,2026-05-21 14:14:31+00:00,2026-05-21 15:17:35+00:00,1.051111111111111,False,False
open-pencil/open-pencil,240128423,2026-05-22 22:03:36+00:00,2026-05-23 02:26:10+00:00,4.376111111111111,False,False
open-pencil/open-pencil,240128423,2026-06-07 06:10:56+00:00,2026-06-07 06:16:28+00:00,0.09222222222222222,False,False
open-pencil/open-pencil,240128423,2026-06-07 06:41:04+00:00,2026-06-07 06:47:00+00:00,0.09888888888888889,False,False
open-pencil/open-pencil,240128423,2026-07-01 06:58:17+00:00,2026-07-01 07:21:09+00:00,0.3811111111111111,False,False
rocketride-org/rocketride-server,241147068,2026-03-10 16:14:08+00:00,2026-03-10 16:20:24+00:00,0.10444444444444445,False,False
rocketride-org/rocketride-server,241147068,2026-03-31 11:57:35+00:00,2026-03-31 12:16:47+00:00,0.32,False,False
rocketride-org/rocketride-server,241147068,2026-09-09 14:21:11+00:00,2026-09-09 14:48:57+00:00,0.4627777777777778,False,False
rocketride-org/rocketride-server,240770147,2026-03-04 01:58:05+00:00,2026-03-04 03:47:02+00:00,1.8158333333333334,False,False
rocketride-org/rocketride-server,240770147,2026-03-09 13:37:24+00:00,2026-03-10 16:41:26+00:00,27.067222222222224,False,False
rocketride-org/rocketride-server,240770147,2026-03-10 23:52:12+00:00,2026-03-11 15:34:52+00:00,15.71111111111111,False,False
rocketride-org/rocketride-server,240770147,2026-03-11 15:15:28+00:00,2026-03-11 15:54:47+00:00,0.6552777777777777,False,False
rocketride-org/rocketride-server,240770147,2026-03-11 15:54:51+00:00,2026-03-11 18:54:05+00:00,2.987222222222222,False,False
rocketride-org/rocketride-server,240770147,2026-03-18 23:20:07+00:00,2026-03-19 14:10:22+00:00,14.8375,False,False
rocketride-org/rocketride-server,240770147,2026-03-19 14:46:25+00:00,2026-03-19 15:07:59+00:00,0.35944444444444446,False,False
rocketride-org/rocketride-server,240770147,2026-03-23 15:27:45+00:00,2026-03-23 17:03:25+00:00,1.5944444444444446,False,False
rocketride-org/rocketride-server,240770147,2026-03-24 15:16:21+00:00,2026-03-24 15:45:08+00:00,0.4797222222222222,False,False
rocketride-org/rocketride-server,240770147,2026-03-24 17:43:01+00:00,2026-03-24 18:17:29+00:00,0.5744444444444444,False,False
rocketride-org/rocketride-server,240770147,2026-03-24 23:29:44+00:00,2026-03-25 00:33:51+00:00,1.0686111111111112,False,False
rocketride-org/rocketride-server,240770147,2026-03-27 16:33:54+00:00,2026-03-27 18:39:06+00:00,2.0866666666666664,False,False
rocketride-org/rocketride-server,240770147,2026-03-29 21:49:05+00:00,2026-03-29 22:18:48+00:00,0.49527777777777776,False,False
rocketride-org/rocketride-server,240770147,2026-04-01 02:07:31+00:00,2026-04-01 04:51:46+00:00,2.7375,False,False
rocketride-org/rocketride-server,240770147,2026-04-03 18:52:18+00:00,2026-04-03 22:14:48+00:00,3.375,False,False
rocketride-org/rocketride-server,240770147,2026-04-03 23:19:47+00:00,2026-04-06 19:54:30+00:00,68.57861111111112,False,False
rocketride-org/rocketride-server,240770147,2026-04-21 13:00:36+00:00,2026-04-22 14:43:49+00:00,25.720277777777778,False,False
rocketride-org/rocketride-server,240770147,2026-04-27 19:54:17+00:00,2026-04-27 20:39:50+00:00,0.7591666666666667,False,False
rocketride-org/rocketride-server,240770147,2026-04-28 05:15:17+00:00,2026-04-28 12:38:51+00:00,7.392777777777778,False,False
rocketride-org/rocketride-server,240770147,2026-04-28 15:29:01+00:00,2026-04-28 16:13:34+00:00,0.7425,False,False
rocketride-org/rocketride-server,240770147,2026-04-29 12:44:35+00:00,2026-04-29 18:33:47+00:00,5.82,False,False
rocketride-org/rocketride-server,240770147,2026-04-30 14:43:43+00:00,2026-05-01 21:40:09+00:00,30.940555555555555,False,False
rocketride-org/rocketride-server,240770147,2026-05-01 21:26:03+00:00,2026-05-01 22:25:27+00:00,0.99,False,False
rocketride-org/rocketride-server,240770147,2026-05-04 16:20:02+00:00,2026-05-04 17:16:18+00:00,0.9377777777777778,False,False
rocketride-org/rocketride-server,240770147,2026-05-06 17:24:44+00:00,2026-05-06 20:46:17+00:00,3.359166666666667,False,False
rocketride-org/rocketride-server,240770147,2026-05-07 00:22:34+00:00,2026-05-07 00:51:53+00:00,0.4886111111111111,False,False
rocketride-org/rocketride-server,240770147,2026-05-12 16:40:38+00:00,2026-05-12 18:16:30+00:00,1.5977777777777777,False,False
rocketride-org/rocketride-server,240770147,2026-05-13 10:25:09+00:00,2026-05-13 17:18:05+00:00,6.8822222222222225,False,False
rocketride-org/rocketride-server,240770147,2026-05-13 21:56:08+00:00,2026-05-14 00:10:15+00:00,2.2352777777777777,False,False
rocketride-org/rocketride-server,240770147,2026-05-15 16:47:27+00:00,2026-05-15 17:11:36+00:00,0.4025,False,False
rocketride-org/rocketride-server,240770147,2026-05-15 19:58:38+00:00,2026-05-15 21:40:40+00:00,1.7005555555555556,False,False
rocketride-org/rocketride-server,240770147,2026-05-20 14:19:49+00:00,2026-05-20 15:44:12+00:00,1.406388888888889,False,False
rocketride-org/rocketride-server,240770147,2026-05-21 18:32:38+00:00,2026-05-21 19:32:07+00:00,0.9913888888888889,False,False
rocketride-org/rocketride-server,240770147,2026-05-21 21:49:05+00:00,2026-05-21 22:14:40+00:00,0.4263888888888889,False,False
rocketride-org/rocketride-server,240770147,2026-06-01 21:11:05+00:00,2026-06-01 23:42:44+00:00,2.5275,False,False
rocketride-org/rocketride-server,240770147,2026-06-02 18:56:57+00:00,2026-06-02 19:25:02+00:00,0.46805555555555556,False,False
rocketride-org/rocketride-server,240770147,2026-06-03 15:16:13+00:00,2026-06-03 19:53:41+00:00,4.624444444444444,False,False
rocketride-org/rocketride-server,240770147,2026-06-03 21:28:29+00:00,2026-06-03 22:20:00+00:00,0.8586111111111111,False,False
rocketride-org/rocketride-server,240770147,2026-06-04 08:12:49+00:00,2026-06-04 18:02:26+00:00,9.826944444444445,False,False
rocketride-org/rocketride-server,240770147,2026-06-04 18:41:20+00:00,2026-06-04 20:50:37+00:00,2.1547222222222224,False,False
rocketride-org/rocketride-server,240770147,2026-06-05 05:22:11+00:00,2026-06-05 08:08:25+00:00,2.7705555555555557,False,False
rocketride-org/rocketride-server,240770147,2026-06-05 20:33:17+00:00,2026-06-05 22:34:28+00:00,2.019722222222222,False,False
rocketride-org/rocketride-server,240770147,2026-06-06 16:33:28+00:00,2026-06-08 14:47:19+00:00,46.23083333333334,False,False
rocketride-org/rocketride-server,240770147,2026-06-09 01:04:36+00:00,2026-06-09 03:11:46+00:00,2.1194444444444445,False,False
rocketride-org/rocketride-server,240770147,2026-06-09 17:05:21+00:00,2026-06-09 18:10:07+00:00,1.0794444444444444,False,False
rocketride-org/rocketride-server,240770147,2026-06-09 19:12:58+00:00,2026-06-09 23:44:11+00:00,4.520277777777777,False,False
rocketride-org/rocketride-server,240770147,2026-06-10 01:24:08+00:00,2026-06-10 02:17:52+00:00,0.8955555555555555,False,False
rocketride-org/rocketride-server,240770147,2026-06-14 06:46:42+00:00,2026-06-14 07:25:28+00:00,0.6461111111111111,False,False
rocketride-org/rocketride-server,240770147,2026-06-15 19:21:50+00:00,2026-06-16 01:33:56+00:00,6.201666666666667,False,False
rocketride-org/rocketride-server,240770147,2026-06-16 03:41:33+00:00,2026-06-16 08:47:42+00:00,5.1025,False,False
rocketride-org/rocketride-server,240770147,2026-06-16 16:13:51+00:00,2026-06-16 20:13:45+00:00,3.9983333333333335,False,False
rocketride-org/rocketride-server,240770147,2026-06-17 16:48:19+00:00,2026-06-17 19:33:46+00:00,2.7575,False,False
rocketride-org/rocketride-server,240770147,2026-06-17 21:36:13+00:00,2026-06-18 02:59:25+00:00,5.386666666666667,False,False
rocketride-org/rocketride-server,240770147,2026-06-18 16:52:38+00:00,2026-06-18 18:00:12+00:00,1.126111111111111,False,False
rocketride-org/rocketride-server,240770147,2026-06-24 04:16:14+00:00,2026-06-24 05:21:05+00:00,1.0808333333333333,False,False
rocketride-org/rocketride-server,240770147,2026-06-29 06:40:26+00:00,2026-06-29 20:39:27+00:00,13.983611111111111,False,False
rocketride-org/rocketride-server,240770147,2026-06-30 11:19:04+00:00,2026-06-30 13:20:10+00:00,2.0183333333333335,False,False
rocketride-org/rocketride-server,240770147,2026-07-01 15:37:26+00:00,2026-07-01 16:26:32+00:00,0.8183333333333334,False,False
rocketride-org/rocketride-server,240770147,2026-07-01 16:40:50+00:00,2026-07-01 17:33:25+00:00,0.8763888888888889,False,False
rocketride-org/rocketride-server,240770147,2026-07-01 19:15:35+00:00,2026-07-01 19:58:05+00:00,0.7083333333333334,False,False
rocketride-org/rocketride-server,240770147,2026-07-02 04:13:41+00:00,2026-07-02 11:36:22+00:00,7.378055555555555,False,False
rocketride-org/rocketride-server,240770147,2026-07-02 13:08:53+00:00,2026-07-02 14:00:08+00:00,0.8541666666666666,False,False
rocketride-org/rocketride-server,240770147,2026-07-03 01:17:47+00:00,2026-07-03 06:57:06+00:00,5.655277777777778,False,False
rocketride-org/rocketride-server,240770147,2026-07-07 04:08:15+00:00,2026-07-07 13:50:58+00:00,9.711944444444445,False,False
rocketride-org/rocketride-server,240770147,2026-07-07 20:27:55+00:00,2026-07-08 22:54:13+00:00,26.438333333333333,False,False
rocketride-org/rocketride-server,240770147,2026-07-09 00:22:14+00:00,2026-07-09 00:45:16+00:00,0.3838888888888889,False,False
rocketride-org/rocketride-server,240770147,2026-07-10 16:59:48+00:00,2026-07-11 01:21:16+00:00,8.357777777777779,False,False
rocketride-org/rocketride-server,240770147,2026-07-14 16:41:37+00:00,2026-07-14 16:59:54+00:00,0.3047222222222222,False,False
rocketride-org/rocketride-server,240770147,2026-07-16 18:34:22+00:00,2026-07-16 21:59:35+00:00,3.4202777777777778,False,False
rocketride-org/rocketride-server,240770147,2026-07-22 01:15:06+00:00,2026-07-22 11:12:14+00:00,9.952222222222222,False,False
rocketride-org/rocketride-server,240770147,2026-07-30 20:09:20+00:00,2026-07-31 09:33:08+00:00,13.396666666666667,False,False
rocketride-org/rocketride-server,240770147,2026-07-31 20:26:31+00:00,2026-07-31 21:57:15+00:00,1.5122222222222221,False,False
rocketride-org/rocketride-server,240770147,2026-08-04 00:28:07+00:00,2026-08-04 17:57:07+00:00,17.483333333333334,False,False
rocketride-org/rocketride-server,240770147,2026-08-04 21:12:47+00:00,2026-08-04 21:47:28+00:00,0.5780555555555555,False,False
rocketride-org/rocketride-server,240770147,2026-08-12 20:48:06+00:00,2026-08-12 22:15:42+00:00,1.46,False,False
rocketride-org/rocketride-server,240770147,2026-08-12 23:27:23+00:00,2026-08-12 23:46:48+00:00,0.3236111111111111,False,False
rocketride-org/rocketride-server,240770147,2026-08-12 23:27:59+00:00,2026-08-12 23:52:02+00:00,0.4008333333333333,False,False
rocketride-org/rocketride-server,240770147,2026-08-17 22:52:31+00:00,2026-08-18 11:44:26+00:00,12.865277777777777,False,False
rocketride-org/rocketride-server,240770147,2026-08-20 16:29:06+00:00,2026-08-21 21:03:03+00:00,28.565833333333334,False,False
rocketride-org/rocketride-server,240770147,2026-08-24 19:55:00+00:00,2026-08-24 20:15:46+00:00,0.3461111111111111,False,False
rocketride-org/rocketride-server,240770147,2026-08-26 02:02:20+00:00,2026-08-26 02:28:48+00:00,0.4411111111111111,False,False
rocketride-org/rocketride-server,240770147,2026-08-28 17:26:24+00:00,2026-08-28 19:00:14+00:00,1.5638888888888889,False,False
rocketride-org/rocketride-server,240770147,2026-09-02 21:55:36+00:00,2026-09-03 10:56:24+00:00,13.013333333333334,False,False
rocketride-org/rocketride-server,240770147,2026-09-08 21:12:32+00:00,2026-09-08 22:16:34+00:00,1.0672222222222223,False,False
rocketride-org/rocketride-server,240770147,2026-09-10 12:56:26+00:00,2026-09-10 13:51:59+00:00,0.9258333333333333,False,False
rocketride-org/rocketride-server,240770147,2026-09-10 13:39:47+00:00,2026-09-10 15:09:25+00:00,1.4938888888888888,False,False
rocketride-org/rocketride-server,240770147,2026-09-10 18:46:21+00:00,2026-09-10 20:05:34+00:00,1.3202777777777779,False,False
rocketride-org/rocketride-server,240770147,2026-09-11 19:08:55+00:00,2026-09-12 01:10:15+00:00,6.022222222222222,False,False
rocketride-org/rocketride-server,240770147,2026-09-17 19:52:22+00:00,2026-09-18 01:01:22+00:00,5.15,False,False
rocketride-org/rocketride-server,240770147,2026-09-18 19:39:01+00:00,2026-09-18 20:47:35+00:00,1.1427777777777777,False,False
rocketride-org/rocketride-server,240770147,2026-09-21 14:58:02+00:00,2026-09-21 15:43:56+00:00,0.765,False,False
rocketride-org/rocketride-server,240770147,2026-09-22 15:33:27+00:00,2026-09-22 17:19:31+00:00,1.7677777777777777,False,False
rocketride-org/rocketride-server,240770147,2026-09-24 18:25:08+00:00,2026-09-24 19:35:39+00:00,1.1752777777777779,False,False
browserbase/stagehand,243868143,2026-03-31 21:38:13+00:00,2026-03-31 21:57:34+00:00,0.3225,False,False
browserbase/stagehand,243868145,2026-03-31 21:38:13+00:00,2026-03-31 21:52:05+00:00,0.2311111111111111,False,False
browserbase/stagehand,243868145,2026-05-08 20:37:18+00:00,2026-05-11 21:17:51+00:00,72.67583333333333,False,False
Martian-Engineering/lossless-claw,244309074,2026-03-10 23:15:23+00:00,2026-03-10 23:33:35+00:00,0.30333333333333334,False,False
Martian-Engineering/lossless-claw,244309074,2026-03-18 06:14:36+00:00,2026-03-18 17:03:13+00:00,10.810277777777777,False,False
Martian-Engineering/lossless-claw,244309074,2026-03-30 14:05:02+00:00,2026-03-31 22:27:18+00:00,32.37111111111111,False,False
Martian-Engineering/lossless-claw,244309074,2026-04-03 22:10:43+00:00,2026-04-03 22:29:29+00:00,0.31277777777777777,False,False
Martian-Engineering/lossless-claw,244309074,2026-04-06 20:24:54+00:00,2026-04-07 22:39:38+00:00,26.245555555555555,False,False
Martian-Engineering/lossless-claw,244309074,2026-05-11 14:39:30+00:00,2026-05-11 22:11:34+00:00,7.5344444444444445,False,False
Martian-Engineering/lossless-claw,244309074,2026-06-24 18:47:51+00:00,2026-06-24 18:49:00+00:00,0.019166666666666665,False,False
Martian-Engineering/lossless-claw,244309074,2026-06-26 17:46:35+00:00,2026-06-26 17:54:14+00:00,0.1275,False,False
Martian-Engineering/lossless-claw,244309074,2026-06-26 17:59:00+00:00,2026-06-29 19:01:16+00:00,73.03777777777778,False,False
Martian-Engineering/lossless-claw,244309074,2026-06-29 19:03:23+00:00,2026-06-30 01:00:45+00:00,5.956111111111111,False,False
Martian-Engineering/lossless-claw,244309074,2026-06-30 19:46:40+00:00,2026-06-30 23:25:58+00:00,3.655,False,False
Martian-Engineering/lossless-claw,244309074,2026-07-01 18:23:20+00:00,2026-07-12 18:14:36+00:00,263.8544444444444,False,False
Martian-Engineering/lossless-claw,244309074,2026-07-18 13:39:20+00:00,2026-07-26 19:26:48+00:00,197.79111111111112,False,False
Martian-Engineering/lossless-claw,244309074,2026-08-06 19:46:56+00:00,2026-08-08 14:46:58+00:00,43.00055555555556,False,False
pytorch/pytorch,238775950,2026-03-14 04:58:47+00:00,2026-03-30 21:21:34+00:00,400.3797222222222,False,False
pytorch/pytorch,238775950,2026-03-30 22:17:28+00:00,2026-03-30 23:37:42+00:00,1.3372222222222223,False,False
pytorch/pytorch,238775950,2026-03-31 13:51:18+00:00,2026-03-31 14:57:59+00:00,1.111388888888889,False,False
pytorch/pytorch,238775950,2026-03-31 15:16:58+00:00,2026-03-31 17:22:25+00:00,2.0908333333333333,False,False
pytorch/pytorch,238775950,2026-04-30 01:00:54+00:00,2026-04-30 02:30:09+00:00,1.4875,False,False
pytorch/pytorch,238775950,2026-05-15 07:13:26+00:00,2026-05-15 09:07:20+00:00,1.8983333333333334,False,False
pytorch/pytorch,238775950,2026-05-15 22:17:57+00:00,2026-05-16 00:19:43+00:00,2.0294444444444446,False,False
pytorch/pytorch,238775950,2026-05-31 00:26:27+00:00,2026-05-31 02:28:26+00:00,2.0330555555555554,False,False
pytorch/pytorch,238775950,2026-05-31 18:36:03+00:00,2026-06-29 08:58:51+00:00,686.38,False,False
pytorch/pytorch,238775950,2026-07-15 19:47:37+00:00,2026-07-16 02:06:53+00:00,6.321111111111111,False,False
pytorch/pytorch,238775950,2026-08-14 03:37:26+00:00,2026-09-14 21:12:11+00:00,761.5791666666667,False,False
pytorch/pytorch,238775950,2026-09-30 18:04:20+00:00,2026-09-30 21:44:56+00:00,3.6766666666666667,False,False
pytorch/pytorch,238775950,2026-09-30 18:29:46+00:00,2026-09-30 22:31:37+00:00,4.030833333333334,False,False
Muesli-HQ/muesli,246734056,2026-03-16 10:34:16+00:00,2026-03-16 10:47:11+00:00,0.2152777777777778,False,False
Muesli-HQ/muesli,246734056,2026-03-17 07:22:15+00:00,2026-03-17 07:39:10+00:00,0.28194444444444444,False,False
Muesli-HQ/muesli,246734056,2026-03-27 13:45:29+00:00,2026-03-28 15:14:00+00:00,25.475277777777777,False,False
Muesli-HQ/muesli,246734056,2026-04-19 11:53:49+00:00,2026-04-19 13:05:51+00:00,1.2005555555555556,False,False
Muesli-HQ/muesli,246734056,2026-05-28 04:26:10+00:00,2026-05-28 07:01:40+00:00,2.591666666666667,False,False
Muesli-HQ/muesli,246734056,2026-09-10 05:11:06+00:00,2026-09-11 06:53:15+00:00,25.7025,False,False
qarmin/czkawka,240639611,2026-09-16 17:34:12+00:00,,,True,False
Martian-Engineering/lossless-claw,247255580,2026-05-10 17:27:08+00:00,2026-05-10 17:54:12+00:00,0.45111111111111113,False,False
Martian-Engineering/lossless-claw,247255580,2026-06-10 22:06:02+00:00,2026-06-10 22:13:59+00:00,0.1325,False,False
Martian-Engineering/lossless-claw,247255580,2026-08-06 19:46:56+00:00,2026-08-08 14:48:52+00:00,43.032222222222224,False,False
Martian-Engineering/lossless-claw,247255580,2026-09-24 21:33:23+00:00,2026-09-24 22:03:45+00:00,0.5061111111111111,False,False
tintinweb/pi-subagents,248066426,2026-06-23 11:01:43+00:00,2026-06-23 11:10:51+00:00,0.15222222222222223,False,False
SciML/NeuralPDE.jl,248086868,2026-04-10 18:14:58+00:00,2026-09-07 11:23:31+00:00,3593.1425,False,False
SciML/NeuralPDE.jl,248086868,2026-09-10 10:49:11+00:00,,,True,False
Yuan-lab-LLM/ClawManager,250071390,2026-03-23 10:00:10+00:00,2026-03-24 03:04:02+00:00,17.064444444444444,False,False
Yuan-lab-LLM/ClawManager,250071390,2026-05-12 14:59:23+00:00,2026-05-18 09:25:18+00:00,138.43194444444444,False,False
apache/storm,252867358,2026-04-16 17:51:55+00:00,2026-04-16 17:56:22+00:00,0.07416666666666667,False,False
apache/storm,252867358,2026-05-01 18:10:43+00:00,2026-05-01 18:15:26+00:00,0.07861111111111112,False,False
apache/storm,252867358,2026-05-10 20:31:51+00:00,2026-05-10 20:35:30+00:00,0.060833333333333336,False,False
apache/storm,252867358,2026-06-01 10:07:36+00:00,2026-06-01 10:17:57+00:00,0.1725,False,False
apache/storm,252867358,2026-06-01 10:07:50+00:00,2026-06-01 10:18:12+00:00,0.17277777777777778,False,False
apache/storm,252867358,2026-06-01 10:08:32+00:00,2026-06-01 10:18:50+00:00,0.17166666666666666,False,False
apache/storm,252867358,2026-06-01 10:08:50+00:00,2026-06-01 10:18:51+00:00,0.16694444444444445,False,False
apache/storm,252867358,2026-07-01 12:28:19+00:00,2026-07-01 12:31:53+00:00,0.059444444444444446,False,False
apache/storm,252867358,2026-07-01 12:28:35+00:00,2026-07-01 12:32:17+00:00,0.06166666666666667,False,False
apache/storm,252867358,2026-07-01 12:28:46+00:00,2026-07-01 12:32:27+00:00,0.06138888888888889,False,False
apache/storm,252867358,2026-07-23 09:12:40+00:00,2026-07-23 09:35:24+00:00,0.3788888888888889,False,False
apache/storm,252867358,2026-08-03 07:18:07+00:00,2026-08-03 07:21:42+00:00,0.059722222222222225,False,False
JiHong88/suneditor,198008864,2026-04-02 22:00:17+00:00,2026-04-02 22:13:36+00:00,0.22194444444444444,False,False
JiHong88/suneditor,198008864,2026-06-01 16:05:46+00:00,2026-06-01 16:32:52+00:00,0.45166666666666666,False,False
JiHong88/suneditor,198008864,2026-07-12 16:02:58+00:00,2026-07-12 16:33:54+00:00,0.5155555555555555,False,False
JiHong88/suneditor,198008864,2026-07-13 14:53:36+00:00,2026-07-13 15:01:24+00:00,0.13,False,False
JiHong88/suneditor,198008864,2026-08-17 10:30:04+00:00,2026-08-25 16:45:22+00:00,198.255,False,False
stanislav-web/OpenDoor,61327317,2026-04-27 19:51:29+00:00,2026-04-28 10:19:29+00:00,14.466666666666667,False,False
stanislav-web/OpenDoor,263134206,2026-04-21 20:51:57+00:00,2026-04-21 23:00:35+00:00,2.1438888888888887,False,False
stanislav-web/OpenDoor,263134206,2026-04-28 17:57:42+00:00,2026-04-28 18:23:49+00:00,0.43527777777777776,False,False
stanislav-web/OpenDoor,263134205,2026-04-21 20:51:57+00:00,2026-04-21 23:00:29+00:00,2.1422222222222222,False,False
stanislav-web/OpenDoor,263134205,2026-04-28 17:57:42+00:00,2026-04-28 18:23:53+00:00,0.4363888888888889,False,False
stanislav-web/OpenDoor,263134204,2026-04-21 20:51:57+00:00,2026-04-21 23:00:29+00:00,2.1422222222222222,False,False
stanislav-web/OpenDoor,263134204,2026-04-28 17:57:42+00:00,2026-04-28 18:23:49+00:00,0.43527777777777776,False,False
stanislav-web/OpenDoor,263134200,2026-04-21 20:51:57+00:00,2026-04-21 23:00:34+00:00,2.143611111111111,False,False
stanislav-web/OpenDoor,263134200,2026-04-28 17:57:42+00:00,2026-04-28 18:23:55+00:00,0.43694444444444447,False,False
stanislav-web/OpenDoor,263134208,2026-04-21 20:51:57+00:00,2026-04-21 23:01:10+00:00,2.153611111111111,False,False
stanislav-web/OpenDoor,263134208,2026-04-28 17:57:42+00:00,2026-04-28 18:24:55+00:00,0.45361111111111113,False,False
stanislav-web/OpenDoor,263134203,2026-04-21 20:51:57+00:00,2026-04-21 23:00:36+00:00,2.1441666666666666,False,False
stanislav-web/OpenDoor,263134203,2026-04-28 17:57:42+00:00,2026-04-28 18:24:07+00:00,0.44027777777777777,False,False
stanislav-web/OpenDoor,263134202,2026-04-21 20:51:57+00:00,2026-04-21 23:00:31+00:00,2.142777777777778,False,False
stanislav-web/OpenDoor,263134202,2026-04-28 17:57:42+00:00,2026-04-28 18:23:54+00:00,0.43666666666666665,False,False
stanislav-web/OpenDoor,263134207,2026-04-21 20:51:57+00:00,2026-04-21 23:01:14+00:00,2.1547222222222224,False,False
stanislav-web/OpenDoor,263134207,2026-04-28 17:57:42+00:00,2026-04-28 18:24:24+00:00,0.445,False,False
stanislav-web/OpenDoor,263134207,2026-05-31 18:41:24+00:00,2026-05-31 18:45:37+00:00,0.07027777777777777,False,False
stanislav-web/OpenDoor,263134209,2026-04-21 20:51:57+00:00,2026-04-21 23:01:08+00:00,2.1530555555555555,False,False
stanislav-web/OpenDoor,263134209,2026-04-28 17:57:42+00:00,2026-04-28 18:24:23+00:00,0.44472222222222224,False,False
flix/flix,17751854,2026-04-26 11:00:45+00:00,2026-04-28 18:16:35+00:00,55.263888888888886,False,False
flix/flix,17751854,2026-05-04 09:10:19+00:00,2026-05-05 07:42:33+00:00,22.537222222222223,False,False
flix/flix,17751854,2026-06-09 13:52:00+00:00,2026-06-10 17:10:09+00:00,27.3025,False,False
flix/flix,17751854,2026-07-31 07:15:55+00:00,2026-07-31 20:17:50+00:00,13.031944444444445,False,False
flix/flix,17751854,2026-08-21 08:37:50+00:00,2026-08-21 09:37:44+00:00,0.9983333333333333,False,False
flix/flix,17751854,2026-09-20 06:22:59+00:00,2026-09-20 08:06:15+00:00,1.721111111111111,False,False
flix/flix,17751854,2026-09-21 17:56:16+00:00,2026-09-21 18:23:47+00:00,0.45861111111111114,False,False
flix/flix,187821880,2026-06-03 07:25:48+00:00,2026-06-03 20:08:36+00:00,12.713333333333333,False,False
flix/flix,187821880,2026-08-15 15:15:57+00:00,2026-08-15 15:35:41+00:00,0.3288888888888889,False,False
flix/flix,187821880,2026-08-26 15:10:27+00:00,2026-08-27 09:01:18+00:00,17.8475,False,False
flix/flix,187821880,2026-09-19 13:28:49+00:00,2026-09-19 14:08:00+00:00,0.6530555555555555,False,False
chengzuopeng/stock-sdk,266285297,2026-04-25 14:35:00+00:00,2026-05-02 07:11:41+00:00,160.61138888888888,False,False
chengzuopeng/stock-sdk,266285297,2026-05-15 06:18:35+00:00,2026-05-16 03:29:44+00:00,21.185833333333335,False,False
chengzuopeng/stock-sdk,266285297,2026-06-07 14:09:51+00:00,2026-06-14 14:40:56+00:00,168.51805555555555,False,False
chengzuopeng/stock-sdk,266285297,2026-06-27 10:09:08+00:00,2026-06-27 10:47:56+00:00,0.6466666666666666,False,False
drhelius/Gearboy,252042662,2026-07-16 22:30:00+00:00,2026-07-17 21:10:54+00:00,22.68166666666667,False,False
drhelius/Gearboy,252042662,2026-08-14 22:20:53+00:00,2026-08-14 22:54:46+00:00,0.5647222222222222,False,False
almeidapaulopt/tsdproxy,132491418,2026-05-04 11:06:12+00:00,2026-05-04 15:13:48+00:00,4.126666666666667,False,False
almeidapaulopt/tsdproxy,132491418,2026-05-07 11:11:42+00:00,2026-05-07 11:25:44+00:00,0.2338888888888889,False,False
almeidapaulopt/tsdproxy,132491418,2026-05-07 11:14:26+00:00,2026-05-07 11:38:20+00:00,0.3983333333333333,False,False
almeidapaulopt/tsdproxy,132491418,2026-05-07 22:31:20+00:00,2026-05-07 22:38:47+00:00,0.12416666666666666,False,False
almeidapaulopt/tsdproxy,132491418,2026-05-28 10:33:31+00:00,2026-05-28 16:06:31+00:00,5.55,False,False
almeidapaulopt/tsdproxy,132491418,2026-06-03 14:33:59+00:00,2026-06-03 14:59:04+00:00,0.41805555555555557,False,False
almeidapaulopt/tsdproxy,132491418,2026-06-16 14:19:05+00:00,2026-06-16 15:33:43+00:00,1.2438888888888888,False,False
almeidapaulopt/tsdproxy,132491418,2026-06-16 16:22:03+00:00,2026-06-16 16:34:47+00:00,0.21222222222222223,False,False
almeidapaulopt/tsdproxy,132491418,2026-06-16 23:18:48+00:00,2026-06-16 23:29:17+00:00,0.17472222222222222,False,False
almeidapaulopt/tsdproxy,132491418,2026-06-22 15:43:23+00:00,2026-06-22 15:55:53+00:00,0.20833333333333334,False,False
icebear0828/codex-proxy,275675624,2026-08-23 02:34:33+00:00,2026-08-27 05:30:40+00:00,98.93527777777778,False,False
icebear0828/codex-proxy,275675624,2026-08-28 16:39:58+00:00,2026-08-29 05:36:23+00:00,12.940277777777778,False,False
icebear0828/codex-proxy,275675624,2026-09-02 06:35:08+00:00,2026-09-02 10:58:22+00:00,4.387222222222222,False,False
icebear0828/codex-proxy,275675624,2026-09-20 05:01:39+00:00,2026-09-21 01:28:26+00:00,20.44638888888889,False,False
pytorch/pytorch,203912491,2026-05-15 17:31:19+00:00,2026-05-16 01:03:45+00:00,7.540555555555556,False,False
pytorch/pytorch,203912491,2026-05-29 20:20:11+00:00,2026-05-30 01:34:01+00:00,5.230555555555555,False,False
pytorch/pytorch,203912491,2026-06-29 15:43:33+00:00,2026-06-29 19:05:14+00:00,3.361388888888889,False,False
c0m4r/kula,285771973,2026-05-31 11:26:07+00:00,2026-05-31 11:41:54+00:00,0.26305555555555554,False,False
c0m4r/kula,285771973,2026-06-04 00:51:51+00:00,2026-06-04 09:22:11+00:00,8.505555555555556,False,False
c0m4r/kula,285771973,2026-07-09 09:24:55+00:00,2026-07-09 09:30:51+00:00,0.09888888888888889,False,False
c0m4r/kula,285771973,2026-09-08 11:02:12+00:00,2026-09-08 11:39:28+00:00,0.6211111111111111,False,False
c0m4r/kula,285771973,2026-09-29 19:22:17+00:00,2026-09-29 20:06:12+00:00,0.7319444444444444,False,False
petl-developers/petl,6083701,2026-06-03 02:19:47+00:00,2026-07-20 21:57:42+00:00,1147.6319444444443,False,False
petl-developers/petl,6083701,2026-07-28 04:54:32+00:00,2026-07-29 21:20:28+00:00,40.43222222222222,False,False
petl-developers/petl,6083701,2026-08-05 00:18:38+00:00,2026-08-27 17:19:20+00:00,545.0116666666667,False,False
petl-developers/petl,6083701,2026-09-21 20:53:12+00:00,2026-09-24 17:30:24+00:00,68.62,False,False
petl-developers/petl,6083701,2026-09-28 15:52:26+00:00,2026-09-28 17:58:37+00:00,2.1030555555555557,False,False
zeek/zeek,275261052,2026-07-22 08:46:34+00:00,2026-07-23 00:01:42+00:00,15.252222222222223,False,False
zeek/zeek,275261052,2026-07-23 23:00:40+00:00,2026-07-24 20:12:39+00:00,21.19972222222222,False,False
zeek/zeek,275261052,2026-07-24 21:52:58+00:00,2026-07-27 14:18:15+00:00,64.42138888888888,False,False
zeek/zeek,275261052,2026-07-30 10:10:40+00:00,2026-07-30 20:42:27+00:00,10.529722222222222,False,False
zeek/zeek,275261052,2026-08-04 10:54:42+00:00,2026-08-04 18:17:11+00:00,7.374722222222222,False,False
zeek/zeek,275261052,2026-08-05 09:24:20+00:00,2026-08-06 15:21:27+00:00,29.951944444444443,False,False
zeek/zeek,275261052,2026-08-06 17:57:29+00:00,2026-08-08 01:33:22+00:00,31.598055555555554,False,False
zeek/zeek,275261052,2026-08-20 18:02:33+00:00,2026-08-21 00:35:50+00:00,6.554722222222222,False,False
zeek/zeek,275261052,2026-08-25 15:07:34+00:00,2026-08-25 23:41:29+00:00,8.565277777777778,False,False
zeek/zeek,275261052,2026-08-26 15:41:55+00:00,2026-08-26 20:04:31+00:00,4.376666666666667,False,False
zeek/zeek,275261052,2026-08-31 19:32:47+00:00,2026-09-01 19:21:38+00:00,23.814166666666665,False,False
zeek/zeek,275261052,2026-09-03 14:28:14+00:00,2026-09-04 12:24:39+00:00,21.940277777777776,False,False
zeek/zeek,275261052,2026-09-07 08:37:45+00:00,2026-09-08 12:06:39+00:00,27.481666666666666,False,False
zeek/zeek,275261052,2026-09-11 14:33:08+00:00,2026-09-12 00:47:26+00:00,10.238333333333333,False,False
zeek/zeek,275261052,2026-09-14 16:54:00+00:00,2026-09-17 10:39:44+00:00,65.76222222222222,False,False
zeek/zeek,275261052,2026-09-21 10:26:55+00:00,2026-09-21 21:41:45+00:00,11.247222222222222,False,False
zeek/zeek,275261052,2026-09-21 22:23:28+00:00,2026-09-22 13:33:08+00:00,15.161111111111111,False,False
c0m4r/kula,286456156,2026-05-31 19:16:23+00:00,2026-05-31 19:25:50+00:00,0.1575,False,False
c0m4r/kula,286456156,2026-09-08 11:02:12+00:00,2026-09-08 11:23:35+00:00,0.35638888888888887,False,False
c0m4r/kula,286456156,2026-09-08 11:34:49+00:00,2026-09-08 11:40:21+00:00,0.09222222222222222,False,False
c0m4r/kula,286456156,2026-09-09 03:05:16+00:00,2026-09-09 03:10:48+00:00,0.09222222222222222,False,False
c0m4r/kula,286456156,2026-09-14 08:34:08+00:00,2026-09-14 16:01:46+00:00,7.460555555555556,False,False
rocketride-org/rocketride-server,293304710,2026-07-06 14:39:43+00:00,2026-07-06 15:23:23+00:00,0.7277777777777777,False,False
rocketride-org/rocketride-server,293304710,2026-07-17 14:29:25+00:00,2026-08-01 05:38:22+00:00,351.14916666666664,False,False
rocketride-org/rocketride-server,293304710,2026-08-07 23:46:05+00:00,2026-08-28 21:00:31+00:00,501.24055555555555,False,False
levy-street/world-of-claudecraft,295630673,2026-06-20 23:21:06+00:00,2026-06-21 16:14:59+00:00,16.898055555555555,False,False
levy-street/world-of-claudecraft,295630673,2026-06-23 23:09:35+00:00,2026-06-23 23:20:06+00:00,0.17527777777777778,False,False
levy-street/world-of-claudecraft,295630673,2026-06-24 11:01:25+00:00,2026-06-24 11:35:28+00:00,0.5675,False,False
levy-street/world-of-claudecraft,295630673,2026-07-25 15:25:45+00:00,2026-07-25 15:44:56+00:00,0.31972222222222224,False,False
pytorch/pytorch,285840048,2026-09-30 18:29:46+00:00,2026-09-30 19:10:48+00:00,0.6838888888888889,False,False
openvinotoolkit/openvino,264078628,2026-06-24 16:15:28+00:00,2026-06-24 16:52:06+00:00,0.6105555555555555,False,False
openvinotoolkit/openvino,264078628,2026-06-26 04:16:50+00:00,2026-06-26 05:24:15+00:00,1.1236111111111111,False,False
openvinotoolkit/openvino,264078628,2026-06-29 13:58:01+00:00,2026-06-29 14:29:22+00:00,0.5225,False,False
openvinotoolkit/openvino,264078628,2026-06-29 22:05:52+00:00,2026-06-29 22:42:24+00:00,0.6088888888888889,False,False
openvinotoolkit/openvino,264078628,2026-06-30 11:25:48+00:00,2026-06-30 12:31:45+00:00,1.0991666666666666,False,False
openvinotoolkit/openvino,264078628,2026-07-09 04:43:02+00:00,2026-07-09 10:11:37+00:00,5.476388888888889,False,False
openvinotoolkit/openvino,264078628,2026-07-20 07:22:12+00:00,2026-07-20 12:14:51+00:00,4.8775,False,False
openvinotoolkit/openvino,264078628,2026-07-20 23:30:38+00:00,2026-07-21 09:49:03+00:00,10.306944444444444,False,False
openvinotoolkit/openvino,264078628,2026-07-30 14:57:49+00:00,2026-07-30 15:36:39+00:00,0.6472222222222223,False,False
openvinotoolkit/openvino,264078628,2026-09-10 14:47:03+00:00,2026-09-10 17:04:18+00:00,2.2875,False,False
openvinotoolkit/openvino,281530668,2026-06-26 04:16:50+00:00,2026-06-26 05:34:44+00:00,1.2983333333333333,False,False
openvinotoolkit/openvino,281530668,2026-06-29 14:00:00+00:00,2026-06-29 18:14:24+00:00,4.24,False,False
openvinotoolkit/openvino,281530668,2026-06-29 19:36:35+00:00,2026-06-29 22:57:48+00:00,3.3536111111111113,False,False
openvinotoolkit/openvino,281530668,2026-06-29 22:37:53+00:00,2026-06-30 10:55:16+00:00,12.289722222222222,False,False
openvinotoolkit/openvino,281530668,2026-07-09 04:43:02+00:00,2026-07-09 10:19:04+00:00,5.600555555555555,False,False
eloqdata/eloqkv,287783875,2026-07-13 01:37:26+00:00,2026-07-14 15:39:15+00:00,38.030277777777776,False,False
eloqdata/eloqkv,287783875,2026-07-15 08:37:27+00:00,2026-07-17 05:26:15+00:00,44.81333333333333,False,False
eloqdata/eloqkv,287783875,2026-08-07 08:17:36+00:00,2026-08-10 10:30:49+00:00,74.22027777777778,False,False
eloqdata/eloqkv,287783875,2026-09-08 03:40:09+00:00,2026-09-08 13:08:24+00:00,9.470833333333333,False,False
ydb-platform/ydb,52632351,2026-07-03 11:00:20+00:00,2026-07-03 11:18:53+00:00,0.30916666666666665,False,False
ydb-platform/ydb,52632351,2026-07-06 14:22:58+00:00,2026-07-06 17:52:35+00:00,3.493611111111111,False,False
ydb-platform/ydb,52632351,2026-07-07 08:59:46+00:00,2026-07-07 13:18:04+00:00,4.305,False,False
ydb-platform/ydb,52632351,2026-07-07 11:35:09+00:00,2026-07-07 11:54:17+00:00,0.3188888888888889,False,False
ydb-platform/ydb,52632351,2026-07-07 14:53:41+00:00,2026-07-07 15:37:00+00:00,0.7219444444444445,False,False
ydb-platform/ydb,52632351,2026-07-08 05:29:31+00:00,2026-07-08 07:10:08+00:00,1.6769444444444443,False,False
ydb-platform/ydb,52632351,2026-07-08 07:59:24+00:00,2026-07-08 09:30:16+00:00,1.5144444444444445,False,False
ydb-platform/ydb,52632351,2026-07-08 13:33:29+00:00,2026-07-08 17:12:07+00:00,3.6438888888888887,False,False
ydb-platform/ydb,52632351,2026-07-08 14:56:00+00:00,2026-07-08 18:34:53+00:00,3.6480555555555556,False,False
ydb-platform/ydb,52632351,2026-07-09 05:42:58+00:00,2026-07-09 06:42:04+00:00,0.985,False,False
ydb-platform/ydb,52632351,2026-07-09 05:45:46+00:00,2026-07-09 06:59:28+00:00,1.2283333333333333,False,False
ydb-platform/ydb,52632351,2026-07-09 14:54:45+00:00,2026-07-09 18:24:06+00:00,3.4891666666666667,False,False
ydb-platform/ydb,52632351,2026-07-09 16:13:55+00:00,2026-07-09 20:06:59+00:00,3.8844444444444446,False,False
ydb-platform/ydb,52632351,2026-07-09 16:57:11+00:00,2026-07-09 20:29:46+00:00,3.5430555555555556,False,False
ydb-platform/ydb,52632351,2026-07-10 09:44:20+00:00,2026-07-10 14:00:50+00:00,4.275,False,False
ydb-platform/ydb,52632351,2026-07-10 12:15:31+00:00,2026-07-10 13:17:47+00:00,1.0377777777777777,False,False
ydb-platform/ydb,52632351,2026-07-10 14:36:24+00:00,2026-07-10 17:30:18+00:00,2.8983333333333334,False,False
ydb-platform/ydb,52632351,2026-07-10 15:45:02+00:00,2026-07-10 19:26:39+00:00,3.693611111111111,False,False
ydb-platform/ydb,52632351,2026-07-13 03:32:22+00:00,2026-07-13 04:52:34+00:00,1.3366666666666667,False,False
ydb-platform/ydb,52632351,2026-07-13 14:17:16+00:00,2026-07-13 19:44:13+00:00,5.449166666666667,False,False
ydb-platform/ydb,52632351,2026-07-14 07:39:50+00:00,2026-07-14 08:35:12+00:00,0.9227777777777778,False,False
ydb-platform/ydb,52632351,2026-07-14 09:17:21+00:00,2026-07-14 13:03:12+00:00,3.7641666666666667,False,False
ydb-platform/ydb,52632351,2026-07-14 13:30:31+00:00,2026-07-14 16:54:53+00:00,3.406111111111111,False,False
ydb-platform/ydb,52632351,2026-07-14 15:45:02+00:00,2026-07-14 20:37:42+00:00,4.877777777777778,False,False
ydb-platform/ydb,52632351,2026-07-15 11:42:51+00:00,2026-07-15 14:52:45+00:00,3.165,False,False
ydb-platform/ydb,52632351,2026-07-15 14:59:29+00:00,2026-07-15 15:19:00+00:00,0.3252777777777778,False,False
ydb-platform/ydb,52632351,2026-07-15 15:05:49+00:00,2026-07-15 18:22:32+00:00,3.278611111111111,False,False
ydb-platform/ydb,52632351,2026-07-16 09:07:30+00:00,2026-07-16 10:12:20+00:00,1.0805555555555555,False,False
ydb-platform/ydb,52632351,2026-07-16 10:31:57+00:00,2026-07-16 13:33:52+00:00,3.0319444444444446,False,False
ydb-platform/ydb,52632351,2026-07-16 11:27:04+00:00,2026-07-16 12:22:15+00:00,0.9197222222222222,False,False
ydb-platform/ydb,52632351,2026-07-16 20:34:59+00:00,2026-07-17 00:14:12+00:00,3.653611111111111,False,False
ydb-platform/ydb,52632351,2026-07-17 03:10:27+00:00,2026-07-17 06:09:49+00:00,2.9894444444444446,False,False
ydb-platform/ydb,52632351,2026-07-17 09:44:28+00:00,2026-07-17 10:01:32+00:00,0.28444444444444444,False,False
ydb-platform/ydb,52632351,2026-07-19 20:42:49+00:00,2026-07-20 05:34:46+00:00,8.865833333333333,False,False
ydb-platform/ydb,52632351,2026-07-20 10:53:11+00:00,2026-07-20 11:11:54+00:00,0.31194444444444447,False,False
ydb-platform/ydb,52632351,2026-07-21 08:27:50+00:00,2026-07-21 12:03:12+00:00,3.5894444444444447,False,False
ydb-platform/ydb,52632351,2026-07-21 13:08:39+00:00,2026-07-21 16:18:10+00:00,3.158611111111111,False,False
ydb-platform/ydb,52632351,2026-07-21 14:26:00+00:00,2026-07-21 14:35:07+00:00,0.15194444444444444,False,False
ydb-platform/ydb,52632351,2026-07-22 12:13:10+00:00,2026-07-22 14:20:21+00:00,2.1197222222222223,False,False
ydb-platform/ydb,52632351,2026-07-22 16:57:46+00:00,2026-07-22 22:32:55+00:00,5.585833333333333,False,False
ydb-platform/ydb,52632351,2026-07-23 09:22:33+00:00,2026-07-23 12:54:02+00:00,3.524722222222222,False,False
ydb-platform/ydb,52632351,2026-07-24 08:06:45+00:00,2026-07-24 12:46:59+00:00,4.670555555555556,False,False
ydb-platform/ydb,52632351,2026-07-24 15:56:32+00:00,2026-07-24 17:27:34+00:00,1.5172222222222222,False,False
ydb-platform/ydb,52632351,2026-07-25 10:24:31+00:00,2026-07-25 14:13:26+00:00,3.8152777777777778,False,False
ydb-platform/ydb,52632351,2026-07-27 10:25:15+00:00,2026-07-27 14:21:22+00:00,3.935277777777778,False,False
ydb-platform/ydb,52632351,2026-07-28 17:14:10+00:00,2026-07-28 21:00:56+00:00,3.7794444444444446,False,False
ydb-platform/ydb,52632351,2026-07-28 19:00:12+00:00,2026-07-28 20:31:33+00:00,1.5225,False,False
ydb-platform/ydb,52632351,2026-07-29 12:30:46+00:00,2026-07-29 14:03:54+00:00,1.5522222222222222,False,False
ydb-platform/ydb,52632351,2026-07-29 13:10:01+00:00,2026-07-29 17:15:59+00:00,4.099444444444444,False,False
ydb-platform/ydb,52632351,2026-07-29 14:01:55+00:00,2026-07-29 14:23:00+00:00,0.35138888888888886,False,False
ydb-platform/ydb,52632351,2026-07-29 14:53:18+00:00,2026-07-29 15:23:00+00:00,0.495,False,False
ydb-platform/ydb,52632351,2026-07-29 16:51:51+00:00,2026-07-29 17:08:45+00:00,0.2816666666666667,False,False
ydb-platform/ydb,52632351,2026-07-31 05:31:31+00:00,2026-07-31 06:31:27+00:00,0.9988888888888889,False,False
ydb-platform/ydb,52632351,2026-07-31 21:52:44+00:00,2026-07-31 23:16:47+00:00,1.4008333333333334,False,False
ydb-platform/ydb,52632351,2026-08-03 12:01:07+00:00,2026-08-03 12:45:09+00:00,0.7338888888888889,False,False
ydb-platform/ydb,52632351,2026-08-03 13:36:09+00:00,2026-08-03 13:44:56+00:00,0.1463888888888889,False,False
ydb-platform/ydb,52632351,2026-08-03 13:46:17+00:00,2026-08-03 15:39:09+00:00,1.8811111111111112,False,False
ydb-platform/ydb,52632351,2026-08-04 05:52:22+00:00,2026-08-04 08:21:57+00:00,2.4930555555555554,False,False
ydb-platform/ydb,52632351,2026-08-04 08:19:26+00:00,2026-08-04 11:41:56+00:00,3.375,False,False
ydb-platform/ydb,52632351,2026-08-04 09:33:08+00:00,2026-08-04 13:30:48+00:00,3.9611111111111112,False,False
ydb-platform/ydb,52632351,2026-08-05 09:59:19+00:00,2026-08-05 13:57:39+00:00,3.9722222222222223,False,False
ydb-platform/ydb,52632351,2026-08-06 14:51:42+00:00,2026-08-06 15:33:04+00:00,0.6894444444444444,False,False
ydb-platform/ydb,52632351,2026-08-06 16:11:07+00:00,2026-08-07 01:32:27+00:00,9.355555555555556,False,False
ydb-platform/ydb,52632351,2026-08-12 13:27:13+00:00,2026-08-12 14:39:31+00:00,1.205,False,False
ydb-platform/ydb,52632351,2026-08-13 07:12:30+00:00,2026-08-13 08:27:29+00:00,1.2497222222222222,False,False
ydb-platform/ydb,52632351,2026-08-13 08:31:04+00:00,2026-08-13 14:08:36+00:00,5.625555555555556,False,False
ydb-platform/ydb,52632351,2026-08-13 12:26:25+00:00,2026-08-13 13:05:43+00:00,0.655,False,False
ydb-platform/ydb,52632351,2026-08-13 13:48:06+00:00,2026-08-13 14:10:41+00:00,0.3763888888888889,False,False
ydb-platform/ydb,52632351,2026-08-13 14:34:07+00:00,2026-08-13 15:11:21+00:00,0.6205555555555555,False,False
ydb-platform/ydb,52632351,2026-08-14 07:57:45+00:00,2026-08-14 11:27:11+00:00,3.4905555555555554,False,False
ydb-platform/ydb,52632351,2026-08-14 13:44:48+00:00,2026-08-14 14:04:54+00:00,0.335,False,False
ydb-platform/ydb,52632351,2026-08-14 13:57:29+00:00,2026-08-14 19:09:36+00:00,5.201944444444444,False,False
ydb-platform/ydb,52632351,2026-08-17 10:45:23+00:00,2026-08-17 11:22:02+00:00,0.6108333333333333,False,False
ydb-platform/ydb,52632351,2026-08-17 11:46:39+00:00,2026-08-17 12:05:10+00:00,0.3086111111111111,False,False
ydb-platform/ydb,52632351,2026-08-17 12:27:59+00:00,2026-08-17 13:23:47+00:00,0.93,False,False
ydb-platform/ydb,52632351,2026-08-17 13:19:12+00:00,2026-08-17 17:17:09+00:00,3.9658333333333333,False,False
ydb-platform/ydb,52632351,2026-08-19 08:55:17+00:00,2026-08-19 09:03:43+00:00,0.14055555555555554,False,False
ydb-platform/ydb,52632351,2026-08-19 09:14:10+00:00,2026-08-19 11:15:36+00:00,2.023888888888889,False,False
ydb-platform/ydb,52632351,2026-08-19 11:22:15+00:00,2026-08-19 13:26:32+00:00,2.071388888888889,False,False
ydb-platform/ydb,52632351,2026-08-20 05:58:59+00:00,2026-08-20 09:57:40+00:00,3.9780555555555557,False,False
ydb-platform/ydb,52632351,2026-08-21 08:55:14+00:00,2026-08-21 12:49:41+00:00,3.9075,False,False
ydb-platform/ydb,52632351,2026-08-21 09:37:47+00:00,2026-08-21 10:18:47+00:00,0.6833333333333333,False,False
ydb-platform/ydb,52632351,2026-08-21 10:51:42+00:00,2026-08-21 14:31:26+00:00,3.6622222222222223,False,False
ydb-platform/ydb,52632351,2026-08-24 12:07:09+00:00,2026-08-24 14:26:46+00:00,2.3269444444444445,False,False
ydb-platform/ydb,52632351,2026-08-24 14:34:06+00:00,2026-08-24 14:55:26+00:00,0.35555555555555557,False,False
ydb-platform/ydb,52632351,2026-08-24 16:31:19+00:00,2026-08-24 17:03:48+00:00,0.5413888888888889,False,False
ydb-platform/ydb,52632351,2026-08-25 07:12:11+00:00,2026-08-25 08:22:32+00:00,1.1725,False,False
ydb-platform/ydb,52632351,2026-08-25 11:24:55+00:00,2026-08-25 13:45:52+00:00,2.3491666666666666,False,False
ydb-platform/ydb,52632351,2026-08-25 17:14:55+00:00,2026-08-25 17:47:04+00:00,0.5358333333333334,False,False
ydb-platform/ydb,52632351,2026-08-26 15:40:51+00:00,2026-08-29 11:48:11+00:00,68.12222222222222,False,False
ydb-platform/ydb,52632351,2026-09-02 11:35:19+00:00,2026-09-02 15:14:24+00:00,3.651388888888889,False,False
ydb-platform/ydb,52632351,2026-09-02 18:46:20+00:00,2026-09-02 20:55:25+00:00,2.151388888888889,False,False
ydb-platform/ydb,52632351,2026-09-02 21:35:21+00:00,2026-09-02 22:44:09+00:00,1.1466666666666667,False,False
ydb-platform/ydb,52632351,2026-09-06 19:56:56+00:00,2026-09-06 20:53:02+00:00,0.935,False,False
ydb-platform/ydb,52632351,2026-09-07 07:29:42+00:00,2026-09-07 11:14:57+00:00,3.754166666666667,False,False
ydb-platform/ydb,52632351,2026-09-08 08:37:27+00:00,2026-09-08 09:03:03+00:00,0.4266666666666667,False,False
ydb-platform/ydb,52632351,2026-09-08 09:36:55+00:00,2026-09-08 10:11:55+00:00,0.5833333333333334,False,False
ydb-platform/ydb,52632351,2026-09-08 10:58:17+00:00,2026-09-08 15:46:56+00:00,4.810833333333333,False,False
ydb-platform/ydb,52632351,2026-09-09 07:50:39+00:00,2026-09-09 09:03:42+00:00,1.2175,False,False
ydb-platform/ydb,52632351,2026-09-09 16:52:47+00:00,2026-09-09 17:48:48+00:00,0.9336111111111111,False,False
ydb-platform/ydb,52632351,2026-09-10 12:35:11+00:00,2026-09-10 16:20:01+00:00,3.7472222222222222,False,False
ydb-platform/ydb,52632351,2026-09-11 10:04:49+00:00,2026-09-11 16:01:29+00:00,5.944444444444445,False,False
ydb-platform/ydb,52632351,2026-09-11 13:13:54+00:00,2026-09-11 17:13:21+00:00,3.9908333333333332,False,False
ydb-platform/ydb,52632351,2026-09-11 17:32:37+00:00,2026-09-11 17:47:47+00:00,0.25277777777777777,False,False
ydb-platform/ydb,52632351,2026-09-11 19:30:41+00:00,2026-09-11 20:07:43+00:00,0.6172222222222222,False,False
ydb-platform/ydb,52632351,2026-09-11 20:16:48+00:00,2026-09-11 22:55:34+00:00,2.6461111111111113,False,False
ydb-platform/ydb,52632351,2026-09-14 07:52:25+00:00,2026-09-14 08:42:35+00:00,0.8361111111111111,False,False
ydb-platform/ydb,52632351,2026-09-14 10:55:55+00:00,2026-09-14 14:09:43+00:00,3.23,False,False
ydb-platform/ydb,52632351,2026-09-15 09:47:53+00:00,2026-09-15 14:51:15+00:00,5.056111111111111,False,False
ydb-platform/ydb,52632351,2026-09-15 10:51:15+00:00,2026-09-15 12:34:33+00:00,1.7216666666666667,False,False
ydb-platform/ydb,52632351,2026-09-15 11:24:33+00:00,2026-09-15 12:52:00+00:00,1.4575,False,False
ydb-platform/ydb,52632351,2026-09-15 12:23:32+00:00,2026-09-15 14:52:32+00:00,2.4833333333333334,False,False
ydb-platform/ydb,52632351,2026-09-15 14:28:59+00:00,2026-09-15 15:24:55+00:00,0.9322222222222222,False,False
ydb-platform/ydb,52632351,2026-09-15 15:01:32+00:00,2026-09-15 15:43:32+00:00,0.7,False,False
ydb-platform/ydb,52632351,2026-09-16 07:01:09+00:00,2026-09-16 10:23:43+00:00,3.3761111111111113,False,False
ydb-platform/ydb,52632351,2026-09-16 07:36:32+00:00,2026-09-16 10:50:23+00:00,3.2308333333333334,False,False
ydb-platform/ydb,52632351,2026-09-16 07:44:03+00:00,2026-09-16 12:58:38+00:00,5.243055555555555,False,False
ydb-platform/ydb,52632351,2026-09-16 08:40:01+00:00,2026-09-16 12:38:27+00:00,3.973888888888889,False,False
ydb-platform/ydb,52632351,2026-09-16 10:27:04+00:00,2026-09-16 11:48:53+00:00,1.363611111111111,False,False
ydb-platform/ydb,52632351,2026-09-16 11:23:44+00:00,2026-09-16 12:07:38+00:00,0.7316666666666667,False,False
ydb-platform/ydb,52632351,2026-09-16 12:02:46+00:00,2026-09-16 12:15:34+00:00,0.21333333333333335,False,False
ydb-platform/ydb,52632351,2026-09-16 12:08:45+00:00,2026-09-16 12:45:39+00:00,0.615,False,False
ydb-platform/ydb,52632351,2026-09-16 12:59:49+00:00,2026-09-16 13:51:13+00:00,0.8566666666666667,False,False
ydb-platform/ydb,52632351,2026-09-17 12:47:09+00:00,2026-09-17 13:35:20+00:00,0.8030555555555555,False,False
ydb-platform/ydb,52632351,2026-09-18 06:24:30+00:00,2026-09-18 12:49:01+00:00,6.408611111111111,False,False
ydb-platform/ydb,52632351,2026-09-18 09:47:42+00:00,2026-09-18 13:54:51+00:00,4.119166666666667,False,False
ydb-platform/ydb,52632351,2026-09-18 10:19:30+00:00,2026-09-18 10:51:33+00:00,0.5341666666666667,False,False
ydb-platform/ydb,52632351,2026-09-18 16:01:20+00:00,2026-09-18 17:07:46+00:00,1.1072222222222223,False,False
ydb-platform/ydb,52632351,2026-09-19 12:13:04+00:00,2026-09-19 12:46:34+00:00,0.5583333333333333,False,False
ydb-platform/ydb,52632351,2026-09-21 07:57:14+00:00,2026-09-21 12:30:14+00:00,4.55,False,False
ydb-platform/ydb,52632351,2026-09-21 12:51:46+00:00,2026-09-21 21:15:37+00:00,8.3975,False,False
ydb-platform/ydb,52632351,2026-09-22 07:16:04+00:00,2026-09-22 11:29:23+00:00,4.2219444444444445,False,False
ydb-platform/ydb,52632351,2026-09-22 07:22:07+00:00,2026-09-22 11:56:39+00:00,4.575555555555556,False,False
ydb-platform/ydb,52632351,2026-09-22 18:12:40+00:00,2026-09-22 23:53:55+00:00,5.6875,False,False
ydb-platform/ydb,52632351,2026-09-23 12:47:08+00:00,2026-09-23 16:45:06+00:00,3.966111111111111,False,False
ydb-platform/ydb,52632351,2026-09-24 05:34:50+00:00,2026-09-24 06:45:57+00:00,1.1852777777777779,False,False
ydb-platform/ydb,52632351,2026-09-25 08:03:56+00:00,2026-09-25 12:55:54+00:00,4.8661111111111115,False,False
ydb-platform/ydb,52632351,2026-09-25 16:45:51+00:00,2026-09-25 17:20:13+00:00,0.5727777777777778,False,False
ydb-platform/ydb,52632351,2026-09-26 10:05:02+00:00,2026-09-26 11:46:33+00:00,1.6919444444444445,False,False
ydb-platform/ydb,52632351,2026-09-28 16:00:31+00:00,2026-09-28 20:11:33+00:00,4.183888888888889,False,False
ydb-platform/ydb,52632351,2026-09-28 17:16:09+00:00,2026-09-28 22:16:59+00:00,5.013888888888889,False,False
ydb-platform/ydb,52632351,2026-09-29 13:34:13+00:00,2026-09-29 19:04:20+00:00,5.501944444444445,False,False
ydb-platform/ydb,52632351,2026-09-29 19:35:25+00:00,2026-09-29 19:57:26+00:00,0.36694444444444446,False,False
ydb-platform/ydb,52632351,2026-09-30 07:54:40+00:00,2026-09-30 12:00:58+00:00,4.105,False,False
eloqdata/eloqkv,307109584,2026-07-14 13:28:22+00:00,2026-07-14 16:05:55+00:00,2.6258333333333335,False,False
OneDragon-Anything/ZenlessZoneZero-OneDragon,308155279,2026-08-06 16:58:39+00:00,2026-08-07 01:58:21+00:00,8.995,False,False
OneDragon-Anything/ZenlessZoneZero-OneDragon,308155279,2026-08-09 04:04:26+00:00,2026-08-09 04:07:38+00:00,0.05333333333333334,False,False
wp-graphql/wp-graphql,308836207,2026-08-03 16:28:45+00:00,2026-08-07 18:56:08+00:00,98.4563888888889,False,False
openvinotoolkit/openvino,302639229,2026-07-09 04:43:02+00:00,2026-07-09 09:57:58+00:00,5.248888888888889,False,False
openvinotoolkit/openvino,302639229,2026-07-28 17:56:31+00:00,2026-07-30 13:18:09+00:00,43.36055555555556,False,False
openvinotoolkit/openvino,302639229,2026-08-11 13:47:23+00:00,2026-08-11 22:11:49+00:00,8.407222222222222,False,False
dotnet/ClangSharp,313409020,2026-07-15 04:28:23+00:00,2026-07-15 04:47:34+00:00,0.31972222222222224,False,False
dotnet/ClangSharp,313409020,2026-07-15 05:10:30+00:00,2026-07-15 14:40:34+00:00,9.501111111111111,False,False
dotnet/ClangSharp,313409020,2026-07-16 01:20:50+00:00,2026-07-16 02:01:27+00:00,0.6769444444444445,False,False
openvinotoolkit/openvino,268312439,2026-09-10 16:30:14+00:00,2026-09-10 18:04:06+00:00,1.5644444444444445,False,False
levy-street/world-of-claudecraft,327894426,2026-09-03 11:51:15+00:00,2026-09-09 10:19:23+00:00,142.4688888888889,False,False
levy-street/world-of-claudecraft,327894426,2026-09-21 03:04:04+00:00,2026-09-28 04:58:17+00:00,169.9036111111111,False,False
ydb-platform/ydb,326302443,2026-09-01 09:36:02+00:00,2026-09-02 15:06:56+00:00,29.515,False,False
ydb-platform/ydb,326302443,2026-09-02 19:24:17+00:00,2026-09-04 13:48:22+00:00,42.40138888888889,False,False
ydb-platform/ydb,326302443,2026-09-11 12:56:09+00:00,2026-09-11 20:15:21+00:00,7.32,False,False
ydb-platform/ydb,326302443,2026-09-16 13:34:14+00:00,2026-09-23 19:56:02+00:00,174.36333333333334,False,False
ydb-platform/ydb,326302443,2026-09-24 07:07:16+00:00,2026-09-24 09:55:09+00:00,2.7980555555555555,False,False
ydb-platform/ydb,326302443,2026-09-28 11:44:17+00:00,2026-09-28 17:53:55+00:00,6.160555555555556,False,False
open-pencil/open-pencil,337264996,2026-09-30 01:00:35+00:00,,,True,False
enyo/dropzone,346009077,2026-09-05 17:02:49+00:00,2026-09-05 17:07:15+00:00,0.07388888888888889,False,False
enyo/dropzone,346009077,2026-09-06 10:14:59+00:00,2026-09-06 10:20:10+00:00,0.08638888888888889,False,False
enyo/dropzone,346017127,2026-09-12 14:38:11+00:00,2026-09-12 18:07:01+00:00,3.4805555555555556,False,False
enyo/dropzone,346017127,2026-09-13 10:01:38+00:00,2026-09-13 10:09:00+00:00,0.12277777777777778,False,False
goodroot/hyprwhspr,351082947,2026-09-11 16:30:30+00:00,2026-09-11 16:42:14+00:00,0.19555555555555557,False,False
goodroot/hyprwhspr,351082947,2026-09-17 18:26:52+00:00,2026-09-17 19:15:40+00:00,0.8133333333333334,False,False
c0m4r/kula,369701893,2026-09-29 19:22:17+00:00,2026-09-29 20:25:45+00:00,1.0577777777777777,False,False
c0m4r/kula,369701893,2026-09-29 22:06:45+00:00,2026-09-29 22:25:12+00:00,0.3075,False,False
