repo,run_id,workflow_id,workflow_nome,event,head_sha,run_attempt,conclusion,classe,inicio,fim,criado_em
mozilla/pontoon,36301277693,321421937,SSDLC Analysis,push,512414a94c8fb41fe3457923824f7bc9e58d2d45,1,success,sucesso,2026-09-27T06:50:21Z,2026-09-27T06:51:03Z,2026-09-27T06:50:21Z
mozilla/pontoon,36301277227,4438153,Python linting,push,512414a94c8fb41fe3457923824f7bc9e58d2d45,1,success,sucesso,2026-09-27T06:50:20Z,2026-09-27T06:50:38Z,2026-09-27T06:50:20Z
mozilla/pontoon,36301277233,208684642,Docker Build,push,512414a94c8fb41fe3457923824f7bc9e58d2d45,1,success,sucesso,2026-09-27T06:50:20Z,2026-09-27T06:53:23Z,2026-09-27T06:50:20Z
mozilla/pontoon,36301277177,4438152,Backend,push,512414a94c8fb41fe3457923824f7bc9e58d2d45,1,success,sucesso,2026-09-27T06:50:20Z,2026-09-27T06:54:52Z,2026-09-27T06:50:20Z
mozilla/pontoon,36270659830,321421937,SSDLC Analysis,push,fdb21930792ef61100bf6ec5e0e9942b8a22d25d,1,success,sucesso,2026-09-26T20:46:10Z,2026-09-26T20:46:48Z,2026-09-26T20:46:10Z
mozilla/pontoon,36270659381,4438153,Python linting,push,fdb21930792ef61100bf6ec5e0e9942b8a22d25d,1,success,sucesso,2026-09-26T20:46:09Z,2026-09-26T20:46:27Z,2026-09-26T20:46:09Z
mozilla/pontoon,36270659383,4439483,JavaScript and Jinja linting,push,fdb21930792ef61100bf6ec5e0e9942b8a22d25d,1,success,sucesso,2026-09-26T20:46:09Z,2026-09-26T20:46:41Z,2026-09-26T20:46:09Z
mozilla/pontoon,36270659418,208684642,Docker Build,push,fdb21930792ef61100bf6ec5e0e9942b8a22d25d,1,success,sucesso,2026-09-26T20:46:09Z,2026-09-26T20:49:17Z,2026-09-26T20:46:09Z
mozilla/pontoon,36270659394,4438152,Backend,push,fdb21930792ef61100bf6ec5e0e9942b8a22d25d,1,success,sucesso,2026-09-26T20:46:09Z,2026-09-26T20:50:27Z,2026-09-26T20:46:09Z
mozilla/pontoon,36260799141,321421937,SSDLC Analysis,push,f4814a55f80b5facb4e237f0dbcc306275db3fd4,1,success,sucesso,2026-09-26T17:56:38Z,2026-09-26T17:57:15Z,2026-09-26T17:56:38Z
mozilla/pontoon,36260798604,4438153,Python linting,push,f4814a55f80b5facb4e237f0dbcc306275db3fd4,1,success,sucesso,2026-09-26T17:56:37Z,2026-09-26T17:56:52Z,2026-09-26T17:56:37Z
mozilla/pontoon,36260798719,208684642,Docker Build,push,f4814a55f80b5facb4e237f0dbcc306275db3fd4,1,success,sucesso,2026-09-26T17:56:37Z,2026-09-26T17:59:41Z,2026-09-26T17:56:37Z
mozilla/pontoon,36260798645,4438152,Backend,push,f4814a55f80b5facb4e237f0dbcc306275db3fd4,1,success,sucesso,2026-09-26T17:56:37Z,2026-09-26T18:00:59Z,2026-09-26T17:56:37Z
mozilla/pontoon,36250407403,4439483,JavaScript and Jinja linting,push,b72aec662f121fc555cd4a564fd006d10fb73ed2,1,success,sucesso,2026-09-26T15:00:13Z,2026-09-26T15:00:39Z,2026-09-26T15:00:13Z
mozilla/pontoon,36250408117,321421937,SSDLC Analysis,push,b72aec662f121fc555cd4a564fd006d10fb73ed2,1,success,sucesso,2026-09-26T15:00:13Z,2026-09-26T15:00:57Z,2026-09-26T15:00:13Z
mozilla/pontoon,36250407330,4416466,Frontend,push,b72aec662f121fc555cd4a564fd006d10fb73ed2,1,success,sucesso,2026-09-26T15:00:13Z,2026-09-26T15:01:43Z,2026-09-26T15:00:13Z
mozilla/pontoon,36250407420,208684642,Docker Build,push,b72aec662f121fc555cd4a564fd006d10fb73ed2,1,success,sucesso,2026-09-26T15:00:13Z,2026-09-26T15:04:14Z,2026-09-26T15:00:13Z
mozilla/pontoon,36161388391,208684642,Docker Build,push,87ee2de979685b89ff68a34f6681953173cf95d5,1,success,sucesso,2026-09-25T16:32:14Z,2026-09-25T16:35:22Z,2026-09-25T16:32:14Z
mozilla/pontoon,36161388316,4438152,Backend,push,87ee2de979685b89ff68a34f6681953173cf95d5,1,success,sucesso,2026-09-25T16:32:14Z,2026-09-25T16:36:57Z,2026-09-25T16:32:14Z
mozilla/pontoon,36161388342,4416466,Frontend,push,87ee2de979685b89ff68a34f6681953173cf95d5,1,success,sucesso,2026-09-25T16:32:14Z,2026-09-25T16:33:50Z,2026-09-25T16:32:14Z
mozilla/pontoon,36161388421,4438153,Python linting,push,87ee2de979685b89ff68a34f6681953173cf95d5,1,success,sucesso,2026-09-25T16:32:14Z,2026-09-25T16:32:35Z,2026-09-25T16:32:14Z
mozilla/pontoon,36161389515,321421937,SSDLC Analysis,push,87ee2de979685b89ff68a34f6681953173cf95d5,1,success,sucesso,2026-09-25T16:32:14Z,2026-09-25T16:33:00Z,2026-09-25T16:32:14Z
mozilla/pontoon,35836159264,4438153,Python linting,push,61e7e7f468889b46de29152d94fe2774a00664a8,1,success,sucesso,2026-09-23T08:16:07Z,2026-09-23T08:16:25Z,2026-09-23T08:16:07Z
mozilla/pontoon,35836160036,321421937,SSDLC Analysis,push,61e7e7f468889b46de29152d94fe2774a00664a8,1,success,sucesso,2026-09-23T08:16:07Z,2026-09-23T08:16:45Z,2026-09-23T08:16:07Z
mozilla/pontoon,35836159278,208684642,Docker Build,push,61e7e7f468889b46de29152d94fe2774a00664a8,1,success,sucesso,2026-09-23T08:16:07Z,2026-09-23T08:19:01Z,2026-09-23T08:16:07Z
mozilla/pontoon,35836159302,4438152,Backend,push,61e7e7f468889b46de29152d94fe2774a00664a8,1,success,sucesso,2026-09-23T08:16:07Z,2026-09-23T08:20:15Z,2026-09-23T08:16:07Z
mozilla/pontoon,35834967609,4438153,Python linting,push,e40aaa858160f34d918c2411c15c14c63d900f32,1,success,sucesso,2026-09-23T08:03:17Z,2026-09-23T08:03:31Z,2026-09-23T08:03:17Z
mozilla/pontoon,35834968100,321421937,SSDLC Analysis,push,e40aaa858160f34d918c2411c15c14c63d900f32,1,success,sucesso,2026-09-23T08:03:17Z,2026-09-23T08:03:55Z,2026-09-23T08:03:17Z
mozilla/pontoon,35834967605,208684642,Docker Build,push,e40aaa858160f34d918c2411c15c14c63d900f32,1,success,sucesso,2026-09-23T08:03:17Z,2026-09-23T08:06:16Z,2026-09-23T08:03:17Z
mozilla/pontoon,35834967657,4438152,Backend,push,e40aaa858160f34d918c2411c15c14c63d900f32,1,success,sucesso,2026-09-23T08:03:17Z,2026-09-23T08:07:51Z,2026-09-23T08:03:17Z
mozilla/pontoon,35766190539,321421937,SSDLC Analysis,push,f327edae99e1d7d3184d5cb0ef8f9030aee14f27,1,success,sucesso,2026-09-22T18:17:31Z,2026-09-22T18:18:11Z,2026-09-22T18:17:31Z
mozilla/pontoon,35766188954,208684642,Docker Build,push,f327edae99e1d7d3184d5cb0ef8f9030aee14f27,1,success,sucesso,2026-09-22T18:17:30Z,2026-09-22T18:20:21Z,2026-09-22T18:17:30Z
mozilla/pontoon,35766188965,4438152,Backend,push,f327edae99e1d7d3184d5cb0ef8f9030aee14f27,1,success,sucesso,2026-09-22T18:17:30Z,2026-09-22T18:21:39Z,2026-09-22T18:17:30Z
mozilla/pontoon,35766188936,4438153,Python linting,push,f327edae99e1d7d3184d5cb0ef8f9030aee14f27,1,success,sucesso,2026-09-22T18:17:30Z,2026-09-22T18:17:45Z,2026-09-22T18:17:30Z
mozilla/pontoon,35751222828,321421937,SSDLC Analysis,push,4e07692fd09c72ae573f547c66a3804812e048ac,1,success,sucesso,2026-09-22T16:00:46Z,2026-09-22T16:01:29Z,2026-09-22T16:00:46Z
mozilla/pontoon,35751221611,208684642,Docker Build,push,4e07692fd09c72ae573f547c66a3804812e048ac,1,success,sucesso,2026-09-22T16:00:45Z,2026-09-22T16:03:59Z,2026-09-22T16:00:45Z
mozilla/pontoon,35751221594,4438152,Backend,push,4e07692fd09c72ae573f547c66a3804812e048ac,1,success,sucesso,2026-09-22T16:00:45Z,2026-09-22T16:05:25Z,2026-09-22T16:00:45Z
mozilla/pontoon,35702495075,208684642,Docker Build,push,4cfec2d6831a7d35d35a4fdd855df59ce3a44a7c,1,success,sucesso,2026-09-22T08:00:39Z,2026-09-22T08:04:37Z,2026-09-22T08:00:39Z
mozilla/pontoon,35702495063,4438152,Backend,push,4cfec2d6831a7d35d35a4fdd855df59ce3a44a7c,1,success,sucesso,2026-09-22T08:00:39Z,2026-09-22T08:04:55Z,2026-09-22T08:00:39Z
mozilla/pontoon,35702495052,4439483,JavaScript and Jinja linting,push,4cfec2d6831a7d35d35a4fdd855df59ce3a44a7c,1,success,sucesso,2026-09-22T08:00:39Z,2026-09-22T08:01:06Z,2026-09-22T08:00:39Z
mozilla/pontoon,35702495827,321421937,SSDLC Analysis,push,4cfec2d6831a7d35d35a4fdd855df59ce3a44a7c,1,success,sucesso,2026-09-22T08:00:39Z,2026-09-22T08:01:23Z,2026-09-22T08:00:39Z
mozilla/pontoon,35702495080,4438153,Python linting,push,4cfec2d6831a7d35d35a4fdd855df59ce3a44a7c,1,success,sucesso,2026-09-22T08:00:39Z,2026-09-22T08:00:55Z,2026-09-22T08:00:39Z
mozilla/pontoon,35702495083,4416466,Frontend,push,4cfec2d6831a7d35d35a4fdd855df59ce3a44a7c,1,success,sucesso,2026-09-22T08:00:39Z,2026-09-22T08:02:15Z,2026-09-22T08:00:39Z
mozilla/pontoon,35690785680,4438153,Python linting,push,0116807cf87ede77ff5fe566588faa7bf0d4929b,1,success,sucesso,2026-09-22T05:27:39Z,2026-09-22T05:27:57Z,2026-09-22T05:27:39Z
mozilla/pontoon,35690786124,321421937,SSDLC Analysis,push,0116807cf87ede77ff5fe566588faa7bf0d4929b,1,success,sucesso,2026-09-22T05:27:39Z,2026-09-22T05:28:17Z,2026-09-22T05:27:39Z
mozilla/pontoon,35690785713,208684642,Docker Build,push,0116807cf87ede77ff5fe566588faa7bf0d4929b,1,success,sucesso,2026-09-22T05:27:39Z,2026-09-22T05:31:14Z,2026-09-22T05:27:39Z
mozilla/pontoon,35690785676,4438152,Backend,push,0116807cf87ede77ff5fe566588faa7bf0d4929b,1,success,sucesso,2026-09-22T05:27:39Z,2026-09-22T05:32:13Z,2026-09-22T05:27:39Z
mozilla/pontoon,35639669130,321421937,SSDLC Analysis,push,80926b91bf1216937e41d1cd56a723320a95ea8a,1,success,sucesso,2026-09-21T18:38:16Z,2026-09-21T18:38:52Z,2026-09-21T18:38:16Z
mozilla/pontoon,35639668253,208684642,Docker Build,push,80926b91bf1216937e41d1cd56a723320a95ea8a,1,success,sucesso,2026-09-21T18:38:15Z,2026-09-21T18:41:17Z,2026-09-21T18:38:15Z
mozilla/pontoon,35639668132,4438152,Backend,push,80926b91bf1216937e41d1cd56a723320a95ea8a,1,success,sucesso,2026-09-21T18:38:15Z,2026-09-21T18:41:13Z,2026-09-21T18:38:15Z
mozilla/pontoon,35639668180,4438153,Python linting,push,80926b91bf1216937e41d1cd56a723320a95ea8a,1,success,sucesso,2026-09-21T18:38:15Z,2026-09-21T18:38:35Z,2026-09-21T18:38:15Z
mozilla/pontoon,35639668264,4439483,JavaScript and Jinja linting,push,80926b91bf1216937e41d1cd56a723320a95ea8a,1,success,sucesso,2026-09-21T18:38:15Z,2026-09-21T18:38:42Z,2026-09-21T18:38:15Z
mozilla/pontoon,35639668080,4416466,Frontend,push,80926b91bf1216937e41d1cd56a723320a95ea8a,1,success,sucesso,2026-09-21T18:38:15Z,2026-09-21T18:39:49Z,2026-09-21T18:38:15Z
mozilla/pontoon,35600102658,321421937,SSDLC Analysis,push,2e4a5946da070913bf3d275262aaa655f57160cf,1,success,sucesso,2026-09-21T12:32:13Z,2026-09-21T12:32:59Z,2026-09-21T12:32:13Z
mozilla/pontoon,35600101890,4438153,Python linting,push,2e4a5946da070913bf3d275262aaa655f57160cf,1,success,sucesso,2026-09-21T12:32:12Z,2026-09-21T12:32:31Z,2026-09-21T12:32:12Z
mozilla/pontoon,35600101921,4439483,JavaScript and Jinja linting,push,2e4a5946da070913bf3d275262aaa655f57160cf,1,success,sucesso,2026-09-21T12:32:12Z,2026-09-21T12:32:40Z,2026-09-21T12:32:12Z
mozilla/pontoon,35600101935,4438152,Backend,push,2e4a5946da070913bf3d275262aaa655f57160cf,1,success,sucesso,2026-09-21T12:32:12Z,2026-09-21T12:36:59Z,2026-09-21T12:32:12Z
mozilla/pontoon,35600101977,4416466,Frontend,push,2e4a5946da070913bf3d275262aaa655f57160cf,1,success,sucesso,2026-09-21T12:32:12Z,2026-09-21T12:33:46Z,2026-09-21T12:32:12Z
mozilla/pontoon,35600101882,208684642,Docker Build,push,2e4a5946da070913bf3d275262aaa655f57160cf,1,success,sucesso,2026-09-21T12:32:12Z,2026-09-21T12:34:59Z,2026-09-21T12:32:12Z
mozilla/pontoon,35573582285,4438152,Backend,push,5251cb859744cb7802d21042fde2300b710dea8a,1,success,sucesso,2026-09-21T07:34:17Z,2026-09-21T07:38:30Z,2026-09-21T07:34:17Z
mozilla/pontoon,35573582255,208684642,Docker Build,push,5251cb859744cb7802d21042fde2300b710dea8a,1,success,sucesso,2026-09-21T07:34:17Z,2026-09-21T07:39:29Z,2026-09-21T07:34:17Z
mozilla/pontoon,35573582245,4438153,Python linting,push,5251cb859744cb7802d21042fde2300b710dea8a,1,success,sucesso,2026-09-21T07:34:17Z,2026-09-21T07:34:33Z,2026-09-21T07:34:17Z
mozilla/pontoon,35573582743,321421937,SSDLC Analysis,push,5251cb859744cb7802d21042fde2300b710dea8a,1,success,sucesso,2026-09-21T07:34:17Z,2026-09-21T07:34:54Z,2026-09-21T07:34:17Z
mozilla/pontoon,35374878853,4438153,Python linting,push,d4e304111a3c37f2cd6354f93501cc6c5500e081,1,success,sucesso,2026-09-18T17:31:49Z,2026-09-18T17:32:07Z,2026-09-18T17:31:49Z
mozilla/pontoon,35374879522,321421937,SSDLC Analysis,push,d4e304111a3c37f2cd6354f93501cc6c5500e081,1,success,sucesso,2026-09-18T17:31:49Z,2026-09-18T17:32:35Z,2026-09-18T17:31:49Z
mozilla/pontoon,35374878812,208684642,Docker Build,push,d4e304111a3c37f2cd6354f93501cc6c5500e081,1,success,sucesso,2026-09-18T17:31:49Z,2026-09-18T17:34:49Z,2026-09-18T17:31:49Z
mozilla/pontoon,35374878867,4438152,Backend,push,d4e304111a3c37f2cd6354f93501cc6c5500e081,1,success,sucesso,2026-09-18T17:31:49Z,2026-09-18T17:36:00Z,2026-09-18T17:31:49Z
mozilla/pontoon,35372966252,321421937,SSDLC Analysis,push,2886150f4beadac2680eff419b473f5dc0aafe22,1,success,sucesso,2026-09-18T17:12:33Z,2026-09-18T17:13:17Z,2026-09-18T17:12:33Z
mozilla/pontoon,35372965301,4438153,Python linting,push,2886150f4beadac2680eff419b473f5dc0aafe22,1,success,sucesso,2026-09-18T17:12:32Z,2026-09-18T17:12:51Z,2026-09-18T17:12:32Z
mozilla/pontoon,35372965187,4416466,Frontend,push,2886150f4beadac2680eff419b473f5dc0aafe22,1,success,sucesso,2026-09-18T17:12:32Z,2026-09-18T17:13:49Z,2026-09-18T17:12:32Z
mozilla/pontoon,35372965182,208684642,Docker Build,push,2886150f4beadac2680eff419b473f5dc0aafe22,1,success,sucesso,2026-09-18T17:12:32Z,2026-09-18T17:15:25Z,2026-09-18T17:12:32Z
mozilla/pontoon,35372965241,4438152,Backend,push,2886150f4beadac2680eff419b473f5dc0aafe22,1,success,sucesso,2026-09-18T17:12:32Z,2026-09-18T17:16:58Z,2026-09-18T17:12:32Z
mozilla/pontoon,35249736951,208684642,Docker Build,push,83842c89adff6e4482a8a985935802ead268fd65,1,success,sucesso,2026-09-17T16:57:16Z,2026-09-17T17:00:46Z,2026-09-17T16:57:16Z
mozilla/pontoon,35249737942,321421937,SSDLC Analysis,push,83842c89adff6e4482a8a985935802ead268fd65,1,success,sucesso,2026-09-17T16:57:16Z,2026-09-17T16:57:57Z,2026-09-17T16:57:16Z
mozilla/pontoon,35191279515,322396562,SSDLC SBOM,push,22dd6c806bfde2c02257705b202f95a1d63efa9a,1,success,sucesso,2026-09-17T06:45:45Z,2026-09-17T06:45:56Z,2026-09-17T06:45:45Z
mozilla/pontoon,35191279439,321421937,SSDLC Analysis,push,22dd6c806bfde2c02257705b202f95a1d63efa9a,1,success,sucesso,2026-09-17T06:45:45Z,2026-09-17T06:46:23Z,2026-09-17T06:45:45Z
mozilla/pontoon,35191278988,4438153,Python linting,push,22dd6c806bfde2c02257705b202f95a1d63efa9a,1,success,sucesso,2026-09-17T06:45:45Z,2026-09-17T06:46:35Z,2026-09-17T06:45:45Z
mozilla/pontoon,35191279084,208684642,Docker Build,push,22dd6c806bfde2c02257705b202f95a1d63efa9a,1,success,sucesso,2026-09-17T06:45:45Z,2026-09-17T06:48:53Z,2026-09-17T06:45:45Z
mozilla/pontoon,35191279095,4438152,Backend,push,22dd6c806bfde2c02257705b202f95a1d63efa9a,1,success,sucesso,2026-09-17T06:45:45Z,2026-09-17T06:49:43Z,2026-09-17T06:45:45Z
mozilla/pontoon,35182835617,4438153,Python linting,push,0f0b11854eeabdecda9cd555e551f2fcd53afeda,1,success,sucesso,2026-09-17T04:41:02Z,2026-09-17T04:41:15Z,2026-09-17T04:41:02Z
mozilla/pontoon,35182835983,322396562,SSDLC SBOM,push,0f0b11854eeabdecda9cd555e551f2fcd53afeda,1,success,sucesso,2026-09-17T04:41:02Z,2026-09-17T04:41:13Z,2026-09-17T04:41:02Z
mozilla/pontoon,35182836001,321421937,SSDLC Analysis,push,0f0b11854eeabdecda9cd555e551f2fcd53afeda,1,success,sucesso,2026-09-17T04:41:02Z,2026-09-17T04:41:38Z,2026-09-17T04:41:02Z
mozilla/pontoon,35182835596,208684642,Docker Build,push,0f0b11854eeabdecda9cd555e551f2fcd53afeda,1,success,sucesso,2026-09-17T04:41:02Z,2026-09-17T04:44:02Z,2026-09-17T04:41:02Z
mozilla/pontoon,35182835578,4438152,Backend,push,0f0b11854eeabdecda9cd555e551f2fcd53afeda,1,success,sucesso,2026-09-17T04:41:02Z,2026-09-17T04:45:14Z,2026-09-17T04:41:02Z
mozilla/pontoon,35131233515,321421937,SSDLC Analysis,push,461302ba0e568f82f6fa697217043481c397ed4b,1,success,sucesso,2026-09-16T17:56:06Z,2026-09-16T18:02:54Z,2026-09-16T17:56:06Z
mozilla/pontoon,35131233717,322396562,SSDLC SBOM,push,461302ba0e568f82f6fa697217043481c397ed4b,1,success,sucesso,2026-09-16T17:56:06Z,2026-09-16T18:03:06Z,2026-09-16T17:56:06Z
mozilla/pontoon,35131232761,4439483,JavaScript and Jinja linting,push,461302ba0e568f82f6fa697217043481c397ed4b,1,success,sucesso,2026-09-16T17:56:05Z,2026-09-16T18:02:38Z,2026-09-16T17:56:05Z
mozilla/pontoon,35131232788,4416466,Frontend,push,461302ba0e568f82f6fa697217043481c397ed4b,1,success,sucesso,2026-09-16T17:56:05Z,2026-09-16T18:02:57Z,2026-09-16T17:56:05Z
mozilla/pontoon,35131232736,208684642,Docker Build,push,461302ba0e568f82f6fa697217043481c397ed4b,1,success,sucesso,2026-09-16T17:56:05Z,2026-09-16T18:04:51Z,2026-09-16T17:56:05Z
mozilla/pontoon,35013919321,4438153,Python linting,push,edbb875b114833155d19f4d2a8159fa935d1362a,1,success,sucesso,2026-09-15T19:29:21Z,2026-09-15T19:29:36Z,2026-09-15T19:29:21Z
mozilla/pontoon,35013920182,321421937,SSDLC Analysis,push,edbb875b114833155d19f4d2a8159fa935d1362a,1,success,sucesso,2026-09-15T19:29:21Z,2026-09-15T19:30:01Z,2026-09-15T19:29:21Z
mozilla/pontoon,35013919400,208684642,Docker Build,push,edbb875b114833155d19f4d2a8159fa935d1362a,1,success,sucesso,2026-09-15T19:29:21Z,2026-09-15T19:32:37Z,2026-09-15T19:29:21Z
mozilla/pontoon,35013919394,4438152,Backend,push,edbb875b114833155d19f4d2a8159fa935d1362a,1,success,sucesso,2026-09-15T19:29:21Z,2026-09-15T19:33:36Z,2026-09-15T19:29:21Z
mozilla/pontoon,35013920270,322396562,SSDLC SBOM,push,edbb875b114833155d19f4d2a8159fa935d1362a,1,success,sucesso,2026-09-15T19:29:21Z,2026-09-15T19:30:11Z,2026-09-15T19:29:21Z
mozilla/pontoon,34948659356,4438153,Python linting,push,a44fc3a238540acbda9ba496f98c4c800a13f66f,1,success,sucesso,2026-09-15T08:44:54Z,2026-09-15T08:45:10Z,2026-09-15T08:44:54Z
mozilla/pontoon,34948660148,322396562,SSDLC SBOM,push,a44fc3a238540acbda9ba496f98c4c800a13f66f,1,success,sucesso,2026-09-15T08:44:54Z,2026-09-15T08:45:08Z,2026-09-15T08:44:54Z
mozilla/pontoon,34948659978,321421937,SSDLC Analysis,push,a44fc3a238540acbda9ba496f98c4c800a13f66f,1,success,sucesso,2026-09-15T08:44:54Z,2026-09-15T08:45:39Z,2026-09-15T08:44:54Z
mozilla/pontoon,34948659513,208684642,Docker Build,push,a44fc3a238540acbda9ba496f98c4c800a13f66f,1,success,sucesso,2026-09-15T08:44:54Z,2026-09-15T08:47:33Z,2026-09-15T08:44:54Z
mozilla/pontoon,34948659577,4438152,Backend,push,a44fc3a238540acbda9ba496f98c4c800a13f66f,1,success,sucesso,2026-09-15T08:44:54Z,2026-09-15T08:49:31Z,2026-09-15T08:44:54Z
mozilla/pontoon,34880685897,322396562,SSDLC SBOM,push,66dad74444966ecb88553243be4c55dc1f190f27,1,success,sucesso,2026-09-14T18:25:17Z,2026-09-14T18:26:29Z,2026-09-14T18:25:17Z
mozilla/pontoon,34880685843,321421937,SSDLC Analysis,push,66dad74444966ecb88553243be4c55dc1f190f27,1,success,sucesso,2026-09-14T18:25:17Z,2026-09-14T18:28:15Z,2026-09-14T18:25:17Z
mozilla/pontoon,34880685263,208684642,Docker Build,push,66dad74444966ecb88553243be4c55dc1f190f27,1,success,sucesso,2026-09-14T18:25:16Z,2026-09-14T18:29:24Z,2026-09-14T18:25:16Z
mozilla/pontoon,34880685264,4438152,Backend,push,66dad74444966ecb88553243be4c55dc1f190f27,1,success,sucesso,2026-09-14T18:25:16Z,2026-09-14T18:29:56Z,2026-09-14T18:25:16Z
mozilla/pontoon,34880685284,4438153,Python linting,push,66dad74444966ecb88553243be4c55dc1f190f27,1,success,sucesso,2026-09-14T18:25:16Z,2026-09-14T18:27:13Z,2026-09-14T18:25:16Z
mozilla/pontoon,34819808921,321421937,SSDLC Analysis,push,fdaa88c504d938abcd6c99315559b8b4f0f11c27,1,success,sucesso,2026-09-14T07:51:30Z,2026-09-14T07:52:10Z,2026-09-14T07:51:30Z
mozilla/pontoon,34819808940,322396562,SSDLC SBOM,push,fdaa88c504d938abcd6c99315559b8b4f0f11c27,1,success,sucesso,2026-09-14T07:51:30Z,2026-09-14T07:51:43Z,2026-09-14T07:51:30Z
mozilla/pontoon,34819808387,4439483,JavaScript and Jinja linting,push,fdaa88c504d938abcd6c99315559b8b4f0f11c27,1,success,sucesso,2026-09-14T07:51:29Z,2026-09-14T07:52:01Z,2026-09-14T07:51:29Z
mozilla/pontoon,34819808297,4416466,Frontend,push,fdaa88c504d938abcd6c99315559b8b4f0f11c27,1,success,sucesso,2026-09-14T07:51:29Z,2026-09-14T07:52:55Z,2026-09-14T07:51:29Z
mozilla/pontoon,34819808329,208684642,Docker Build,push,fdaa88c504d938abcd6c99315559b8b4f0f11c27,1,success,sucesso,2026-09-14T07:51:29Z,2026-09-14T07:54:24Z,2026-09-14T07:51:29Z
mozilla/pontoon,34590507590,4416466,Frontend,push,514b6454c6d369676986cea7775e633bc7b124e0,1,success,sucesso,2026-09-11T10:42:20Z,2026-09-11T10:43:53Z,2026-09-11T10:42:20Z
mozilla/pontoon,34590507606,208684642,Docker Build,push,514b6454c6d369676986cea7775e633bc7b124e0,1,success,sucesso,2026-09-11T10:42:20Z,2026-09-11T10:45:12Z,2026-09-11T10:42:20Z
mozilla/pontoon,34590507670,4438152,Backend,push,514b6454c6d369676986cea7775e633bc7b124e0,1,success,sucesso,2026-09-11T10:42:20Z,2026-09-11T10:46:05Z,2026-09-11T10:42:20Z
mozilla/pontoon,34590507701,4438153,Python linting,push,514b6454c6d369676986cea7775e633bc7b124e0,1,success,sucesso,2026-09-11T10:42:20Z,2026-09-11T10:42:40Z,2026-09-11T10:42:20Z
mozilla/pontoon,34590507775,4439483,JavaScript and Jinja linting,push,514b6454c6d369676986cea7775e633bc7b124e0,1,success,sucesso,2026-09-11T10:42:20Z,2026-09-11T10:42:49Z,2026-09-11T10:42:20Z
mozilla/pontoon,34590508259,322396562,SSDLC SBOM,push,514b6454c6d369676986cea7775e633bc7b124e0,1,success,sucesso,2026-09-11T10:42:20Z,2026-09-11T10:42:32Z,2026-09-11T10:42:20Z
mozilla/pontoon,34590508147,321421937,SSDLC Analysis,push,514b6454c6d369676986cea7775e633bc7b124e0,1,success,sucesso,2026-09-11T10:42:20Z,2026-09-11T10:43:02Z,2026-09-11T10:42:20Z
mozilla/pontoon,34587900499,322396562,SSDLC SBOM,push,ad9b0a7a1cb25d70973f2a19ed1a2f4e535e44b4,1,success,sucesso,2026-09-11T10:10:26Z,2026-09-11T10:10:39Z,2026-09-11T10:10:26Z
mozilla/pontoon,34587900503,321421937,SSDLC Analysis,push,ad9b0a7a1cb25d70973f2a19ed1a2f4e535e44b4,1,success,sucesso,2026-09-11T10:10:26Z,2026-09-11T10:11:03Z,2026-09-11T10:10:26Z
mozilla/pontoon,34587899973,4439483,JavaScript and Jinja linting,push,ad9b0a7a1cb25d70973f2a19ed1a2f4e535e44b4,1,success,sucesso,2026-09-11T10:10:26Z,2026-09-11T10:10:53Z,2026-09-11T10:10:26Z
mozilla/pontoon,34587900047,4416466,Frontend,push,ad9b0a7a1cb25d70973f2a19ed1a2f4e535e44b4,1,success,sucesso,2026-09-11T10:10:26Z,2026-09-11T10:11:50Z,2026-09-11T10:10:26Z
mozilla/pontoon,34587899972,208684642,Docker Build,push,ad9b0a7a1cb25d70973f2a19ed1a2f4e535e44b4,1,success,sucesso,2026-09-11T10:10:26Z,2026-09-11T10:13:35Z,2026-09-11T10:10:26Z
mozilla/pontoon,34513831988,322396562,SSDLC SBOM,push,b2372ca94ff93ab6086c1c2795ba71d976d0f078,1,success,sucesso,2026-09-10T18:21:33Z,2026-09-10T18:21:45Z,2026-09-10T18:21:33Z
mozilla/pontoon,34513830990,4438153,Python linting,push,b2372ca94ff93ab6086c1c2795ba71d976d0f078,1,success,sucesso,2026-09-10T18:21:33Z,2026-09-10T18:21:55Z,2026-09-10T18:21:33Z
mozilla/pontoon,34513832227,321421937,SSDLC Analysis,push,b2372ca94ff93ab6086c1c2795ba71d976d0f078,1,success,sucesso,2026-09-10T18:21:33Z,2026-09-10T18:22:20Z,2026-09-10T18:21:33Z
mozilla/pontoon,34513831326,4438152,Backend,push,b2372ca94ff93ab6086c1c2795ba71d976d0f078,1,success,sucesso,2026-09-10T18:21:33Z,2026-09-10T18:25:22Z,2026-09-10T18:21:33Z
mozilla/pontoon,34513831039,208684642,Docker Build,push,b2372ca94ff93ab6086c1c2795ba71d976d0f078,1,success,sucesso,2026-09-10T18:21:33Z,2026-09-10T18:25:00Z,2026-09-10T18:21:33Z
mozilla/pontoon,34362612275,322396562,SSDLC SBOM,push,17a20b00f00fe71c813d944526c442ef6e2a2e2c,1,success,sucesso,2026-09-09T14:17:16Z,2026-09-09T14:17:30Z,2026-09-09T14:17:16Z
mozilla/pontoon,34362612446,321421937,SSDLC Analysis,push,17a20b00f00fe71c813d944526c442ef6e2a2e2c,1,success,sucesso,2026-09-09T14:17:16Z,2026-09-09T14:17:55Z,2026-09-09T14:17:16Z
mozilla/pontoon,34362610430,4416466,Frontend,push,17a20b00f00fe71c813d944526c442ef6e2a2e2c,1,success,sucesso,2026-09-09T14:17:15Z,2026-09-09T14:18:47Z,2026-09-09T14:17:15Z
mozilla/pontoon,34362610544,208684642,Docker Build,push,17a20b00f00fe71c813d944526c442ef6e2a2e2c,1,success,sucesso,2026-09-09T14:17:15Z,2026-09-09T14:21:06Z,2026-09-09T14:17:15Z
mozilla/pontoon,34360531495,208684642,Docker Build,push,fef388e0185aed64f3a908207f5c27119ef862af,1,success,sucesso,2026-09-09T13:58:22Z,2026-09-09T14:01:19Z,2026-09-09T13:58:22Z
mozilla/pontoon,34360531365,4438152,Backend,push,fef388e0185aed64f3a908207f5c27119ef862af,1,success,sucesso,2026-09-09T13:58:22Z,2026-09-09T14:02:27Z,2026-09-09T13:58:22Z
mozilla/pontoon,34360531415,4438153,Python linting,push,fef388e0185aed64f3a908207f5c27119ef862af,1,success,sucesso,2026-09-09T13:58:22Z,2026-09-09T13:58:37Z,2026-09-09T13:58:22Z
mozilla/pontoon,34360532270,322396562,SSDLC SBOM,push,fef388e0185aed64f3a908207f5c27119ef862af,1,success,sucesso,2026-09-09T13:58:22Z,2026-09-09T13:58:37Z,2026-09-09T13:58:22Z
mozilla/pontoon,34360532093,321421937,SSDLC Analysis,push,fef388e0185aed64f3a908207f5c27119ef862af,1,success,sucesso,2026-09-09T13:58:22Z,2026-09-09T13:59:07Z,2026-09-09T13:58:22Z
mozilla/pontoon,34250693182,322396562,SSDLC SBOM,push,2f529d6a86168ebc60d1f3dd15153f54fb432a55,1,success,sucesso,2026-09-08T16:22:54Z,2026-09-08T16:23:07Z,2026-09-08T16:22:54Z
mozilla/pontoon,34250693183,321421937,SSDLC Analysis,push,2f529d6a86168ebc60d1f3dd15153f54fb432a55,1,success,sucesso,2026-09-08T16:22:54Z,2026-09-08T16:23:39Z,2026-09-08T16:22:54Z
mozilla/pontoon,34250692318,4416466,Frontend,push,2f529d6a86168ebc60d1f3dd15153f54fb432a55,1,success,sucesso,2026-09-08T16:22:53Z,2026-09-08T16:24:26Z,2026-09-08T16:22:53Z
mozilla/pontoon,34250692274,4438152,Backend,push,2f529d6a86168ebc60d1f3dd15153f54fb432a55,1,success,sucesso,2026-09-08T16:22:53Z,2026-09-08T16:26:54Z,2026-09-08T16:22:53Z
mozilla/pontoon,34250692340,208684642,Docker Build,push,2f529d6a86168ebc60d1f3dd15153f54fb432a55,1,success,sucesso,2026-09-08T16:22:53Z,2026-09-08T16:26:54Z,2026-09-08T16:22:53Z
mozilla/pontoon,34250692302,4438153,Python linting,push,2f529d6a86168ebc60d1f3dd15153f54fb432a55,1,success,sucesso,2026-09-08T16:22:53Z,2026-09-08T16:23:21Z,2026-09-08T16:22:53Z
mozilla/pontoon,34250692309,4439483,JavaScript and Jinja linting,push,2f529d6a86168ebc60d1f3dd15153f54fb432a55,1,success,sucesso,2026-09-08T16:22:53Z,2026-09-08T16:23:19Z,2026-09-08T16:22:53Z
mozilla/pontoon,34140140464,322396562,SSDLC SBOM,push,b97a263e3ce2d3d49143f5ceaf473ea6e3abafc6,1,success,sucesso,2026-09-07T15:48:06Z,2026-09-07T15:48:20Z,2026-09-07T15:48:06Z
mozilla/pontoon,34140140641,321421937,SSDLC Analysis,push,b97a263e3ce2d3d49143f5ceaf473ea6e3abafc6,1,success,sucesso,2026-09-07T15:48:06Z,2026-09-07T15:48:47Z,2026-09-07T15:48:06Z
mozilla/pontoon,34140140076,4438152,Backend,push,b97a263e3ce2d3d49143f5ceaf473ea6e3abafc6,1,success,sucesso,2026-09-07T15:48:05Z,2026-09-07T15:51:41Z,2026-09-07T15:48:05Z
mozilla/pontoon,34140139905,208684642,Docker Build,push,b97a263e3ce2d3d49143f5ceaf473ea6e3abafc6,1,success,sucesso,2026-09-07T15:48:05Z,2026-09-07T15:51:58Z,2026-09-07T15:48:05Z
mozilla/pontoon,34140140197,4438153,Python linting,push,b97a263e3ce2d3d49143f5ceaf473ea6e3abafc6,1,success,sucesso,2026-09-07T15:48:05Z,2026-09-07T15:48:19Z,2026-09-07T15:48:05Z
mozilla/pontoon,34140139997,4439483,JavaScript and Jinja linting,push,b97a263e3ce2d3d49143f5ceaf473ea6e3abafc6,1,success,sucesso,2026-09-07T15:48:05Z,2026-09-07T15:48:39Z,2026-09-07T15:48:05Z
mozilla/pontoon,34140139868,4416466,Frontend,push,b97a263e3ce2d3d49143f5ceaf473ea6e3abafc6,1,success,sucesso,2026-09-07T15:48:05Z,2026-09-07T15:49:39Z,2026-09-07T15:48:05Z
mozilla/pontoon,34124036650,321421937,SSDLC Analysis,push,e852341fb6a7ed0b7c369a1daa029e14e3b94376,1,success,sucesso,2026-09-07T12:50:09Z,2026-09-07T12:50:51Z,2026-09-07T12:50:09Z
mozilla/pontoon,34124035833,4439483,JavaScript and Jinja linting,push,e852341fb6a7ed0b7c369a1daa029e14e3b94376,1,success,sucesso,2026-09-07T12:50:09Z,2026-09-07T12:50:36Z,2026-09-07T12:50:09Z
mozilla/pontoon,34124036710,322396562,SSDLC SBOM,push,e852341fb6a7ed0b7c369a1daa029e14e3b94376,1,success,sucesso,2026-09-07T12:50:09Z,2026-09-07T12:50:34Z,2026-09-07T12:50:09Z
mozilla/pontoon,34124035800,4416466,Frontend,push,e852341fb6a7ed0b7c369a1daa029e14e3b94376,1,success,sucesso,2026-09-07T12:50:09Z,2026-09-07T12:51:38Z,2026-09-07T12:50:09Z
mozilla/pontoon,34124035871,208684642,Docker Build,push,e852341fb6a7ed0b7c369a1daa029e14e3b94376,1,success,sucesso,2026-09-07T12:50:09Z,2026-09-07T12:52:58Z,2026-09-07T12:50:09Z
mozilla/pontoon,34096201496,322396562,SSDLC SBOM,push,9de7c580bed4259cb2cb8ed5c1b7bd2528499c63,1,success,sucesso,2026-09-07T07:35:20Z,2026-09-07T07:35:32Z,2026-09-07T07:35:20Z
mozilla/pontoon,34096200871,4439483,JavaScript and Jinja linting,push,9de7c580bed4259cb2cb8ed5c1b7bd2528499c63,1,success,sucesso,2026-09-07T07:35:20Z,2026-09-07T07:35:45Z,2026-09-07T07:35:20Z
mozilla/pontoon,34096201425,321421937,SSDLC Analysis,push,9de7c580bed4259cb2cb8ed5c1b7bd2528499c63,1,success,sucesso,2026-09-07T07:35:20Z,2026-09-07T07:36:09Z,2026-09-07T07:35:20Z
mozilla/pontoon,34096200893,4416466,Frontend,push,9de7c580bed4259cb2cb8ed5c1b7bd2528499c63,1,success,sucesso,2026-09-07T07:35:20Z,2026-09-07T07:36:28Z,2026-09-07T07:35:20Z
mozilla/pontoon,34096200903,208684642,Docker Build,push,9de7c580bed4259cb2cb8ed5c1b7bd2528499c63,1,success,sucesso,2026-09-07T07:35:20Z,2026-09-07T07:39:00Z,2026-09-07T07:35:20Z
mozilla/pontoon,33887805309,322396562,SSDLC SBOM,push,1648d594097538fbde42dacca80f4cc9683d63d8,1,success,sucesso,2026-09-04T15:08:52Z,2026-09-04T15:09:03Z,2026-09-04T15:08:52Z
mozilla/pontoon,33887804761,4439483,JavaScript and Jinja linting,push,1648d594097538fbde42dacca80f4cc9683d63d8,1,success,sucesso,2026-09-04T15:08:52Z,2026-09-04T15:09:18Z,2026-09-04T15:08:52Z
mozilla/pontoon,33887805553,321421937,SSDLC Analysis,push,1648d594097538fbde42dacca80f4cc9683d63d8,1,success,sucesso,2026-09-04T15:08:52Z,2026-09-04T15:09:32Z,2026-09-04T15:08:52Z
mozilla/pontoon,33887804740,4416466,Frontend,push,1648d594097538fbde42dacca80f4cc9683d63d8,1,success,sucesso,2026-09-04T15:08:52Z,2026-09-04T15:10:18Z,2026-09-04T15:08:52Z
mozilla/pontoon,33887804588,208684642,Docker Build,push,1648d594097538fbde42dacca80f4cc9683d63d8,1,success,sucesso,2026-09-04T15:08:52Z,2026-09-04T15:12:44Z,2026-09-04T15:08:52Z
mozilla/pontoon,33853041579,322396562,SSDLC SBOM,push,c47db3ededde46fd205fba64beebb13bf1eea686,1,success,sucesso,2026-09-04T08:21:29Z,2026-09-04T08:21:40Z,2026-09-04T08:21:29Z
mozilla/pontoon,33853041601,321421937,SSDLC Analysis,push,c47db3ededde46fd205fba64beebb13bf1eea686,1,success,sucesso,2026-09-04T08:21:29Z,2026-09-04T08:22:08Z,2026-09-04T08:21:29Z
mozilla/pontoon,33853041094,208684642,Docker Build,push,c47db3ededde46fd205fba64beebb13bf1eea686,1,success,sucesso,2026-09-04T08:21:28Z,2026-09-04T08:24:53Z,2026-09-04T08:21:28Z
mozilla/pontoon,33853041060,4439483,JavaScript and Jinja linting,push,c47db3ededde46fd205fba64beebb13bf1eea686,1,success,sucesso,2026-09-04T08:21:28Z,2026-09-04T08:26:52Z,2026-09-04T08:21:28Z
mozilla/pontoon,33853041036,4416466,Frontend,push,c47db3ededde46fd205fba64beebb13bf1eea686,1,success,sucesso,2026-09-04T08:21:28Z,2026-09-04T08:27:48Z,2026-09-04T08:21:28Z
mozilla/pontoon,33804913664,321421937,SSDLC Analysis,push,1d860eb7618220fa0893d4849ade4dd51415a73b,1,success,sucesso,2026-09-03T20:53:52Z,2026-09-03T20:54:50Z,2026-09-03T20:53:52Z
mozilla/pontoon,33804909498,322396562,SSDLC SBOM,push,1d860eb7618220fa0893d4849ade4dd51415a73b,1,success,sucesso,2026-09-03T20:53:49Z,2026-09-03T20:54:07Z,2026-09-03T20:53:49Z
mozilla/pontoon,33804906198,4438153,Python linting,push,1d860eb7618220fa0893d4849ade4dd51415a73b,1,success,sucesso,2026-09-03T20:53:47Z,2026-09-03T20:54:00Z,2026-09-03T20:53:47Z
mozilla/pontoon,33804906312,208684642,Docker Build,push,1d860eb7618220fa0893d4849ade4dd51415a73b,1,success,sucesso,2026-09-03T20:53:47Z,2026-09-03T20:57:43Z,2026-09-03T20:53:47Z
mozilla/pontoon,33804906292,4438152,Backend,push,1d860eb7618220fa0893d4849ade4dd51415a73b,1,success,sucesso,2026-09-03T20:53:47Z,2026-09-03T20:57:45Z,2026-09-03T20:53:47Z
mozilla/pontoon,33776636405,322396562,SSDLC SBOM,push,5083f3bf54a9f0aa16a259368e2a5b67e13199eb,1,success,sucesso,2026-09-03T16:06:30Z,2026-09-03T16:06:45Z,2026-09-03T16:06:30Z
mozilla/pontoon,33776635544,4438153,Python linting,push,5083f3bf54a9f0aa16a259368e2a5b67e13199eb,1,success,sucesso,2026-09-03T16:06:30Z,2026-09-03T16:06:54Z,2026-09-03T16:06:30Z
mozilla/pontoon,33776636400,321421937,SSDLC Analysis,push,5083f3bf54a9f0aa16a259368e2a5b67e13199eb,1,success,sucesso,2026-09-03T16:06:30Z,2026-09-03T16:07:13Z,2026-09-03T16:06:30Z
mozilla/pontoon,33776635507,208684642,Docker Build,push,5083f3bf54a9f0aa16a259368e2a5b67e13199eb,1,success,sucesso,2026-09-03T16:06:30Z,2026-09-03T16:10:37Z,2026-09-03T16:06:30Z
mozilla/pontoon,33776635501,4438152,Backend,push,5083f3bf54a9f0aa16a259368e2a5b67e13199eb,1,success,sucesso,2026-09-03T16:06:30Z,2026-09-03T16:10:10Z,2026-09-03T16:06:30Z
mozilla/pontoon,33770886110,321421937,SSDLC Analysis,push,48735be4285b273fa13940aa398a721164721708,1,success,sucesso,2026-09-03T15:08:10Z,2026-09-03T15:09:09Z,2026-09-03T15:08:10Z
mozilla/pontoon,33770886004,322396562,SSDLC SBOM,push,48735be4285b273fa13940aa398a721164721708,1,success,sucesso,2026-09-03T15:08:10Z,2026-09-03T15:08:26Z,2026-09-03T15:08:10Z
mozilla/pontoon,33770885537,4438153,Python linting,push,48735be4285b273fa13940aa398a721164721708,1,success,sucesso,2026-09-03T15:08:09Z,2026-09-03T15:09:13Z,2026-09-03T15:08:09Z
mozilla/pontoon,33770885497,4439483,JavaScript and Jinja linting,push,48735be4285b273fa13940aa398a721164721708,1,success,sucesso,2026-09-03T15:08:09Z,2026-09-03T15:08:41Z,2026-09-03T15:08:09Z
mozilla/pontoon,33770885464,4416466,Frontend,push,48735be4285b273fa13940aa398a721164721708,1,success,sucesso,2026-09-03T15:08:09Z,2026-09-03T15:09:55Z,2026-09-03T15:08:09Z
mozilla/pontoon,33770885380,4438152,Backend,push,48735be4285b273fa13940aa398a721164721708,1,success,sucesso,2026-09-03T15:08:09Z,2026-09-03T15:12:27Z,2026-09-03T15:08:09Z
mozilla/pontoon,33770885317,208684642,Docker Build,push,48735be4285b273fa13940aa398a721164721708,1,success,sucesso,2026-09-03T15:08:09Z,2026-09-03T15:12:28Z,2026-09-03T15:08:09Z
mozilla/pontoon,33770864738,322396562,SSDLC SBOM,push,8925113909f01ef543c3fcf69a78e9bc4d0d7108,1,success,sucesso,2026-09-03T15:07:55Z,2026-09-03T15:08:08Z,2026-09-03T15:07:55Z
mozilla/pontoon,33770864809,321421937,SSDLC Analysis,push,8925113909f01ef543c3fcf69a78e9bc4d0d7108,1,success,sucesso,2026-09-03T15:07:55Z,2026-09-03T15:08:33Z,2026-09-03T15:07:55Z
mozilla/pontoon,33770863933,4438153,Python linting,push,8925113909f01ef543c3fcf69a78e9bc4d0d7108,1,success,sucesso,2026-09-03T15:07:54Z,2026-09-03T15:08:10Z,2026-09-03T15:07:54Z
mozilla/pontoon,33770863812,208684642,Docker Build,push,8925113909f01ef543c3fcf69a78e9bc4d0d7108,1,success,sucesso,2026-09-03T15:07:54Z,2026-09-03T15:11:07Z,2026-09-03T15:07:54Z
mozilla/pontoon,33770864077,4438152,Backend,push,8925113909f01ef543c3fcf69a78e9bc4d0d7108,1,success,sucesso,2026-09-03T15:07:54Z,2026-09-03T15:12:03Z,2026-09-03T15:07:54Z
mozilla/pontoon,33755900694,322396562,SSDLC SBOM,push,53ce415ea169cfb0395126b9a79bc3fb3870fb76,1,success,sucesso,2026-09-03T12:33:32Z,2026-09-03T12:33:43Z,2026-09-03T12:33:32Z
mozilla/pontoon,33755900414,321421937,SSDLC Analysis,push,53ce415ea169cfb0395126b9a79bc3fb3870fb76,1,success,sucesso,2026-09-03T12:33:32Z,2026-09-03T12:34:09Z,2026-09-03T12:33:32Z
mozilla/pontoon,33755899666,4439483,JavaScript and Jinja linting,push,53ce415ea169cfb0395126b9a79bc3fb3870fb76,1,success,sucesso,2026-09-03T12:33:31Z,2026-09-03T12:34:07Z,2026-09-03T12:33:31Z
mozilla/pontoon,33755899743,4416466,Frontend,push,53ce415ea169cfb0395126b9a79bc3fb3870fb76,1,success,sucesso,2026-09-03T12:33:31Z,2026-09-03T12:34:44Z,2026-09-03T12:33:31Z
mozilla/pontoon,33755899695,208684642,Docker Build,push,53ce415ea169cfb0395126b9a79bc3fb3870fb76,1,success,sucesso,2026-09-03T12:33:31Z,2026-09-03T12:37:04Z,2026-09-03T12:33:31Z
mozilla/pontoon,33755539622,4438153,Python linting,push,c0dce2d65dfc15ad36441ac720eff2dfc5db3f1e,1,success,sucesso,2026-09-03T12:29:49Z,2026-09-03T12:30:11Z,2026-09-03T12:29:49Z
mozilla/pontoon,33755540358,322396562,SSDLC SBOM,push,c0dce2d65dfc15ad36441ac720eff2dfc5db3f1e,1,success,sucesso,2026-09-03T12:29:49Z,2026-09-03T12:30:03Z,2026-09-03T12:29:49Z
mozilla/pontoon,33755540163,321421937,SSDLC Analysis,push,c0dce2d65dfc15ad36441ac720eff2dfc5db3f1e,1,success,sucesso,2026-09-03T12:29:49Z,2026-09-03T12:30:33Z,2026-09-03T12:29:49Z
mozilla/pontoon,33755539613,4416466,Frontend,push,c0dce2d65dfc15ad36441ac720eff2dfc5db3f1e,1,success,sucesso,2026-09-03T12:29:49Z,2026-09-03T12:31:13Z,2026-09-03T12:29:49Z
mozilla/pontoon,33755539594,208684642,Docker Build,push,c0dce2d65dfc15ad36441ac720eff2dfc5db3f1e,1,success,sucesso,2026-09-03T12:29:49Z,2026-09-03T12:33:11Z,2026-09-03T12:29:49Z
mozilla/pontoon,33755539628,4438152,Backend,push,c0dce2d65dfc15ad36441ac720eff2dfc5db3f1e,1,success,sucesso,2026-09-03T12:29:49Z,2026-09-03T12:33:50Z,2026-09-03T12:29:49Z
mozilla/pontoon,33634958237,321421937,SSDLC Analysis,push,bf3f52013b4b169ba5829726ed49dedf274db840,1,success,sucesso,2026-09-02T13:18:44Z,2026-09-02T13:19:21Z,2026-09-02T13:18:44Z
mozilla/pontoon,33634957884,4438153,Python linting,push,bf3f52013b4b169ba5829726ed49dedf274db840,1,success,sucesso,2026-09-02T13:18:44Z,2026-09-02T13:19:04Z,2026-09-02T13:18:44Z
mozilla/pontoon,33634958200,322396562,SSDLC SBOM,push,bf3f52013b4b169ba5829726ed49dedf274db840,1,success,sucesso,2026-09-02T13:18:44Z,2026-09-02T13:18:54Z,2026-09-02T13:18:44Z
mozilla/pontoon,33634957704,208684642,Docker Build,push,bf3f52013b4b169ba5829726ed49dedf274db840,1,success,sucesso,2026-09-02T13:18:44Z,2026-09-02T13:22:18Z,2026-09-02T13:18:44Z
mozilla/pontoon,33634957908,4438152,Backend,push,bf3f52013b4b169ba5829726ed49dedf274db840,1,success,sucesso,2026-09-02T13:18:44Z,2026-09-02T13:22:40Z,2026-09-02T13:18:44Z
mozilla/pontoon,33547038224,322396562,SSDLC SBOM,push,05c56def8a6c81e0d847cdd83044746aefd289e2,1,success,sucesso,2026-09-01T19:01:06Z,2026-09-01T19:01:18Z,2026-09-01T19:01:06Z
mozilla/pontoon,33547038326,321421937,SSDLC Analysis,push,05c56def8a6c81e0d847cdd83044746aefd289e2,1,success,sucesso,2026-09-01T19:01:06Z,2026-09-01T19:01:55Z,2026-09-01T19:01:06Z
mozilla/pontoon,33547037489,4416466,Frontend,push,05c56def8a6c81e0d847cdd83044746aefd289e2,1,success,sucesso,2026-09-01T19:01:06Z,2026-09-01T19:02:37Z,2026-09-01T19:01:06Z
mozilla/pontoon,33547037512,208684642,Docker Build,push,05c56def8a6c81e0d847cdd83044746aefd289e2,1,success,sucesso,2026-09-01T19:01:06Z,2026-09-01T19:04:51Z,2026-09-01T19:01:06Z
mozilla/pontoon,33547037429,4439483,JavaScript and Jinja linting,push,05c56def8a6c81e0d847cdd83044746aefd289e2,1,success,sucesso,2026-09-01T19:01:05Z,2026-09-01T19:01:30Z,2026-09-01T19:01:05Z
mozilla/pontoon,33546325426,322396562,SSDLC SBOM,push,aac9bce0e9bcd8fbf7c2a718cc44a84efe1a2f82,1,success,sucesso,2026-09-01T18:53:45Z,2026-09-01T18:54:00Z,2026-09-01T18:53:45Z
mozilla/pontoon,33546325823,321421937,SSDLC Analysis,push,aac9bce0e9bcd8fbf7c2a718cc44a84efe1a2f82,1,success,sucesso,2026-09-01T18:53:45Z,2026-09-01T18:54:30Z,2026-09-01T18:53:45Z
mozilla/pontoon,33546324506,4416466,Frontend,push,aac9bce0e9bcd8fbf7c2a718cc44a84efe1a2f82,1,success,sucesso,2026-09-01T18:53:44Z,2026-09-01T18:54:53Z,2026-09-01T18:53:44Z
mozilla/pontoon,33546324715,208684642,Docker Build,push,aac9bce0e9bcd8fbf7c2a718cc44a84efe1a2f82,1,success,sucesso,2026-09-01T18:53:44Z,2026-09-01T18:57:07Z,2026-09-01T18:53:44Z
mozilla/pontoon,33545737572,322396562,SSDLC SBOM,push,e781a02914e8c3d44308ac94b88e39cf4a002e8a,1,success,sucesso,2026-09-01T18:47:42Z,2026-09-01T18:47:58Z,2026-09-01T18:47:42Z
mozilla/pontoon,33545736688,4416466,Frontend,push,e781a02914e8c3d44308ac94b88e39cf4a002e8a,1,success,sucesso,2026-09-01T18:47:42Z,2026-09-01T18:49:03Z,2026-09-01T18:47:42Z
mozilla/pontoon,33545736575,4439483,JavaScript and Jinja linting,push,e781a02914e8c3d44308ac94b88e39cf4a002e8a,1,success,sucesso,2026-09-01T18:47:42Z,2026-09-01T18:48:11Z,2026-09-01T18:47:42Z
mozilla/pontoon,33545737349,321421937,SSDLC Analysis,push,e781a02914e8c3d44308ac94b88e39cf4a002e8a,1,success,sucesso,2026-09-01T18:47:42Z,2026-09-01T18:48:31Z,2026-09-01T18:47:42Z
mozilla/pontoon,33545736524,208684642,Docker Build,push,e781a02914e8c3d44308ac94b88e39cf4a002e8a,1,success,sucesso,2026-09-01T18:47:42Z,2026-09-01T18:51:29Z,2026-09-01T18:47:42Z
mozilla/pontoon,33522408257,322396562,SSDLC SBOM,push,0399f9a93e34e8f46bcf5fbe88dd88cb85c9ffb6,1,success,sucesso,2026-09-01T14:54:28Z,2026-09-01T14:54:44Z,2026-09-01T14:54:28Z
mozilla/pontoon,33522408283,321421937,SSDLC Analysis,push,0399f9a93e34e8f46bcf5fbe88dd88cb85c9ffb6,1,success,sucesso,2026-09-01T14:54:28Z,2026-09-01T14:55:06Z,2026-09-01T14:54:28Z
mozilla/pontoon,33522406616,4439483,JavaScript and Jinja linting,push,0399f9a93e34e8f46bcf5fbe88dd88cb85c9ffb6,1,success,sucesso,2026-09-01T14:54:27Z,2026-09-01T14:54:52Z,2026-09-01T14:54:27Z
mozilla/pontoon,33522406691,4438153,Python linting,push,0399f9a93e34e8f46bcf5fbe88dd88cb85c9ffb6,1,success,sucesso,2026-09-01T14:54:27Z,2026-09-01T14:54:42Z,2026-09-01T14:54:27Z
mozilla/pontoon,33522406595,4416466,Frontend,push,0399f9a93e34e8f46bcf5fbe88dd88cb85c9ffb6,1,success,sucesso,2026-09-01T14:54:27Z,2026-09-01T14:55:53Z,2026-09-01T14:54:27Z
mozilla/pontoon,33522406590,208684642,Docker Build,push,0399f9a93e34e8f46bcf5fbe88dd88cb85c9ffb6,1,success,sucesso,2026-09-01T14:54:27Z,2026-09-01T14:57:29Z,2026-09-01T14:54:27Z
mozilla/pontoon,33522406602,4438152,Backend,push,0399f9a93e34e8f46bcf5fbe88dd88cb85c9ffb6,1,success,sucesso,2026-09-01T14:54:27Z,2026-09-01T14:58:04Z,2026-09-01T14:54:27Z
mozilla/pontoon,33517783602,208684642,Docker Build,push,54873a7c75a67929d32bc16a51170c4d22af027a,1,success,sucesso,2026-09-01T14:09:43Z,2026-09-01T14:13:29Z,2026-09-01T14:09:43Z
mozilla/pontoon,33517783639,4438153,Python linting,push,54873a7c75a67929d32bc16a51170c4d22af027a,1,success,sucesso,2026-09-01T14:09:43Z,2026-09-01T14:10:08Z,2026-09-01T14:09:43Z
mozilla/pontoon,33517784596,321421937,SSDLC Analysis,push,54873a7c75a67929d32bc16a51170c4d22af027a,1,success,sucesso,2026-09-01T14:09:43Z,2026-09-01T14:10:28Z,2026-09-01T14:09:43Z
mozilla/pontoon,33517783679,4439483,JavaScript and Jinja linting,push,54873a7c75a67929d32bc16a51170c4d22af027a,1,success,sucesso,2026-09-01T14:09:43Z,2026-09-01T14:10:13Z,2026-09-01T14:09:43Z
mozilla/pontoon,33517784852,322396562,SSDLC SBOM,push,54873a7c75a67929d32bc16a51170c4d22af027a,1,success,sucesso,2026-09-01T14:09:43Z,2026-09-01T14:10:14Z,2026-09-01T14:09:43Z
mozilla/pontoon,33517783694,4416466,Frontend,push,54873a7c75a67929d32bc16a51170c4d22af027a,1,success,sucesso,2026-09-01T14:09:43Z,2026-09-01T14:11:07Z,2026-09-01T14:09:43Z
mozilla/pontoon,33517783579,4438152,Backend,push,54873a7c75a67929d32bc16a51170c4d22af027a,1,success,sucesso,2026-09-01T14:09:43Z,2026-09-01T14:12:41Z,2026-09-01T14:09:43Z
mozilla/pontoon,33498444522,322396562,SSDLC SBOM,push,3438c4e2e1ce93b78eb6b479c0270334271b9ac2,1,success,sucesso,2026-09-01T10:38:30Z,2026-09-01T10:38:45Z,2026-09-01T10:38:30Z
mozilla/pontoon,33498444505,321421937,SSDLC Analysis,push,3438c4e2e1ce93b78eb6b479c0270334271b9ac2,1,success,sucesso,2026-09-01T10:38:30Z,2026-09-01T10:39:14Z,2026-09-01T10:38:30Z
mozilla/pontoon,33498443902,4439483,JavaScript and Jinja linting,push,3438c4e2e1ce93b78eb6b479c0270334271b9ac2,1,success,sucesso,2026-09-01T10:38:29Z,2026-09-01T10:39:29Z,2026-09-01T10:38:29Z
mozilla/pontoon,33498444024,4416466,Frontend,push,3438c4e2e1ce93b78eb6b479c0270334271b9ac2,1,success,sucesso,2026-09-01T10:38:29Z,2026-09-01T10:39:56Z,2026-09-01T10:38:29Z
mozilla/pontoon,33498443963,208684642,Docker Build,push,3438c4e2e1ce93b78eb6b479c0270334271b9ac2,1,success,sucesso,2026-09-01T10:38:29Z,2026-09-01T10:41:22Z,2026-09-01T10:38:29Z
mozilla/pontoon,33494129176,321421937,SSDLC Analysis,push,7c48752589626e002f0ba93f548cb0ebb7e50418,1,success,sucesso,2026-09-01T09:48:21Z,2026-09-01T09:49:07Z,2026-09-01T09:48:21Z
mozilla/pontoon,33494129219,322396562,SSDLC SBOM,push,7c48752589626e002f0ba93f548cb0ebb7e50418,1,success,sucesso,2026-09-01T09:48:21Z,2026-09-01T09:48:36Z,2026-09-01T09:48:21Z
mozilla/pontoon,33494128270,4438153,Python linting,push,7c48752589626e002f0ba93f548cb0ebb7e50418,1,success,sucesso,2026-09-01T09:48:21Z,2026-09-01T09:48:46Z,2026-09-01T09:48:21Z
mozilla/pontoon,33494128241,4438152,Backend,push,7c48752589626e002f0ba93f548cb0ebb7e50418,1,success,sucesso,2026-09-01T09:48:21Z,2026-09-01T09:52:06Z,2026-09-01T09:48:21Z
mozilla/pontoon,33494128165,208684642,Docker Build,push,7c48752589626e002f0ba93f548cb0ebb7e50418,1,success,sucesso,2026-09-01T09:48:21Z,2026-09-01T09:52:17Z,2026-09-01T09:48:21Z
mozilla/pontoon,33425293349,322396562,SSDLC SBOM,push,90d1370e410ab983779ffcff5f33a094e7cc4d34,1,success,sucesso,2026-08-31T18:29:27Z,2026-08-31T18:29:38Z,2026-08-31T18:29:27Z
mozilla/pontoon,33425292659,4438153,Python linting,push,90d1370e410ab983779ffcff5f33a094e7cc4d34,1,success,sucesso,2026-08-31T18:29:27Z,2026-08-31T18:29:44Z,2026-08-31T18:29:27Z
mozilla/pontoon,33425293330,321421937,SSDLC Analysis,push,90d1370e410ab983779ffcff5f33a094e7cc4d34,1,success,sucesso,2026-08-31T18:29:27Z,2026-08-31T18:30:07Z,2026-08-31T18:29:27Z
mozilla/pontoon,33425292672,4438152,Backend,push,90d1370e410ab983779ffcff5f33a094e7cc4d34,1,success,sucesso,2026-08-31T18:29:27Z,2026-08-31T18:32:59Z,2026-08-31T18:29:27Z
mozilla/pontoon,33425292648,208684642,Docker Build,push,90d1370e410ab983779ffcff5f33a094e7cc4d34,1,success,sucesso,2026-08-31T18:29:27Z,2026-08-31T18:33:49Z,2026-08-31T18:29:27Z
mozilla/pontoon,33410382110,321421937,SSDLC Analysis,push,3a424f4c7bd03af15b188ebf0a179d376703f462,1,success,sucesso,2026-08-31T15:46:44Z,2026-08-31T15:47:23Z,2026-08-31T15:46:44Z
mozilla/pontoon,33410381960,322396562,SSDLC SBOM,push,3a424f4c7bd03af15b188ebf0a179d376703f462,1,success,sucesso,2026-08-31T15:46:44Z,2026-08-31T15:46:58Z,2026-08-31T15:46:44Z
mozilla/pontoon,33410381117,4416466,Frontend,push,3a424f4c7bd03af15b188ebf0a179d376703f462,1,success,sucesso,2026-08-31T15:46:43Z,2026-08-31T15:48:15Z,2026-08-31T15:46:43Z
mozilla/pontoon,33410381009,208684642,Docker Build,push,3a424f4c7bd03af15b188ebf0a179d376703f462,1,success,sucesso,2026-08-31T15:46:43Z,2026-08-31T15:49:52Z,2026-08-31T15:46:43Z
mozilla/pontoon,33410381158,4439483,JavaScript and Jinja linting,push,3a424f4c7bd03af15b188ebf0a179d376703f462,1,success,sucesso,2026-08-31T15:46:43Z,2026-08-31T15:47:10Z,2026-08-31T15:46:43Z
mozilla/pontoon,33392767078,4438153,Python linting,push,5f4efb5451d6372ad13e45d432eb68cf6d5a67dc,1,success,sucesso,2026-08-31T12:38:26Z,2026-08-31T12:38:40Z,2026-08-31T12:38:26Z
mozilla/pontoon,33392767604,322396562,SSDLC SBOM,push,5f4efb5451d6372ad13e45d432eb68cf6d5a67dc,1,success,sucesso,2026-08-31T12:38:26Z,2026-08-31T12:38:38Z,2026-08-31T12:38:26Z
mozilla/pontoon,33392767607,321421937,SSDLC Analysis,push,5f4efb5451d6372ad13e45d432eb68cf6d5a67dc,1,success,sucesso,2026-08-31T12:38:26Z,2026-08-31T12:39:05Z,2026-08-31T12:38:26Z
mozilla/pontoon,33392767065,208684642,Docker Build,push,5f4efb5451d6372ad13e45d432eb68cf6d5a67dc,1,success,sucesso,2026-08-31T12:38:26Z,2026-08-31T12:41:28Z,2026-08-31T12:38:26Z
mozilla/pontoon,33392767090,4438152,Backend,push,5f4efb5451d6372ad13e45d432eb68cf6d5a67dc,1,success,sucesso,2026-08-31T12:38:26Z,2026-08-31T12:41:39Z,2026-08-31T12:38:26Z
mozilla/pontoon,33385330626,4416466,Frontend,push,c509da8d92d82531e032b64e3491f9b7a557a5d2,1,success,sucesso,2026-08-31T11:05:20Z,2026-08-31T11:06:46Z,2026-08-31T11:05:20Z
mozilla/pontoon,33385330560,208684642,Docker Build,push,c509da8d92d82531e032b64e3491f9b7a557a5d2,1,success,sucesso,2026-08-31T11:05:20Z,2026-08-31T11:08:21Z,2026-08-31T11:05:20Z
mozilla/pontoon,33385331286,322396562,SSDLC SBOM,push,c509da8d92d82531e032b64e3491f9b7a557a5d2,1,success,sucesso,2026-08-31T11:05:20Z,2026-08-31T11:05:33Z,2026-08-31T11:05:20Z
mozilla/pontoon,33385330625,4439483,JavaScript and Jinja linting,push,c509da8d92d82531e032b64e3491f9b7a557a5d2,1,success,sucesso,2026-08-31T11:05:20Z,2026-08-31T11:05:49Z,2026-08-31T11:05:20Z
mozilla/pontoon,33385331478,321421937,SSDLC Analysis,push,c509da8d92d82531e032b64e3491f9b7a557a5d2,1,success,sucesso,2026-08-31T11:05:20Z,2026-08-31T11:06:01Z,2026-08-31T11:05:20Z
mozilla/pontoon,33381240441,4438153,Python linting,push,efc44ca7143a9ecc26c8df316adae74fc8ad6ec9,1,success,sucesso,2026-08-31T10:11:07Z,2026-08-31T10:11:22Z,2026-08-31T10:11:07Z
mozilla/pontoon,33381240974,322396562,SSDLC SBOM,push,efc44ca7143a9ecc26c8df316adae74fc8ad6ec9,1,success,sucesso,2026-08-31T10:11:07Z,2026-08-31T10:11:22Z,2026-08-31T10:11:07Z
mozilla/pontoon,33381241072,321421937,SSDLC Analysis,push,efc44ca7143a9ecc26c8df316adae74fc8ad6ec9,1,success,sucesso,2026-08-31T10:11:07Z,2026-08-31T10:11:45Z,2026-08-31T10:11:07Z
mozilla/pontoon,33381240406,208684642,Docker Build,push,efc44ca7143a9ecc26c8df316adae74fc8ad6ec9,1,success,sucesso,2026-08-31T10:11:07Z,2026-08-31T10:14:41Z,2026-08-31T10:11:07Z
mozilla/pontoon,33381240385,4438152,Backend,push,efc44ca7143a9ecc26c8df316adae74fc8ad6ec9,1,success,sucesso,2026-08-31T10:11:07Z,2026-08-31T10:15:06Z,2026-08-31T10:11:07Z
mozilla/pontoon,33379060086,208684642,Docker Build,push,14bd828ff766fbb6fbf7f7563dc3f6ba1277df06,1,success,sucesso,2026-08-31T09:43:12Z,2026-08-31T09:46:09Z,2026-08-31T09:43:12Z
mozilla/pontoon,33379060828,322396562,SSDLC SBOM,push,14bd828ff766fbb6fbf7f7563dc3f6ba1277df06,1,success,sucesso,2026-08-31T09:43:12Z,2026-08-31T09:43:29Z,2026-08-31T09:43:12Z
mozilla/pontoon,33379060774,321421937,SSDLC Analysis,push,14bd828ff766fbb6fbf7f7563dc3f6ba1277df06,1,success,sucesso,2026-08-31T09:43:12Z,2026-08-31T09:43:51Z,2026-08-31T09:43:12Z
mozilla/pontoon,33379060055,4439483,JavaScript and Jinja linting,push,14bd828ff766fbb6fbf7f7563dc3f6ba1277df06,1,success,sucesso,2026-08-31T09:43:12Z,2026-08-31T09:43:51Z,2026-08-31T09:43:12Z
mozilla/pontoon,33379060104,4416466,Frontend,push,14bd828ff766fbb6fbf7f7563dc3f6ba1277df06,1,success,sucesso,2026-08-31T09:43:12Z,2026-08-31T09:44:44Z,2026-08-31T09:43:12Z
mozilla/pontoon,33144353327,322396562,SSDLC SBOM,push,f2d1b555260fcfcfe6ce1b31e227031201f0e335,1,success,sucesso,2026-08-28T05:18:14Z,2026-08-28T05:18:25Z,2026-08-28T05:18:14Z
mozilla/pontoon,33144353355,321421937,SSDLC Analysis,push,f2d1b555260fcfcfe6ce1b31e227031201f0e335,1,success,sucesso,2026-08-28T05:18:14Z,2026-08-28T05:18:51Z,2026-08-28T05:18:14Z
mozilla/pontoon,33144353078,208684642,Docker Build,push,f2d1b555260fcfcfe6ce1b31e227031201f0e335,1,success,sucesso,2026-08-28T05:18:14Z,2026-08-28T05:22:27Z,2026-08-28T05:18:14Z
mozilla/pontoon,33017817775,208684642,Docker Build,push,5eab94c0967cf4c3f77f587afd919738e6d84eb8,1,success,sucesso,2026-08-26T21:59:57Z,2026-08-26T22:02:57Z,2026-08-26T21:59:57Z
mozilla/pontoon,33017817842,4438152,Backend,push,5eab94c0967cf4c3f77f587afd919738e6d84eb8,1,success,sucesso,2026-08-26T21:59:57Z,2026-08-26T22:03:19Z,2026-08-26T21:59:57Z
mozilla/pontoon,33017818385,322396562,SSDLC SBOM,push,5eab94c0967cf4c3f77f587afd919738e6d84eb8,1,success,sucesso,2026-08-26T21:59:57Z,2026-08-26T22:00:11Z,2026-08-26T21:59:57Z
mozilla/pontoon,33017817815,4438153,Python linting,push,5eab94c0967cf4c3f77f587afd919738e6d84eb8,1,success,sucesso,2026-08-26T21:59:57Z,2026-08-26T22:00:17Z,2026-08-26T21:59:57Z
mozilla/pontoon,33017818418,321421937,SSDLC Analysis,push,5eab94c0967cf4c3f77f587afd919738e6d84eb8,1,success,sucesso,2026-08-26T21:59:57Z,2026-08-26T22:00:35Z,2026-08-26T21:59:57Z
mozilla/pontoon,32999567489,321421937,SSDLC Analysis,push,c7ba26f242724d5798bcbad55686fe6777b630c1,1,success,sucesso,2026-08-26T18:24:58Z,2026-08-26T18:25:50Z,2026-08-26T18:24:58Z
mozilla/pontoon,32999566948,322396562,SSDLC SBOM,push,c7ba26f242724d5798bcbad55686fe6777b630c1,1,success,sucesso,2026-08-26T18:24:58Z,2026-08-26T18:25:14Z,2026-08-26T18:24:58Z
mozilla/pontoon,32999565846,4438152,Backend,push,c7ba26f242724d5798bcbad55686fe6777b630c1,1,success,sucesso,2026-08-26T18:24:57Z,2026-08-26T18:28:04Z,2026-08-26T18:24:57Z
mozilla/pontoon,32999565322,208684642,Docker Build,push,c7ba26f242724d5798bcbad55686fe6777b630c1,1,success,sucesso,2026-08-26T18:24:57Z,2026-08-26T18:28:11Z,2026-08-26T18:24:57Z
mozilla/pontoon,32999565852,4439483,JavaScript and Jinja linting,push,c7ba26f242724d5798bcbad55686fe6777b630c1,1,success,sucesso,2026-08-26T18:24:57Z,2026-08-26T18:25:25Z,2026-08-26T18:24:57Z
mozilla/pontoon,32999566503,4438153,Python linting,push,c7ba26f242724d5798bcbad55686fe6777b630c1,1,success,sucesso,2026-08-26T18:24:57Z,2026-08-26T18:25:15Z,2026-08-26T18:24:57Z
mozilla/pontoon,32999566453,4416466,Frontend,push,c7ba26f242724d5798bcbad55686fe6777b630c1,1,success,sucesso,2026-08-26T18:24:57Z,2026-08-26T18:26:18Z,2026-08-26T18:24:57Z
mozilla/pontoon,32848425718,4438153,Python linting,push,d63a6fcf4e8de0bbf88c4b07e0b1b4c5a3d047fa,1,success,sucesso,2026-08-25T12:35:26Z,2026-08-25T12:35:40Z,2026-08-25T12:35:26Z
mozilla/pontoon,32848426407,322396562,SSDLC SBOM,push,d63a6fcf4e8de0bbf88c4b07e0b1b4c5a3d047fa,1,success,sucesso,2026-08-25T12:35:26Z,2026-08-25T12:35:37Z,2026-08-25T12:35:26Z
mozilla/pontoon,32848426353,321421937,SSDLC Analysis,push,d63a6fcf4e8de0bbf88c4b07e0b1b4c5a3d047fa,1,success,sucesso,2026-08-25T12:35:26Z,2026-08-25T12:36:04Z,2026-08-25T12:35:26Z
mozilla/pontoon,32848425799,208684642,Docker Build,push,d63a6fcf4e8de0bbf88c4b07e0b1b4c5a3d047fa,1,success,sucesso,2026-08-25T12:35:26Z,2026-08-25T12:38:21Z,2026-08-25T12:35:26Z
mozilla/pontoon,32848425738,4438152,Backend,push,d63a6fcf4e8de0bbf88c4b07e0b1b4c5a3d047fa,1,success,sucesso,2026-08-25T12:35:26Z,2026-08-25T12:38:56Z,2026-08-25T12:35:26Z
mozilla/pontoon,32825144605,322396562,SSDLC SBOM,push,f991122b7116dfd01304e2f3a8564732dbba86f6,1,success,sucesso,2026-08-25T08:09:05Z,2026-08-25T08:09:15Z,2026-08-25T08:09:05Z
mozilla/pontoon,32825144612,321421937,SSDLC Analysis,push,f991122b7116dfd01304e2f3a8564732dbba86f6,1,success,sucesso,2026-08-25T08:09:05Z,2026-08-25T08:09:43Z,2026-08-25T08:09:05Z
mozilla/pontoon,32825143941,4438153,Python linting,push,f991122b7116dfd01304e2f3a8564732dbba86f6,1,success,sucesso,2026-08-25T08:09:04Z,2026-08-25T08:09:20Z,2026-08-25T08:09:04Z
mozilla/pontoon,32825144009,4438152,Backend,push,f991122b7116dfd01304e2f3a8564732dbba86f6,1,success,sucesso,2026-08-25T08:09:04Z,2026-08-25T08:12:42Z,2026-08-25T08:09:04Z
mozilla/pontoon,32825143983,208684642,Docker Build,push,f991122b7116dfd01304e2f3a8564732dbba86f6,1,success,sucesso,2026-08-25T08:09:04Z,2026-08-25T08:15:09Z,2026-08-25T08:09:04Z
mozilla/pontoon,32745649670,208684642,Docker Build,push,707712d27214a306d95b0248fe8927bd7bd633f0,1,success,sucesso,2026-08-24T15:34:09Z,2026-08-24T15:37:57Z,2026-08-24T15:34:09Z
mozilla/pontoon,32745649697,4416466,Frontend,push,707712d27214a306d95b0248fe8927bd7bd633f0,1,success,sucesso,2026-08-24T15:34:09Z,2026-08-24T15:35:42Z,2026-08-24T15:34:09Z
mozilla/pontoon,32745650254,322396562,SSDLC SBOM,push,707712d27214a306d95b0248fe8927bd7bd633f0,1,success,sucesso,2026-08-24T15:34:09Z,2026-08-24T15:34:25Z,2026-08-24T15:34:09Z
mozilla/pontoon,32745649664,4438153,Python linting,push,707712d27214a306d95b0248fe8927bd7bd633f0,1,success,sucesso,2026-08-24T15:34:09Z,2026-08-24T15:34:32Z,2026-08-24T15:34:09Z
mozilla/pontoon,32745650222,321421937,SSDLC Analysis,push,707712d27214a306d95b0248fe8927bd7bd633f0,1,success,sucesso,2026-08-24T15:34:09Z,2026-08-24T15:34:53Z,2026-08-24T15:34:09Z
mozilla/pontoon,32745649722,4438152,Backend,push,707712d27214a306d95b0248fe8927bd7bd633f0,1,success,sucesso,2026-08-24T15:34:09Z,2026-08-24T15:37:39Z,2026-08-24T15:34:09Z
mozilla/pontoon,32567373814,322396562,SSDLC SBOM,push,096eaef286c7556df356f47020a0a0b70af57a4c,1,success,sucesso,2026-08-22T10:20:58Z,2026-08-22T10:21:08Z,2026-08-22T10:20:58Z
mozilla/pontoon,32567373777,321421937,SSDLC Analysis,push,096eaef286c7556df356f47020a0a0b70af57a4c,1,success,sucesso,2026-08-22T10:20:58Z,2026-08-22T10:21:38Z,2026-08-22T10:20:58Z
mozilla/pontoon,32567373506,4438153,Python linting,push,096eaef286c7556df356f47020a0a0b70af57a4c,1,success,sucesso,2026-08-22T10:20:58Z,2026-08-22T10:21:12Z,2026-08-22T10:20:58Z
mozilla/pontoon,32567373548,208684642,Docker Build,push,096eaef286c7556df356f47020a0a0b70af57a4c,1,success,sucesso,2026-08-22T10:20:58Z,2026-08-22T10:24:29Z,2026-08-22T10:20:58Z
mozilla/pontoon,32567373497,4438152,Backend,push,096eaef286c7556df356f47020a0a0b70af57a4c,1,success,sucesso,2026-08-22T10:20:58Z,2026-08-22T10:24:48Z,2026-08-22T10:20:58Z
mozilla/pontoon,32498843629,322396562,SSDLC SBOM,push,17434255898304d468f91c3a88a741f88c0b5a1d,1,success,sucesso,2026-08-21T15:40:11Z,2026-08-21T15:40:21Z,2026-08-21T15:40:11Z
mozilla/pontoon,32498843727,321421937,SSDLC Analysis,push,17434255898304d468f91c3a88a741f88c0b5a1d,1,success,sucesso,2026-08-21T15:40:11Z,2026-08-21T15:40:50Z,2026-08-21T15:40:11Z
mozilla/pontoon,32498843117,4438153,Python linting,push,17434255898304d468f91c3a88a741f88c0b5a1d,1,success,sucesso,2026-08-21T15:40:10Z,2026-08-21T15:40:30Z,2026-08-21T15:40:10Z
mozilla/pontoon,32498843179,208684642,Docker Build,push,17434255898304d468f91c3a88a741f88c0b5a1d,1,success,sucesso,2026-08-21T15:40:10Z,2026-08-21T15:43:15Z,2026-08-21T15:40:10Z
mozilla/pontoon,32498843133,4438152,Backend,push,17434255898304d468f91c3a88a741f88c0b5a1d,1,success,sucesso,2026-08-21T15:40:10Z,2026-08-21T15:44:08Z,2026-08-21T15:40:10Z
mozilla/pontoon,32480794342,321421937,SSDLC Analysis,push,3e1d6f1c4f5927375ed64fc4c4fa3c3d452d3062,1,success,sucesso,2026-08-21T12:12:41Z,2026-08-21T12:13:20Z,2026-08-21T12:12:41Z
mozilla/pontoon,32480793846,208684642,Docker Build,push,3e1d6f1c4f5927375ed64fc4c4fa3c3d452d3062,1,success,sucesso,2026-08-21T12:12:41Z,2026-08-21T12:15:28Z,2026-08-21T12:12:41Z
mozilla/pontoon,32480794317,322396562,SSDLC SBOM,push,3e1d6f1c4f5927375ed64fc4c4fa3c3d452d3062,1,success,sucesso,2026-08-21T12:12:41Z,2026-08-21T12:12:52Z,2026-08-21T12:12:41Z
mozilla/pontoon,32462575653,321421937,SSDLC Analysis,push,f26832386976f42c4988bf2bbd600219f8cc54e6,1,success,sucesso,2026-08-21T08:18:30Z,2026-08-21T08:19:12Z,2026-08-21T08:18:30Z
mozilla/pontoon,32462575624,322396562,SSDLC SBOM,push,f26832386976f42c4988bf2bbd600219f8cc54e6,1,success,sucesso,2026-08-21T08:18:30Z,2026-08-21T08:18:44Z,2026-08-21T08:18:30Z
mozilla/pontoon,32462574896,208684642,Docker Build,push,f26832386976f42c4988bf2bbd600219f8cc54e6,1,success,sucesso,2026-08-21T08:18:29Z,2026-08-21T08:21:31Z,2026-08-21T08:18:29Z
mozilla/pontoon,32458637235,322396562,SSDLC SBOM,push,8a841f8ae7744d2cea6381323508e70dd795bf7b,1,success,sucesso,2026-08-21T07:26:28Z,2026-08-21T07:26:43Z,2026-08-21T07:26:28Z
mozilla/pontoon,32458637085,321421937,SSDLC Analysis,push,8a841f8ae7744d2cea6381323508e70dd795bf7b,1,success,sucesso,2026-08-21T07:26:28Z,2026-08-21T07:27:06Z,2026-08-21T07:26:28Z
mozilla/pontoon,32458636682,208684642,Docker Build,push,8a841f8ae7744d2cea6381323508e70dd795bf7b,1,success,sucesso,2026-08-21T07:26:28Z,2026-08-21T07:29:58Z,2026-08-21T07:26:28Z
mozilla/pontoon,32456565182,322396562,SSDLC SBOM,push,ef4089ac5e0818f773212b58da331d8b00f833f2,1,success,sucesso,2026-08-21T06:58:02Z,2026-08-21T06:58:17Z,2026-08-21T06:58:02Z
mozilla/pontoon,32456564622,4438153,Python linting,push,ef4089ac5e0818f773212b58da331d8b00f833f2,1,success,sucesso,2026-08-21T06:58:02Z,2026-08-21T06:58:23Z,2026-08-21T06:58:02Z
mozilla/pontoon,32456565210,321421937,SSDLC Analysis,push,ef4089ac5e0818f773212b58da331d8b00f833f2,1,success,sucesso,2026-08-21T06:58:02Z,2026-08-21T06:58:42Z,2026-08-21T06:58:02Z
mozilla/pontoon,32456564630,208684642,Docker Build,push,ef4089ac5e0818f773212b58da331d8b00f833f2,1,success,sucesso,2026-08-21T06:58:02Z,2026-08-21T07:00:55Z,2026-08-21T06:58:02Z
mozilla/pontoon,32456564549,4438152,Backend,push,ef4089ac5e0818f773212b58da331d8b00f833f2,1,success,sucesso,2026-08-21T06:58:02Z,2026-08-21T07:01:50Z,2026-08-21T06:58:02Z
mozilla/pontoon,32456520304,322396562,SSDLC SBOM,push,ab5c994c0bacbef7d1f9f59a1da48062bc6cf1b9,1,success,sucesso,2026-08-21T06:57:22Z,2026-08-21T06:57:34Z,2026-08-21T06:57:22Z
mozilla/pontoon,32456520253,321421937,SSDLC Analysis,push,ab5c994c0bacbef7d1f9f59a1da48062bc6cf1b9,1,success,sucesso,2026-08-21T06:57:22Z,2026-08-21T06:58:02Z,2026-08-21T06:57:22Z
mozilla/pontoon,32456519871,4438153,Python linting,push,ab5c994c0bacbef7d1f9f59a1da48062bc6cf1b9,1,success,sucesso,2026-08-21T06:57:21Z,2026-08-21T06:57:38Z,2026-08-21T06:57:21Z
mozilla/pontoon,32456519782,208684642,Docker Build,push,ab5c994c0bacbef7d1f9f59a1da48062bc6cf1b9,1,success,sucesso,2026-08-21T06:57:21Z,2026-08-21T07:00:10Z,2026-08-21T06:57:21Z
mozilla/pontoon,32456519732,4438152,Backend,push,ab5c994c0bacbef7d1f9f59a1da48062bc6cf1b9,1,success,sucesso,2026-08-21T06:57:21Z,2026-08-21T07:00:54Z,2026-08-21T06:57:21Z
mozilla/pontoon,32270610769,208684642,Docker Build,push,0846aa6291bfacad22ea9b9933c750f3746a6320,1,success,sucesso,2026-08-19T15:31:55Z,2026-08-19T15:35:44Z,2026-08-19T15:31:55Z
mozilla/pontoon,32270611752,322396562,SSDLC SBOM,push,0846aa6291bfacad22ea9b9933c750f3746a6320,1,success,sucesso,2026-08-19T15:31:55Z,2026-08-19T15:32:12Z,2026-08-19T15:31:55Z
mozilla/pontoon,32270611777,321421937,SSDLC Analysis,push,0846aa6291bfacad22ea9b9933c750f3746a6320,1,success,sucesso,2026-08-19T15:31:55Z,2026-08-19T15:32:43Z,2026-08-19T15:31:55Z
mozilla/pontoon,32241068472,322396562,SSDLC SBOM,push,8ca631ce0054d6150e9b76645e660b74a2b8413f,1,success,sucesso,2026-08-19T10:06:52Z,2026-08-19T10:07:07Z,2026-08-19T10:06:52Z
mozilla/pontoon,32241067846,4439483,JavaScript and Jinja linting,push,8ca631ce0054d6150e9b76645e660b74a2b8413f,1,success,sucesso,2026-08-19T10:06:52Z,2026-08-19T10:07:18Z,2026-08-19T10:06:52Z
mozilla/pontoon,32241068377,321421937,SSDLC Analysis,push,8ca631ce0054d6150e9b76645e660b74a2b8413f,1,success,sucesso,2026-08-19T10:06:52Z,2026-08-19T10:07:34Z,2026-08-19T10:06:52Z
mozilla/pontoon,32241067823,4416466,Frontend,push,8ca631ce0054d6150e9b76645e660b74a2b8413f,1,success,sucesso,2026-08-19T10:06:52Z,2026-08-19T10:08:20Z,2026-08-19T10:06:52Z
mozilla/pontoon,32241067844,208684642,Docker Build,push,8ca631ce0054d6150e9b76645e660b74a2b8413f,1,success,sucesso,2026-08-19T10:06:52Z,2026-08-19T10:09:45Z,2026-08-19T10:06:52Z
mozilla/pontoon,32141558650,322396562,SSDLC SBOM,push,f90222cb7466463455b8cb7aad430f9c16fd9ada,1,success,sucesso,2026-08-18T13:18:00Z,2026-08-18T13:18:13Z,2026-08-18T13:18:00Z
mozilla/pontoon,32141558091,4439483,JavaScript and Jinja linting,push,f90222cb7466463455b8cb7aad430f9c16fd9ada,1,success,sucesso,2026-08-18T13:18:00Z,2026-08-18T13:18:30Z,2026-08-18T13:18:00Z
mozilla/pontoon,32141558617,321421937,SSDLC Analysis,push,f90222cb7466463455b8cb7aad430f9c16fd9ada,1,success,sucesso,2026-08-18T13:18:00Z,2026-08-18T13:18:41Z,2026-08-18T13:18:00Z
mozilla/pontoon,32141558006,4416466,Frontend,push,f90222cb7466463455b8cb7aad430f9c16fd9ada,1,success,sucesso,2026-08-18T13:18:00Z,2026-08-18T13:19:23Z,2026-08-18T13:18:00Z
mozilla/pontoon,32141558003,208684642,Docker Build,push,f90222cb7466463455b8cb7aad430f9c16fd9ada,1,success,sucesso,2026-08-18T13:18:00Z,2026-08-18T13:21:39Z,2026-08-18T13:18:00Z
mozilla/pontoon,32113512683,4438153,Python linting,push,b8f14cdf63398ba3a55ebf971ed3de36d7f65dd5,1,success,sucesso,2026-08-18T07:52:12Z,2026-08-18T07:52:27Z,2026-08-18T07:52:12Z
mozilla/pontoon,32113513132,322396562,SSDLC SBOM,push,b8f14cdf63398ba3a55ebf971ed3de36d7f65dd5,1,success,sucesso,2026-08-18T07:52:12Z,2026-08-18T07:52:29Z,2026-08-18T07:52:12Z
mozilla/pontoon,32113513089,321421937,SSDLC Analysis,push,b8f14cdf63398ba3a55ebf971ed3de36d7f65dd5,1,success,sucesso,2026-08-18T07:52:12Z,2026-08-18T07:52:54Z,2026-08-18T07:52:12Z
mozilla/pontoon,32113512673,208684642,Docker Build,push,b8f14cdf63398ba3a55ebf971ed3de36d7f65dd5,1,success,sucesso,2026-08-18T07:52:12Z,2026-08-18T07:55:48Z,2026-08-18T07:52:12Z
mozilla/pontoon,32113512668,4438152,Backend,push,b8f14cdf63398ba3a55ebf971ed3de36d7f65dd5,1,success,sucesso,2026-08-18T07:52:12Z,2026-08-18T07:55:55Z,2026-08-18T07:52:12Z
mozilla/pontoon,32110620635,208684642,Docker Build,push,ed0debdfb48c5fcafb2626757d6788dc333a2177,1,success,sucesso,2026-08-18T07:16:05Z,2026-08-18T07:19:55Z,2026-08-18T07:16:05Z
mozilla/pontoon,32110621157,322396562,SSDLC SBOM,push,ed0debdfb48c5fcafb2626757d6788dc333a2177,1,success,sucesso,2026-08-18T07:16:05Z,2026-08-18T07:16:15Z,2026-08-18T07:16:05Z
mozilla/pontoon,32110620613,4439483,JavaScript and Jinja linting,push,ed0debdfb48c5fcafb2626757d6788dc333a2177,1,success,sucesso,2026-08-18T07:16:05Z,2026-08-18T07:16:31Z,2026-08-18T07:16:05Z
mozilla/pontoon,32110621119,321421937,SSDLC Analysis,push,ed0debdfb48c5fcafb2626757d6788dc333a2177,1,success,sucesso,2026-08-18T07:16:05Z,2026-08-18T07:16:46Z,2026-08-18T07:16:05Z
mozilla/pontoon,32110620568,4416466,Frontend,push,ed0debdfb48c5fcafb2626757d6788dc333a2177,1,success,sucesso,2026-08-18T07:16:05Z,2026-08-18T07:17:19Z,2026-08-18T07:16:05Z
mozilla/pontoon,31982449136,322396562,SSDLC SBOM,push,daa4ec2e793de9341a20a0755466a10596553e1b,1,success,sucesso,2026-08-17T00:35:04Z,2026-08-17T00:35:18Z,2026-08-17T00:35:04Z
mozilla/pontoon,31982449060,321421937,SSDLC Analysis,push,daa4ec2e793de9341a20a0755466a10596553e1b,1,success,sucesso,2026-08-17T00:35:04Z,2026-08-17T00:35:42Z,2026-08-17T00:35:04Z
mozilla/pontoon,31982448593,4438153,Python linting,push,daa4ec2e793de9341a20a0755466a10596553e1b,1,success,sucesso,2026-08-17T00:35:03Z,2026-08-17T00:35:24Z,2026-08-17T00:35:03Z
mozilla/pontoon,31982448641,4438152,Backend,push,daa4ec2e793de9341a20a0755466a10596553e1b,1,success,sucesso,2026-08-17T00:35:03Z,2026-08-17T00:38:35Z,2026-08-17T00:35:03Z
mozilla/pontoon,31982448780,208684642,Docker Build,push,daa4ec2e793de9341a20a0755466a10596553e1b,1,success,sucesso,2026-08-17T00:35:03Z,2026-08-17T00:38:33Z,2026-08-17T00:35:03Z
mozilla/pontoon,31960142266,322396562,SSDLC SBOM,push,09a2f9116297e3e18b1d211b480e63ed6aa1bef1,1,success,sucesso,2026-08-16T16:57:29Z,2026-08-16T16:57:41Z,2026-08-16T16:57:29Z
mozilla/pontoon,31960142287,321421937,SSDLC Analysis,push,09a2f9116297e3e18b1d211b480e63ed6aa1bef1,1,success,sucesso,2026-08-16T16:57:29Z,2026-08-16T16:58:04Z,2026-08-16T16:57:29Z
mozilla/pontoon,31960142034,208684642,Docker Build,push,09a2f9116297e3e18b1d211b480e63ed6aa1bef1,1,success,sucesso,2026-08-16T16:57:28Z,2026-08-16T17:00:46Z,2026-08-16T16:57:28Z
mozilla/pontoon,31960142057,4438152,Backend,push,09a2f9116297e3e18b1d211b480e63ed6aa1bef1,1,success,sucesso,2026-08-16T16:57:28Z,2026-08-16T17:00:59Z,2026-08-16T16:57:28Z
mozilla/pontoon,31960142020,4438153,Python linting,push,09a2f9116297e3e18b1d211b480e63ed6aa1bef1,1,success,sucesso,2026-08-16T16:57:28Z,2026-08-16T16:57:48Z,2026-08-16T16:57:28Z
mozilla/pontoon,31946928075,322396562,SSDLC SBOM,push,bdc49bc99b154579538d357c05ebdcc9b76d0385,1,success,sucesso,2026-08-16T12:23:32Z,2026-08-16T12:23:42Z,2026-08-16T12:23:32Z
mozilla/pontoon,31946928074,321421937,SSDLC Analysis,push,bdc49bc99b154579538d357c05ebdcc9b76d0385,1,success,sucesso,2026-08-16T12:23:32Z,2026-08-16T12:24:13Z,2026-08-16T12:23:32Z
mozilla/pontoon,31946927841,208684642,Docker Build,push,bdc49bc99b154579538d357c05ebdcc9b76d0385,1,success,sucesso,2026-08-16T12:23:32Z,2026-08-16T12:27:15Z,2026-08-16T12:23:32Z
mozilla/pontoon,31946927800,4439483,JavaScript and Jinja linting,push,bdc49bc99b154579538d357c05ebdcc9b76d0385,1,success,sucesso,2026-08-16T12:23:31Z,2026-08-16T12:23:59Z,2026-08-16T12:23:31Z
mozilla/pontoon,31946927799,4416466,Frontend,push,bdc49bc99b154579538d357c05ebdcc9b76d0385,1,success,sucesso,2026-08-16T12:23:31Z,2026-08-16T12:24:52Z,2026-08-16T12:23:31Z
mozilla/pontoon,31881400065,322396562,SSDLC SBOM,push,b2240fd7d8f4e9a2053b032c577c30250071ad00,1,success,sucesso,2026-08-15T11:10:59Z,2026-08-15T11:11:13Z,2026-08-15T11:10:59Z
mozilla/pontoon,31881400075,321421937,SSDLC Analysis,push,b2240fd7d8f4e9a2053b032c577c30250071ad00,1,success,sucesso,2026-08-15T11:10:59Z,2026-08-15T11:11:39Z,2026-08-15T11:10:59Z
mozilla/pontoon,31881399728,4439483,JavaScript and Jinja linting,push,b2240fd7d8f4e9a2053b032c577c30250071ad00,1,success,sucesso,2026-08-15T11:10:58Z,2026-08-15T11:11:28Z,2026-08-15T11:10:58Z
mozilla/pontoon,31881399753,4416466,Frontend,push,b2240fd7d8f4e9a2053b032c577c30250071ad00,1,success,sucesso,2026-08-15T11:10:58Z,2026-08-15T11:12:27Z,2026-08-15T11:10:58Z
mozilla/pontoon,31881399778,208684642,Docker Build,push,b2240fd7d8f4e9a2053b032c577c30250071ad00,1,success,sucesso,2026-08-15T11:10:58Z,2026-08-15T11:13:53Z,2026-08-15T11:10:58Z
mozilla/pontoon,31880563977,322396562,SSDLC SBOM,push,7cc05fe779395e87dae19fc208c4d66a675daae6,1,success,sucesso,2026-08-15T10:51:20Z,2026-08-15T10:51:34Z,2026-08-15T10:51:20Z
mozilla/pontoon,31880564033,321421937,SSDLC Analysis,push,7cc05fe779395e87dae19fc208c4d66a675daae6,1,success,sucesso,2026-08-15T10:51:20Z,2026-08-15T10:52:01Z,2026-08-15T10:51:20Z
mozilla/pontoon,31880563755,4438153,Python linting,push,7cc05fe779395e87dae19fc208c4d66a675daae6,1,success,sucesso,2026-08-15T10:51:19Z,2026-08-15T10:51:40Z,2026-08-15T10:51:19Z
mozilla/pontoon,31880563672,4438152,Backend,push,7cc05fe779395e87dae19fc208c4d66a675daae6,1,success,sucesso,2026-08-15T10:51:19Z,2026-08-15T10:55:00Z,2026-08-15T10:51:19Z
mozilla/pontoon,31880563649,208684642,Docker Build,push,7cc05fe779395e87dae19fc208c4d66a675daae6,1,success,sucesso,2026-08-15T10:51:19Z,2026-08-15T10:55:05Z,2026-08-15T10:51:19Z
mozilla/pontoon,31879522244,322396562,SSDLC SBOM,push,7f69f6bfad2e54ea388b6f7c7950c02e1f657b75,1,success,sucesso,2026-08-15T10:26:33Z,2026-08-15T10:26:44Z,2026-08-15T10:26:33Z
mozilla/pontoon,31879522230,321421937,SSDLC Analysis,push,7f69f6bfad2e54ea388b6f7c7950c02e1f657b75,1,success,sucesso,2026-08-15T10:26:33Z,2026-08-15T10:27:11Z,2026-08-15T10:26:33Z
mozilla/pontoon,31879521951,208684642,Docker Build,push,7f69f6bfad2e54ea388b6f7c7950c02e1f657b75,1,success,sucesso,2026-08-15T10:26:33Z,2026-08-15T10:30:02Z,2026-08-15T10:26:33Z
mozilla/pontoon,31785202996,322396562,SSDLC SBOM,push,b7c87a9b3bacf6425c666af31c95cba249a8dc3b,1,success,sucesso,2026-08-14T08:45:10Z,2026-08-14T08:45:20Z,2026-08-14T08:45:10Z
mozilla/pontoon,31785202457,4439483,JavaScript and Jinja linting,push,b7c87a9b3bacf6425c666af31c95cba249a8dc3b,1,success,sucesso,2026-08-14T08:45:10Z,2026-08-14T08:45:38Z,2026-08-14T08:45:10Z
mozilla/pontoon,31785203228,321421937,SSDLC Analysis,push,b7c87a9b3bacf6425c666af31c95cba249a8dc3b,1,success,sucesso,2026-08-14T08:45:10Z,2026-08-14T08:45:54Z,2026-08-14T08:45:10Z
mozilla/pontoon,31785202604,4416466,Frontend,push,b7c87a9b3bacf6425c666af31c95cba249a8dc3b,1,success,sucesso,2026-08-14T08:45:10Z,2026-08-14T08:46:17Z,2026-08-14T08:45:10Z
mozilla/pontoon,31785202582,208684642,Docker Build,push,b7c87a9b3bacf6425c666af31c95cba249a8dc3b,1,success,sucesso,2026-08-14T08:45:10Z,2026-08-14T08:48:53Z,2026-08-14T08:45:10Z
mozilla/pontoon,31721191193,322396562,SSDLC SBOM,push,157b622e1e771a5abfcc89c72a2764946f98a603,1,success,sucesso,2026-08-13T16:32:27Z,2026-08-13T16:32:52Z,2026-08-13T16:32:27Z
mozilla/pontoon,31721190804,4438153,Python linting,push,157b622e1e771a5abfcc89c72a2764946f98a603,1,success,sucesso,2026-08-13T16:32:27Z,2026-08-13T16:32:54Z,2026-08-13T16:32:27Z
mozilla/pontoon,31721191221,321421937,SSDLC Analysis,push,157b622e1e771a5abfcc89c72a2764946f98a603,1,success,sucesso,2026-08-13T16:32:27Z,2026-08-13T16:33:06Z,2026-08-13T16:32:27Z
mozilla/pontoon,31721190619,208684642,Docker Build,push,157b622e1e771a5abfcc89c72a2764946f98a603,1,success,sucesso,2026-08-13T16:32:27Z,2026-08-13T16:35:42Z,2026-08-13T16:32:27Z
mozilla/pontoon,31721190732,4438152,Backend,push,157b622e1e771a5abfcc89c72a2764946f98a603,1,success,sucesso,2026-08-13T16:32:27Z,2026-08-13T16:36:00Z,2026-08-13T16:32:27Z
mozilla/pontoon,31645453089,322396562,SSDLC SBOM,push,62ebf00508b027a5a774436ca1ce4fba7e6981aa,1,success,sucesso,2026-08-12T22:05:29Z,2026-08-12T22:05:39Z,2026-08-12T22:05:29Z
mozilla/pontoon,31645453080,321421937,SSDLC Analysis,push,62ebf00508b027a5a774436ca1ce4fba7e6981aa,1,success,sucesso,2026-08-12T22:05:29Z,2026-08-12T22:06:18Z,2026-08-12T22:05:29Z
mozilla/pontoon,31645452635,208684642,Docker Build,push,62ebf00508b027a5a774436ca1ce4fba7e6981aa,2,success,sucesso,2026-08-13T10:01:13Z,2026-08-13T10:04:05Z,2026-08-12T22:05:28Z
mozilla/pontoon,31645452585,4438153,Python linting,push,62ebf00508b027a5a774436ca1ce4fba7e6981aa,1,success,sucesso,2026-08-12T22:05:28Z,2026-08-12T22:05:49Z,2026-08-12T22:05:28Z
mozilla/pontoon,31645452672,4439483,JavaScript and Jinja linting,push,62ebf00508b027a5a774436ca1ce4fba7e6981aa,1,success,sucesso,2026-08-12T22:05:28Z,2026-08-12T22:05:56Z,2026-08-12T22:05:28Z
mozilla/pontoon,31645452645,4416466,Frontend,push,62ebf00508b027a5a774436ca1ce4fba7e6981aa,1,success,sucesso,2026-08-12T22:05:28Z,2026-08-12T22:06:47Z,2026-08-12T22:05:28Z
mozilla/pontoon,31645452610,4438152,Backend,push,62ebf00508b027a5a774436ca1ce4fba7e6981aa,1,success,sucesso,2026-08-12T22:05:28Z,2026-08-12T22:09:29Z,2026-08-12T22:05:28Z
mozilla/pontoon,31645095628,321421937,SSDLC Analysis,push,a6c462da0e2b5a82dda2ac30f2a64c011b934b47,1,success,sucesso,2026-08-12T22:00:41Z,2026-08-12T22:01:24Z,2026-08-12T22:00:41Z
mozilla/pontoon,31645095570,322396562,SSDLC SBOM,push,a6c462da0e2b5a82dda2ac30f2a64c011b934b47,1,failure,falha,2026-08-12T22:00:41Z,2026-08-12T22:00:49Z,2026-08-12T22:00:41Z
mozilla/pontoon,31645095014,4439483,JavaScript and Jinja linting,push,a6c462da0e2b5a82dda2ac30f2a64c011b934b47,1,success,sucesso,2026-08-12T22:00:41Z,2026-08-12T22:01:10Z,2026-08-12T22:00:41Z
mozilla/pontoon,31645095022,4416466,Frontend,push,a6c462da0e2b5a82dda2ac30f2a64c011b934b47,1,success,sucesso,2026-08-12T22:00:41Z,2026-08-12T22:02:07Z,2026-08-12T22:00:41Z
mozilla/pontoon,31645095049,208684642,Docker Build,push,a6c462da0e2b5a82dda2ac30f2a64c011b934b47,1,success,sucesso,2026-08-12T22:00:41Z,2026-08-12T22:10:09Z,2026-08-12T22:00:41Z
mozilla/pontoon,31604600689,322396562,SSDLC SBOM,push,eabf52f2d8dd70699da8cfd1d10f3c171e1815d5,1,success,sucesso,2026-08-12T14:02:22Z,2026-08-12T14:02:43Z,2026-08-12T14:02:22Z
mozilla/pontoon,31604600281,4438153,Python linting,push,eabf52f2d8dd70699da8cfd1d10f3c171e1815d5,1,success,sucesso,2026-08-12T14:02:21Z,2026-08-12T14:02:52Z,2026-08-12T14:02:21Z
mozilla/pontoon,31604600598,321421937,SSDLC Analysis,push,eabf52f2d8dd70699da8cfd1d10f3c171e1815d5,1,success,sucesso,2026-08-12T14:02:21Z,2026-08-12T14:03:02Z,2026-08-12T14:02:21Z
mozilla/pontoon,31604600241,4438152,Backend,push,eabf52f2d8dd70699da8cfd1d10f3c171e1815d5,1,success,sucesso,2026-08-12T14:02:21Z,2026-08-12T14:06:13Z,2026-08-12T14:02:21Z
mozilla/pontoon,31604600283,208684642,Docker Build,push,eabf52f2d8dd70699da8cfd1d10f3c171e1815d5,1,success,sucesso,2026-08-12T14:02:21Z,2026-08-12T14:06:05Z,2026-08-12T14:02:21Z
mozilla/pontoon,31570165437,208684642,Docker Build,push,8d9ef23283ecba5613ea9e8ea247e25c08aa87dd,1,success,sucesso,2026-08-12T06:29:07Z,2026-08-12T06:34:24Z,2026-08-12T06:29:07Z
mozilla/pontoon,31570165338,4439483,JavaScript and Jinja linting,push,8d9ef23283ecba5613ea9e8ea247e25c08aa87dd,1,success,sucesso,2026-08-12T06:29:07Z,2026-08-12T06:29:33Z,2026-08-12T06:29:07Z
mozilla/pontoon,31570166013,322396562,SSDLC SBOM,push,8d9ef23283ecba5613ea9e8ea247e25c08aa87dd,1,success,sucesso,2026-08-12T06:29:07Z,2026-08-12T06:29:19Z,2026-08-12T06:29:07Z
mozilla/pontoon,31570165836,321421937,SSDLC Analysis,push,8d9ef23283ecba5613ea9e8ea247e25c08aa87dd,1,success,sucesso,2026-08-12T06:29:07Z,2026-08-12T06:29:51Z,2026-08-12T06:29:07Z
mozilla/pontoon,31570165427,4416466,Frontend,push,8d9ef23283ecba5613ea9e8ea247e25c08aa87dd,1,success,sucesso,2026-08-12T06:29:07Z,2026-08-12T06:30:27Z,2026-08-12T06:29:07Z
mozilla/pontoon,31410776534,321421937,SSDLC Analysis,push,5a2c081ba0f6b9aab12c124c7ab93333d79fa623,1,success,sucesso,2026-08-10T16:47:36Z,2026-08-10T16:48:18Z,2026-08-10T16:47:36Z
mozilla/pontoon,31410772563,208684642,Docker Build,push,5a2c081ba0f6b9aab12c124c7ab93333d79fa623,1,success,sucesso,2026-08-10T16:47:33Z,2026-08-10T16:51:21Z,2026-08-10T16:47:33Z
mozilla/pontoon,31410770279,322396562,SSDLC SBOM,push,5a2c081ba0f6b9aab12c124c7ab93333d79fa623,1,success,sucesso,2026-08-10T16:47:32Z,2026-08-10T16:47:42Z,2026-08-10T16:47:32Z
mozilla/pontoon,31410619708,321421937,SSDLC Analysis,push,f927a2e811e83f25ce5300d45acd3f0e20710b3a,1,success,sucesso,2026-08-10T16:45:46Z,2026-08-10T16:46:31Z,2026-08-10T16:45:46Z
mozilla/pontoon,31410619551,322396562,SSDLC SBOM,push,f927a2e811e83f25ce5300d45acd3f0e20710b3a,1,success,sucesso,2026-08-10T16:45:46Z,2026-08-10T16:46:00Z,2026-08-10T16:45:46Z
mozilla/pontoon,31410618819,4439483,JavaScript and Jinja linting,push,f927a2e811e83f25ce5300d45acd3f0e20710b3a,1,success,sucesso,2026-08-10T16:45:45Z,2026-08-10T16:46:17Z,2026-08-10T16:45:45Z
mozilla/pontoon,31410618829,4438153,Python linting,push,f927a2e811e83f25ce5300d45acd3f0e20710b3a,1,success,sucesso,2026-08-10T16:45:45Z,2026-08-10T16:46:08Z,2026-08-10T16:45:45Z
mozilla/pontoon,31410618805,4416466,Frontend,push,f927a2e811e83f25ce5300d45acd3f0e20710b3a,1,success,sucesso,2026-08-10T16:45:45Z,2026-08-10T16:47:01Z,2026-08-10T16:45:45Z
mozilla/pontoon,31410618929,4438152,Backend,push,f927a2e811e83f25ce5300d45acd3f0e20710b3a,1,success,sucesso,2026-08-10T16:45:45Z,2026-08-10T16:49:22Z,2026-08-10T16:45:45Z
mozilla/pontoon,31410618778,208684642,Docker Build,push,f927a2e811e83f25ce5300d45acd3f0e20710b3a,1,success,sucesso,2026-08-10T16:45:45Z,2026-08-10T16:49:58Z,2026-08-10T16:45:45Z
mozilla/pontoon,31410032842,321421937,SSDLC Analysis,push,85a6b252a430eb667838838a41d6ae245f6cfc90,1,success,sucesso,2026-08-10T16:38:51Z,2026-08-10T16:39:32Z,2026-08-10T16:38:51Z
mozilla/pontoon,31410032290,4438152,Backend,push,85a6b252a430eb667838838a41d6ae245f6cfc90,1,success,sucesso,2026-08-10T16:38:51Z,2026-08-10T16:42:28Z,2026-08-10T16:38:51Z
mozilla/pontoon,31410032266,208684642,Docker Build,push,85a6b252a430eb667838838a41d6ae245f6cfc90,1,success,sucesso,2026-08-10T16:38:51Z,2026-08-10T16:41:58Z,2026-08-10T16:38:51Z
mozilla/pontoon,31410032271,4438153,Python linting,push,85a6b252a430eb667838838a41d6ae245f6cfc90,1,success,sucesso,2026-08-10T16:38:51Z,2026-08-10T16:39:05Z,2026-08-10T16:38:51Z
mozilla/pontoon,31410032800,322396562,SSDLC SBOM,push,85a6b252a430eb667838838a41d6ae245f6cfc90,1,success,sucesso,2026-08-10T16:38:51Z,2026-08-10T16:39:06Z,2026-08-10T16:38:51Z
mozilla/pontoon,31382846707,208684642,Docker Build,push,16672a885ff1cc6cc706558271d757bbcd89d183,1,success,sucesso,2026-08-10T11:17:18Z,2026-08-10T11:20:50Z,2026-08-10T11:17:18Z
mozilla/pontoon,31382847094,322396562,SSDLC SBOM,push,16672a885ff1cc6cc706558271d757bbcd89d183,1,success,sucesso,2026-08-10T11:17:18Z,2026-08-10T11:17:36Z,2026-08-10T11:17:18Z
mozilla/pontoon,31382847148,321421937,SSDLC Analysis,push,16672a885ff1cc6cc706558271d757bbcd89d183,1,success,sucesso,2026-08-10T11:17:18Z,2026-08-10T11:18:02Z,2026-08-10T11:17:18Z
mozilla/pontoon,31377188539,4438153,Python linting,push,324878714ea80c33253dc78155bfc4cb7508e3ef,1,success,sucesso,2026-08-10T10:00:15Z,2026-08-10T10:00:30Z,2026-08-10T10:00:15Z
mozilla/pontoon,31377189354,322396562,SSDLC SBOM,push,324878714ea80c33253dc78155bfc4cb7508e3ef,1,success,sucesso,2026-08-10T10:00:15Z,2026-08-10T10:00:27Z,2026-08-10T10:00:15Z
mozilla/pontoon,31377189352,321421937,SSDLC Analysis,push,324878714ea80c33253dc78155bfc4cb7508e3ef,1,success,sucesso,2026-08-10T10:00:15Z,2026-08-10T10:00:57Z,2026-08-10T10:00:15Z
mozilla/pontoon,31377188473,4438152,Backend,push,324878714ea80c33253dc78155bfc4cb7508e3ef,1,success,sucesso,2026-08-10T10:00:15Z,2026-08-10T10:03:22Z,2026-08-10T10:00:15Z
mozilla/pontoon,31377189043,208684642,Docker Build,push,324878714ea80c33253dc78155bfc4cb7508e3ef,1,success,sucesso,2026-08-10T10:00:15Z,2026-08-10T10:04:00Z,2026-08-10T10:00:15Z
mozilla/pontoon,31191084771,322396562,SSDLC SBOM,push,eb868358ac2c585a0d22dfec9ae0776e86de2e20,1,success,sucesso,2026-08-07T15:08:00Z,2026-08-07T15:08:14Z,2026-08-07T15:08:00Z
mozilla/pontoon,31191083205,321421937,SSDLC Analysis,push,eb868358ac2c585a0d22dfec9ae0776e86de2e20,1,success,sucesso,2026-08-07T15:07:59Z,2026-08-07T15:08:36Z,2026-08-07T15:07:59Z
mozilla/pontoon,31191081596,208684642,Docker Build,push,eb868358ac2c585a0d22dfec9ae0776e86de2e20,1,success,sucesso,2026-08-07T15:07:58Z,2026-08-07T15:11:25Z,2026-08-07T15:07:58Z
mozilla/pontoon,31191057353,322396562,SSDLC SBOM,push,92aed322bbf945f8afed2570e14b44cb576bf78b,1,success,sucesso,2026-08-07T15:07:41Z,2026-08-07T15:07:52Z,2026-08-07T15:07:41Z
mozilla/pontoon,31191057687,321421937,SSDLC Analysis,push,92aed322bbf945f8afed2570e14b44cb576bf78b,1,success,sucesso,2026-08-07T15:07:41Z,2026-08-07T15:08:23Z,2026-08-07T15:07:41Z
mozilla/pontoon,31191056796,208684642,Docker Build,push,92aed322bbf945f8afed2570e14b44cb576bf78b,1,success,sucesso,2026-08-07T15:07:40Z,2026-08-07T15:10:38Z,2026-08-07T15:07:40Z
mozilla/pontoon,31178133085,322396562,SSDLC SBOM,push,d98e0acb9abdf1cc50c2816566cd1f6de1df758a,1,success,sucesso,2026-08-07T12:25:38Z,2026-08-07T12:25:54Z,2026-08-07T12:25:38Z
mozilla/pontoon,31178133035,321421937,SSDLC Analysis,push,d98e0acb9abdf1cc50c2816566cd1f6de1df758a,1,success,sucesso,2026-08-07T12:25:38Z,2026-08-07T12:26:22Z,2026-08-07T12:25:38Z
mozilla/pontoon,31178132447,4438153,Python linting,push,d98e0acb9abdf1cc50c2816566cd1f6de1df758a,1,success,sucesso,2026-08-07T12:25:37Z,2026-08-07T12:25:58Z,2026-08-07T12:25:37Z
mozilla/pontoon,31178132361,208684642,Docker Build,push,d98e0acb9abdf1cc50c2816566cd1f6de1df758a,1,success,sucesso,2026-08-07T12:25:37Z,2026-08-07T12:28:30Z,2026-08-07T12:25:37Z
mozilla/pontoon,31178132436,4438152,Backend,push,d98e0acb9abdf1cc50c2816566cd1f6de1df758a,1,success,sucesso,2026-08-07T12:25:37Z,2026-08-07T12:29:15Z,2026-08-07T12:25:37Z
mozilla/pontoon,31033904580,322396562,SSDLC SBOM,push,fe225295a9aacd6b329dfc459c79adf6fc25838b,1,success,sucesso,2026-08-05T18:15:52Z,2026-08-05T18:16:10Z,2026-08-05T18:15:52Z
mozilla/pontoon,31033903348,321421937,SSDLC Analysis,push,fe225295a9aacd6b329dfc459c79adf6fc25838b,1,success,sucesso,2026-08-05T18:15:51Z,2026-08-05T18:16:33Z,2026-08-05T18:15:51Z
mozilla/pontoon,31033901821,208684642,Docker Build,push,fe225295a9aacd6b329dfc459c79adf6fc25838b,1,success,sucesso,2026-08-05T18:15:49Z,2026-08-05T18:19:23Z,2026-08-05T18:15:49Z
mozilla/pontoon,31033901929,4416466,Frontend,push,fe225295a9aacd6b329dfc459c79adf6fc25838b,1,success,sucesso,2026-08-05T18:15:49Z,2026-08-05T18:17:21Z,2026-08-05T18:15:49Z
mozilla/pontoon,31033901931,4439483,JavaScript and Jinja linting,push,fe225295a9aacd6b329dfc459c79adf6fc25838b,1,success,sucesso,2026-08-05T18:15:49Z,2026-08-05T18:16:33Z,2026-08-05T18:15:49Z
mozilla/pontoon,31019826703,322396562,SSDLC SBOM,push,e941c0b559fde21708f81370f0b1cc6f1a99ddc4,1,success,sucesso,2026-08-05T15:20:53Z,2026-08-05T15:21:12Z,2026-08-05T15:20:53Z
mozilla/pontoon,31019825232,4438153,Python linting,push,e941c0b559fde21708f81370f0b1cc6f1a99ddc4,1,success,sucesso,2026-08-05T15:20:52Z,2026-08-05T15:21:07Z,2026-08-05T15:20:52Z
mozilla/pontoon,31019825050,321421937,SSDLC Analysis,push,e941c0b559fde21708f81370f0b1cc6f1a99ddc4,1,success,sucesso,2026-08-05T15:20:52Z,2026-08-05T15:21:41Z,2026-08-05T15:20:52Z
mozilla/pontoon,31019823960,4438152,Backend,push,e941c0b559fde21708f81370f0b1cc6f1a99ddc4,1,success,sucesso,2026-08-05T15:20:51Z,2026-08-05T15:24:44Z,2026-08-05T15:20:51Z
mozilla/pontoon,31019824224,208684642,Docker Build,push,e941c0b559fde21708f81370f0b1cc6f1a99ddc4,1,success,sucesso,2026-08-05T15:20:51Z,2026-08-05T15:25:59Z,2026-08-05T15:20:51Z
mozilla/pontoon,30987402294,4438152,Backend,push,71967d7c40a2529cf3de63c2fde209536741bc4e,1,success,sucesso,2026-08-05T08:02:43Z,2026-08-05T08:06:25Z,2026-08-05T08:02:43Z
mozilla/pontoon,30987402260,208684642,Docker Build,push,71967d7c40a2529cf3de63c2fde209536741bc4e,1,success,sucesso,2026-08-05T08:02:43Z,2026-08-05T08:06:49Z,2026-08-05T08:02:43Z
mozilla/pontoon,30987402276,4438153,Python linting,push,71967d7c40a2529cf3de63c2fde209536741bc4e,1,success,sucesso,2026-08-05T08:02:43Z,2026-08-05T08:02:56Z,2026-08-05T08:02:43Z
mozilla/pontoon,30987402587,322396562,SSDLC SBOM,push,71967d7c40a2529cf3de63c2fde209536741bc4e,1,success,sucesso,2026-08-05T08:02:43Z,2026-08-05T08:03:06Z,2026-08-05T08:02:43Z
mozilla/pontoon,30987402653,321421937,SSDLC Analysis,push,71967d7c40a2529cf3de63c2fde209536741bc4e,1,success,sucesso,2026-08-05T08:02:43Z,2026-08-05T08:03:20Z,2026-08-05T08:02:43Z
mozilla/pontoon,30903157449,321421937,SSDLC Analysis,push,37521840fae936182cb80ac25b08dfe7ecde9fa0,1,success,sucesso,2026-08-04T11:02:37Z,2026-08-04T11:08:23Z,2026-08-04T11:02:37Z
mozilla/pontoon,30903157412,322396562,SSDLC SBOM,push,37521840fae936182cb80ac25b08dfe7ecde9fa0,1,success,sucesso,2026-08-04T11:02:37Z,2026-08-04T11:02:53Z,2026-08-04T11:02:37Z
mozilla/pontoon,30903157059,208684642,Docker Build,push,37521840fae936182cb80ac25b08dfe7ecde9fa0,1,success,sucesso,2026-08-04T11:02:36Z,2026-08-04T11:06:15Z,2026-08-04T11:02:36Z
mozilla/pontoon,30903156981,4438152,Backend,push,37521840fae936182cb80ac25b08dfe7ecde9fa0,1,success,sucesso,2026-08-04T11:02:36Z,2026-08-04T11:05:56Z,2026-08-04T11:02:36Z
mozilla/pontoon,30903157003,4438153,Python linting,push,37521840fae936182cb80ac25b08dfe7ecde9fa0,1,success,sucesso,2026-08-04T11:02:36Z,2026-08-04T11:02:50Z,2026-08-04T11:02:36Z
mozilla/pontoon,30891946315,321421937,SSDLC Analysis,push,39d75f753df6b01981d661c21ab255812a4ab86b,1,success,sucesso,2026-08-04T08:26:16Z,2026-08-04T08:26:55Z,2026-08-04T08:26:16Z
mozilla/pontoon,30891943683,322396562,SSDLC SBOM,push,39d75f753df6b01981d661c21ab255812a4ab86b,1,success,sucesso,2026-08-04T08:26:14Z,2026-08-04T08:26:29Z,2026-08-04T08:26:14Z
mozilla/pontoon,30891944077,4439483,JavaScript and Jinja linting,push,39d75f753df6b01981d661c21ab255812a4ab86b,1,success,sucesso,2026-08-04T08:26:14Z,2026-08-04T08:26:51Z,2026-08-04T08:26:14Z
mozilla/pontoon,30891942765,208684642,Docker Build,push,39d75f753df6b01981d661c21ab255812a4ab86b,1,success,sucesso,2026-08-04T08:26:13Z,2026-08-04T08:29:41Z,2026-08-04T08:26:13Z
mozilla/pontoon,30832325833,322396562,SSDLC SBOM,push,63ca939d24d4083c06c906b79e461e9588c8ac67,1,success,sucesso,2026-08-03T16:28:31Z,2026-08-03T16:28:53Z,2026-08-03T16:28:31Z
mozilla/pontoon,30832325860,4416466,Frontend,push,63ca939d24d4083c06c906b79e461e9588c8ac67,1,success,sucesso,2026-08-03T16:28:31Z,2026-08-03T16:30:07Z,2026-08-03T16:28:31Z
mozilla/pontoon,30832323635,208684642,Docker Build,push,63ca939d24d4083c06c906b79e461e9588c8ac67,1,success,sucesso,2026-08-03T16:28:30Z,2026-08-03T16:32:14Z,2026-08-03T16:28:30Z
mozilla/pontoon,30832324258,321421937,SSDLC Analysis,push,63ca939d24d4083c06c906b79e461e9588c8ac67,1,success,sucesso,2026-08-03T16:28:30Z,2026-08-03T16:29:19Z,2026-08-03T16:28:30Z
mozilla/pontoon,30832322453,4439483,JavaScript and Jinja linting,push,63ca939d24d4083c06c906b79e461e9588c8ac67,1,success,sucesso,2026-08-03T16:28:29Z,2026-08-03T16:29:04Z,2026-08-03T16:28:29Z
mozilla/pontoon,30832321634,4438152,Backend,push,63ca939d24d4083c06c906b79e461e9588c8ac67,1,success,sucesso,2026-08-03T16:28:28Z,2026-08-03T16:32:10Z,2026-08-03T16:28:28Z
mozilla/pontoon,30832321717,4438153,Python linting,push,63ca939d24d4083c06c906b79e461e9588c8ac67,1,success,sucesso,2026-08-03T16:28:28Z,2026-08-03T16:28:47Z,2026-08-03T16:28:28Z
mozilla/pontoon,30827693831,321421937,SSDLC Analysis,push,811d299fe3471c42a101b164162f8a5e3e15d2b2,1,success,sucesso,2026-08-03T15:28:58Z,2026-08-03T15:34:13Z,2026-08-03T15:28:58Z
mozilla/pontoon,30827693294,322396562,SSDLC SBOM,push,811d299fe3471c42a101b164162f8a5e3e15d2b2,1,success,sucesso,2026-08-03T15:28:58Z,2026-08-03T15:34:52Z,2026-08-03T15:28:58Z
mozilla/pontoon,30827692154,4438152,Backend,push,811d299fe3471c42a101b164162f8a5e3e15d2b2,1,success,sucesso,2026-08-03T15:28:57Z,2026-08-03T15:37:34Z,2026-08-03T15:28:57Z
mozilla/pontoon,30827691315,208684642,Docker Build,push,811d299fe3471c42a101b164162f8a5e3e15d2b2,1,success,sucesso,2026-08-03T15:28:56Z,2026-08-03T15:36:56Z,2026-08-03T15:28:56Z
mozilla/pontoon,30827691079,4438153,Python linting,push,811d299fe3471c42a101b164162f8a5e3e15d2b2,1,success,sucesso,2026-08-03T15:28:56Z,2026-08-03T15:34:13Z,2026-08-03T15:28:56Z
mozilla/pontoon,30821257534,322396562,SSDLC SBOM,push,e964b1c96d750785879a336ca0cc5b1100e86eb7,1,success,sucesso,2026-08-03T14:08:20Z,2026-08-03T14:08:30Z,2026-08-03T14:08:20Z
mozilla/pontoon,30821258135,321421937,SSDLC Analysis,push,e964b1c96d750785879a336ca0cc5b1100e86eb7,1,success,sucesso,2026-08-03T14:08:20Z,2026-08-03T14:09:04Z,2026-08-03T14:08:20Z
mozilla/pontoon,30821255222,4438153,Python linting,push,e964b1c96d750785879a336ca0cc5b1100e86eb7,1,success,sucesso,2026-08-03T14:08:18Z,2026-08-03T14:08:41Z,2026-08-03T14:08:18Z
mozilla/pontoon,30821255251,208684642,Docker Build,push,e964b1c96d750785879a336ca0cc5b1100e86eb7,1,failure,falha,2026-08-03T14:08:18Z,2026-08-03T14:11:48Z,2026-08-03T14:08:18Z
mozilla/pontoon,30821255682,4438152,Backend,push,e964b1c96d750785879a336ca0cc5b1100e86eb7,1,success,sucesso,2026-08-03T14:08:18Z,2026-08-03T14:12:22Z,2026-08-03T14:08:18Z
mozilla/pontoon,30612157242,4438153,Python linting,push,95a8fcb3aa263de2453fee12a33f0e5a2596a091,1,success,sucesso,2026-07-31T07:14:25Z,2026-07-31T07:14:43Z,2026-07-31T07:14:25Z
mozilla/pontoon,30612157569,322396562,SSDLC SBOM,push,95a8fcb3aa263de2453fee12a33f0e5a2596a091,1,success,sucesso,2026-07-31T07:14:25Z,2026-07-31T07:14:38Z,2026-07-31T07:14:25Z
mozilla/pontoon,30612157279,4439483,JavaScript and Jinja linting,push,95a8fcb3aa263de2453fee12a33f0e5a2596a091,1,success,sucesso,2026-07-31T07:14:25Z,2026-07-31T07:14:53Z,2026-07-31T07:14:25Z
mozilla/pontoon,30612157604,321421937,SSDLC Analysis,push,95a8fcb3aa263de2453fee12a33f0e5a2596a091,1,success,sucesso,2026-07-31T07:14:25Z,2026-07-31T07:15:05Z,2026-07-31T07:14:25Z
mozilla/pontoon,30612157289,208684642,Docker Build,push,95a8fcb3aa263de2453fee12a33f0e5a2596a091,1,success,sucesso,2026-07-31T07:14:25Z,2026-07-31T07:18:31Z,2026-07-31T07:14:25Z
mozilla/pontoon,30612157256,4438152,Backend,push,95a8fcb3aa263de2453fee12a33f0e5a2596a091,1,success,sucesso,2026-07-31T07:14:25Z,2026-07-31T07:18:32Z,2026-07-31T07:14:25Z
mozilla/pontoon,30546055151,322396562,SSDLC SBOM,push,cb005d7e4d21b78209d6bc8a5029b795db3e8209,1,success,sucesso,2026-07-30T13:14:57Z,2026-07-30T13:15:10Z,2026-07-30T13:14:57Z
mozilla/pontoon,30546055207,321421937,SSDLC Analysis,push,cb005d7e4d21b78209d6bc8a5029b795db3e8209,1,success,sucesso,2026-07-30T13:14:57Z,2026-07-30T13:15:34Z,2026-07-30T13:14:57Z
mozilla/pontoon,30546054685,4438152,Backend,push,cb005d7e4d21b78209d6bc8a5029b795db3e8209,1,success,sucesso,2026-07-30T13:14:56Z,2026-07-30T13:18:43Z,2026-07-30T13:14:56Z
mozilla/pontoon,30546054660,4438153,Python linting,push,cb005d7e4d21b78209d6bc8a5029b795db3e8209,1,success,sucesso,2026-07-30T13:14:56Z,2026-07-30T13:15:07Z,2026-07-30T13:14:56Z
mozilla/pontoon,30546054669,208684642,Docker Build,push,cb005d7e4d21b78209d6bc8a5029b795db3e8209,1,success,sucesso,2026-07-30T13:14:56Z,2026-07-30T13:17:48Z,2026-07-30T13:14:56Z
mozilla/pontoon,30519433771,322396562,SSDLC SBOM,push,38068e02588288c9884bec761a5cbf2a31061691,1,success,sucesso,2026-07-30T06:23:38Z,2026-07-30T06:23:50Z,2026-07-30T06:23:38Z
mozilla/pontoon,30519433425,4438153,Python linting,push,38068e02588288c9884bec761a5cbf2a31061691,1,success,sucesso,2026-07-30T06:23:38Z,2026-07-30T06:23:49Z,2026-07-30T06:23:38Z
mozilla/pontoon,30519433421,4439483,JavaScript and Jinja linting,push,38068e02588288c9884bec761a5cbf2a31061691,1,success,sucesso,2026-07-30T06:23:38Z,2026-07-30T06:24:10Z,2026-07-30T06:23:38Z
mozilla/pontoon,30519433800,321421937,SSDLC Analysis,push,38068e02588288c9884bec761a5cbf2a31061691,1,success,sucesso,2026-07-30T06:23:38Z,2026-07-30T06:24:19Z,2026-07-30T06:23:38Z
mozilla/pontoon,30519433374,208684642,Docker Build,push,38068e02588288c9884bec761a5cbf2a31061691,1,success,sucesso,2026-07-30T06:23:38Z,2026-07-30T06:26:36Z,2026-07-30T06:23:38Z
mozilla/pontoon,30519433452,4438152,Backend,push,38068e02588288c9884bec761a5cbf2a31061691,1,success,sucesso,2026-07-30T06:23:38Z,2026-07-30T06:27:31Z,2026-07-30T06:23:38Z
mozilla/pontoon,30478490310,322396562,SSDLC SBOM,push,6580a5eb56a4ebf05eac25db58113ac8b62310eb,1,success,sucesso,2026-07-29T18:07:39Z,2026-07-29T18:07:51Z,2026-07-29T18:07:39Z
mozilla/pontoon,30478490036,321421937,SSDLC Analysis,push,6580a5eb56a4ebf05eac25db58113ac8b62310eb,1,success,sucesso,2026-07-29T18:07:39Z,2026-07-29T18:08:22Z,2026-07-29T18:07:39Z
mozilla/pontoon,30478489069,4416466,Frontend,push,6580a5eb56a4ebf05eac25db58113ac8b62310eb,1,success,sucesso,2026-07-29T18:07:38Z,2026-07-29T18:09:09Z,2026-07-29T18:07:38Z
mozilla/pontoon,30478488959,4438152,Backend,push,6580a5eb56a4ebf05eac25db58113ac8b62310eb,1,success,sucesso,2026-07-29T18:07:38Z,2026-07-29T18:11:10Z,2026-07-29T18:07:38Z
mozilla/pontoon,30478489239,208684642,Docker Build,push,6580a5eb56a4ebf05eac25db58113ac8b62310eb,1,success,sucesso,2026-07-29T18:07:38Z,2026-07-29T18:11:26Z,2026-07-29T18:07:38Z
mozilla/pontoon,30478489097,4438153,Python linting,push,6580a5eb56a4ebf05eac25db58113ac8b62310eb,1,success,sucesso,2026-07-29T18:07:38Z,2026-07-29T18:07:55Z,2026-07-29T18:07:38Z
mozilla/pontoon,30478488980,4439483,JavaScript and Jinja linting,push,6580a5eb56a4ebf05eac25db58113ac8b62310eb,1,success,sucesso,2026-07-29T18:07:38Z,2026-07-29T18:08:10Z,2026-07-29T18:07:38Z
mozilla/pontoon,30465428254,322396562,SSDLC SBOM,push,184db3bd2226270595fbcea0bb712cbf4fe6feb1,1,success,sucesso,2026-07-29T15:21:11Z,2026-07-29T15:21:29Z,2026-07-29T15:21:11Z
mozilla/pontoon,30465407924,208684642,Docker Build,push,184db3bd2226270595fbcea0bb712cbf4fe6feb1,1,success,sucesso,2026-07-29T15:20:55Z,2026-07-29T15:23:59Z,2026-07-29T15:20:55Z
mozilla/pontoon,30465402810,321421937,SSDLC Analysis,push,184db3bd2226270595fbcea0bb712cbf4fe6feb1,1,success,sucesso,2026-07-29T15:20:52Z,2026-07-29T15:21:29Z,2026-07-29T15:20:52Z
mozilla/pontoon,30465401763,4438153,Python linting,push,184db3bd2226270595fbcea0bb712cbf4fe6feb1,1,success,sucesso,2026-07-29T15:20:51Z,2026-07-29T15:21:15Z,2026-07-29T15:20:51Z
mozilla/pontoon,30465401718,4439483,JavaScript and Jinja linting,push,184db3bd2226270595fbcea0bb712cbf4fe6feb1,1,success,sucesso,2026-07-29T15:20:51Z,2026-07-29T15:21:24Z,2026-07-29T15:20:51Z
mozilla/pontoon,30465401831,4438152,Backend,push,184db3bd2226270595fbcea0bb712cbf4fe6feb1,1,success,sucesso,2026-07-29T15:20:51Z,2026-07-29T15:24:39Z,2026-07-29T15:20:51Z
mozilla/pontoon,30465401389,4416466,Frontend,push,184db3bd2226270595fbcea0bb712cbf4fe6feb1,1,success,sucesso,2026-07-29T15:20:50Z,2026-07-29T15:22:06Z,2026-07-29T15:20:50Z
mozilla/pontoon,30384772577,322396562,SSDLC SBOM,push,596f760f9bef731185c0a65843f080f8c2daee03,1,success,sucesso,2026-07-28T17:51:14Z,2026-07-28T17:51:30Z,2026-07-28T17:51:14Z
mozilla/pontoon,30384772564,321421937,SSDLC Analysis,push,596f760f9bef731185c0a65843f080f8c2daee03,1,success,sucesso,2026-07-28T17:51:14Z,2026-07-28T17:52:01Z,2026-07-28T17:51:14Z
mozilla/pontoon,30384771887,208684642,Docker Build,push,596f760f9bef731185c0a65843f080f8c2daee03,1,success,sucesso,2026-07-28T17:51:13Z,2026-07-28T17:54:25Z,2026-07-28T17:51:13Z
mozilla/pontoon,30384771819,4438152,Backend,push,596f760f9bef731185c0a65843f080f8c2daee03,1,success,sucesso,2026-07-28T17:51:13Z,2026-07-28T17:55:04Z,2026-07-28T17:51:13Z
mozilla/pontoon,30384771849,4438153,Python linting,push,596f760f9bef731185c0a65843f080f8c2daee03,1,success,sucesso,2026-07-28T17:51:13Z,2026-07-28T17:51:37Z,2026-07-28T17:51:13Z
mozilla/pontoon,30384771842,4439483,JavaScript and Jinja linting,push,596f760f9bef731185c0a65843f080f8c2daee03,1,success,sucesso,2026-07-28T17:51:13Z,2026-07-28T17:51:54Z,2026-07-28T17:51:13Z
mozilla/pontoon,30384771851,4416466,Frontend,push,596f760f9bef731185c0a65843f080f8c2daee03,1,success,sucesso,2026-07-28T17:51:13Z,2026-07-28T17:52:22Z,2026-07-28T17:51:13Z
mozilla/pontoon,30289365881,4439483,JavaScript and Jinja linting,push,bd098e938bee7bf72ba1a8275533d780262d0e50,1,success,sucesso,2026-07-27T17:28:06Z,2026-07-27T17:28:42Z,2026-07-27T17:28:06Z
mozilla/pontoon,30289365923,208684642,Docker Build,push,bd098e938bee7bf72ba1a8275533d780262d0e50,1,success,sucesso,2026-07-27T17:28:06Z,2026-07-27T17:31:51Z,2026-07-27T17:28:06Z
mozilla/pontoon,30289366105,4438152,Backend,push,bd098e938bee7bf72ba1a8275533d780262d0e50,1,success,sucesso,2026-07-27T17:28:06Z,2026-07-27T17:32:12Z,2026-07-27T17:28:06Z
mozilla/pontoon,30286225183,4439483,JavaScript and Jinja linting,push,d8caec4aaf5055433e09aa2bc45761387ae9d323,1,success,sucesso,2026-07-27T16:46:19Z,2026-07-27T16:46:56Z,2026-07-27T16:46:19Z
mozilla/pontoon,30286225265,4416466,Frontend,push,d8caec4aaf5055433e09aa2bc45761387ae9d323,1,success,sucesso,2026-07-27T16:46:19Z,2026-07-27T16:47:47Z,2026-07-27T16:46:19Z
mozilla/pontoon,30286225140,208684642,Docker Build,push,d8caec4aaf5055433e09aa2bc45761387ae9d323,1,success,sucesso,2026-07-27T16:46:19Z,2026-07-27T16:49:55Z,2026-07-27T16:46:19Z
mozilla/pontoon,30240391188,208684642,Docker Build,push,f9cbd0b25cbd7e2b12acad06e444ffb15dc62719,1,success,sucesso,2026-07-27T05:40:04Z,2026-07-27T05:42:53Z,2026-07-27T05:40:04Z
mozilla/pontoon,30151700753,4438153,Python linting,push,d493f14cafc81dfa53751291d49684c993c21fe1,1,success,sucesso,2026-07-25T08:46:46Z,2026-07-25T08:46:58Z,2026-07-25T08:46:46Z
mozilla/pontoon,30151700800,4418059,Heroku,push,d493f14cafc81dfa53751291d49684c993c21fe1,1,success,sucesso,2026-07-25T08:46:46Z,2026-07-25T08:46:56Z,2026-07-25T08:46:46Z
mozilla/pontoon,30151700775,4439483,JavaScript and Jinja linting,push,d493f14cafc81dfa53751291d49684c993c21fe1,1,success,sucesso,2026-07-25T08:46:46Z,2026-07-25T08:47:12Z,2026-07-25T08:46:46Z
mozilla/pontoon,30151700776,4416466,Frontend,push,d493f14cafc81dfa53751291d49684c993c21fe1,1,success,sucesso,2026-07-25T08:46:46Z,2026-07-25T08:48:21Z,2026-07-25T08:46:46Z
mozilla/pontoon,30151700760,4438152,Backend,push,d493f14cafc81dfa53751291d49684c993c21fe1,1,success,sucesso,2026-07-25T08:46:46Z,2026-07-25T08:50:32Z,2026-07-25T08:46:46Z
mozilla/pontoon,30151700769,208684642,Docker Build,push,d493f14cafc81dfa53751291d49684c993c21fe1,1,success,sucesso,2026-07-25T08:46:46Z,2026-07-25T08:50:56Z,2026-07-25T08:46:46Z
mozilla/pontoon,30120005931,208684642,Docker Build,push,59941a3755de502adb2e644001345c43917c1ce0,1,success,sucesso,2026-07-24T19:14:11Z,2026-07-24T19:17:48Z,2026-07-24T19:14:11Z
mozilla/pontoon,30120006001,4438152,Backend,push,59941a3755de502adb2e644001345c43917c1ce0,1,success,sucesso,2026-07-24T19:14:11Z,2026-07-24T19:17:54Z,2026-07-24T19:14:11Z
mozilla/pontoon,30120000084,208684642,Docker Build,push,589bb7c79ba379c2609867c269242cdf329931d6,1,success,sucesso,2026-07-24T19:14:06Z,2026-07-24T19:18:25Z,2026-07-24T19:14:06Z
mozilla/pontoon,30120000002,4416466,Frontend,push,589bb7c79ba379c2609867c269242cdf329931d6,1,success,sucesso,2026-07-24T19:14:05Z,2026-07-24T19:15:39Z,2026-07-24T19:14:05Z
mozilla/pontoon,30119555280,208684642,Docker Build,push,dca1ba66a3969469db855e35dccec6ade05396ca,1,success,sucesso,2026-07-24T19:06:53Z,2026-07-24T19:10:26Z,2026-07-24T19:06:53Z
mozilla/pontoon,30119555227,4438152,Backend,push,dca1ba66a3969469db855e35dccec6ade05396ca,1,success,sucesso,2026-07-24T19:06:53Z,2026-07-24T19:10:37Z,2026-07-24T19:06:53Z
mozilla/pontoon,30067658734,4439483,JavaScript and Jinja linting,push,408a20f4172a7bfae285e7f395b8d76f8544b1ee,1,success,sucesso,2026-07-24T04:46:23Z,2026-07-24T04:46:52Z,2026-07-24T04:46:23Z
mozilla/pontoon,30067658763,4416466,Frontend,push,408a20f4172a7bfae285e7f395b8d76f8544b1ee,1,success,sucesso,2026-07-24T04:46:23Z,2026-07-24T04:47:41Z,2026-07-24T04:46:23Z
mozilla/pontoon,30067658761,208684642,Docker Build,push,408a20f4172a7bfae285e7f395b8d76f8544b1ee,1,success,sucesso,2026-07-24T04:46:23Z,2026-07-24T04:49:20Z,2026-07-24T04:46:23Z
mozilla/pontoon,30007050566,4439483,JavaScript and Jinja linting,push,a175eef205228e09264fe644c9698b2a3c274d90,1,success,sucesso,2026-07-23T12:27:23Z,2026-07-23T12:27:49Z,2026-07-23T12:27:23Z
mozilla/pontoon,30007050523,4416466,Frontend,push,a175eef205228e09264fe644c9698b2a3c274d90,1,success,sucesso,2026-07-23T12:27:23Z,2026-07-23T12:28:49Z,2026-07-23T12:27:23Z
mozilla/pontoon,30007050487,208684642,Docker Build,push,a175eef205228e09264fe644c9698b2a3c274d90,1,success,sucesso,2026-07-23T12:27:23Z,2026-07-23T12:31:03Z,2026-07-23T12:27:23Z
mozilla/pontoon,29936042336,208684642,Docker Build,push,8d238ff8201c93b575d31422a5e5ff3b054b0f38,1,success,sucesso,2026-07-22T16:00:36Z,2026-07-22T16:04:21Z,2026-07-22T16:00:36Z
mozilla/pontoon,29936042437,4438152,Backend,push,8d238ff8201c93b575d31422a5e5ff3b054b0f38,1,success,sucesso,2026-07-22T16:00:36Z,2026-07-22T16:03:45Z,2026-07-22T16:00:36Z
mozilla/pontoon,29936042318,4438153,Python linting,push,8d238ff8201c93b575d31422a5e5ff3b054b0f38,1,success,sucesso,2026-07-22T16:00:36Z,2026-07-22T16:00:49Z,2026-07-22T16:00:36Z
mozilla/pontoon,29894852283,4439483,JavaScript and Jinja linting,push,bfe34e1e06d2d965cf52226292ee39c446e2f7db,1,success,sucesso,2026-07-22T05:48:59Z,2026-07-22T05:49:29Z,2026-07-22T05:48:59Z
mozilla/pontoon,29894852316,4416466,Frontend,push,bfe34e1e06d2d965cf52226292ee39c446e2f7db,1,success,sucesso,2026-07-22T05:48:59Z,2026-07-22T05:50:19Z,2026-07-22T05:48:59Z
mozilla/pontoon,29894852301,208684642,Docker Build,push,bfe34e1e06d2d965cf52226292ee39c446e2f7db,1,success,sucesso,2026-07-22T05:48:59Z,2026-07-22T05:51:54Z,2026-07-22T05:48:59Z
mozilla/pontoon,29893984182,4438153,Python linting,push,561bf50a8833a392b679514c6f761858c055419f,1,success,sucesso,2026-07-22T05:30:46Z,2026-07-22T05:30:59Z,2026-07-22T05:30:46Z
mozilla/pontoon,29893984196,4439483,JavaScript and Jinja linting,push,561bf50a8833a392b679514c6f761858c055419f,1,success,sucesso,2026-07-22T05:30:46Z,2026-07-22T05:31:17Z,2026-07-22T05:30:46Z
mozilla/pontoon,29893984184,208684642,Docker Build,push,561bf50a8833a392b679514c6f761858c055419f,1,success,sucesso,2026-07-22T05:30:46Z,2026-07-22T05:33:41Z,2026-07-22T05:30:46Z
mozilla/pontoon,29893984193,4438152,Backend,push,561bf50a8833a392b679514c6f761858c055419f,1,success,sucesso,2026-07-22T05:30:46Z,2026-07-22T05:34:21Z,2026-07-22T05:30:46Z
mozilla/pontoon,29892844421,4439483,JavaScript and Jinja linting,push,aaa71a25def23e540eafce717dccaf01d88d4273,1,success,sucesso,2026-07-22T05:06:29Z,2026-07-22T05:07:00Z,2026-07-22T05:06:29Z
mozilla/pontoon,29892844424,208684642,Docker Build,push,aaa71a25def23e540eafce717dccaf01d88d4273,1,success,sucesso,2026-07-22T05:06:29Z,2026-07-22T05:10:05Z,2026-07-22T05:06:29Z
mozilla/pontoon,29892844462,4438152,Backend,push,aaa71a25def23e540eafce717dccaf01d88d4273,1,success,sucesso,2026-07-22T05:06:29Z,2026-07-22T05:10:19Z,2026-07-22T05:06:29Z
mozilla/pontoon,29864216153,208684642,Docker Build,push,dcdefb767c3f41652489b0b8fd8846e8c776f47f,1,success,sucesso,2026-07-21T20:04:37Z,2026-07-21T20:08:26Z,2026-07-21T20:04:37Z
mozilla/pontoon,29864215345,4439483,JavaScript and Jinja linting,push,dcdefb767c3f41652489b0b8fd8846e8c776f47f,1,success,sucesso,2026-07-21T20:04:36Z,2026-07-21T20:05:05Z,2026-07-21T20:04:36Z
mozilla/pontoon,29864215126,4416466,Frontend,push,dcdefb767c3f41652489b0b8fd8846e8c776f47f,1,success,sucesso,2026-07-21T20:04:36Z,2026-07-21T20:07:02Z,2026-07-21T20:04:36Z
mozilla/pontoon,29859047531,208684642,Docker Build,push,563ad54c1db150eb3b84a670e7d2786a4e96d9a2,1,success,sucesso,2026-07-21T18:52:07Z,2026-07-21T18:54:53Z,2026-07-21T18:52:07Z
mozilla/pontoon,29859047527,4438152,Backend,push,563ad54c1db150eb3b84a670e7d2786a4e96d9a2,1,success,sucesso,2026-07-21T18:52:07Z,2026-07-21T18:55:45Z,2026-07-21T18:52:07Z
mozilla/pontoon,29859047530,4438153,Python linting,push,563ad54c1db150eb3b84a670e7d2786a4e96d9a2,1,success,sucesso,2026-07-21T18:52:07Z,2026-07-21T18:52:18Z,2026-07-21T18:52:07Z
mozilla/pontoon,29858427050,4416466,Frontend,push,d66271c9e81636c96d6894ca87a137ffca6a2a8c,1,success,sucesso,2026-07-21T18:43:17Z,2026-07-21T18:44:48Z,2026-07-21T18:43:17Z
mozilla/pontoon,29858427105,208684642,Docker Build,push,d66271c9e81636c96d6894ca87a137ffca6a2a8c,1,success,sucesso,2026-07-21T18:43:17Z,2026-07-21T18:46:42Z,2026-07-21T18:43:17Z
mozilla/pontoon,29858139060,4438153,Python linting,push,311bb3dbe11aa94701a10465532ec1a937ab363f,1,success,sucesso,2026-07-21T18:39:15Z,2026-07-21T18:39:30Z,2026-07-21T18:39:15Z
mozilla/pontoon,29858138956,4439483,JavaScript and Jinja linting,push,311bb3dbe11aa94701a10465532ec1a937ab363f,1,success,sucesso,2026-07-21T18:39:15Z,2026-07-21T18:39:45Z,2026-07-21T18:39:15Z
mozilla/pontoon,29858138974,4416466,Frontend,push,311bb3dbe11aa94701a10465532ec1a937ab363f,1,success,sucesso,2026-07-21T18:39:15Z,2026-07-21T18:40:43Z,2026-07-21T18:39:15Z
mozilla/pontoon,29858138982,4438152,Backend,push,311bb3dbe11aa94701a10465532ec1a937ab363f,1,success,sucesso,2026-07-21T18:39:15Z,2026-07-21T18:43:01Z,2026-07-21T18:39:15Z
mozilla/pontoon,29858138991,208684642,Docker Build,push,311bb3dbe11aa94701a10465532ec1a937ab363f,1,success,sucesso,2026-07-21T18:39:15Z,2026-07-21T18:43:28Z,2026-07-21T18:39:15Z
mozilla/pontoon,29858060851,4416466,Frontend,push,15bce368afd0c1cdf37953059fdffd6064398d39,1,success,sucesso,2026-07-21T18:38:10Z,2026-07-21T18:39:33Z,2026-07-21T18:38:10Z
mozilla/pontoon,29858060781,208684642,Docker Build,push,15bce368afd0c1cdf37953059fdffd6064398d39,1,success,sucesso,2026-07-21T18:38:10Z,2026-07-21T18:41:27Z,2026-07-21T18:38:10Z
mozilla/pontoon,29756133184,4438153,Python linting,push,650be141aa68f8df50b6dc835a9323a237d4ae79,1,success,sucesso,2026-07-20T15:39:08Z,2026-07-20T15:39:23Z,2026-07-20T15:39:08Z
mozilla/pontoon,29756132817,4439483,JavaScript and Jinja linting,push,650be141aa68f8df50b6dc835a9323a237d4ae79,1,success,sucesso,2026-07-20T15:39:08Z,2026-07-20T15:39:39Z,2026-07-20T15:39:08Z
mozilla/pontoon,29756132924,4438152,Backend,push,650be141aa68f8df50b6dc835a9323a237d4ae79,1,success,sucesso,2026-07-20T15:39:08Z,2026-07-20T15:42:40Z,2026-07-20T15:39:08Z
mozilla/pontoon,29756132879,208684642,Docker Build,push,650be141aa68f8df50b6dc835a9323a237d4ae79,1,success,sucesso,2026-07-20T15:39:08Z,2026-07-20T15:42:15Z,2026-07-20T15:39:08Z
mozilla/pontoon,29595217472,4438153,Python linting,push,43d60ec085ecbd64d65a9c4503877644e6b28c9f,1,success,sucesso,2026-07-17T16:11:57Z,2026-07-17T16:12:07Z,2026-07-17T16:11:57Z
mozilla/pontoon,29595217425,4439483,JavaScript and Jinja linting,push,43d60ec085ecbd64d65a9c4503877644e6b28c9f,1,success,sucesso,2026-07-17T16:11:57Z,2026-07-17T16:12:29Z,2026-07-17T16:11:57Z
mozilla/pontoon,29595217282,4416466,Frontend,push,43d60ec085ecbd64d65a9c4503877644e6b28c9f,1,success,sucesso,2026-07-17T16:11:56Z,2026-07-17T16:13:15Z,2026-07-17T16:11:56Z
mozilla/pontoon,29595217392,4438152,Backend,push,43d60ec085ecbd64d65a9c4503877644e6b28c9f,1,success,sucesso,2026-07-17T16:11:56Z,2026-07-17T16:15:39Z,2026-07-17T16:11:56Z
mozilla/pontoon,29595217370,208684642,Docker Build,push,43d60ec085ecbd64d65a9c4503877644e6b28c9f,1,success,sucesso,2026-07-17T16:11:56Z,2026-07-17T16:17:01Z,2026-07-17T16:11:56Z
mozilla/pontoon,29507119462,4439483,JavaScript and Jinja linting,push,3f6951382c56daab74f00b3288f322bab84b26bf,1,success,sucesso,2026-07-16T14:33:24Z,2026-07-16T14:33:54Z,2026-07-16T14:33:24Z
mozilla/pontoon,29507119088,4416466,Frontend,push,3f6951382c56daab74f00b3288f322bab84b26bf,1,success,sucesso,2026-07-16T14:33:24Z,2026-07-16T14:34:54Z,2026-07-16T14:33:24Z
mozilla/pontoon,29507119159,208684642,Docker Build,push,3f6951382c56daab74f00b3288f322bab84b26bf,1,success,sucesso,2026-07-16T14:33:24Z,2026-07-16T14:37:37Z,2026-07-16T14:33:24Z
mozilla/pontoon,29484661176,4439483,JavaScript and Jinja linting,push,48e33b9ce242ae162a872bd1ed006afe72cff3f6,1,success,sucesso,2026-07-16T08:46:26Z,2026-07-16T08:46:54Z,2026-07-16T08:46:26Z
mozilla/pontoon,29484661178,4438152,Backend,push,48e33b9ce242ae162a872bd1ed006afe72cff3f6,1,success,sucesso,2026-07-16T08:46:26Z,2026-07-16T08:50:00Z,2026-07-16T08:46:26Z
mozilla/pontoon,29484661164,208684642,Docker Build,push,48e33b9ce242ae162a872bd1ed006afe72cff3f6,1,success,sucesso,2026-07-16T08:46:26Z,2026-07-16T08:50:02Z,2026-07-16T08:46:26Z
mozilla/pontoon,29433997356,4439483,JavaScript and Jinja linting,push,3728a4b0c0d1c88c657312cec02f7fc7833458e2,1,success,sucesso,2026-07-15T16:49:23Z,2026-07-15T16:50:00Z,2026-07-15T16:49:23Z
mozilla/pontoon,29433997511,4416466,Frontend,push,3728a4b0c0d1c88c657312cec02f7fc7833458e2,1,success,sucesso,2026-07-15T16:49:23Z,2026-07-15T16:50:46Z,2026-07-15T16:49:23Z
mozilla/pontoon,29433997320,208684642,Docker Build,push,3728a4b0c0d1c88c657312cec02f7fc7833458e2,1,success,sucesso,2026-07-15T16:49:23Z,2026-07-15T16:54:14Z,2026-07-15T16:49:23Z
mozilla/pontoon,29295196374,208684642,Docker Build,push,88048c763b42461dcc84415b3bf8b3b9d9365a27,1,success,sucesso,2026-07-14T00:10:31Z,2026-07-14T00:13:46Z,2026-07-14T00:10:31Z
mozilla/pontoon,29295196370,4438152,Backend,push,88048c763b42461dcc84415b3bf8b3b9d9365a27,1,success,sucesso,2026-07-14T00:10:31Z,2026-07-14T00:13:51Z,2026-07-14T00:10:31Z
mozilla/pontoon,29294980995,4416466,Frontend,push,ea0656df71b90f5123b7081add10b6f4ddd7fc43,1,success,sucesso,2026-07-14T00:06:07Z,2026-07-14T00:07:34Z,2026-07-14T00:06:07Z
mozilla/pontoon,29294980975,208684642,Docker Build,push,ea0656df71b90f5123b7081add10b6f4ddd7fc43,1,success,sucesso,2026-07-14T00:06:07Z,2026-07-14T00:09:25Z,2026-07-14T00:06:07Z
mozilla/pontoon,29294734182,4438152,Backend,push,6e61aa252f6b9288b181055b80470d76b3522887,1,success,sucesso,2026-07-14T00:01:13Z,2026-07-14T00:04:50Z,2026-07-14T00:01:13Z
mozilla/pontoon,29294734172,208684642,Docker Build,push,6e61aa252f6b9288b181055b80470d76b3522887,1,success,sucesso,2026-07-14T00:01:13Z,2026-07-14T00:05:39Z,2026-07-14T00:01:13Z
mozilla/pontoon,28958578786,4439483,JavaScript and Jinja linting,push,0e3e5975fde078e6354f26c44de6ff194cbcc3ee,1,success,sucesso,2026-07-08T16:25:56Z,2026-07-08T16:26:32Z,2026-07-08T16:25:56Z
mozilla/pontoon,28958578770,208684642,Docker Build,push,0e3e5975fde078e6354f26c44de6ff194cbcc3ee,1,success,sucesso,2026-07-08T16:25:56Z,2026-07-08T16:29:30Z,2026-07-08T16:25:56Z
mozilla/pontoon,28958578664,4438152,Backend,push,0e3e5975fde078e6354f26c44de6ff194cbcc3ee,1,success,sucesso,2026-07-08T16:25:56Z,2026-07-08T16:29:32Z,2026-07-08T16:25:56Z
mozilla/pontoon,28916347041,4438153,Python linting,push,ed89a1ebdf2629b921296513408f039f76fefd8e,1,success,sucesso,2026-07-08T03:57:03Z,2026-07-08T03:57:12Z,2026-07-08T03:57:03Z
mozilla/pontoon,28916347014,208684642,Docker Build,push,ed89a1ebdf2629b921296513408f039f76fefd8e,1,success,sucesso,2026-07-08T03:57:03Z,2026-07-08T04:00:09Z,2026-07-08T03:57:03Z
mozilla/pontoon,28916347020,4438152,Backend,push,ed89a1ebdf2629b921296513408f039f76fefd8e,1,success,sucesso,2026-07-08T03:57:03Z,2026-07-08T04:00:26Z,2026-07-08T03:57:03Z
mozilla/pontoon,28874408895,4416466,Frontend,push,bb884920fb219cb7aa9420838f556b13e2907b80,1,success,sucesso,2026-07-07T14:33:49Z,2026-07-07T14:35:10Z,2026-07-07T14:33:49Z
mozilla/pontoon,28874408661,4439483,JavaScript and Jinja linting,push,bb884920fb219cb7aa9420838f556b13e2907b80,1,success,sucesso,2026-07-07T14:33:48Z,2026-07-07T14:34:15Z,2026-07-07T14:33:48Z
mozilla/pontoon,28874408708,208684642,Docker Build,push,bb884920fb219cb7aa9420838f556b13e2907b80,1,success,sucesso,2026-07-07T14:33:48Z,2026-07-07T14:37:43Z,2026-07-07T14:33:48Z
mozilla/pontoon,28868992772,4439483,JavaScript and Jinja linting,push,db85fe88f82d3cba83b82e5f2b096d606f1899d3,1,success,sucesso,2026-07-07T13:14:25Z,2026-07-07T13:14:54Z,2026-07-07T13:14:25Z
mozilla/pontoon,28868992595,208684642,Docker Build,push,db85fe88f82d3cba83b82e5f2b096d606f1899d3,1,success,sucesso,2026-07-07T13:14:25Z,2026-07-07T13:18:07Z,2026-07-07T13:14:25Z
mozilla/pontoon,28868992547,4438152,Backend,push,db85fe88f82d3cba83b82e5f2b096d606f1899d3,1,success,sucesso,2026-07-07T13:14:25Z,2026-07-07T13:18:10Z,2026-07-07T13:14:25Z
mozilla/pontoon,28868744474,4439483,JavaScript and Jinja linting,push,e58504d14457c02d5c40776adfbc56abd68d801e,1,success,sucesso,2026-07-07T13:10:36Z,2026-07-07T13:11:05Z,2026-07-07T13:10:36Z
mozilla/pontoon,28868744523,4438152,Backend,push,e58504d14457c02d5c40776adfbc56abd68d801e,1,success,sucesso,2026-07-07T13:10:36Z,2026-07-07T13:14:03Z,2026-07-07T13:10:36Z
mozilla/pontoon,28868744364,208684642,Docker Build,push,e58504d14457c02d5c40776adfbc56abd68d801e,1,success,sucesso,2026-07-07T13:10:36Z,2026-07-07T13:14:25Z,2026-07-07T13:10:36Z
mozilla/pontoon,28841962408,4439483,JavaScript and Jinja linting,push,7e77089c9878016cea165ceed8bd5a9ed679e027,1,success,sucesso,2026-07-07T04:39:14Z,2026-07-07T04:39:42Z,2026-07-07T04:39:14Z
mozilla/pontoon,28841962421,208684642,Docker Build,push,7e77089c9878016cea165ceed8bd5a9ed679e027,1,success,sucesso,2026-07-07T04:39:14Z,2026-07-07T04:42:01Z,2026-07-07T04:39:14Z
mozilla/pontoon,28841962366,4438152,Backend,push,7e77089c9878016cea165ceed8bd5a9ed679e027,1,success,sucesso,2026-07-07T04:39:14Z,2026-07-07T04:42:58Z,2026-07-07T04:39:14Z
mozilla/pontoon,28796980470,4438152,Backend,push,31f74c4a107e632043c774be0e846ab4fc4d6513,1,success,sucesso,2026-07-06T13:57:07Z,2026-07-06T14:00:50Z,2026-07-06T13:57:07Z
mozilla/pontoon,28796980149,4438153,Python linting,push,31f74c4a107e632043c774be0e846ab4fc4d6513,1,success,sucesso,2026-07-06T13:57:06Z,2026-07-06T13:57:23Z,2026-07-06T13:57:06Z
mozilla/pontoon,28796980018,208684642,Docker Build,push,31f74c4a107e632043c774be0e846ab4fc4d6513,1,success,sucesso,2026-07-06T13:57:06Z,2026-07-06T14:00:11Z,2026-07-06T13:57:06Z
mozilla/pontoon,28772254405,4438153,Python linting,push,bc021865b42b7a34a2caa5a353afd337a89a0e3e,1,success,sucesso,2026-07-06T06:25:43Z,2026-07-06T06:25:58Z,2026-07-06T06:25:43Z
mozilla/pontoon,28772254411,208684642,Docker Build,push,bc021865b42b7a34a2caa5a353afd337a89a0e3e,1,success,sucesso,2026-07-06T06:25:43Z,2026-07-06T06:29:11Z,2026-07-06T06:25:43Z
mozilla/pontoon,28772254392,4438152,Backend,push,bc021865b42b7a34a2caa5a353afd337a89a0e3e,1,success,sucesso,2026-07-06T06:25:43Z,2026-07-06T06:29:19Z,2026-07-06T06:25:43Z
mozilla/pontoon,28671541654,208684642,Docker Build,push,6835f21c0c023b33dd48555ba9d1f17941a2dc6d,1,success,sucesso,2026-07-03T16:03:23Z,2026-07-03T16:06:23Z,2026-07-03T16:03:23Z
mozilla/pontoon,28671541683,4438152,Backend,push,6835f21c0c023b33dd48555ba9d1f17941a2dc6d,1,success,sucesso,2026-07-03T16:03:23Z,2026-07-03T16:07:07Z,2026-07-03T16:03:23Z
mozilla/pontoon,28671541631,4439483,JavaScript and Jinja linting,push,6835f21c0c023b33dd48555ba9d1f17941a2dc6d,1,success,sucesso,2026-07-03T16:03:23Z,2026-07-03T16:03:52Z,2026-07-03T16:03:23Z
mozilla/pontoon,28671541638,4438153,Python linting,push,6835f21c0c023b33dd48555ba9d1f17941a2dc6d,1,success,sucesso,2026-07-03T16:03:23Z,2026-07-03T16:03:38Z,2026-07-03T16:03:23Z
mozilla/pontoon,28638622243,4438153,Python linting,push,5ab4cb33f922801487876841768de46d452509be,1,success,sucesso,2026-07-03T04:33:51Z,2026-07-03T04:34:06Z,2026-07-03T04:33:51Z
mozilla/pontoon,28638622270,208684642,Docker Build,push,5ab4cb33f922801487876841768de46d452509be,1,success,sucesso,2026-07-03T04:33:51Z,2026-07-03T04:36:41Z,2026-07-03T04:33:51Z
mozilla/pontoon,28638622241,4438152,Backend,push,5ab4cb33f922801487876841768de46d452509be,1,success,sucesso,2026-07-03T04:33:51Z,2026-07-03T04:37:24Z,2026-07-03T04:33:51Z
mozilla/pontoon,28621855294,208684642,Docker Build,push,7d718274464125a451d3d8be766595c349650061,1,success,sucesso,2026-07-02T21:11:36Z,2026-07-02T21:14:29Z,2026-07-02T21:11:36Z
mozilla/pontoon,28621855259,4438152,Backend,push,7d718274464125a451d3d8be766595c349650061,1,success,sucesso,2026-07-02T21:11:36Z,2026-07-02T21:15:05Z,2026-07-02T21:11:36Z
mozilla/pontoon,28621855246,4438153,Python linting,push,7d718274464125a451d3d8be766595c349650061,1,success,sucesso,2026-07-02T21:11:36Z,2026-07-02T21:11:50Z,2026-07-02T21:11:36Z
mozilla/pontoon,28621855263,4439483,JavaScript and Jinja linting,push,7d718274464125a451d3d8be766595c349650061,1,success,sucesso,2026-07-02T21:11:36Z,2026-07-02T21:12:07Z,2026-07-02T21:11:36Z
mozilla/pontoon,28621855288,4416466,Frontend,push,7d718274464125a451d3d8be766595c349650061,1,success,sucesso,2026-07-02T21:11:36Z,2026-07-02T21:13:00Z,2026-07-02T21:11:36Z
mozilla/pontoon,28618889414,4439483,JavaScript and Jinja linting,push,6b0afcd3d915105451732140fe6474436ca8e5f1,1,success,sucesso,2026-07-02T20:17:21Z,2026-07-02T20:17:46Z,2026-07-02T20:17:21Z
mozilla/pontoon,28618889365,208684642,Docker Build,push,6b0afcd3d915105451732140fe6474436ca8e5f1,1,success,sucesso,2026-07-02T20:17:21Z,2026-07-02T20:19:57Z,2026-07-02T20:17:21Z
mozilla/pontoon,28618889404,4438152,Backend,push,6b0afcd3d915105451732140fe6474436ca8e5f1,1,success,sucesso,2026-07-02T20:17:21Z,2026-07-02T20:21:01Z,2026-07-02T20:17:21Z
mozilla/pontoon,28527689722,4439483,JavaScript and Jinja linting,push,b9f367028cd3be2a33c9b53bf3793f1d898a4618,1,success,sucesso,2026-07-01T15:10:58Z,2026-07-01T15:11:25Z,2026-07-01T15:10:58Z
mozilla/pontoon,28527689895,4416466,Frontend,push,b9f367028cd3be2a33c9b53bf3793f1d898a4618,1,success,sucesso,2026-07-01T15:10:58Z,2026-07-01T15:12:17Z,2026-07-01T15:10:58Z
mozilla/pontoon,28527689808,208684642,Docker Build,push,b9f367028cd3be2a33c9b53bf3793f1d898a4618,1,success,sucesso,2026-07-01T15:10:58Z,2026-07-01T15:13:50Z,2026-07-01T15:10:58Z
mozilla/pontoon,28502173018,208684642,Docker Build,push,41333073e2bc6252d92ee40297cdfa5d898d7378,1,success,sucesso,2026-07-01T07:50:03Z,2026-07-01T07:52:44Z,2026-07-01T07:50:03Z
mozilla/pontoon,28468556278,4438153,Python linting,push,3222ef3ac1425a3d133766c55153499fd551d2c7,1,success,sucesso,2026-06-30T18:55:06Z,2026-06-30T18:55:16Z,2026-06-30T18:55:06Z
mozilla/pontoon,28468556378,4439483,JavaScript and Jinja linting,push,3222ef3ac1425a3d133766c55153499fd551d2c7,1,success,sucesso,2026-06-30T18:55:06Z,2026-06-30T18:55:35Z,2026-06-30T18:55:06Z
mozilla/pontoon,28468556373,208684642,Docker Build,push,3222ef3ac1425a3d133766c55153499fd551d2c7,1,success,sucesso,2026-06-30T18:55:06Z,2026-06-30T18:58:48Z,2026-06-30T18:55:06Z
mozilla/pontoon,28468556360,4438152,Backend,push,3222ef3ac1425a3d133766c55153499fd551d2c7,1,success,sucesso,2026-06-30T18:55:06Z,2026-06-30T18:58:49Z,2026-06-30T18:55:06Z
mozilla/pontoon,28440325741,4438153,Python linting,push,28e94ec99180576b6a5db2c060256160faf9b0e5,1,success,sucesso,2026-06-30T11:17:36Z,2026-06-30T11:17:47Z,2026-06-30T11:17:36Z
mozilla/pontoon,28440325664,4438152,Backend,push,28e94ec99180576b6a5db2c060256160faf9b0e5,1,success,sucesso,2026-06-30T11:17:36Z,2026-06-30T11:21:05Z,2026-06-30T11:17:36Z
mozilla/pontoon,28440325731,208684642,Docker Build,push,28e94ec99180576b6a5db2c060256160faf9b0e5,1,success,sucesso,2026-06-30T11:17:36Z,2026-06-30T11:20:35Z,2026-06-30T11:17:36Z
mozilla/pontoon,28372225810,4439483,JavaScript and Jinja linting,push,6e9f24a627e995364ee8afbcf16dc14d47b80dae,1,success,sucesso,2026-06-29T12:32:27Z,2026-06-29T12:32:58Z,2026-06-29T12:32:27Z
mozilla/pontoon,28372225854,4438153,Python linting,push,6e9f24a627e995364ee8afbcf16dc14d47b80dae,1,success,sucesso,2026-06-29T12:32:27Z,2026-06-29T12:32:43Z,2026-06-29T12:32:27Z
mozilla/pontoon,28372225871,208684642,Docker Build,push,6e9f24a627e995364ee8afbcf16dc14d47b80dae,1,success,sucesso,2026-06-29T12:32:27Z,2026-06-29T12:35:54Z,2026-06-29T12:32:27Z
mozilla/pontoon,28372225900,4438152,Backend,push,6e9f24a627e995364ee8afbcf16dc14d47b80dae,1,success,sucesso,2026-06-29T12:32:27Z,2026-06-29T12:36:09Z,2026-06-29T12:32:27Z
mozilla/pontoon,28371585731,4438153,Python linting,push,157464c0e687d5859867a424597c786debd06c7f,1,success,sucesso,2026-06-29T12:20:54Z,2026-06-29T12:21:07Z,2026-06-29T12:20:54Z
mozilla/pontoon,28371585740,4439483,JavaScript and Jinja linting,push,157464c0e687d5859867a424597c786debd06c7f,1,success,sucesso,2026-06-29T12:20:54Z,2026-06-29T12:21:22Z,2026-06-29T12:20:54Z
mozilla/pontoon,28371585790,4416466,Frontend,push,157464c0e687d5859867a424597c786debd06c7f,1,success,sucesso,2026-06-29T12:20:54Z,2026-06-29T12:22:21Z,2026-06-29T12:20:54Z
mozilla/pontoon,28371585778,208684642,Docker Build,push,157464c0e687d5859867a424597c786debd06c7f,1,success,sucesso,2026-06-29T12:20:54Z,2026-06-29T12:24:05Z,2026-06-29T12:20:54Z
mozilla/pontoon,28371585795,4438152,Backend,push,157464c0e687d5859867a424597c786debd06c7f,1,success,sucesso,2026-06-29T12:20:54Z,2026-06-29T12:24:34Z,2026-06-29T12:20:54Z
mozilla/pontoon,28189981925,208684642,Docker Build,push,db6584c93c4214d04e1a7261b88359993171b3eb,1,success,sucesso,2026-06-25T17:57:39Z,2026-06-25T18:00:38Z,2026-06-25T17:57:39Z
mozilla/pontoon,28189981316,4438152,Backend,push,db6584c93c4214d04e1a7261b88359993171b3eb,1,success,sucesso,2026-06-25T17:57:38Z,2026-06-25T18:01:09Z,2026-06-25T17:57:38Z
mozilla/pontoon,28189957928,4438152,Backend,push,33de4a2493dae238aa2c550678731e2c88969829,1,success,sucesso,2026-06-25T17:57:14Z,2026-06-25T18:01:01Z,2026-06-25T17:57:14Z
mozilla/pontoon,28189957949,208684642,Docker Build,push,33de4a2493dae238aa2c550678731e2c88969829,1,success,sucesso,2026-06-25T17:57:14Z,2026-06-25T18:01:12Z,2026-06-25T17:57:14Z
mozilla/pontoon,28189958094,4438153,Python linting,push,33de4a2493dae238aa2c550678731e2c88969829,1,success,sucesso,2026-06-25T17:57:14Z,2026-06-25T17:57:31Z,2026-06-25T17:57:14Z
mozilla/pontoon,28153308115,4439483,JavaScript and Jinja linting,push,162f50b1d89f34e28d2f7975962d8125ffc46eed,1,success,sucesso,2026-06-25T07:11:13Z,2026-06-25T07:11:45Z,2026-06-25T07:11:13Z
mozilla/pontoon,28153308157,4416466,Frontend,push,162f50b1d89f34e28d2f7975962d8125ffc46eed,1,success,sucesso,2026-06-25T07:11:13Z,2026-06-25T07:12:44Z,2026-06-25T07:11:13Z
mozilla/pontoon,28153308110,208684642,Docker Build,push,162f50b1d89f34e28d2f7975962d8125ffc46eed,1,success,sucesso,2026-06-25T07:11:13Z,2026-06-25T07:15:52Z,2026-06-25T07:11:13Z
mozilla/pontoon,28084215173,4438153,Python linting,push,6727ff3b298b9779b040bf79593e22525063d1ad,1,success,sucesso,2026-06-24T08:02:03Z,2026-06-24T08:02:20Z,2026-06-24T08:02:03Z
mozilla/pontoon,28084215239,208684642,Docker Build,push,6727ff3b298b9779b040bf79593e22525063d1ad,1,success,sucesso,2026-06-24T08:02:03Z,2026-06-24T08:06:06Z,2026-06-24T08:02:03Z
mozilla/pontoon,28084215137,4438152,Backend,push,6727ff3b298b9779b040bf79593e22525063d1ad,1,success,sucesso,2026-06-24T08:02:03Z,2026-06-24T08:05:46Z,2026-06-24T08:02:03Z
mozilla/pontoon,28054623956,4439483,JavaScript and Jinja linting,push,357b411b1d74ee0f4acc7e9a04cf5e9ddba39180,1,success,sucesso,2026-06-23T20:24:06Z,2026-06-23T20:24:35Z,2026-06-23T20:24:06Z
mozilla/pontoon,28054623959,208684642,Docker Build,push,357b411b1d74ee0f4acc7e9a04cf5e9ddba39180,1,success,sucesso,2026-06-23T20:24:06Z,2026-06-23T20:27:18Z,2026-06-23T20:24:06Z
mozilla/pontoon,28054623975,4438152,Backend,push,357b411b1d74ee0f4acc7e9a04cf5e9ddba39180,1,success,sucesso,2026-06-23T20:24:06Z,2026-06-23T20:27:26Z,2026-06-23T20:24:06Z
mozilla/pontoon,28054622794,4416466,Frontend,push,357b411b1d74ee0f4acc7e9a04cf5e9ddba39180,1,success,sucesso,2026-06-23T20:24:05Z,2026-06-23T20:25:23Z,2026-06-23T20:24:05Z
mozilla/pontoon,28054621807,4438153,Python linting,push,357b411b1d74ee0f4acc7e9a04cf5e9ddba39180,1,success,sucesso,2026-06-23T20:24:04Z,2026-06-23T20:24:19Z,2026-06-23T20:24:04Z
mozilla/pontoon,28024388112,4439483,JavaScript and Jinja linting,push,5b2c8bd7f1c81f5c80da34b356a21ee05735312c,1,success,sucesso,2026-06-23T11:56:29Z,2026-06-23T11:56:55Z,2026-06-23T11:56:29Z
mozilla/pontoon,28024388028,4416466,Frontend,push,5b2c8bd7f1c81f5c80da34b356a21ee05735312c,1,success,sucesso,2026-06-23T11:56:29Z,2026-06-23T11:57:53Z,2026-06-23T11:56:29Z
mozilla/pontoon,28024388049,4438152,Backend,push,5b2c8bd7f1c81f5c80da34b356a21ee05735312c,1,success,sucesso,2026-06-23T11:56:29Z,2026-06-23T12:00:07Z,2026-06-23T11:56:29Z
mozilla/pontoon,28024388064,208684642,Docker Build,push,5b2c8bd7f1c81f5c80da34b356a21ee05735312c,1,success,sucesso,2026-06-23T11:56:29Z,2026-06-23T12:00:46Z,2026-06-23T11:56:29Z
mozilla/pontoon,28012643910,4439483,JavaScript and Jinja linting,push,aa87f3de23ee48e61eba8ab06ebaf6b115582123,1,success,sucesso,2026-06-23T08:22:53Z,2026-06-23T08:23:20Z,2026-06-23T08:22:53Z
mozilla/pontoon,28012644459,4438152,Backend,push,aa87f3de23ee48e61eba8ab06ebaf6b115582123,1,success,sucesso,2026-06-23T08:22:53Z,2026-06-23T08:26:07Z,2026-06-23T08:22:53Z
mozilla/pontoon,28012643877,4438153,Python linting,push,aa87f3de23ee48e61eba8ab06ebaf6b115582123,1,success,sucesso,2026-06-23T08:22:52Z,2026-06-23T08:23:05Z,2026-06-23T08:22:52Z
mozilla/pontoon,28012643710,4416466,Frontend,push,aa87f3de23ee48e61eba8ab06ebaf6b115582123,1,success,sucesso,2026-06-23T08:22:52Z,2026-06-23T08:24:02Z,2026-06-23T08:22:52Z
mozilla/pontoon,28012643848,208684642,Docker Build,push,aa87f3de23ee48e61eba8ab06ebaf6b115582123,1,success,sucesso,2026-06-23T08:22:52Z,2026-06-23T08:25:53Z,2026-06-23T08:22:52Z
mozilla/pontoon,28005849480,208684642,Docker Build,push,37c6d4d5a008054a37aae7cfe8b0f10e449fc8ad,1,success,sucesso,2026-06-23T06:04:03Z,2026-06-23T06:08:03Z,2026-06-23T06:04:03Z
mozilla/pontoon,28005849481,4439483,JavaScript and Jinja linting,push,37c6d4d5a008054a37aae7cfe8b0f10e449fc8ad,1,success,sucesso,2026-06-23T06:04:03Z,2026-06-23T06:04:38Z,2026-06-23T06:04:03Z
mozilla/pontoon,28005849488,4416466,Frontend,push,37c6d4d5a008054a37aae7cfe8b0f10e449fc8ad,1,success,sucesso,2026-06-23T06:04:03Z,2026-06-23T06:05:28Z,2026-06-23T06:04:03Z
mozilla/pontoon,28005189524,4439483,JavaScript and Jinja linting,push,b1e22744fc5eab2af0e8e84a2d8ff6cfb9a04d25,1,success,sucesso,2026-06-23T05:48:02Z,2026-06-23T05:48:31Z,2026-06-23T05:48:02Z
mozilla/pontoon,28005189546,4416466,Frontend,push,b1e22744fc5eab2af0e8e84a2d8ff6cfb9a04d25,1,success,sucesso,2026-06-23T05:48:02Z,2026-06-23T05:49:26Z,2026-06-23T05:48:02Z
mozilla/pontoon,28005189547,208684642,Docker Build,push,b1e22744fc5eab2af0e8e84a2d8ff6cfb9a04d25,1,success,sucesso,2026-06-23T05:48:02Z,2026-06-23T05:51:19Z,2026-06-23T05:48:02Z
mozilla/pontoon,27988176621,4438153,Python linting,push,e5986bf77b305ca8a8af03b2989cff584ce98ffd,1,success,sucesso,2026-06-22T22:25:18Z,2026-06-22T22:25:34Z,2026-06-22T22:25:18Z
mozilla/pontoon,27988176618,4439483,JavaScript and Jinja linting,push,e5986bf77b305ca8a8af03b2989cff584ce98ffd,1,success,sucesso,2026-06-22T22:25:18Z,2026-06-22T22:25:45Z,2026-06-22T22:25:18Z
mozilla/pontoon,27988176670,4416466,Frontend,push,e5986bf77b305ca8a8af03b2989cff584ce98ffd,1,success,sucesso,2026-06-22T22:25:18Z,2026-06-22T22:26:40Z,2026-06-22T22:25:18Z
mozilla/pontoon,27988176644,208684642,Docker Build,push,e5986bf77b305ca8a8af03b2989cff584ce98ffd,1,success,sucesso,2026-06-22T22:25:18Z,2026-06-22T22:28:54Z,2026-06-22T22:25:18Z
mozilla/pontoon,27988176623,4438152,Backend,push,e5986bf77b305ca8a8af03b2989cff584ce98ffd,1,success,sucesso,2026-06-22T22:25:18Z,2026-06-22T22:28:34Z,2026-06-22T22:25:18Z
mozilla/pontoon,27952284563,4438153,Python linting,push,49023eb394cfc9cbf14415ee56e723d692b552bd,1,success,sucesso,2026-06-22T12:22:19Z,2026-06-22T12:22:30Z,2026-06-22T12:22:19Z
mozilla/pontoon,27952284544,4438152,Backend,push,49023eb394cfc9cbf14415ee56e723d692b552bd,1,success,sucesso,2026-06-22T12:22:19Z,2026-06-22T12:25:43Z,2026-06-22T12:22:19Z
mozilla/pontoon,27952284778,208684642,Docker Build,push,49023eb394cfc9cbf14415ee56e723d692b552bd,1,success,sucesso,2026-06-22T12:22:19Z,2026-06-22T12:25:33Z,2026-06-22T12:22:19Z
mozilla/pontoon,27950478078,4418059,Heroku,push,83f63e5aecb49239d6701d6004f69ef348c13a00,1,success,sucesso,2026-06-22T11:49:50Z,2026-06-22T11:50:00Z,2026-06-22T11:49:50Z
mozilla/pontoon,27950478107,4438153,Python linting,push,83f63e5aecb49239d6701d6004f69ef348c13a00,1,success,sucesso,2026-06-22T11:49:50Z,2026-06-22T11:50:04Z,2026-06-22T11:49:50Z
mozilla/pontoon,27950478075,4439483,JavaScript and Jinja linting,push,83f63e5aecb49239d6701d6004f69ef348c13a00,1,success,sucesso,2026-06-22T11:49:50Z,2026-06-22T11:50:18Z,2026-06-22T11:49:50Z
mozilla/pontoon,27950478138,4416466,Frontend,push,83f63e5aecb49239d6701d6004f69ef348c13a00,1,success,sucesso,2026-06-22T11:49:50Z,2026-06-22T11:51:01Z,2026-06-22T11:49:50Z
mozilla/pontoon,27950478065,4438152,Backend,push,83f63e5aecb49239d6701d6004f69ef348c13a00,1,success,sucesso,2026-06-22T11:49:50Z,2026-06-22T11:53:06Z,2026-06-22T11:49:50Z
mozilla/pontoon,27950478108,208684642,Docker Build,push,83f63e5aecb49239d6701d6004f69ef348c13a00,1,success,sucesso,2026-06-22T11:49:50Z,2026-06-22T11:53:10Z,2026-06-22T11:49:50Z
mozilla/pontoon,27946753620,208684642,Docker Build,push,db25908643e0429635cb736346fc3c8420074f41,1,success,sucesso,2026-06-22T10:37:58Z,2026-06-22T10:41:16Z,2026-06-22T10:37:58Z
mozilla/pontoon,27946753625,4438152,Backend,push,db25908643e0429635cb736346fc3c8420074f41,1,success,sucesso,2026-06-22T10:37:58Z,2026-06-22T10:41:30Z,2026-06-22T10:37:58Z
mozilla/pontoon,27816991122,4438153,Python linting,push,719029a2364e3e5bfca4b6a2b2ce5a0090bff9fd,1,success,sucesso,2026-06-19T09:18:07Z,2026-06-19T09:18:18Z,2026-06-19T09:18:07Z
mozilla/pontoon,27816991129,208684642,Docker Build,push,719029a2364e3e5bfca4b6a2b2ce5a0090bff9fd,1,success,sucesso,2026-06-19T09:18:07Z,2026-06-19T09:21:26Z,2026-06-19T09:18:07Z
mozilla/pontoon,27816991124,4438152,Backend,push,719029a2364e3e5bfca4b6a2b2ce5a0090bff9fd,1,success,sucesso,2026-06-19T09:18:07Z,2026-06-19T09:23:49Z,2026-06-19T09:18:07Z
mozilla/pontoon,27696886689,4438152,Backend,push,cb5f5d883e3f7dafa1001cbabf4217a012832baf,1,success,sucesso,2026-06-17T14:36:03Z,2026-06-17T14:42:05Z,2026-06-17T14:36:03Z
mozilla/pontoon,27696885903,208684642,Docker Build,push,cb5f5d883e3f7dafa1001cbabf4217a012832baf,1,success,sucesso,2026-06-17T14:36:02Z,2026-06-17T14:40:32Z,2026-06-17T14:36:02Z
mozilla/pontoon,27692608931,208684642,Docker Build,push,4c32cca7de5df219bcfc039cad09f524a2df71e7,1,success,sucesso,2026-06-17T13:30:21Z,2026-06-17T13:34:15Z,2026-06-17T13:30:21Z
mozilla/pontoon,27620724595,208684642,Docker Build,push,2fe12e03417485e46b8d68f5dd2c55c10fbfa6c4,1,success,sucesso,2026-06-16T13:23:24Z,2026-06-16T13:27:06Z,2026-06-16T13:23:24Z
mozilla/pontoon,27620724262,4438152,Backend,push,2fe12e03417485e46b8d68f5dd2c55c10fbfa6c4,1,success,sucesso,2026-06-16T13:23:23Z,2026-06-16T13:29:17Z,2026-06-16T13:23:23Z
mozilla/pontoon,27620724388,4439483,JavaScript and Jinja linting,push,2fe12e03417485e46b8d68f5dd2c55c10fbfa6c4,1,success,sucesso,2026-06-16T13:23:23Z,2026-06-16T13:23:56Z,2026-06-16T13:23:23Z
mozilla/pontoon,27618861343,4438152,Backend,push,65e13df92d455efba16f0525308ecbebe817ac0f,1,success,sucesso,2026-06-16T12:52:05Z,2026-06-16T12:57:55Z,2026-06-16T12:52:05Z
mozilla/pontoon,27618861424,4438153,Python linting,push,65e13df92d455efba16f0525308ecbebe817ac0f,1,success,sucesso,2026-06-16T12:52:05Z,2026-06-16T12:52:18Z,2026-06-16T12:52:05Z
mozilla/pontoon,27618861333,208684642,Docker Build,push,65e13df92d455efba16f0525308ecbebe817ac0f,1,success,sucesso,2026-06-16T12:52:05Z,2026-06-16T12:55:07Z,2026-06-16T12:52:05Z
mozilla/pontoon,27599883292,4439483,JavaScript and Jinja linting,push,d523881198d0b029642277fd889da8d9e175e93d,1,success,sucesso,2026-06-16T06:55:09Z,2026-06-16T06:55:43Z,2026-06-16T06:55:09Z
mozilla/pontoon,27599883326,4416466,Frontend,push,d523881198d0b029642277fd889da8d9e175e93d,1,success,sucesso,2026-06-16T06:55:09Z,2026-06-16T06:56:36Z,2026-06-16T06:55:09Z
mozilla/pontoon,27599883276,4438153,Python linting,push,d523881198d0b029642277fd889da8d9e175e93d,1,success,sucesso,2026-06-16T06:55:08Z,2026-06-16T06:55:26Z,2026-06-16T06:55:08Z
mozilla/pontoon,27599883260,208684642,Docker Build,push,d523881198d0b029642277fd889da8d9e175e93d,1,success,sucesso,2026-06-16T06:55:08Z,2026-06-16T06:58:23Z,2026-06-16T06:55:08Z
mozilla/pontoon,27599883253,4438152,Backend,push,d523881198d0b029642277fd889da8d9e175e93d,1,success,sucesso,2026-06-16T06:55:08Z,2026-06-16T07:00:09Z,2026-06-16T06:55:08Z
mozilla/pontoon,27599654600,4438152,Backend,push,73b9632e85d3467c443a37e615c37d9913d9b409,1,success,sucesso,2026-06-16T06:50:15Z,2026-06-16T06:55:59Z,2026-06-16T06:50:15Z
mozilla/pontoon,27599654610,208684642,Docker Build,push,73b9632e85d3467c443a37e615c37d9913d9b409,1,success,sucesso,2026-06-16T06:50:15Z,2026-06-16T06:54:05Z,2026-06-16T06:50:15Z
mozilla/pontoon,27599602750,208684642,Docker Build,push,dd780e25a01aeaf652d3692173ab722ba19fdcfc,1,success,sucesso,2026-06-16T06:49:06Z,2026-06-16T06:52:32Z,2026-06-16T06:49:06Z
mozilla/pontoon,27599235591,4438152,Backend,push,433dc0fdb285347e564a2c54f4a0f639af816b2f,1,success,sucesso,2026-06-16T06:40:53Z,2026-06-16T06:46:32Z,2026-06-16T06:40:53Z
mozilla/pontoon,27599235529,208684642,Docker Build,push,433dc0fdb285347e564a2c54f4a0f639af816b2f,1,success,sucesso,2026-06-16T06:40:53Z,2026-06-16T06:44:19Z,2026-06-16T06:40:53Z
mozilla/pontoon,27557509398,4439483,JavaScript and Jinja linting,push,508873f807f5a9edd14d790b92a4fe546798e110,1,success,sucesso,2026-06-15T15:33:46Z,2026-06-15T15:34:16Z,2026-06-15T15:33:46Z
mozilla/pontoon,27557510007,4416466,Frontend,push,508873f807f5a9edd14d790b92a4fe546798e110,1,success,sucesso,2026-06-15T15:33:46Z,2026-06-15T15:35:16Z,2026-06-15T15:33:46Z
mozilla/pontoon,27557509909,208684642,Docker Build,push,508873f807f5a9edd14d790b92a4fe546798e110,1,success,sucesso,2026-06-15T15:33:46Z,2026-06-15T15:37:17Z,2026-06-15T15:33:46Z
mozilla/pontoon,27548276601,208684642,Docker Build,push,931e312fa58d7b83cb1556ac692618d01bc30f0e,1,success,sucesso,2026-06-15T13:05:35Z,2026-06-15T13:10:07Z,2026-06-15T13:05:35Z
mozilla/pontoon,27548276598,4439483,JavaScript and Jinja linting,push,931e312fa58d7b83cb1556ac692618d01bc30f0e,1,success,sucesso,2026-06-15T13:05:35Z,2026-06-15T13:06:07Z,2026-06-15T13:05:35Z
mozilla/pontoon,27297394323,4438152,Backend,push,175890e5dff68ddd6a32587ca1a1f7ed09500f11,1,success,sucesso,2026-06-10T18:28:50Z,2026-06-10T18:34:52Z,2026-06-10T18:28:50Z
mozilla/pontoon,27297394269,4439483,JavaScript and Jinja linting,push,175890e5dff68ddd6a32587ca1a1f7ed09500f11,1,success,sucesso,2026-06-10T18:28:50Z,2026-06-10T18:29:24Z,2026-06-10T18:28:50Z
mozilla/pontoon,27297394286,208684642,Docker Build,push,175890e5dff68ddd6a32587ca1a1f7ed09500f11,1,success,sucesso,2026-06-10T18:28:50Z,2026-06-10T18:31:46Z,2026-06-10T18:28:50Z
mozilla/pontoon,27294437066,208684642,Docker Build,push,3b02c3995e63f1be1fe78873183ae496cb7c8cf1,1,success,sucesso,2026-06-10T17:38:45Z,2026-06-10T17:42:19Z,2026-06-10T17:38:45Z
mozilla/pontoon,27262898264,4438153,Python linting,push,f32810e81a65400e1a87666908bf67ef098665b8,1,success,sucesso,2026-06-10T08:16:43Z,2026-06-10T08:16:54Z,2026-06-10T08:16:43Z
mozilla/pontoon,27262898267,208684642,Docker Build,push,f32810e81a65400e1a87666908bf67ef098665b8,1,success,sucesso,2026-06-10T08:16:43Z,2026-06-10T08:19:43Z,2026-06-10T08:16:43Z
mozilla/pontoon,27262898313,4438152,Backend,push,f32810e81a65400e1a87666908bf67ef098665b8,1,success,sucesso,2026-06-10T08:16:43Z,2026-06-10T08:22:19Z,2026-06-10T08:16:43Z
mozilla/pontoon,27218696851,4438153,Python linting,push,1ec99ba33ba99ddf98c8465726fa2f2899db8284,1,success,sucesso,2026-06-09T15:56:09Z,2026-06-09T15:56:22Z,2026-06-09T15:56:09Z
mozilla/pontoon,27218696742,4439483,JavaScript and Jinja linting,push,1ec99ba33ba99ddf98c8465726fa2f2899db8284,1,success,sucesso,2026-06-09T15:56:09Z,2026-06-09T15:56:44Z,2026-06-09T15:56:09Z
mozilla/pontoon,27218696778,208684642,Docker Build,push,1ec99ba33ba99ddf98c8465726fa2f2899db8284,1,success,sucesso,2026-06-09T15:56:09Z,2026-06-09T15:59:24Z,2026-06-09T15:56:09Z
mozilla/pontoon,27218696768,4438152,Backend,push,1ec99ba33ba99ddf98c8465726fa2f2899db8284,1,success,sucesso,2026-06-09T15:56:09Z,2026-06-09T16:01:52Z,2026-06-09T15:56:09Z
mozilla/pontoon,27209652320,4439483,JavaScript and Jinja linting,push,f70bf0b4da659ad0e54237e35aab734a6324e95a,1,success,sucesso,2026-06-09T13:30:53Z,2026-06-09T13:31:19Z,2026-06-09T13:30:53Z
mozilla/pontoon,27209652362,4416466,Frontend,push,f70bf0b4da659ad0e54237e35aab734a6324e95a,1,success,sucesso,2026-06-09T13:30:53Z,2026-06-09T13:32:22Z,2026-06-09T13:30:53Z
mozilla/pontoon,27209652347,208684642,Docker Build,push,f70bf0b4da659ad0e54237e35aab734a6324e95a,1,success,sucesso,2026-06-09T13:30:53Z,2026-06-09T13:34:27Z,2026-06-09T13:30:53Z
mozilla/pontoon,27202806769,4438153,Python linting,push,b75897a72250d7bceeb9bbfe3534fdd2cc19ddab,1,success,sucesso,2026-06-09T11:23:30Z,2026-06-09T11:23:46Z,2026-06-09T11:23:30Z
mozilla/pontoon,27202806795,4439483,JavaScript and Jinja linting,push,b75897a72250d7bceeb9bbfe3534fdd2cc19ddab,1,success,sucesso,2026-06-09T11:23:30Z,2026-06-09T11:24:02Z,2026-06-09T11:23:30Z
mozilla/pontoon,27202806799,208684642,Docker Build,push,b75897a72250d7bceeb9bbfe3534fdd2cc19ddab,1,success,sucesso,2026-06-09T11:23:30Z,2026-06-09T11:27:01Z,2026-06-09T11:23:30Z
mozilla/pontoon,27202806749,4438152,Backend,push,b75897a72250d7bceeb9bbfe3534fdd2cc19ddab,1,success,sucesso,2026-06-09T11:23:30Z,2026-06-09T11:29:10Z,2026-06-09T11:23:30Z
mozilla/pontoon,27186688362,4439483,JavaScript and Jinja linting,push,90a6c352ab2319388e43b5d248d491755ec1914a,1,success,sucesso,2026-06-09T05:50:59Z,2026-06-09T05:51:25Z,2026-06-09T05:50:59Z
mozilla/pontoon,27186688352,208684642,Docker Build,push,90a6c352ab2319388e43b5d248d491755ec1914a,1,success,sucesso,2026-06-09T05:50:59Z,2026-06-09T05:54:36Z,2026-06-09T05:50:59Z
mozilla/pontoon,27186688327,4438153,Python linting,push,90a6c352ab2319388e43b5d248d491755ec1914a,1,success,sucesso,2026-06-09T05:50:58Z,2026-06-09T05:51:11Z,2026-06-09T05:50:58Z
mozilla/pontoon,27186688328,4416466,Frontend,push,90a6c352ab2319388e43b5d248d491755ec1914a,1,success,sucesso,2026-06-09T05:50:58Z,2026-06-09T05:52:01Z,2026-06-09T05:50:58Z
mozilla/pontoon,27186688331,4438152,Backend,push,90a6c352ab2319388e43b5d248d491755ec1914a,1,success,sucesso,2026-06-09T05:50:58Z,2026-06-09T05:56:26Z,2026-06-09T05:50:58Z
mozilla/pontoon,27163248149,208684642,Docker Build,push,cb7f1daf04d4305a817923f858f678356a9178b0,1,success,sucesso,2026-06-08T19:57:09Z,2026-06-08T19:59:55Z,2026-06-08T19:57:09Z
mozilla/pontoon,27163248228,4438152,Backend,push,cb7f1daf04d4305a817923f858f678356a9178b0,1,success,sucesso,2026-06-08T19:57:09Z,2026-06-08T20:03:25Z,2026-06-08T19:57:09Z
mozilla/pontoon,27163248295,4438153,Python linting,push,cb7f1daf04d4305a817923f858f678356a9178b0,1,success,sucesso,2026-06-08T19:57:09Z,2026-06-08T19:57:20Z,2026-06-08T19:57:09Z
mozilla/pontoon,27150651286,4439483,JavaScript and Jinja linting,push,dae7482f3d29e9bb628c611ffc44495421df0f85,1,success,sucesso,2026-06-08T16:06:58Z,2026-06-08T16:07:24Z,2026-06-08T16:06:58Z
mozilla/pontoon,27150650617,208684642,Docker Build,push,dae7482f3d29e9bb628c611ffc44495421df0f85,1,success,sucesso,2026-06-08T16:06:57Z,2026-06-08T16:09:54Z,2026-06-08T16:06:57Z
mozilla/pontoon,27150649778,4416466,Frontend,push,dae7482f3d29e9bb628c611ffc44495421df0f85,1,success,sucesso,2026-06-08T16:06:56Z,2026-06-08T16:08:16Z,2026-06-08T16:06:56Z
mozilla/pontoon,27148020186,4438152,Backend,push,55c500b4c3935b391ec1d753ca68a6b5dd5d2185,1,success,sucesso,2026-06-08T15:22:55Z,2026-06-08T15:28:32Z,2026-06-08T15:22:55Z
mozilla/pontoon,27148019936,4438153,Python linting,push,55c500b4c3935b391ec1d753ca68a6b5dd5d2185,1,success,sucesso,2026-06-08T15:22:54Z,2026-06-08T15:23:07Z,2026-06-08T15:22:54Z
mozilla/pontoon,27148019456,208684642,Docker Build,push,55c500b4c3935b391ec1d753ca68a6b5dd5d2185,1,success,sucesso,2026-06-08T15:22:54Z,2026-06-08T15:26:21Z,2026-06-08T15:22:54Z
mozilla/pontoon,27142705467,4416466,Frontend,push,1f271423fa165f2e5752b9731dd7088c429a1508,1,success,sucesso,2026-06-08T13:56:49Z,2026-06-08T13:58:15Z,2026-06-08T13:56:49Z
mozilla/pontoon,27142705066,208684642,Docker Build,push,1f271423fa165f2e5752b9731dd7088c429a1508,1,success,sucesso,2026-06-08T13:56:49Z,2026-06-08T14:00:00Z,2026-06-08T13:56:49Z
mozilla/pontoon,27142705027,4439483,JavaScript and Jinja linting,push,1f271423fa165f2e5752b9731dd7088c429a1508,1,success,sucesso,2026-06-08T13:56:49Z,2026-06-08T13:57:20Z,2026-06-08T13:56:49Z
mozilla/pontoon,27138924368,4438152,Backend,push,5c024a2018aefd7e11f1fafda248dca87af7a600,1,success,sucesso,2026-06-08T12:52:38Z,2026-06-08T12:58:01Z,2026-06-08T12:52:38Z
mozilla/pontoon,27138924400,4438153,Python linting,push,5c024a2018aefd7e11f1fafda248dca87af7a600,1,success,sucesso,2026-06-08T12:52:38Z,2026-06-08T12:53:00Z,2026-06-08T12:52:38Z
mozilla/pontoon,27138924315,208684642,Docker Build,push,5c024a2018aefd7e11f1fafda248dca87af7a600,1,success,sucesso,2026-06-08T12:52:38Z,2026-06-08T12:55:41Z,2026-06-08T12:52:38Z
mozilla/pontoon,27097970632,4438153,Python linting,push,4ae81b434372f1bf22ba4097270fd48f12021c09,1,success,sucesso,2026-06-07T16:17:10Z,2026-06-07T16:17:23Z,2026-06-07T16:17:10Z
mozilla/pontoon,27097970648,208684642,Docker Build,push,4ae81b434372f1bf22ba4097270fd48f12021c09,1,success,sucesso,2026-06-07T16:17:10Z,2026-06-07T16:19:54Z,2026-06-07T16:17:10Z
mozilla/pontoon,27097970647,4438152,Backend,push,4ae81b434372f1bf22ba4097270fd48f12021c09,1,success,sucesso,2026-06-07T16:17:10Z,2026-06-07T16:22:40Z,2026-06-07T16:17:10Z
mozilla/pontoon,26936364276,4439483,JavaScript and Jinja linting,push,7cc1d465493d722872840b6060444b225a680cfd,1,success,sucesso,2026-06-04T07:03:06Z,2026-06-04T07:03:31Z,2026-06-04T07:03:06Z
mozilla/pontoon,26936364341,4438153,Python linting,push,7cc1d465493d722872840b6060444b225a680cfd,1,success,sucesso,2026-06-04T07:03:06Z,2026-06-04T07:03:23Z,2026-06-04T07:03:06Z
mozilla/pontoon,26936364274,4416466,Frontend,push,7cc1d465493d722872840b6060444b225a680cfd,1,success,sucesso,2026-06-04T07:03:06Z,2026-06-04T07:04:21Z,2026-06-04T07:03:06Z
mozilla/pontoon,26936364307,208684642,Docker Build,push,7cc1d465493d722872840b6060444b225a680cfd,1,success,sucesso,2026-06-04T07:03:06Z,2026-06-04T07:06:01Z,2026-06-04T07:03:06Z
mozilla/pontoon,26936364321,4438152,Backend,push,7cc1d465493d722872840b6060444b225a680cfd,1,success,sucesso,2026-06-04T07:03:06Z,2026-06-04T07:08:41Z,2026-06-04T07:03:06Z
mozilla/pontoon,26934293754,208684642,Docker Build,push,5765c3cd7e76ea0aa744e27476aa9477184f4f58,1,success,sucesso,2026-06-04T06:10:42Z,2026-06-04T06:14:10Z,2026-06-04T06:10:42Z
mozilla/pontoon,26934293765,4438152,Backend,push,5765c3cd7e76ea0aa744e27476aa9477184f4f58,1,success,sucesso,2026-06-04T06:10:42Z,2026-06-04T06:16:15Z,2026-06-04T06:10:42Z
mozilla/pontoon,26931542160,208684642,Docker Build,push,49f58c0a723348d7b0c6c94c753be4019688545f,1,success,sucesso,2026-06-04T04:51:39Z,2026-06-04T04:55:08Z,2026-06-04T04:51:39Z
mozilla/pontoon,26931542153,4439483,JavaScript and Jinja linting,push,49f58c0a723348d7b0c6c94c753be4019688545f,1,success,sucesso,2026-06-04T04:51:39Z,2026-06-04T04:52:04Z,2026-06-04T04:51:39Z
mozilla/pontoon,26931542142,4416466,Frontend,push,49f58c0a723348d7b0c6c94c753be4019688545f,1,success,sucesso,2026-06-04T04:51:39Z,2026-06-04T04:53:07Z,2026-06-04T04:51:39Z
mozilla/pontoon,26909233002,4416466,Frontend,push,3f83837b837cdb046e17b453e6b0b81f85d7c96e,1,success,sucesso,2026-06-03T19:53:03Z,2026-06-03T19:54:19Z,2026-06-03T19:53:03Z
mozilla/pontoon,26909232816,208684642,Docker Build,push,3f83837b837cdb046e17b453e6b0b81f85d7c96e,1,success,sucesso,2026-06-03T19:53:02Z,2026-06-03T19:57:46Z,2026-06-03T19:53:02Z
mozilla/pontoon,26909232790,4438152,Backend,push,3f83837b837cdb046e17b453e6b0b81f85d7c96e,1,success,sucesso,2026-06-03T19:53:02Z,2026-06-03T19:59:05Z,2026-06-03T19:53:02Z
mozilla/pontoon,26909232799,4438153,Python linting,push,3f83837b837cdb046e17b453e6b0b81f85d7c96e,1,success,sucesso,2026-06-03T19:53:02Z,2026-06-03T19:53:15Z,2026-06-03T19:53:02Z
mozilla/pontoon,26803393051,4439483,JavaScript and Jinja linting,push,4b4dde62524239c3384c660ab1001e0c120273b0,1,success,sucesso,2026-06-02T06:47:20Z,2026-06-02T06:47:53Z,2026-06-02T06:47:20Z
mozilla/pontoon,26803393014,208684642,Docker Build,push,4b4dde62524239c3384c660ab1001e0c120273b0,1,success,sucesso,2026-06-02T06:47:20Z,2026-06-02T06:50:28Z,2026-06-02T06:47:20Z
mozilla/pontoon,26777480637,4438152,Backend,push,718eb0d9c3d650a9580c4692645b331058ed8c54,1,success,sucesso,2026-06-01T19:37:48Z,2026-06-01T19:43:35Z,2026-06-01T19:37:48Z
mozilla/pontoon,26777480596,4438153,Python linting,push,718eb0d9c3d650a9580c4692645b331058ed8c54,1,success,sucesso,2026-06-01T19:37:48Z,2026-06-01T19:38:03Z,2026-06-01T19:37:48Z
mozilla/pontoon,26777480591,208684642,Docker Build,push,718eb0d9c3d650a9580c4692645b331058ed8c54,1,success,sucesso,2026-06-01T19:37:48Z,2026-06-01T19:41:27Z,2026-06-01T19:37:48Z
mozilla/pontoon,26756032528,4439483,JavaScript and Jinja linting,push,5a0c11f7504842487b7ce46ccdeb3eb10d57cc05,1,success,sucesso,2026-06-01T12:51:54Z,2026-06-01T12:52:20Z,2026-06-01T12:51:54Z
mozilla/pontoon,26756032345,4438153,Python linting,push,5a0c11f7504842487b7ce46ccdeb3eb10d57cc05,1,success,sucesso,2026-06-01T12:51:54Z,2026-06-01T12:52:05Z,2026-06-01T12:51:54Z
mozilla/pontoon,26756032371,4416466,Frontend,push,5a0c11f7504842487b7ce46ccdeb3eb10d57cc05,1,success,sucesso,2026-06-01T12:51:54Z,2026-06-01T12:53:21Z,2026-06-01T12:51:54Z
mozilla/pontoon,26756032398,208684642,Docker Build,push,5a0c11f7504842487b7ce46ccdeb3eb10d57cc05,1,success,sucesso,2026-06-01T12:51:54Z,2026-06-01T12:54:50Z,2026-06-01T12:51:54Z
mozilla/pontoon,26756032437,4438152,Backend,push,5a0c11f7504842487b7ce46ccdeb3eb10d57cc05,1,success,sucesso,2026-06-01T12:51:54Z,2026-06-01T12:57:33Z,2026-06-01T12:51:54Z
mozilla/pontoon,26594681504,208684642,Docker Build,push,aba3464b8a643c05b6fc62f91719b01888862c6c,1,success,sucesso,2026-05-28T18:38:15Z,2026-05-28T18:41:04Z,2026-05-28T18:38:15Z
mozilla/pontoon,26437815259,4439483,JavaScript and Jinja linting,push,8d9343c22b5dbc8af14601a305f0c89b2441e485,1,success,sucesso,2026-05-26T07:09:37Z,2026-05-26T07:10:01Z,2026-05-26T07:09:37Z
mozilla/pontoon,26437815289,4416466,Frontend,push,8d9343c22b5dbc8af14601a305f0c89b2441e485,1,success,sucesso,2026-05-26T07:09:37Z,2026-05-26T07:10:52Z,2026-05-26T07:09:37Z
mozilla/pontoon,26437815257,208684642,Docker Build,push,8d9343c22b5dbc8af14601a305f0c89b2441e485,1,success,sucesso,2026-05-26T07:09:37Z,2026-05-26T07:12:46Z,2026-05-26T07:09:37Z
mozilla/pontoon,26408704477,208684642,Docker Build,push,87e3fccead631dffaf0ae7d6cedc02b0e6c155f2,1,success,sucesso,2026-05-25T15:47:21Z,2026-05-25T15:50:48Z,2026-05-25T15:47:21Z
mozilla/pontoon,26408704476,4438152,Backend,push,87e3fccead631dffaf0ae7d6cedc02b0e6c155f2,1,success,sucesso,2026-05-25T15:47:21Z,2026-05-25T15:53:21Z,2026-05-25T15:47:21Z
mozilla/pontoon,26408704479,4438153,Python linting,push,87e3fccead631dffaf0ae7d6cedc02b0e6c155f2,1,success,sucesso,2026-05-25T15:47:21Z,2026-05-25T15:47:38Z,2026-05-25T15:47:21Z
mozilla/pontoon,26404472955,4439483,JavaScript and Jinja linting,push,3ebd9f0704bb221ff17b2356e620b20cfa982836,1,success,sucesso,2026-05-25T14:03:48Z,2026-05-25T14:04:13Z,2026-05-25T14:03:48Z
mozilla/pontoon,26404472956,4438153,Python linting,push,3ebd9f0704bb221ff17b2356e620b20cfa982836,1,success,sucesso,2026-05-25T14:03:48Z,2026-05-25T14:04:00Z,2026-05-25T14:03:48Z
mozilla/pontoon,26404472991,208684642,Docker Build,push,3ebd9f0704bb221ff17b2356e620b20cfa982836,1,success,sucesso,2026-05-25T14:03:48Z,2026-05-25T14:06:29Z,2026-05-25T14:03:48Z
mozilla/pontoon,26404472990,4438152,Backend,push,3ebd9f0704bb221ff17b2356e620b20cfa982836,1,success,sucesso,2026-05-25T14:03:48Z,2026-05-25T14:09:46Z,2026-05-25T14:03:48Z
mozilla/pontoon,26398113098,4438153,Python linting,push,2d8c25e3a86327b2a9e44e26f1133954db3ab763,1,success,sucesso,2026-05-25T11:27:42Z,2026-05-25T11:27:56Z,2026-05-25T11:27:42Z
mozilla/pontoon,26398113099,208684642,Docker Build,push,2d8c25e3a86327b2a9e44e26f1133954db3ab763,1,success,sucesso,2026-05-25T11:27:42Z,2026-05-25T11:30:28Z,2026-05-25T11:27:42Z
mozilla/pontoon,26398113135,4438152,Backend,push,2d8c25e3a86327b2a9e44e26f1133954db3ab763,1,success,sucesso,2026-05-25T11:27:42Z,2026-05-25T11:33:35Z,2026-05-25T11:27:42Z
mozilla/pontoon,26301647578,4438153,Python linting,push,4d539ef04044ca08d63d7c26f4cf830d6d911e34,1,success,sucesso,2026-05-22T17:12:24Z,2026-05-22T17:12:39Z,2026-05-22T17:12:24Z
mozilla/pontoon,26301647542,208684642,Docker Build,push,4d539ef04044ca08d63d7c26f4cf830d6d911e34,1,success,sucesso,2026-05-22T17:12:24Z,2026-05-22T17:15:53Z,2026-05-22T17:12:24Z
mozilla/pontoon,26301647579,4438152,Backend,push,4d539ef04044ca08d63d7c26f4cf830d6d911e34,1,success,sucesso,2026-05-22T17:12:24Z,2026-05-22T17:18:24Z,2026-05-22T17:12:24Z
mozilla/pontoon,26154595981,4438153,Python linting,push,ee7fd9f46dc65b7c2f038b8aafa5d396cab5ba6d,1,success,sucesso,2026-05-20T09:44:10Z,2026-05-20T09:44:25Z,2026-05-20T09:44:10Z
mozilla/pontoon,26154596039,4439483,JavaScript and Jinja linting,push,ee7fd9f46dc65b7c2f038b8aafa5d396cab5ba6d,1,success,sucesso,2026-05-20T09:44:10Z,2026-05-20T09:44:37Z,2026-05-20T09:44:10Z
mozilla/pontoon,26154596034,208684642,Docker Build,push,ee7fd9f46dc65b7c2f038b8aafa5d396cab5ba6d,1,success,sucesso,2026-05-20T09:44:10Z,2026-05-20T09:48:20Z,2026-05-20T09:44:10Z
mozilla/pontoon,26154596031,4438152,Backend,push,ee7fd9f46dc65b7c2f038b8aafa5d396cab5ba6d,1,success,sucesso,2026-05-20T09:44:10Z,2026-05-20T09:50:06Z,2026-05-20T09:44:10Z
mozilla/pontoon,26147263617,4438153,Python linting,push,07668322386b2dbf112de6d059e5413c962d582b,1,success,sucesso,2026-05-20T07:10:46Z,2026-05-20T07:10:58Z,2026-05-20T07:10:46Z
mozilla/pontoon,26147263568,208684642,Docker Build,push,07668322386b2dbf112de6d059e5413c962d582b,1,success,sucesso,2026-05-20T07:10:46Z,2026-05-20T07:14:25Z,2026-05-20T07:10:46Z
mozilla/pontoon,26147263645,4438152,Backend,push,07668322386b2dbf112de6d059e5413c962d582b,1,success,sucesso,2026-05-20T07:10:46Z,2026-05-20T07:17:08Z,2026-05-20T07:10:46Z
mozilla/pontoon,26142895995,4438153,Python linting,push,4c7f6726a337b668e4e065d94dfeecfe28f2739a,1,success,sucesso,2026-05-20T05:15:56Z,2026-05-20T05:16:10Z,2026-05-20T05:15:56Z
mozilla/pontoon,26142895996,208684642,Docker Build,push,4c7f6726a337b668e4e065d94dfeecfe28f2739a,1,success,sucesso,2026-05-20T05:15:56Z,2026-05-20T05:19:30Z,2026-05-20T05:15:56Z
mozilla/pontoon,26142895967,4438152,Backend,push,4c7f6726a337b668e4e065d94dfeecfe28f2739a,1,success,sucesso,2026-05-20T05:15:56Z,2026-05-20T05:22:28Z,2026-05-20T05:15:56Z
mozilla/pontoon,26142865624,208684642,Docker Build,push,a03d4e1773e7b7015afbf7aba36bb7cb1dc4010e,1,success,sucesso,2026-05-20T05:15:02Z,2026-05-20T05:19:04Z,2026-05-20T05:15:02Z
mozilla/pontoon,26142865572,4438152,Backend,push,a03d4e1773e7b7015afbf7aba36bb7cb1dc4010e,1,success,sucesso,2026-05-20T05:15:02Z,2026-05-20T05:20:58Z,2026-05-20T05:15:02Z
mozilla/pontoon,26142864019,208684642,Docker Build,push,7d839c23e01e538ea404ab429b8b742729b04fd3,1,success,sucesso,2026-05-20T05:14:59Z,2026-05-20T05:18:40Z,2026-05-20T05:14:59Z
mozilla/pontoon,26142863944,4438152,Backend,push,7d839c23e01e538ea404ab429b8b742729b04fd3,1,success,sucesso,2026-05-20T05:14:59Z,2026-05-20T05:20:49Z,2026-05-20T05:14:59Z
mozilla/pontoon,25924789215,4438153,Python linting,push,cd08f66a73b74a09922a2dff7fd71d5d2903fe55,1,success,sucesso,2026-05-15T14:58:59Z,2026-05-15T14:59:11Z,2026-05-15T14:58:59Z
mozilla/pontoon,25924789264,208684642,Docker Build,push,cd08f66a73b74a09922a2dff7fd71d5d2903fe55,1,success,sucesso,2026-05-15T14:58:59Z,2026-05-15T15:02:29Z,2026-05-15T14:58:59Z
mozilla/pontoon,25924789257,4438152,Backend,push,cd08f66a73b74a09922a2dff7fd71d5d2903fe55,1,success,sucesso,2026-05-15T14:58:59Z,2026-05-15T15:05:00Z,2026-05-15T14:58:59Z
mozilla/pontoon,25883846788,4439483,JavaScript and Jinja linting,push,953bbe509ed762dac863fff259caa56cfeb4b14f,1,success,sucesso,2026-05-14T20:28:08Z,2026-05-14T20:28:38Z,2026-05-14T20:28:08Z
mozilla/pontoon,25883846749,208684642,Docker Build,push,953bbe509ed762dac863fff259caa56cfeb4b14f,1,success,sucesso,2026-05-14T20:28:08Z,2026-05-14T20:30:56Z,2026-05-14T20:28:08Z
mozilla/pontoon,25883846770,4438152,Backend,push,953bbe509ed762dac863fff259caa56cfeb4b14f,1,success,sucesso,2026-05-14T20:28:08Z,2026-05-14T20:34:40Z,2026-05-14T20:28:08Z
mozilla/pontoon,25855102564,4439483,JavaScript and Jinja linting,push,51b38648317de84b41666cb1f5290297591f601f,1,success,sucesso,2026-05-14T10:28:07Z,2026-05-14T10:28:36Z,2026-05-14T10:28:07Z
mozilla/pontoon,25855102550,208684642,Docker Build,push,51b38648317de84b41666cb1f5290297591f601f,1,success,sucesso,2026-05-14T10:28:07Z,2026-05-14T10:31:50Z,2026-05-14T10:28:07Z
mozilla/pontoon,25855102526,4438152,Backend,push,51b38648317de84b41666cb1f5290297591f601f,1,success,sucesso,2026-05-14T10:28:07Z,2026-05-14T10:34:10Z,2026-05-14T10:28:07Z
mozilla/pontoon,25792304090,4438152,Backend,push,06fb34a6df646502642501008214348617107e0e,1,success,sucesso,2026-05-13T10:04:44Z,2026-05-13T10:11:30Z,2026-05-13T10:04:44Z
mozilla/pontoon,25792304037,4438153,Python linting,push,06fb34a6df646502642501008214348617107e0e,1,success,sucesso,2026-05-13T10:04:44Z,2026-05-13T10:04:58Z,2026-05-13T10:04:44Z
mozilla/pontoon,25792304101,208684642,Docker Build,push,06fb34a6df646502642501008214348617107e0e,1,success,sucesso,2026-05-13T10:04:44Z,2026-05-13T10:08:29Z,2026-05-13T10:04:44Z
mozilla/pontoon,25781945396,4439483,JavaScript and Jinja linting,push,a26cc38e09fed27aab963968cb339ad8e67cfcbf,1,success,sucesso,2026-05-13T06:15:16Z,2026-05-13T06:15:47Z,2026-05-13T06:15:16Z
mozilla/pontoon,25781945421,208684642,Docker Build,push,a26cc38e09fed27aab963968cb339ad8e67cfcbf,1,success,sucesso,2026-05-13T06:15:16Z,2026-05-13T06:18:04Z,2026-05-13T06:15:16Z
mozilla/pontoon,25781945448,4438152,Backend,push,a26cc38e09fed27aab963968cb339ad8e67cfcbf,1,success,sucesso,2026-05-13T06:15:16Z,2026-05-13T06:21:09Z,2026-05-13T06:15:16Z
mozilla/pontoon,25719998312,208684642,Docker Build,push,ffd51fce24ffd6e3475ff74594d542a58def3cc0,1,success,sucesso,2026-05-12T07:27:11Z,2026-05-12T07:30:35Z,2026-05-12T07:27:11Z
mozilla/pontoon,25719998285,4438152,Backend,push,ffd51fce24ffd6e3475ff74594d542a58def3cc0,1,success,sucesso,2026-05-12T07:27:11Z,2026-05-12T07:33:38Z,2026-05-12T07:27:11Z
mozilla/pontoon,25718781067,4438152,Backend,push,a93853b2f25833469e7f18f993c207c170c7a2f2,1,success,sucesso,2026-05-12T06:58:52Z,2026-05-12T07:04:26Z,2026-05-12T06:58:52Z
mozilla/pontoon,25718781066,4438153,Python linting,push,a93853b2f25833469e7f18f993c207c170c7a2f2,1,success,sucesso,2026-05-12T06:58:52Z,2026-05-12T06:59:05Z,2026-05-12T06:58:52Z
mozilla/pontoon,25718781085,208684642,Docker Build,push,a93853b2f25833469e7f18f993c207c170c7a2f2,1,success,sucesso,2026-05-12T06:58:52Z,2026-05-12T07:03:44Z,2026-05-12T06:58:52Z
mozilla/pontoon,25718485113,4439483,JavaScript and Jinja linting,push,433c98f70215517f58aeeca07b2fcd865d06d918,1,success,sucesso,2026-05-12T06:51:51Z,2026-05-12T06:52:32Z,2026-05-12T06:51:51Z
mozilla/pontoon,25718485115,4416466,Frontend,push,433c98f70215517f58aeeca07b2fcd865d06d918,1,success,sucesso,2026-05-12T06:51:51Z,2026-05-12T06:53:23Z,2026-05-12T06:51:51Z
mozilla/pontoon,25718485129,208684642,Docker Build,push,433c98f70215517f58aeeca07b2fcd865d06d918,1,success,sucesso,2026-05-12T06:51:51Z,2026-05-12T06:55:31Z,2026-05-12T06:51:51Z
mozilla/pontoon,25717755705,4438153,Python linting,push,000ae54cbba916da10c5ac78cd1d8b37c75d44fd,1,success,sucesso,2026-05-12T06:33:41Z,2026-05-12T06:33:57Z,2026-05-12T06:33:41Z
mozilla/pontoon,25717755665,4439483,JavaScript and Jinja linting,push,000ae54cbba916da10c5ac78cd1d8b37c75d44fd,1,success,sucesso,2026-05-12T06:33:41Z,2026-05-12T06:34:15Z,2026-05-12T06:33:41Z
mozilla/pontoon,25717755699,4416466,Frontend,push,000ae54cbba916da10c5ac78cd1d8b37c75d44fd,1,success,sucesso,2026-05-12T06:33:41Z,2026-05-12T06:35:17Z,2026-05-12T06:33:41Z
mozilla/pontoon,25717755703,208684642,Docker Build,push,000ae54cbba916da10c5ac78cd1d8b37c75d44fd,1,success,sucesso,2026-05-12T06:33:41Z,2026-05-12T06:36:29Z,2026-05-12T06:33:41Z
mozilla/pontoon,25717755676,4438152,Backend,push,000ae54cbba916da10c5ac78cd1d8b37c75d44fd,1,success,sucesso,2026-05-12T06:33:41Z,2026-05-12T06:39:25Z,2026-05-12T06:33:41Z
mozilla/pontoon,25691729837,4438153,Python linting,push,4cbb2849358faacefaefe046cbd7aff87391d7d8,1,success,sucesso,2026-05-11T19:15:20Z,2026-05-11T19:15:37Z,2026-05-11T19:15:20Z
mozilla/pontoon,25691729884,4439483,JavaScript and Jinja linting,push,4cbb2849358faacefaefe046cbd7aff87391d7d8,1,success,sucesso,2026-05-11T19:15:20Z,2026-05-11T19:15:51Z,2026-05-11T19:15:20Z
mozilla/pontoon,25691729877,208684642,Docker Build,push,4cbb2849358faacefaefe046cbd7aff87391d7d8,1,success,sucesso,2026-05-11T19:15:20Z,2026-05-11T19:18:54Z,2026-05-11T19:15:20Z
mozilla/pontoon,25691729812,4438152,Backend,push,4cbb2849358faacefaefe046cbd7aff87391d7d8,1,success,sucesso,2026-05-11T19:15:20Z,2026-05-11T19:21:52Z,2026-05-11T19:15:20Z
mozilla/pontoon,25675151637,208684642,Docker Build,push,bee009f58eecfa05ec7fff10f096bf0a210c36c6,1,success,sucesso,2026-05-11T14:05:21Z,2026-05-11T14:09:02Z,2026-05-11T14:05:21Z
mozilla/pontoon,25675151684,4438152,Backend,push,bee009f58eecfa05ec7fff10f096bf0a210c36c6,1,success,sucesso,2026-05-11T14:05:21Z,2026-05-11T14:14:40Z,2026-05-11T14:05:21Z
mozilla/pontoon,25672798444,208684642,Docker Build,push,54ac34e1a6bfa81aade61246f03ff8cf8a357e58,1,success,sucesso,2026-05-11T13:21:37Z,2026-05-11T13:26:03Z,2026-05-11T13:21:37Z
mozilla/pontoon,25671728293,208684642,Docker Build,push,80a4b95b9b4ad65b1fac2ac01f1d8b8c48eebe33,1,success,sucesso,2026-05-11T13:00:59Z,2026-05-11T13:04:44Z,2026-05-11T13:00:59Z
mozilla/pontoon,25671728236,4438152,Backend,push,80a4b95b9b4ad65b1fac2ac01f1d8b8c48eebe33,1,success,sucesso,2026-05-11T13:00:59Z,2026-05-11T13:07:51Z,2026-05-11T13:00:59Z
mozilla/pontoon,25654020585,208684642,Docker Build,push,dd91a94f9ca539149c11a29b39241e3f848800fb,1,success,sucesso,2026-05-11T06:26:52Z,2026-05-11T06:31:21Z,2026-05-11T06:26:52Z
mozilla/pontoon,25553852860,4439483,JavaScript and Jinja linting,push,dedde3d65e3c4e0e11e9b62fd766ee3b4736f116,1,success,sucesso,2026-05-08T11:46:54Z,2026-05-08T11:47:30Z,2026-05-08T11:46:54Z
mozilla/pontoon,25553852868,4416466,Frontend,push,dedde3d65e3c4e0e11e9b62fd766ee3b4736f116,1,success,sucesso,2026-05-08T11:46:54Z,2026-05-08T11:48:31Z,2026-05-08T11:46:54Z
mozilla/pontoon,25553852873,208684642,Docker Build,push,dedde3d65e3c4e0e11e9b62fd766ee3b4736f116,1,success,sucesso,2026-05-08T11:46:54Z,2026-05-08T11:51:16Z,2026-05-08T11:46:54Z
mozilla/pontoon,25545264337,208684642,Docker Build,push,30065ec7a1412fc021a56b4105f695c762e875e5,1,success,sucesso,2026-05-08T08:22:24Z,2026-05-08T08:25:49Z,2026-05-08T08:22:24Z
mozilla/pontoon,25545264340,4438152,Backend,push,30065ec7a1412fc021a56b4105f695c762e875e5,1,success,sucesso,2026-05-08T08:22:24Z,2026-05-08T08:28:45Z,2026-05-08T08:22:24Z
mozilla/pontoon,25545264338,4438153,Python linting,push,30065ec7a1412fc021a56b4105f695c762e875e5,1,success,sucesso,2026-05-08T08:22:24Z,2026-05-08T08:22:47Z,2026-05-08T08:22:24Z
mozilla/pontoon,25504090020,4438153,Python linting,push,6ac6177f3c2e304767a56a5e0837924136135128,1,success,sucesso,2026-05-07T15:03:53Z,2026-05-07T15:04:10Z,2026-05-07T15:03:53Z
mozilla/pontoon,25504089730,208684642,Docker Build,push,6ac6177f3c2e304767a56a5e0837924136135128,1,success,sucesso,2026-05-07T15:03:52Z,2026-05-07T15:07:07Z,2026-05-07T15:03:52Z
mozilla/pontoon,25504089364,4438152,Backend,push,6ac6177f3c2e304767a56a5e0837924136135128,1,success,sucesso,2026-05-07T15:03:52Z,2026-05-07T15:10:18Z,2026-05-07T15:03:52Z
mozilla/pontoon,25482800248,208684642,Docker Build,push,88f421ed2aee1effba48a4492c8f7394b5fc5919,1,success,sucesso,2026-05-07T07:42:04Z,2026-05-07T07:44:58Z,2026-05-07T07:42:04Z
mozilla/pontoon,25425008784,208684642,Docker Build,push,8f017e738b75e5515dd8df14690396e7ea4e7fda,1,success,sucesso,2026-05-06T08:37:23Z,2026-05-06T08:40:57Z,2026-05-06T08:37:23Z
mozilla/pontoon,25425008801,4439483,JavaScript and Jinja linting,push,8f017e738b75e5515dd8df14690396e7ea4e7fda,1,success,sucesso,2026-05-06T08:37:23Z,2026-05-06T08:37:53Z,2026-05-06T08:37:23Z
mozilla/pontoon,25425008794,4416466,Frontend,push,8f017e738b75e5515dd8df14690396e7ea4e7fda,1,success,sucesso,2026-05-06T08:37:23Z,2026-05-06T08:38:48Z,2026-05-06T08:37:23Z
mozilla/pontoon,25420453123,4438153,Python linting,push,0cba72416b5f1d961c0237d2ce36e15533875083,1,success,sucesso,2026-05-06T06:40:50Z,2026-05-06T06:41:08Z,2026-05-06T06:40:50Z
mozilla/pontoon,25420453104,208684642,Docker Build,push,0cba72416b5f1d961c0237d2ce36e15533875083,1,success,sucesso,2026-05-06T06:40:50Z,2026-05-06T06:45:10Z,2026-05-06T06:40:50Z
mozilla/pontoon,25420453106,4438152,Backend,push,0cba72416b5f1d961c0237d2ce36e15533875083,1,success,sucesso,2026-05-06T06:40:50Z,2026-05-06T06:47:11Z,2026-05-06T06:40:50Z
mozilla/pontoon,25419921652,208684642,Docker Build,push,b94b5cf6aaabea87edb14768d7225b7eabeefcf5,1,success,sucesso,2026-05-06T06:24:58Z,2026-05-06T06:28:16Z,2026-05-06T06:24:58Z
mozilla/pontoon,25419107394,208684642,Docker Build,push,f4a6e53e93d5e0e749c8b93f4bf3b86156b81bce,1,success,sucesso,2026-05-06T06:00:07Z,2026-05-06T06:03:13Z,2026-05-06T06:00:07Z
mozilla/pontoon,25377358061,208684642,Docker Build,push,c3698909aed9e275dbb6a1967e49d4588233d310,1,success,sucesso,2026-05-05T12:49:49Z,2026-05-05T12:53:52Z,2026-05-05T12:49:49Z
mozilla/pontoon,25377358116,4438152,Backend,push,c3698909aed9e275dbb6a1967e49d4588233d310,1,success,sucesso,2026-05-05T12:49:49Z,2026-05-05T12:55:03Z,2026-05-05T12:49:49Z
mozilla/pontoon,25377358115,4438153,Python linting,push,c3698909aed9e275dbb6a1967e49d4588233d310,1,success,sucesso,2026-05-05T12:49:49Z,2026-05-05T12:50:09Z,2026-05-05T12:49:49Z
mozilla/pontoon,25374351496,4438153,Python linting,push,206ab10c8bf14a050635d5b43a5a17f5d5482adf,1,success,sucesso,2026-05-05T11:44:12Z,2026-05-05T11:44:24Z,2026-05-05T11:44:12Z
mozilla/pontoon,25374351443,208684642,Docker Build,push,206ab10c8bf14a050635d5b43a5a17f5d5482adf,1,success,sucesso,2026-05-05T11:44:12Z,2026-05-05T11:47:02Z,2026-05-05T11:44:12Z
mozilla/pontoon,25374351422,4438152,Backend,push,206ab10c8bf14a050635d5b43a5a17f5d5482adf,1,success,sucesso,2026-05-05T11:44:12Z,2026-05-05T11:49:44Z,2026-05-05T11:44:12Z
mozilla/pontoon,25370508958,4438152,Backend,push,724c06cc67f89272f785d4168b81ffc588f40475,1,success,sucesso,2026-05-05T10:14:47Z,2026-05-05T10:20:32Z,2026-05-05T10:14:47Z
mozilla/pontoon,25370508995,4439483,JavaScript and Jinja linting,push,724c06cc67f89272f785d4168b81ffc588f40475,1,success,sucesso,2026-05-05T10:14:47Z,2026-05-05T10:15:21Z,2026-05-05T10:14:47Z
mozilla/pontoon,25370508948,208684642,Docker Build,push,724c06cc67f89272f785d4168b81ffc588f40475,1,success,sucesso,2026-05-05T10:14:47Z,2026-05-05T10:18:29Z,2026-05-05T10:14:47Z
mozilla/pontoon,25366763172,208684642,Docker Build,push,79dc6beeaa9917a56eb4923cd57257b305328021,1,success,sucesso,2026-05-05T08:49:03Z,2026-05-05T08:52:09Z,2026-05-05T08:49:03Z
mozilla/pontoon,25364895145,208684642,Docker Build,push,6c24038983b66692d807184e38e7cca825f3b79a,1,success,sucesso,2026-05-05T08:03:57Z,2026-05-05T08:07:07Z,2026-05-05T08:03:57Z
mozilla/pontoon,25364895141,4438152,Backend,push,6c24038983b66692d807184e38e7cca825f3b79a,1,success,sucesso,2026-05-05T08:03:57Z,2026-05-05T08:09:30Z,2026-05-05T08:03:57Z
mozilla/pontoon,25364895153,4439483,JavaScript and Jinja linting,push,6c24038983b66692d807184e38e7cca825f3b79a,1,success,sucesso,2026-05-05T08:03:57Z,2026-05-05T08:04:33Z,2026-05-05T08:03:57Z
mozilla/pontoon,25136496549,4438153,Python linting,push,33d5d243ec22c08acf60f0a0eeeaa72c4e62af09,1,success,sucesso,2026-04-29T22:10:20Z,2026-04-29T22:10:35Z,2026-04-29T22:10:20Z
mozilla/pontoon,25136496536,208684642,Docker Build,push,33d5d243ec22c08acf60f0a0eeeaa72c4e62af09,1,success,sucesso,2026-04-29T22:10:20Z,2026-04-29T22:13:15Z,2026-04-29T22:10:20Z
mozilla/pontoon,25136496558,4438152,Backend,push,33d5d243ec22c08acf60f0a0eeeaa72c4e62af09,1,success,sucesso,2026-04-29T22:10:20Z,2026-04-29T22:14:53Z,2026-04-29T22:10:20Z
mozilla/pontoon,25132217605,4438153,Python linting,push,bb7221e5a10cb4f867f0b65986101fea5b18c187,1,success,sucesso,2026-04-29T20:30:16Z,2026-04-29T20:30:27Z,2026-04-29T20:30:16Z
mozilla/pontoon,25132217601,4439483,JavaScript and Jinja linting,push,bb7221e5a10cb4f867f0b65986101fea5b18c187,1,success,sucesso,2026-04-29T20:30:16Z,2026-04-29T20:30:48Z,2026-04-29T20:30:16Z
mozilla/pontoon,25132217640,4416466,Frontend,push,bb7221e5a10cb4f867f0b65986101fea5b18c187,1,success,sucesso,2026-04-29T20:30:16Z,2026-04-29T20:31:48Z,2026-04-29T20:30:16Z
mozilla/pontoon,25132217655,208684642,Docker Build,push,bb7221e5a10cb4f867f0b65986101fea5b18c187,1,success,sucesso,2026-04-29T20:30:16Z,2026-04-29T20:33:56Z,2026-04-29T20:30:16Z
mozilla/pontoon,25132217657,4438152,Backend,push,bb7221e5a10cb4f867f0b65986101fea5b18c187,1,success,sucesso,2026-04-29T20:30:16Z,2026-04-29T20:35:51Z,2026-04-29T20:30:16Z
mozilla/pontoon,25090845731,4438153,Python linting,push,4c8f1590c23e0589b58af60083d687bfe630d59d,1,success,sucesso,2026-04-29T04:25:14Z,2026-04-29T04:25:27Z,2026-04-29T04:25:14Z
mozilla/pontoon,25090845730,208684642,Docker Build,push,4c8f1590c23e0589b58af60083d687bfe630d59d,1,success,sucesso,2026-04-29T04:25:14Z,2026-04-29T04:28:06Z,2026-04-29T04:25:14Z
mozilla/pontoon,25090845729,4438152,Backend,push,4c8f1590c23e0589b58af60083d687bfe630d59d,1,success,sucesso,2026-04-29T04:25:14Z,2026-04-29T04:30:22Z,2026-04-29T04:25:14Z
mozilla/pontoon,25067825204,4438153,Python linting,push,c2211a61dcc7f6fc5be5f659e607c272f5d03a3e,1,success,sucesso,2026-04-28T17:27:37Z,2026-04-28T17:27:53Z,2026-04-28T17:27:37Z
mozilla/pontoon,25067825214,208684642,Docker Build,push,c2211a61dcc7f6fc5be5f659e607c272f5d03a3e,1,success,sucesso,2026-04-28T17:27:37Z,2026-04-28T17:30:56Z,2026-04-28T17:27:37Z
mozilla/pontoon,25067825170,4438152,Backend,push,c2211a61dcc7f6fc5be5f659e607c272f5d03a3e,1,success,sucesso,2026-04-28T17:27:37Z,2026-04-28T17:33:16Z,2026-04-28T17:27:37Z
mozilla/pontoon,25052199612,208684642,Docker Build,push,21302a273c5e3843d815828a4d7aca167578abf3,1,success,sucesso,2026-04-28T12:15:19Z,2026-04-28T12:18:36Z,2026-04-28T12:15:19Z
mozilla/pontoon,24910809977,4439483,JavaScript and Jinja linting,push,1668c90dc947e827343cbae60d168b4f5bcb147c,1,success,sucesso,2026-04-24T20:39:23Z,2026-04-24T20:39:52Z,2026-04-24T20:39:23Z
mozilla/pontoon,24910809970,208684642,Docker Build,push,1668c90dc947e827343cbae60d168b4f5bcb147c,1,success,sucesso,2026-04-24T20:39:23Z,2026-04-24T20:42:37Z,2026-04-24T20:39:23Z
mozilla/pontoon,24910809974,4438152,Backend,push,1668c90dc947e827343cbae60d168b4f5bcb147c,1,success,sucesso,2026-04-24T20:39:23Z,2026-04-24T20:44:51Z,2026-04-24T20:39:23Z
mozilla/pontoon,24792267629,4438153,Python linting,push,a891a248dec7a71b3ccc0454d6ebb169d2a4be22,1,success,sucesso,2026-04-22T17:17:19Z,2026-04-22T17:17:35Z,2026-04-22T17:17:19Z
mozilla/pontoon,24792267612,4438152,Backend,push,a891a248dec7a71b3ccc0454d6ebb169d2a4be22,1,success,sucesso,2026-04-22T17:17:19Z,2026-04-22T17:22:13Z,2026-04-22T17:17:19Z
mozilla/pontoon,24792267649,208684642,Docker Build,push,a891a248dec7a71b3ccc0454d6ebb169d2a4be22,1,success,sucesso,2026-04-22T17:17:19Z,2026-04-22T17:22:43Z,2026-04-22T17:17:19Z
mozilla/pontoon,24772883037,4438153,Python linting,push,b9955d6806565c9102a9df1f7d60e9be9713ab91,1,success,sucesso,2026-04-22T10:15:24Z,2026-04-22T10:15:39Z,2026-04-22T10:15:24Z
mozilla/pontoon,24772883011,208684642,Docker Build,push,b9955d6806565c9102a9df1f7d60e9be9713ab91,1,success,sucesso,2026-04-22T10:15:24Z,2026-04-22T10:19:13Z,2026-04-22T10:15:24Z
mozilla/pontoon,24772883020,4438152,Backend,push,b9955d6806565c9102a9df1f7d60e9be9713ab91,1,success,sucesso,2026-04-22T10:15:24Z,2026-04-22T10:20:57Z,2026-04-22T10:15:24Z
mozilla/pontoon,24762097864,208684642,Docker Build,push,c15db9d7b59021e16c1166cc085b3c7e3f10905b,1,success,sucesso,2026-04-22T05:35:49Z,2026-04-22T05:39:53Z,2026-04-22T05:35:49Z
mozilla/pontoon,24762097858,4438152,Backend,push,c15db9d7b59021e16c1166cc085b3c7e3f10905b,1,success,sucesso,2026-04-22T05:35:48Z,2026-04-22T05:40:15Z,2026-04-22T05:35:48Z
mozilla/pontoon,24745594890,4439483,JavaScript and Jinja linting,push,3c956a8c69fcba27c7aacc3848950f2a86fe9d79,1,success,sucesso,2026-04-21T20:47:18Z,2026-04-21T20:47:43Z,2026-04-21T20:47:18Z
mozilla/pontoon,24745594924,4416466,Frontend,push,3c956a8c69fcba27c7aacc3848950f2a86fe9d79,1,success,sucesso,2026-04-21T20:47:18Z,2026-04-21T20:48:41Z,2026-04-21T20:47:18Z
mozilla/pontoon,24745594914,208684642,Docker Build,push,3c956a8c69fcba27c7aacc3848950f2a86fe9d79,1,success,sucesso,2026-04-21T20:47:18Z,2026-04-21T20:50:30Z,2026-04-21T20:47:18Z
mozilla/pontoon,24721750035,4439483,JavaScript and Jinja linting,push,97baf257447041dc03735aa0c846ff93a15a88d8,1,success,sucesso,2026-04-21T12:14:23Z,2026-04-21T12:14:54Z,2026-04-21T12:14:23Z
mozilla/pontoon,24721750034,4416466,Frontend,push,97baf257447041dc03735aa0c846ff93a15a88d8,1,success,sucesso,2026-04-21T12:14:23Z,2026-04-21T12:15:47Z,2026-04-21T12:14:23Z
mozilla/pontoon,24721750020,208684642,Docker Build,push,97baf257447041dc03735aa0c846ff93a15a88d8,1,success,sucesso,2026-04-21T12:14:23Z,2026-04-21T12:17:43Z,2026-04-21T12:14:23Z
mozilla/pontoon,24720275131,208684642,Docker Build,push,5272836e6b6bf973834bf409d8a589167c2d438c,1,success,sucesso,2026-04-21T11:38:21Z,2026-04-21T11:41:39Z,2026-04-21T11:38:21Z
mozilla/pontoon,24720275106,4438152,Backend,push,5272836e6b6bf973834bf409d8a589167c2d438c,1,success,sucesso,2026-04-21T11:38:21Z,2026-04-21T11:43:20Z,2026-04-21T11:38:21Z
mozilla/pontoon,24705361176,4439483,JavaScript and Jinja linting,push,102286b3b5eb6e69c9403a0af34047d9ed3e0cf5,1,success,sucesso,2026-04-21T05:15:46Z,2026-04-21T05:16:14Z,2026-04-21T05:15:46Z
mozilla/pontoon,24705361195,4416466,Frontend,push,102286b3b5eb6e69c9403a0af34047d9ed3e0cf5,1,success,sucesso,2026-04-21T05:15:46Z,2026-04-21T05:17:19Z,2026-04-21T05:15:46Z
mozilla/pontoon,24705361189,208684642,Docker Build,push,102286b3b5eb6e69c9403a0af34047d9ed3e0cf5,1,success,sucesso,2026-04-21T05:15:46Z,2026-04-21T05:18:50Z,2026-04-21T05:15:46Z
mozilla/pontoon,24692342991,208684642,Docker Build,push,651ad89ad0bdb7b323dafa49ec5a7915ab48b8d4,1,success,sucesso,2026-04-20T21:53:59Z,2026-04-20T21:56:54Z,2026-04-20T21:53:59Z
mozilla/pontoon,24676978516,4439483,JavaScript and Jinja linting,push,d9a9d83066ca0745804b8bd77ad3755a3dd9291f,1,success,sucesso,2026-04-20T16:06:02Z,2026-04-20T16:06:34Z,2026-04-20T16:06:02Z
mozilla/pontoon,24676978530,4416466,Frontend,push,d9a9d83066ca0745804b8bd77ad3755a3dd9291f,1,success,sucesso,2026-04-20T16:06:02Z,2026-04-20T16:07:38Z,2026-04-20T16:06:02Z
mozilla/pontoon,24676978535,208684642,Docker Build,push,d9a9d83066ca0745804b8bd77ad3755a3dd9291f,1,success,sucesso,2026-04-20T16:06:02Z,2026-04-20T16:09:12Z,2026-04-20T16:06:02Z
mozilla/pontoon,24530922234,208684642,Docker Build,push,75ee60f0405b089ee6e66abe35f0548782c44a8e,1,success,sucesso,2026-04-16T19:55:41Z,2026-04-16T19:58:59Z,2026-04-16T19:55:41Z
mozilla/pontoon,24530922222,4438152,Backend,push,75ee60f0405b089ee6e66abe35f0548782c44a8e,1,success,sucesso,2026-04-16T19:55:41Z,2026-04-16T20:00:59Z,2026-04-16T19:55:41Z
mozilla/pontoon,24530922225,4438153,Python linting,push,75ee60f0405b089ee6e66abe35f0548782c44a8e,1,success,sucesso,2026-04-16T19:55:41Z,2026-04-16T19:55:54Z,2026-04-16T19:55:41Z
mozilla/pontoon,24530922223,4439483,JavaScript and Jinja linting,push,75ee60f0405b089ee6e66abe35f0548782c44a8e,1,success,sucesso,2026-04-16T19:55:41Z,2026-04-16T19:56:07Z,2026-04-16T19:55:41Z
mozilla/pontoon,24530637045,4438153,Python linting,push,be3dcc704658cdbabc7c4dc6d4275d7f42f22884,1,success,sucesso,2026-04-16T19:49:12Z,2026-04-16T19:49:25Z,2026-04-16T19:49:12Z
mozilla/pontoon,24530637050,208684642,Docker Build,push,be3dcc704658cdbabc7c4dc6d4275d7f42f22884,1,success,sucesso,2026-04-16T19:49:12Z,2026-04-16T19:53:29Z,2026-04-16T19:49:12Z
mozilla/pontoon,24530637048,4438152,Backend,push,be3dcc704658cdbabc7c4dc6d4275d7f42f22884,1,success,sucesso,2026-04-16T19:49:12Z,2026-04-16T19:54:29Z,2026-04-16T19:49:12Z
mozilla/pontoon,24507015742,4438153,Python linting,push,b0ebb14dd207fdda03bff90d5605b312fe1b79a7,1,success,sucesso,2026-04-16T11:10:54Z,2026-04-16T11:11:07Z,2026-04-16T11:10:54Z
mozilla/pontoon,24507015690,208684642,Docker Build,push,b0ebb14dd207fdda03bff90d5605b312fe1b79a7,1,success,sucesso,2026-04-16T11:10:54Z,2026-04-16T11:15:48Z,2026-04-16T11:10:54Z
mozilla/pontoon,24507015707,4438152,Backend,push,b0ebb14dd207fdda03bff90d5605b312fe1b79a7,1,success,sucesso,2026-04-16T11:10:54Z,2026-04-16T11:15:54Z,2026-04-16T11:10:54Z
mozilla/pontoon,24440615498,4438153,Python linting,push,1707a6b7d6d94cdba2f6a9510a3759d1ab883e76,1,success,sucesso,2026-04-15T06:49:58Z,2026-04-15T06:50:10Z,2026-04-15T06:49:58Z
mozilla/pontoon,24440615505,208684642,Docker Build,push,1707a6b7d6d94cdba2f6a9510a3759d1ab883e76,1,success,sucesso,2026-04-15T06:49:58Z,2026-04-15T06:52:57Z,2026-04-15T06:49:58Z
mozilla/pontoon,24440615501,4438152,Backend,push,1707a6b7d6d94cdba2f6a9510a3759d1ab883e76,1,success,sucesso,2026-04-15T06:49:58Z,2026-04-15T06:55:17Z,2026-04-15T06:49:58Z
mozilla/pontoon,24396185147,208684642,Docker Build,push,1641d49332f0536b5e6ab5507fd722097fc678f2,1,success,sucesso,2026-04-14T11:22:32Z,2026-04-14T11:25:37Z,2026-04-14T11:22:32Z
mozilla/pontoon,24395921641,208684642,Docker Build,push,8d99a28e22cdb959ac2492edcb364c12d014ee03,1,success,sucesso,2026-04-14T11:15:47Z,2026-04-14T11:19:51Z,2026-04-14T11:15:47Z
mozilla/pontoon,24395921649,4438152,Backend,push,8d99a28e22cdb959ac2492edcb364c12d014ee03,1,success,sucesso,2026-04-14T11:15:47Z,2026-04-14T11:21:04Z,2026-04-14T11:15:47Z
mozilla/pontoon,24172895779,208684642,Docker Build,push,dcb69e918983f3f9e7bd2afb07de7fa16ff1454e,1,success,sucesso,2026-04-09T04:46:13Z,2026-04-09T04:49:44Z,2026-04-09T04:46:13Z
mozilla/pontoon,24172895793,4438152,Backend,push,dcb69e918983f3f9e7bd2afb07de7fa16ff1454e,1,success,sucesso,2026-04-09T04:46:13Z,2026-04-09T04:51:17Z,2026-04-09T04:46:13Z
mozilla/pontoon,24149066813,4438153,Python linting,push,b5550f5e7ab2ac07250e65b511b8944b4095cd64,1,success,sucesso,2026-04-08T17:24:32Z,2026-04-08T17:24:46Z,2026-04-08T17:24:32Z
mozilla/pontoon,24149066931,208684642,Docker Build,push,b5550f5e7ab2ac07250e65b511b8944b4095cd64,1,success,sucesso,2026-04-08T17:24:32Z,2026-04-08T17:28:20Z,2026-04-08T17:24:32Z
mozilla/pontoon,24149066776,4438152,Backend,push,b5550f5e7ab2ac07250e65b511b8944b4095cd64,1,success,sucesso,2026-04-08T17:24:32Z,2026-04-08T17:29:38Z,2026-04-08T17:24:32Z
mozilla/pontoon,24148207031,208684642,Docker Build,push,b797c3bcd2b33ec8183199a2f7e6d42a4fb1a7b0,1,success,sucesso,2026-04-08T17:04:31Z,2026-04-08T17:08:40Z,2026-04-08T17:04:31Z
mozilla/pontoon,24148207027,4438152,Backend,push,b797c3bcd2b33ec8183199a2f7e6d42a4fb1a7b0,1,success,sucesso,2026-04-08T17:04:31Z,2026-04-08T17:09:54Z,2026-04-08T17:04:31Z
mozilla/pontoon,24125762493,4438152,Backend,push,aab83b60b12ae002e9c705b0ee989cba78af2e66,1,success,sucesso,2026-04-08T08:29:07Z,2026-04-08T08:33:56Z,2026-04-08T08:29:07Z
mozilla/pontoon,24125762495,4438153,Python linting,push,aab83b60b12ae002e9c705b0ee989cba78af2e66,1,success,sucesso,2026-04-08T08:29:07Z,2026-04-08T08:29:24Z,2026-04-08T08:29:07Z
mozilla/pontoon,24125762523,208684642,Docker Build,push,aab83b60b12ae002e9c705b0ee989cba78af2e66,1,success,sucesso,2026-04-08T08:29:07Z,2026-04-08T08:32:21Z,2026-04-08T08:29:07Z
mozilla/pontoon,24120257804,4438153,Python linting,push,523e7e484d9798bbd04d2d9a339410d8b6272cbc,1,success,sucesso,2026-04-08T05:54:25Z,2026-04-08T05:54:44Z,2026-04-08T05:54:25Z
mozilla/pontoon,24120257829,208684642,Docker Build,push,523e7e484d9798bbd04d2d9a339410d8b6272cbc,1,success,sucesso,2026-04-08T05:54:25Z,2026-04-08T05:57:26Z,2026-04-08T05:54:25Z
mozilla/pontoon,24120257835,4438152,Backend,push,523e7e484d9798bbd04d2d9a339410d8b6272cbc,1,success,sucesso,2026-04-08T05:54:25Z,2026-04-08T05:59:24Z,2026-04-08T05:54:25Z
mozilla/pontoon,24118621118,208684642,Docker Build,push,e4191c2b3c4659e5c944d4ad818a3c090d606a1f,1,success,sucesso,2026-04-08T04:59:42Z,2026-04-08T05:04:07Z,2026-04-08T04:59:42Z
mozilla/pontoon,24118621157,4438152,Backend,push,e4191c2b3c4659e5c944d4ad818a3c090d606a1f,1,success,sucesso,2026-04-08T04:59:42Z,2026-04-08T05:04:43Z,2026-04-08T04:59:42Z
mozilla/pontoon,24100272302,208684642,Docker Build,push,51f49e98f379cc73fa778f70fa751f26448ce130,1,success,sucesso,2026-04-07T19:27:17Z,2026-04-07T19:30:14Z,2026-04-07T19:27:17Z
mozilla/pontoon,24100272335,4438152,Backend,push,51f49e98f379cc73fa778f70fa751f26448ce130,1,success,sucesso,2026-04-07T19:27:17Z,2026-04-07T19:32:22Z,2026-04-07T19:27:17Z
mozilla/pontoon,24100272308,4438153,Python linting,push,51f49e98f379cc73fa778f70fa751f26448ce130,1,success,sucesso,2026-04-07T19:27:17Z,2026-04-07T19:27:30Z,2026-04-07T19:27:17Z
mozilla/pontoon,24100272319,4439483,JavaScript and Jinja linting,push,51f49e98f379cc73fa778f70fa751f26448ce130,1,success,sucesso,2026-04-07T19:27:17Z,2026-04-07T19:27:46Z,2026-04-07T19:27:17Z
mozilla/pontoon,24099061120,4416466,Frontend,push,8b2b7a4457098166dddaae5801cdeff51b5be912,1,success,sucesso,2026-04-07T18:58:40Z,2026-04-07T19:00:45Z,2026-04-07T18:58:40Z
mozilla/pontoon,24099061157,208684642,Docker Build,push,8b2b7a4457098166dddaae5801cdeff51b5be912,1,success,sucesso,2026-04-07T18:58:40Z,2026-04-07T19:02:10Z,2026-04-07T18:58:40Z
mozilla/pontoon,24099061144,4438152,Backend,push,8b2b7a4457098166dddaae5801cdeff51b5be912,1,success,sucesso,2026-04-07T18:58:40Z,2026-04-07T19:03:45Z,2026-04-07T18:58:40Z
mozilla/pontoon,24099061174,4439483,JavaScript and Jinja linting,push,8b2b7a4457098166dddaae5801cdeff51b5be912,1,success,sucesso,2026-04-07T18:58:40Z,2026-04-07T18:59:15Z,2026-04-07T18:58:40Z
mozilla/pontoon,24099061064,4438153,Python linting,push,8b2b7a4457098166dddaae5801cdeff51b5be912,1,success,sucesso,2026-04-07T18:58:40Z,2026-04-07T18:58:57Z,2026-04-07T18:58:40Z
mozilla/pontoon,24076447050,4439483,JavaScript and Jinja linting,push,5a5018d603eb083d68c74f13499e32628e7f7a7f,1,success,sucesso,2026-04-07T10:20:17Z,2026-04-07T10:20:52Z,2026-04-07T10:20:17Z
mozilla/pontoon,24076447053,208684642,Docker Build,push,5a5018d603eb083d68c74f13499e32628e7f7a7f,1,success,sucesso,2026-04-07T10:20:17Z,2026-04-07T10:24:21Z,2026-04-07T10:20:17Z
mozilla/pontoon,24076447077,4438152,Backend,push,5a5018d603eb083d68c74f13499e32628e7f7a7f,1,success,sucesso,2026-04-07T10:20:17Z,2026-04-07T10:24:56Z,2026-04-07T10:20:17Z
mozilla/pontoon,24075889743,4438152,Backend,push,76bf2fced5f6d80e7c921876c3e420cebc016b73,1,success,sucesso,2026-04-07T10:05:59Z,2026-04-07T10:11:01Z,2026-04-07T10:05:59Z
mozilla/pontoon,24075889775,208684642,Docker Build,push,76bf2fced5f6d80e7c921876c3e420cebc016b73,1,success,sucesso,2026-04-07T10:05:59Z,2026-04-07T10:11:42Z,2026-04-07T10:05:59Z
mozilla/pontoon,24068506192,208684642,Docker Build,push,14f5f7d70e15b8a773aaa0c42d03643ed3197d26,1,success,sucesso,2026-04-07T06:52:52Z,2026-04-07T06:56:28Z,2026-04-07T06:52:52Z
mozilla/pontoon,23954821931,208684642,Docker Build,push,e0daa965a3e5d2c89be32c9f7b554b2d1002f58b,1,success,sucesso,2026-04-03T17:09:42Z,2026-04-03T17:13:19Z,2026-04-03T17:09:42Z
mozilla/pontoon,23954819861,4438152,Backend,push,d3823b8007476b4248b75e41ef7510a91f71212e,1,success,sucesso,2026-04-03T17:09:38Z,2026-04-03T17:14:44Z,2026-04-03T17:09:38Z
mozilla/pontoon,23954819854,208684642,Docker Build,push,d3823b8007476b4248b75e41ef7510a91f71212e,1,success,sucesso,2026-04-03T17:09:38Z,2026-04-03T17:13:55Z,2026-04-03T17:09:38Z
mozilla/pontoon,23954564252,4416466,Frontend,push,8f9a6089ebffa654cfc43d73b5d75393a9a5b670,1,success,sucesso,2026-04-03T17:01:44Z,2026-04-03T17:03:12Z,2026-04-03T17:01:44Z
mozilla/pontoon,23954564269,4438152,Backend,push,8f9a6089ebffa654cfc43d73b5d75393a9a5b670,1,success,sucesso,2026-04-03T17:01:44Z,2026-04-03T17:06:54Z,2026-04-03T17:01:44Z
mozilla/pontoon,23954564258,208684642,Docker Build,push,8f9a6089ebffa654cfc43d73b5d75393a9a5b670,1,success,sucesso,2026-04-03T17:01:44Z,2026-04-03T17:05:59Z,2026-04-03T17:01:44Z
mozilla/pontoon,23954564262,4438153,Python linting,push,8f9a6089ebffa654cfc43d73b5d75393a9a5b670,1,success,sucesso,2026-04-03T17:01:44Z,2026-04-03T17:01:57Z,2026-04-03T17:01:44Z
mozilla/pontoon,23954564273,4439483,JavaScript and Jinja linting,push,8f9a6089ebffa654cfc43d73b5d75393a9a5b670,1,success,sucesso,2026-04-03T17:01:44Z,2026-04-03T17:02:12Z,2026-04-03T17:01:44Z
mozilla/pontoon,23916544109,4438153,Python linting,push,91be114f34b4c9d41cdf18ffc1f9de5172fdbf77,1,success,sucesso,2026-04-02T18:49:21Z,2026-04-02T18:49:37Z,2026-04-02T18:49:21Z
mozilla/pontoon,23916544112,208684642,Docker Build,push,91be114f34b4c9d41cdf18ffc1f9de5172fdbf77,1,success,sucesso,2026-04-02T18:49:21Z,2026-04-02T18:52:35Z,2026-04-02T18:49:21Z
mozilla/pontoon,23916544114,4438152,Backend,push,91be114f34b4c9d41cdf18ffc1f9de5172fdbf77,1,success,sucesso,2026-04-02T18:49:21Z,2026-04-02T18:54:11Z,2026-04-02T18:49:21Z
mozilla/pontoon,23885323392,4438153,Python linting,push,828dad9f3a2cf6f0e019636696574bae57f4c856,1,success,sucesso,2026-04-02T05:22:21Z,2026-04-02T05:22:30Z,2026-04-02T05:22:21Z
mozilla/pontoon,23885323393,4439483,JavaScript and Jinja linting,push,828dad9f3a2cf6f0e019636696574bae57f4c856,1,success,sucesso,2026-04-02T05:22:21Z,2026-04-02T05:22:56Z,2026-04-02T05:22:21Z
mozilla/pontoon,23885323410,4416466,Frontend,push,828dad9f3a2cf6f0e019636696574bae57f4c856,1,success,sucesso,2026-04-02T05:22:21Z,2026-04-02T05:23:43Z,2026-04-02T05:22:21Z
mozilla/pontoon,23885323381,208684642,Docker Build,push,828dad9f3a2cf6f0e019636696574bae57f4c856,1,success,sucesso,2026-04-02T05:22:21Z,2026-04-02T05:25:04Z,2026-04-02T05:22:21Z
mozilla/pontoon,23885323396,4438152,Backend,push,828dad9f3a2cf6f0e019636696574bae57f4c856,1,success,sucesso,2026-04-02T05:22:21Z,2026-04-02T05:27:03Z,2026-04-02T05:22:21Z
mozilla/pontoon,23813456870,208684642,Docker Build,push,4bc8ac4693ec9fa3a5b1a28fa46827ab9032db21,1,success,sucesso,2026-03-31T18:34:47Z,2026-03-31T18:38:07Z,2026-03-31T18:34:47Z
mozilla/pontoon,23813456857,4438152,Backend,push,4bc8ac4693ec9fa3a5b1a28fa46827ab9032db21,1,success,sucesso,2026-03-31T18:34:47Z,2026-03-31T18:40:02Z,2026-03-31T18:34:47Z
mozilla/pontoon,23813456877,4439483,JavaScript and Jinja linting,push,4bc8ac4693ec9fa3a5b1a28fa46827ab9032db21,1,success,sucesso,2026-03-31T18:34:47Z,2026-03-31T18:35:14Z,2026-03-31T18:34:47Z
mozilla/pontoon,23813456868,4416466,Frontend,push,4bc8ac4693ec9fa3a5b1a28fa46827ab9032db21,1,success,sucesso,2026-03-31T18:34:47Z,2026-03-31T18:36:17Z,2026-03-31T18:34:47Z
mozilla/pontoon,23810234819,4438153,Python linting,push,99425d9e13e86968eecf06afc1f1d6be6f7ebcf9,1,success,sucesso,2026-03-31T17:16:42Z,2026-03-31T17:16:53Z,2026-03-31T17:16:42Z
mozilla/pontoon,23810234902,4438152,Backend,push,99425d9e13e86968eecf06afc1f1d6be6f7ebcf9,1,success,sucesso,2026-03-31T17:16:42Z,2026-03-31T17:21:25Z,2026-03-31T17:16:42Z
mozilla/pontoon,23810234839,208684642,Docker Build,push,99425d9e13e86968eecf06afc1f1d6be6f7ebcf9,1,success,sucesso,2026-03-31T17:16:42Z,2026-03-31T17:19:23Z,2026-03-31T17:16:42Z
mozilla/pontoon,23784606901,4439483,JavaScript and Jinja linting,push,97992d5489669b24f88650b4129cb897c396e9b4,1,success,sucesso,2026-03-31T06:56:48Z,2026-03-31T06:57:16Z,2026-03-31T06:56:48Z
mozilla/pontoon,23784606889,4416466,Frontend,push,97992d5489669b24f88650b4129cb897c396e9b4,1,success,sucesso,2026-03-31T06:56:48Z,2026-03-31T06:58:14Z,2026-03-31T06:56:48Z
mozilla/pontoon,23784606925,208684642,Docker Build,push,97992d5489669b24f88650b4129cb897c396e9b4,1,success,sucesso,2026-03-31T06:56:48Z,2026-03-31T06:59:48Z,2026-03-31T06:56:48Z
mozilla/pontoon,23783637616,208684642,Docker Build,push,7bd3549065fbb22d419fc2c4889a1bbe586055b5,1,success,sucesso,2026-03-31T06:25:45Z,2026-03-31T06:29:45Z,2026-03-31T06:25:45Z
mozilla/pontoon,23783634549,208684642,Docker Build,push,608e987451402ea24b92cf47d7cf8773d07fa39f,1,success,sucesso,2026-03-31T06:25:40Z,2026-03-31T06:28:42Z,2026-03-31T06:25:40Z
mozilla/pontoon,23783634569,4438152,Backend,push,608e987451402ea24b92cf47d7cf8773d07fa39f,1,success,sucesso,2026-03-31T06:25:40Z,2026-03-31T06:30:25Z,2026-03-31T06:25:40Z
mozilla/pontoon,23614032955,208684642,Docker Build,push,9b1228002d94c0968941bd7a5c6b27f9404a15c9,1,success,sucesso,2026-03-26T19:31:20Z,2026-03-26T19:38:24Z,2026-03-26T19:31:20Z
mozilla/pontoon,23614032932,4438153,Python linting,push,9b1228002d94c0968941bd7a5c6b27f9404a15c9,1,success,sucesso,2026-03-26T19:31:20Z,2026-03-26T19:32:30Z,2026-03-26T19:31:20Z
mozilla/pontoon,23614032923,4438152,Backend,push,9b1228002d94c0968941bd7a5c6b27f9404a15c9,1,success,sucesso,2026-03-26T19:31:20Z,2026-03-26T19:56:55Z,2026-03-26T19:31:20Z
mozilla/pontoon,23610779620,4439483,JavaScript and Jinja linting,push,fce544b593eba934f4d31f088d8bb532589a47b5,1,success,sucesso,2026-03-26T18:15:34Z,2026-03-26T18:16:08Z,2026-03-26T18:15:34Z
mozilla/pontoon,23610779621,4416466,Frontend,push,fce544b593eba934f4d31f088d8bb532589a47b5,1,success,sucesso,2026-03-26T18:15:34Z,2026-03-26T18:17:06Z,2026-03-26T18:15:34Z
mozilla/pontoon,23610779631,208684642,Docker Build,push,fce544b593eba934f4d31f088d8bb532589a47b5,1,success,sucesso,2026-03-26T18:15:34Z,2026-03-26T18:18:51Z,2026-03-26T18:15:34Z
mozilla/pontoon,23595439897,4439483,JavaScript and Jinja linting,push,f4659314563d64cae0cb5c0da4b06fb28b40facd,1,success,sucesso,2026-03-26T12:55:56Z,2026-03-26T12:56:27Z,2026-03-26T12:55:56Z
mozilla/pontoon,23595439932,4416466,Frontend,push,f4659314563d64cae0cb5c0da4b06fb28b40facd,1,success,sucesso,2026-03-26T12:55:56Z,2026-03-26T12:57:15Z,2026-03-26T12:55:56Z
mozilla/pontoon,23595439916,208684642,Docker Build,push,f4659314563d64cae0cb5c0da4b06fb28b40facd,1,success,sucesso,2026-03-26T12:55:56Z,2026-03-26T12:58:39Z,2026-03-26T12:55:56Z
mozilla/pontoon,23592389939,208684642,Docker Build,push,762e63dc17ed191d7ce056f5bab962e08108e43f,1,success,sucesso,2026-03-26T11:40:49Z,2026-03-26T11:44:02Z,2026-03-26T11:40:49Z
mozilla/pontoon,23592389965,4438152,Backend,push,762e63dc17ed191d7ce056f5bab962e08108e43f,1,success,sucesso,2026-03-26T11:40:49Z,2026-03-26T11:45:29Z,2026-03-26T11:40:49Z
mozilla/pontoon,23592389964,4438153,Python linting,push,762e63dc17ed191d7ce056f5bab962e08108e43f,1,success,sucesso,2026-03-26T11:40:49Z,2026-03-26T11:41:00Z,2026-03-26T11:40:49Z
mozilla/pontoon,23592389944,4439483,JavaScript and Jinja linting,push,762e63dc17ed191d7ce056f5bab962e08108e43f,1,success,sucesso,2026-03-26T11:40:49Z,2026-03-26T11:41:22Z,2026-03-26T11:40:49Z
mozilla/pontoon,23592389953,4416466,Frontend,push,762e63dc17ed191d7ce056f5bab962e08108e43f,1,success,sucesso,2026-03-26T11:40:49Z,2026-03-26T11:42:20Z,2026-03-26T11:40:49Z
mozilla/pontoon,23591975298,208684642,Docker Build,push,33183bd742c2e01093e9831c4495a39da884eea1,1,success,sucesso,2026-03-26T11:30:06Z,2026-03-26T11:33:28Z,2026-03-26T11:30:06Z
mozilla/pontoon,23591975326,4438152,Backend,push,33183bd742c2e01093e9831c4495a39da884eea1,1,success,sucesso,2026-03-26T11:30:06Z,2026-03-26T11:34:53Z,2026-03-26T11:30:06Z
mozilla/pontoon,23581762493,208684642,Docker Build,push,6e249a8d8eedaaa357c5d9f96b863f9f87340c77,1,success,sucesso,2026-03-26T07:02:32Z,2026-03-26T07:06:04Z,2026-03-26T07:02:32Z
mozilla/pontoon,23535128203,4438153,Python linting,push,e15ef864f6ada706684cc086470b50a2b671b3cd,1,success,sucesso,2026-03-25T09:56:31Z,2026-03-25T09:56:45Z,2026-03-25T09:56:31Z
mozilla/pontoon,23535127973,208684642,Docker Build,push,e15ef864f6ada706684cc086470b50a2b671b3cd,1,success,sucesso,2026-03-25T09:56:31Z,2026-03-25T09:59:47Z,2026-03-25T09:56:31Z
mozilla/pontoon,23535127870,4438152,Backend,push,e15ef864f6ada706684cc086470b50a2b671b3cd,1,success,sucesso,2026-03-25T09:56:31Z,2026-03-25T10:01:18Z,2026-03-25T09:56:31Z
mozilla/pontoon,23514425018,208684642,Docker Build,push,1e1e7c6b4421075c4e1985b139363d9d4d3b5b85,1,success,sucesso,2026-03-24T22:04:14Z,2026-03-24T22:07:35Z,2026-03-24T22:04:14Z
mozilla/pontoon,23514424984,4438152,Backend,push,1e1e7c6b4421075c4e1985b139363d9d4d3b5b85,1,success,sucesso,2026-03-24T22:04:14Z,2026-03-24T22:08:54Z,2026-03-24T22:04:14Z
mozilla/pontoon,23514424965,4438153,Python linting,push,1e1e7c6b4421075c4e1985b139363d9d4d3b5b85,1,success,sucesso,2026-03-24T22:04:14Z,2026-03-24T22:04:24Z,2026-03-24T22:04:14Z
mozilla/pontoon,23453363523,208684642,Docker Build,push,e04d98e03c4e530397c25d4e295298080a33362b,1,success,sucesso,2026-03-23T18:22:43Z,2026-03-23T18:25:36Z,2026-03-23T18:22:43Z
mozilla/pontoon,23453363535,4438152,Backend,push,e04d98e03c4e530397c25d4e295298080a33362b,1,success,sucesso,2026-03-23T18:22:43Z,2026-03-23T18:27:27Z,2026-03-23T18:22:43Z
mozilla/pontoon,23453363522,4438153,Python linting,push,e04d98e03c4e530397c25d4e295298080a33362b,1,success,sucesso,2026-03-23T18:22:43Z,2026-03-23T18:22:58Z,2026-03-23T18:22:43Z
mozilla/pontoon,23435310508,208684642,Docker Build,push,1dbdaf40cf21f63a4877fc6b9e93a745a03724cb,1,success,sucesso,2026-03-23T11:35:01Z,2026-03-23T11:38:29Z,2026-03-23T11:35:01Z
mozilla/pontoon,23273038248,4438153,Python linting,push,403b44ca0d944948391c66cf6604b6ec10fac942,1,success,sucesso,2026-03-18T23:59:48Z,2026-03-19T00:00:00Z,2026-03-18T23:59:48Z
mozilla/pontoon,23273038229,208684642,Docker Build,push,403b44ca0d944948391c66cf6604b6ec10fac942,1,success,sucesso,2026-03-18T23:59:48Z,2026-03-19T00:03:59Z,2026-03-18T23:59:48Z
mozilla/pontoon,23273038231,4438152,Backend,push,403b44ca0d944948391c66cf6604b6ec10fac942,1,success,sucesso,2026-03-18T23:59:48Z,2026-03-19T00:04:34Z,2026-03-18T23:59:48Z
mozilla/pontoon,23212771278,208684642,Docker Build,push,4f2d355e5e149f6b09ccc422a94fd5d5b6019165,1,success,sucesso,2026-03-17T19:31:57Z,2026-03-17T19:35:36Z,2026-03-17T19:31:57Z
mozilla/pontoon,23212771257,4438152,Backend,push,4f2d355e5e149f6b09ccc422a94fd5d5b6019165,1,success,sucesso,2026-03-17T19:31:57Z,2026-03-17T19:36:31Z,2026-03-17T19:31:57Z
mozilla/pontoon,23206512469,4438153,Python linting,push,0c0639c952efd6c9c97a236278586ad9d3983b73,1,success,sucesso,2026-03-17T17:04:09Z,2026-03-17T17:04:22Z,2026-03-17T17:04:09Z
mozilla/pontoon,23206512441,208684642,Docker Build,push,0c0639c952efd6c9c97a236278586ad9d3983b73,1,success,sucesso,2026-03-17T17:04:09Z,2026-03-17T17:08:41Z,2026-03-17T17:04:09Z
mozilla/pontoon,23206512570,4438152,Backend,push,0c0639c952efd6c9c97a236278586ad9d3983b73,1,success,sucesso,2026-03-17T17:04:09Z,2026-03-17T17:08:34Z,2026-03-17T17:04:09Z
mozilla/pontoon,23161736923,208684642,Docker Build,push,f7b2fc6a1754ca173a3a974236b291fb659892e5,1,success,sucesso,2026-03-16T19:21:07Z,2026-03-16T19:25:04Z,2026-03-16T19:21:07Z
mozilla/pontoon,23161736932,4438152,Backend,push,f7b2fc6a1754ca173a3a974236b291fb659892e5,1,success,sucesso,2026-03-16T19:21:07Z,2026-03-16T19:25:57Z,2026-03-16T19:21:07Z
mozilla/pontoon,23022799331,4438153,Python linting,push,ffdbf666d59234a7600be87083c051e947c5dff6,1,success,sucesso,2026-03-12T20:38:52Z,2026-03-12T20:39:10Z,2026-03-12T20:38:52Z
mozilla/pontoon,23022799346,208684642,Docker Build,push,ffdbf666d59234a7600be87083c051e947c5dff6,1,success,sucesso,2026-03-12T20:38:52Z,2026-03-12T20:42:17Z,2026-03-12T20:38:52Z
mozilla/pontoon,23022799319,4438152,Backend,push,ffdbf666d59234a7600be87083c051e947c5dff6,1,success,sucesso,2026-03-12T20:38:52Z,2026-03-12T20:43:25Z,2026-03-12T20:38:52Z
mozilla/pontoon,23002112134,4438153,Python linting,push,baa12d21b73fcbd9e5317c914ec0d394727dba8e,1,success,sucesso,2026-03-12T12:32:09Z,2026-03-12T12:32:24Z,2026-03-12T12:32:09Z
mozilla/pontoon,23002112108,208684642,Docker Build,push,baa12d21b73fcbd9e5317c914ec0d394727dba8e,1,success,sucesso,2026-03-12T12:32:09Z,2026-03-12T12:34:47Z,2026-03-12T12:32:09Z
mozilla/pontoon,23002112262,4438152,Backend,push,baa12d21b73fcbd9e5317c914ec0d394727dba8e,1,success,sucesso,2026-03-12T12:32:09Z,2026-03-12T12:36:42Z,2026-03-12T12:32:09Z
mozilla/pontoon,22974528641,4439483,JavaScript and Jinja linting,push,7ef49a48f6db629cd35d47e32a597cdbcb5c48f3,1,success,sucesso,2026-03-11T21:07:43Z,2026-03-11T21:08:12Z,2026-03-11T21:07:43Z
mozilla/pontoon,22974528638,208684642,Docker Build,push,7ef49a48f6db629cd35d47e32a597cdbcb5c48f3,1,success,sucesso,2026-03-11T21:07:43Z,2026-03-11T21:10:51Z,2026-03-11T21:07:43Z
mozilla/pontoon,22974528648,4438152,Backend,push,7ef49a48f6db629cd35d47e32a597cdbcb5c48f3,1,success,sucesso,2026-03-11T21:07:43Z,2026-03-11T21:13:04Z,2026-03-11T21:07:43Z
mozilla/pontoon,22957478767,4416466,Frontend,push,fea692b3c656221e25271b776fe3c2fbfe13a720,1,success,sucesso,2026-03-11T14:24:59Z,2026-03-11T14:26:36Z,2026-03-11T14:24:59Z
mozilla/pontoon,22957478723,208684642,Docker Build,push,fea692b3c656221e25271b776fe3c2fbfe13a720,1,success,sucesso,2026-03-11T14:24:59Z,2026-03-11T14:28:30Z,2026-03-11T14:24:59Z
mozilla/pontoon,22957478699,4439483,JavaScript and Jinja linting,push,fea692b3c656221e25271b776fe3c2fbfe13a720,1,success,sucesso,2026-03-11T14:24:59Z,2026-03-11T14:25:33Z,2026-03-11T14:24:59Z
mozilla/pontoon,22906752690,4438152,Backend,push,9e10cdbc9f7f6f95a0bf3de78a824c37d2af2045,1,success,sucesso,2026-03-10T14:12:14Z,2026-03-10T14:16:50Z,2026-03-10T14:12:14Z
mozilla/pontoon,22906752675,4439483,JavaScript and Jinja linting,push,9e10cdbc9f7f6f95a0bf3de78a824c37d2af2045,1,success,sucesso,2026-03-10T14:12:14Z,2026-03-10T14:12:50Z,2026-03-10T14:12:14Z
mozilla/pontoon,22906752673,4438153,Python linting,push,9e10cdbc9f7f6f95a0bf3de78a824c37d2af2045,1,success,sucesso,2026-03-10T14:12:14Z,2026-03-10T14:12:29Z,2026-03-10T14:12:14Z
mozilla/pontoon,22906752674,4416466,Frontend,push,9e10cdbc9f7f6f95a0bf3de78a824c37d2af2045,1,success,sucesso,2026-03-10T14:12:14Z,2026-03-10T14:13:43Z,2026-03-10T14:12:14Z
mozilla/pontoon,22906752650,208684642,Docker Build,push,9e10cdbc9f7f6f95a0bf3de78a824c37d2af2045,1,success,sucesso,2026-03-10T14:12:13Z,2026-03-10T14:15:31Z,2026-03-10T14:12:13Z
mozilla/pontoon,22899368141,208684642,Docker Build,push,52cff6e59f95744f7d0254101b775a4000a3c85b,1,success,sucesso,2026-03-10T11:02:33Z,2026-03-10T11:05:22Z,2026-03-10T11:02:33Z
mozilla/pontoon,22893714692,4438153,Python linting,push,a1a1d01919aa9022f211a64df8682c835afb4fa7,1,success,sucesso,2026-03-10T08:29:31Z,2026-03-10T08:29:43Z,2026-03-10T08:29:31Z
mozilla/pontoon,22893714695,4439483,JavaScript and Jinja linting,push,a1a1d01919aa9022f211a64df8682c835afb4fa7,1,success,sucesso,2026-03-10T08:29:31Z,2026-03-10T08:30:02Z,2026-03-10T08:29:31Z
mozilla/pontoon,22893714687,4416466,Frontend,push,a1a1d01919aa9022f211a64df8682c835afb4fa7,1,success,sucesso,2026-03-10T08:29:31Z,2026-03-10T08:31:01Z,2026-03-10T08:29:31Z
mozilla/pontoon,22893714702,208684642,Docker Build,push,a1a1d01919aa9022f211a64df8682c835afb4fa7,1,success,sucesso,2026-03-10T08:29:31Z,2026-03-10T08:32:37Z,2026-03-10T08:29:31Z
mozilla/pontoon,22893714681,4438152,Backend,push,a1a1d01919aa9022f211a64df8682c835afb4fa7,1,success,sucesso,2026-03-10T08:29:31Z,2026-03-10T08:33:34Z,2026-03-10T08:29:31Z
mozilla/pontoon,22779185890,4439483,JavaScript and Jinja linting,push,e170ca5ca64d2556cb79f472fb4e5284e13f6aa0,1,success,sucesso,2026-03-06T19:42:46Z,2026-03-06T19:43:21Z,2026-03-06T19:42:46Z
mozilla/pontoon,22779185872,4416466,Frontend,push,e170ca5ca64d2556cb79f472fb4e5284e13f6aa0,1,success,sucesso,2026-03-06T19:42:46Z,2026-03-06T19:44:05Z,2026-03-06T19:42:46Z
mozilla/pontoon,22779185868,208684642,Docker Build,push,e170ca5ca64d2556cb79f472fb4e5284e13f6aa0,1,success,sucesso,2026-03-06T19:42:46Z,2026-03-06T19:46:16Z,2026-03-06T19:42:46Z
mozilla/pontoon,22731289783,4439483,JavaScript and Jinja linting,push,b035ab6d921b4f4c2ef0959fc66772ed128fc83d,1,success,sucesso,2026-03-05T18:40:43Z,2026-03-05T18:41:12Z,2026-03-05T18:40:43Z
mozilla/pontoon,22731289786,208684642,Docker Build,push,b035ab6d921b4f4c2ef0959fc66772ed128fc83d,1,success,sucesso,2026-03-05T18:40:43Z,2026-03-05T18:43:19Z,2026-03-05T18:40:43Z
mozilla/pontoon,22731289788,4438152,Backend,push,b035ab6d921b4f4c2ef0959fc66772ed128fc83d,1,success,sucesso,2026-03-05T18:40:43Z,2026-03-05T18:44:44Z,2026-03-05T18:40:43Z
mozilla/pontoon,22729352626,4438153,Python linting,push,8672f1c1a56f80205d8bf976c08b9a7b7fac982f,1,success,sucesso,2026-03-05T17:53:29Z,2026-03-05T17:53:44Z,2026-03-05T17:53:29Z
mozilla/pontoon,22729352631,208684642,Docker Build,push,8672f1c1a56f80205d8bf976c08b9a7b7fac982f,1,success,sucesso,2026-03-05T17:53:29Z,2026-03-05T17:54:24Z,2026-03-05T17:53:29Z
mozilla/pontoon,22729352587,4438152,Backend,push,8672f1c1a56f80205d8bf976c08b9a7b7fac982f,1,success,sucesso,2026-03-05T17:53:29Z,2026-03-05T17:58:16Z,2026-03-05T17:53:29Z
mozilla/pontoon,22722382523,4438152,Backend,push,199121660cafc01b8804c34bef5347ff14b9dfa1,1,success,sucesso,2026-03-05T14:25:25Z,2026-03-05T14:29:58Z,2026-03-05T14:25:25Z
mozilla/pontoon,22722382548,4438153,Python linting,push,199121660cafc01b8804c34bef5347ff14b9dfa1,1,success,sucesso,2026-03-05T14:25:25Z,2026-03-05T14:25:37Z,2026-03-05T14:25:25Z
mozilla/pontoon,22722382554,208684642,Docker Build,push,199121660cafc01b8804c34bef5347ff14b9dfa1,1,success,sucesso,2026-03-05T14:25:25Z,2026-03-05T14:28:19Z,2026-03-05T14:25:25Z
mozilla/pontoon,22710159217,208684642,Docker Build,push,ce19ff0d378c1a6b434f519afd82d4377f008084,1,success,sucesso,2026-03-05T08:58:01Z,2026-03-05T09:01:34Z,2026-03-05T08:58:01Z
mozilla/pontoon,22710159172,4438152,Backend,push,ce19ff0d378c1a6b434f519afd82d4377f008084,1,success,sucesso,2026-03-05T08:58:01Z,2026-03-05T09:02:49Z,2026-03-05T08:58:01Z
mozilla/pontoon,22679678333,4438152,Backend,push,d538a8deec2ab0b25a30af8ed1d6b9da93dec482,1,success,sucesso,2026-03-04T16:52:06Z,2026-03-04T16:56:48Z,2026-03-04T16:52:06Z
mozilla/pontoon,22679673912,4438153,Python linting,push,d538a8deec2ab0b25a30af8ed1d6b9da93dec482,1,success,sucesso,2026-03-04T16:51:59Z,2026-03-04T16:52:14Z,2026-03-04T16:51:59Z
mozilla/pontoon,22679671741,4418059,Heroku,push,d538a8deec2ab0b25a30af8ed1d6b9da93dec482,1,success,sucesso,2026-03-04T16:51:56Z,2026-03-04T16:52:09Z,2026-03-04T16:51:56Z
mozilla/pontoon,22679669551,4439483,JavaScript and Jinja linting,push,d538a8deec2ab0b25a30af8ed1d6b9da93dec482,1,success,sucesso,2026-03-04T16:51:53Z,2026-03-04T16:52:24Z,2026-03-04T16:51:53Z
mozilla/pontoon,22679669557,208684642,Docker Build,push,d538a8deec2ab0b25a30af8ed1d6b9da93dec482,1,success,sucesso,2026-03-04T16:51:53Z,2026-03-04T16:55:06Z,2026-03-04T16:51:53Z
mozilla/pontoon,22679669564,4416466,Frontend,push,d538a8deec2ab0b25a30af8ed1d6b9da93dec482,1,success,sucesso,2026-03-04T16:51:53Z,2026-03-04T16:53:23Z,2026-03-04T16:51:53Z
mozilla/pontoon,22666925635,4439483,JavaScript and Jinja linting,push,e1e562b5395d5a90fe530ab941e9f6fd2c4bd2c0,1,success,sucesso,2026-03-04T11:14:06Z,2026-03-04T11:14:35Z,2026-03-04T11:14:06Z
mozilla/pontoon,22666925629,208684642,Docker Build,push,e1e562b5395d5a90fe530ab941e9f6fd2c4bd2c0,1,success,sucesso,2026-03-04T11:14:06Z,2026-03-04T11:16:56Z,2026-03-04T11:14:06Z
mozilla/pontoon,22666925613,4438152,Backend,push,e1e562b5395d5a90fe530ab941e9f6fd2c4bd2c0,1,success,sucesso,2026-03-04T11:14:06Z,2026-03-04T11:18:13Z,2026-03-04T11:14:06Z
mozilla/pontoon,22665149408,4438153,Python linting,push,83ebcb4de8ced9523ce3a31b88c2dfc17039a4a4,1,success,sucesso,2026-03-04T10:22:24Z,2026-03-04T10:22:38Z,2026-03-04T10:22:24Z
mozilla/pontoon,22665149397,208684642,Docker Build,push,83ebcb4de8ced9523ce3a31b88c2dfc17039a4a4,1,success,sucesso,2026-03-04T10:22:24Z,2026-03-04T10:26:04Z,2026-03-04T10:22:24Z
mozilla/pontoon,22665149348,4438152,Backend,push,83ebcb4de8ced9523ce3a31b88c2dfc17039a4a4,1,success,sucesso,2026-03-04T10:22:24Z,2026-03-04T10:27:17Z,2026-03-04T10:22:24Z
mozilla/pontoon,22609858628,208684642,Docker Build,push,9ea3e0073a9ba02de8d5f373cdbadd3ee1172aa3,1,success,sucesso,2026-03-03T05:34:08Z,2026-03-03T05:36:59Z,2026-03-03T05:34:08Z
mozilla/pontoon,22575665692,4439483,JavaScript and Jinja linting,push,0b551e20ec4ce51c3cca21ecbde5a95eb8391f35,1,success,sucesso,2026-03-02T12:18:16Z,2026-03-02T12:18:50Z,2026-03-02T12:18:16Z
mozilla/pontoon,22575665688,4416466,Frontend,push,0b551e20ec4ce51c3cca21ecbde5a95eb8391f35,1,success,sucesso,2026-03-02T12:18:16Z,2026-03-02T12:19:43Z,2026-03-02T12:18:16Z
mozilla/pontoon,22575665708,208684642,Docker Build,push,0b551e20ec4ce51c3cca21ecbde5a95eb8391f35,1,success,sucesso,2026-03-02T12:18:16Z,2026-03-02T12:21:42Z,2026-03-02T12:18:16Z
mozilla/pontoon,22575665715,4438152,Backend,push,0b551e20ec4ce51c3cca21ecbde5a95eb8391f35,1,success,sucesso,2026-03-02T12:18:16Z,2026-03-02T12:22:47Z,2026-03-02T12:18:16Z
mozilla/pontoon,22570620893,208684642,Docker Build,push,9ec0a1d8278d7ed77c418641889bd98dce2d30c6,1,success,sucesso,2026-03-02T09:54:27Z,2026-03-02T09:58:41Z,2026-03-02T09:54:27Z
mozilla/pontoon,22570620868,4439483,JavaScript and Jinja linting,push,9ec0a1d8278d7ed77c418641889bd98dce2d30c6,1,success,sucesso,2026-03-02T09:54:27Z,2026-03-02T09:54:57Z,2026-03-02T09:54:27Z
mozilla/pontoon,22570610202,208684642,Docker Build,push,0c70fc398f0038a92fc291379237e71e3e359b2f,1,success,sucesso,2026-03-02T09:54:10Z,2026-03-02T09:58:42Z,2026-03-02T09:54:10Z
mozilla/pontoon,22360355751,4439483,JavaScript and Jinja linting,push,de3971eb759dd6e2cba88e9f3a93713ef5ae86c8,1,success,sucesso,2026-02-24T16:36:25Z,2026-02-24T16:37:22Z,2026-02-24T16:36:25Z
mozilla/pontoon,22360355782,208684642,Docker Build,push,de3971eb759dd6e2cba88e9f3a93713ef5ae86c8,1,success,sucesso,2026-02-24T16:36:25Z,2026-02-24T16:39:49Z,2026-02-24T16:36:25Z
mozilla/pontoon,22360353386,4416466,Frontend,push,de3971eb759dd6e2cba88e9f3a93713ef5ae86c8,1,success,sucesso,2026-02-24T16:36:21Z,2026-02-24T16:38:21Z,2026-02-24T16:36:21Z
mozilla/pontoon,22342868343,4439483,JavaScript and Jinja linting,push,475c51c9c7674ebda9e98a20f3f8464fa47731e5,1,success,sucesso,2026-02-24T08:33:40Z,2026-02-24T08:34:39Z,2026-02-24T08:33:40Z
mozilla/pontoon,22342868337,208684642,Docker Build,push,475c51c9c7674ebda9e98a20f3f8464fa47731e5,1,success,sucesso,2026-02-24T08:33:40Z,2026-02-24T08:36:29Z,2026-02-24T08:33:40Z
mozilla/pontoon,22342868323,4438152,Backend,push,475c51c9c7674ebda9e98a20f3f8464fa47731e5,1,success,sucesso,2026-02-24T08:33:40Z,2026-02-24T08:38:08Z,2026-02-24T08:33:40Z
mozilla/pontoon,22318178167,4438153,Python linting,push,ae81d88ba46c10d83ee01c6d2932c2f439980087,1,success,sucesso,2026-02-23T17:53:39Z,2026-02-23T17:53:54Z,2026-02-23T17:53:39Z
mozilla/pontoon,22318173647,208684642,Docker Build,push,ae81d88ba46c10d83ee01c6d2932c2f439980087,1,success,sucesso,2026-02-23T17:53:31Z,2026-02-23T17:56:50Z,2026-02-23T17:53:31Z
mozilla/pontoon,22318173635,4438152,Backend,push,ae81d88ba46c10d83ee01c6d2932c2f439980087,1,success,sucesso,2026-02-23T17:53:31Z,2026-02-23T17:58:00Z,2026-02-23T17:53:31Z
mozilla/pontoon,22243790548,4438153,Python linting,push,0e1356c3e1ff38e628193d268661c8e635009b97,1,success,sucesso,2026-02-20T22:32:33Z,2026-02-20T22:32:44Z,2026-02-20T22:32:33Z
mozilla/pontoon,22243790547,208684642,Docker Build,push,0e1356c3e1ff38e628193d268661c8e635009b97,1,success,sucesso,2026-02-20T22:32:33Z,2026-02-20T22:35:05Z,2026-02-20T22:32:33Z
mozilla/pontoon,22243790558,4438152,Backend,push,0e1356c3e1ff38e628193d268661c8e635009b97,1,success,sucesso,2026-02-20T22:32:33Z,2026-02-20T22:37:09Z,2026-02-20T22:32:33Z
mozilla/pontoon,22234821474,208684642,Docker Build,push,bab41e35e3f2aee838e6e5dfd47225619b72bd50,1,success,sucesso,2026-02-20T17:47:52Z,2026-02-20T17:50:27Z,2026-02-20T17:47:52Z
mozilla/pontoon,22234821477,4438152,Backend,push,bab41e35e3f2aee838e6e5dfd47225619b72bd50,1,success,sucesso,2026-02-20T17:47:52Z,2026-02-20T17:52:20Z,2026-02-20T17:47:52Z
mozilla/pontoon,22234821501,4438153,Python linting,push,bab41e35e3f2aee838e6e5dfd47225619b72bd50,1,success,sucesso,2026-02-20T17:47:52Z,2026-02-20T17:48:02Z,2026-02-20T17:47:52Z
mozilla/pontoon,22208681776,4438153,Python linting,push,7cb012f947c59f61930d50a95310d2e72fa5336c,1,success,sucesso,2026-02-20T02:19:58Z,2026-02-20T02:20:09Z,2026-02-20T02:19:58Z
mozilla/pontoon,22208681784,208684642,Docker Build,push,7cb012f947c59f61930d50a95310d2e72fa5336c,1,success,sucesso,2026-02-20T02:19:58Z,2026-02-20T02:22:32Z,2026-02-20T02:19:58Z
mozilla/pontoon,22208681767,4438152,Backend,push,7cb012f947c59f61930d50a95310d2e72fa5336c,1,success,sucesso,2026-02-20T02:19:58Z,2026-02-20T02:24:22Z,2026-02-20T02:19:58Z
mozilla/pontoon,22196766955,4438153,Python linting,push,ddc34084dce3a304e8f7b92c0c3e47822edf04d7,1,success,sucesso,2026-02-19T19:28:06Z,2026-02-19T19:28:22Z,2026-02-19T19:28:06Z
mozilla/pontoon,22196766943,4439483,JavaScript and Jinja linting,push,ddc34084dce3a304e8f7b92c0c3e47822edf04d7,1,success,sucesso,2026-02-19T19:28:06Z,2026-02-19T19:29:04Z,2026-02-19T19:28:06Z
mozilla/pontoon,22196766951,4416466,Frontend,push,ddc34084dce3a304e8f7b92c0c3e47822edf04d7,1,success,sucesso,2026-02-19T19:28:06Z,2026-02-19T19:30:03Z,2026-02-19T19:28:06Z
mozilla/pontoon,22196766944,208684642,Docker Build,push,ddc34084dce3a304e8f7b92c0c3e47822edf04d7,1,success,sucesso,2026-02-19T19:28:06Z,2026-02-19T19:31:03Z,2026-02-19T19:28:06Z
mozilla/pontoon,22196766933,4438152,Backend,push,ddc34084dce3a304e8f7b92c0c3e47822edf04d7,1,success,sucesso,2026-02-19T19:28:06Z,2026-02-19T19:32:39Z,2026-02-19T19:28:06Z
mozilla/pontoon,22196008930,208684642,Docker Build,push,41baf3086ade94013eb9d0b675a2d8f9c1c49930,1,success,sucesso,2026-02-19T19:06:09Z,2026-02-19T19:10:17Z,2026-02-19T19:06:09Z
mozilla/pontoon,22196008935,4438152,Backend,push,41baf3086ade94013eb9d0b675a2d8f9c1c49930,1,success,sucesso,2026-02-19T19:06:09Z,2026-02-19T19:10:49Z,2026-02-19T19:06:09Z
mozilla/pontoon,22196008931,4438153,Python linting,push,41baf3086ade94013eb9d0b675a2d8f9c1c49930,1,success,sucesso,2026-02-19T19:06:09Z,2026-02-19T19:06:29Z,2026-02-19T19:06:09Z
mozilla/pontoon,22190268231,4439483,JavaScript and Jinja linting,push,1f384e840c1c06476295410d1f8fdebd0d908aac,1,success,sucesso,2026-02-19T16:23:36Z,2026-02-19T16:24:38Z,2026-02-19T16:23:36Z
mozilla/pontoon,22190268367,4416466,Frontend,push,1f384e840c1c06476295410d1f8fdebd0d908aac,1,success,sucesso,2026-02-19T16:23:36Z,2026-02-19T16:25:54Z,2026-02-19T16:23:36Z
mozilla/pontoon,22190268244,208684642,Docker Build,push,1f384e840c1c06476295410d1f8fdebd0d908aac,1,success,sucesso,2026-02-19T16:23:36Z,2026-02-19T16:27:47Z,2026-02-19T16:23:36Z
mozilla/pontoon,22161004423,4438152,Backend,push,58302329b5920ce98928d6ca570debca90684727,1,success,sucesso,2026-02-18T22:56:16Z,2026-02-18T23:00:41Z,2026-02-18T22:56:16Z
mozilla/pontoon,22161003407,4438153,Python linting,push,58302329b5920ce98928d6ca570debca90684727,1,success,sucesso,2026-02-18T22:56:14Z,2026-02-18T22:56:30Z,2026-02-18T22:56:14Z
mozilla/pontoon,22161003386,208684642,Docker Build,push,58302329b5920ce98928d6ca570debca90684727,1,success,sucesso,2026-02-18T22:56:14Z,2026-02-18T22:58:43Z,2026-02-18T22:56:14Z
mozilla/pontoon,22125543333,4439483,JavaScript and Jinja linting,push,9957a1f312ec3faa0b3df3f048eff5301cfd333f,1,success,sucesso,2026-02-18T03:40:57Z,2026-02-18T03:41:36Z,2026-02-18T03:40:57Z
mozilla/pontoon,22125543317,208684642,Docker Build,push,9957a1f312ec3faa0b3df3f048eff5301cfd333f,1,success,sucesso,2026-02-18T03:40:57Z,2026-02-18T03:43:16Z,2026-02-18T03:40:57Z
mozilla/pontoon,22125543319,4438152,Backend,push,9957a1f312ec3faa0b3df3f048eff5301cfd333f,1,success,sucesso,2026-02-18T03:40:57Z,2026-02-18T03:45:13Z,2026-02-18T03:40:57Z
mozilla/pontoon,22119505109,4416466,Frontend,push,de2d6d3a0eff73e9405b9e44c9ebe142b8fd03c5,1,success,sucesso,2026-02-17T23:13:26Z,2026-02-17T23:14:56Z,2026-02-17T23:13:26Z
mozilla/pontoon,22119505130,4439483,JavaScript and Jinja linting,push,de2d6d3a0eff73e9405b9e44c9ebe142b8fd03c5,1,success,sucesso,2026-02-17T23:13:26Z,2026-02-17T23:14:04Z,2026-02-17T23:13:26Z
mozilla/pontoon,22119505100,208684642,Docker Build,push,de2d6d3a0eff73e9405b9e44c9ebe142b8fd03c5,1,success,sucesso,2026-02-17T23:13:26Z,2026-02-17T23:16:24Z,2026-02-17T23:13:26Z
mozilla/pontoon,22119505132,4438152,Backend,push,de2d6d3a0eff73e9405b9e44c9ebe142b8fd03c5,1,success,sucesso,2026-02-17T23:13:26Z,2026-02-17T23:17:42Z,2026-02-17T23:13:26Z
mozilla/pontoon,22118693180,208684642,Docker Build,push,76f1c6472b12af79385660c13ec05975cb4008ec,1,success,sucesso,2026-02-17T22:44:20Z,2026-02-17T22:47:32Z,2026-02-17T22:44:20Z
mozilla/pontoon,22118693119,4416466,Frontend,push,76f1c6472b12af79385660c13ec05975cb4008ec,1,success,sucesso,2026-02-17T22:44:20Z,2026-02-17T22:45:50Z,2026-02-17T22:44:20Z
mozilla/pontoon,22118693146,4438152,Backend,push,76f1c6472b12af79385660c13ec05975cb4008ec,1,success,sucesso,2026-02-17T22:44:20Z,2026-02-17T22:48:28Z,2026-02-17T22:44:20Z
mozilla/pontoon,22118693118,4438153,Python linting,push,76f1c6472b12af79385660c13ec05975cb4008ec,1,success,sucesso,2026-02-17T22:44:20Z,2026-02-17T22:44:36Z,2026-02-17T22:44:20Z
mozilla/pontoon,22118693116,4439483,JavaScript linting,push,76f1c6472b12af79385660c13ec05975cb4008ec,1,success,sucesso,2026-02-17T22:44:20Z,2026-02-17T22:45:00Z,2026-02-17T22:44:20Z
mozilla/pontoon,22117762864,4416466,Frontend,push,3be1fe3e0c6ca723d86d88aaa88ac90fd9649ac0,1,success,sucesso,2026-02-17T22:12:08Z,2026-02-17T22:13:38Z,2026-02-17T22:12:08Z
mozilla/pontoon,22117761412,4439483,JavaScript linting,push,3be1fe3e0c6ca723d86d88aaa88ac90fd9649ac0,1,success,sucesso,2026-02-17T22:12:05Z,2026-02-17T22:12:42Z,2026-02-17T22:12:05Z
mozilla/pontoon,22117758245,208684642,Docker Build,push,3be1fe3e0c6ca723d86d88aaa88ac90fd9649ac0,1,success,sucesso,2026-02-17T22:11:59Z,2026-02-17T22:14:43Z,2026-02-17T22:11:59Z
mozilla/pontoon,22106898316,4438153,Python linting,push,6091e16a6fa375da394500b1986d7acfec2b7f37,1,success,sucesso,2026-02-17T16:35:20Z,2026-02-17T16:35:39Z,2026-02-17T16:35:20Z
mozilla/pontoon,22106898452,4438152,Backend,push,6091e16a6fa375da394500b1986d7acfec2b7f37,1,success,sucesso,2026-02-17T16:35:20Z,2026-02-17T16:39:45Z,2026-02-17T16:35:20Z
mozilla/pontoon,22106898270,208684642,Docker Build,push,6091e16a6fa375da394500b1986d7acfec2b7f37,1,success,sucesso,2026-02-17T16:35:20Z,2026-02-17T16:38:12Z,2026-02-17T16:35:20Z
mozilla/pontoon,22103872599,4439483,JavaScript linting,push,e709954778584874f24e3f34bbdc8a098900e1c1,1,success,sucesso,2026-02-17T15:10:54Z,2026-02-17T15:11:21Z,2026-02-17T15:10:54Z
mozilla/pontoon,22103872624,4438152,Backend,push,e709954778584874f24e3f34bbdc8a098900e1c1,1,success,sucesso,2026-02-17T15:10:54Z,2026-02-17T15:15:18Z,2026-02-17T15:10:54Z
mozilla/pontoon,22103872604,208684642,Docker Build,push,e709954778584874f24e3f34bbdc8a098900e1c1,1,success,sucesso,2026-02-17T15:10:54Z,2026-02-17T15:13:33Z,2026-02-17T15:10:54Z
mozilla/pontoon,22103872596,4416466,Frontend,push,e709954778584874f24e3f34bbdc8a098900e1c1,1,success,sucesso,2026-02-17T15:10:53Z,2026-02-17T15:12:19Z,2026-02-17T15:10:53Z
mozilla/pontoon,22056079499,208684642,Docker Build,push,4768d0c7089a99b6d0b1dd8b8152c5bc12a6d094,1,success,sucesso,2026-02-16T08:52:56Z,2026-02-16T08:56:16Z,2026-02-16T08:52:56Z
mozilla/pontoon,22056079486,4438152,Backend,push,4768d0c7089a99b6d0b1dd8b8152c5bc12a6d094,1,success,sucesso,2026-02-16T08:52:56Z,2026-02-16T08:57:06Z,2026-02-16T08:52:56Z
mozilla/pontoon,21948665618,4439483,JavaScript linting,push,06517d3d4d6c6bb318e94cf3c37caf62fc679074,1,success,sucesso,2026-02-12T13:32:06Z,2026-02-12T13:32:36Z,2026-02-12T13:32:06Z
mozilla/pontoon,21948665586,4416466,Frontend,push,06517d3d4d6c6bb318e94cf3c37caf62fc679074,1,success,sucesso,2026-02-12T13:32:06Z,2026-02-12T13:33:28Z,2026-02-12T13:32:06Z
mozilla/pontoon,21948665646,208684642,Docker Build,push,06517d3d4d6c6bb318e94cf3c37caf62fc679074,1,success,sucesso,2026-02-12T13:32:06Z,2026-02-12T13:35:10Z,2026-02-12T13:32:06Z
mozilla/pontoon,21941853342,4438153,Python linting,push,bc0faad3b7dbd844a021e245c21879e24c8075e6,1,success,sucesso,2026-02-12T09:58:06Z,2026-02-12T09:58:17Z,2026-02-12T09:58:06Z
mozilla/pontoon,21941853324,208684642,Docker Build,push,bc0faad3b7dbd844a021e245c21879e24c8075e6,1,success,sucesso,2026-02-12T09:58:06Z,2026-02-12T10:01:27Z,2026-02-12T09:58:06Z
mozilla/pontoon,21941853303,4438152,Backend,push,bc0faad3b7dbd844a021e245c21879e24c8075e6,1,success,sucesso,2026-02-12T09:58:06Z,2026-02-12T10:02:34Z,2026-02-12T09:58:06Z
mozilla/pontoon,21926357895,4439483,JavaScript linting,push,e53de75b6596652d1643f3c48aa9ec06c985a602,1,success,sucesso,2026-02-11T22:57:05Z,2026-02-11T22:57:32Z,2026-02-11T22:57:05Z
mozilla/pontoon,21926357878,208684642,Docker Build,push,e53de75b6596652d1643f3c48aa9ec06c985a602,1,success,sucesso,2026-02-11T22:57:05Z,2026-02-11T22:59:46Z,2026-02-11T22:57:05Z
mozilla/pontoon,21926357880,4438152,Backend,push,e53de75b6596652d1643f3c48aa9ec06c985a602,1,success,sucesso,2026-02-11T22:57:05Z,2026-02-11T23:01:05Z,2026-02-11T22:57:05Z
mozilla/pontoon,21909928092,4439483,JavaScript linting,push,35854922538606bffd3def278ffd5c4b484f582a,1,success,sucesso,2026-02-11T14:52:16Z,2026-02-11T14:52:46Z,2026-02-11T14:52:16Z
mozilla/pontoon,21909928064,208684642,Docker Build,push,35854922538606bffd3def278ffd5c4b484f582a,1,success,sucesso,2026-02-11T14:52:16Z,2026-02-11T14:55:52Z,2026-02-11T14:52:16Z
mozilla/pontoon,21909928080,4438152,Backend,push,35854922538606bffd3def278ffd5c4b484f582a,1,success,sucesso,2026-02-11T14:52:16Z,2026-02-11T14:56:31Z,2026-02-11T14:52:16Z
mozilla/pontoon,21896126340,4438152,Backend,push,735c358e69bfeb0f064d130cccb7e17c425d12ac,1,success,sucesso,2026-02-11T07:17:38Z,2026-02-11T07:21:35Z,2026-02-11T07:17:38Z
mozilla/pontoon,21896126332,208684642,Docker Build,push,735c358e69bfeb0f064d130cccb7e17c425d12ac,1,success,sucesso,2026-02-11T07:17:38Z,2026-02-11T07:20:30Z,2026-02-11T07:17:38Z
mozilla/pontoon,21841829053,208684642,Docker Build,push,a4dec13542daa7f1abb1e580e93a54d4d99afcdc,1,success,sucesso,2026-02-09T21:42:12Z,2026-02-09T21:45:12Z,2026-02-09T21:42:12Z
mozilla/pontoon,21841827286,4439483,JavaScript linting,push,a4dec13542daa7f1abb1e580e93a54d4d99afcdc,1,success,sucesso,2026-02-09T21:42:09Z,2026-02-09T21:42:38Z,2026-02-09T21:42:09Z
mozilla/pontoon,21841823384,4416466,Frontend,push,a4dec13542daa7f1abb1e580e93a54d4d99afcdc,1,success,sucesso,2026-02-09T21:42:02Z,2026-02-09T21:43:28Z,2026-02-09T21:42:02Z
mozilla/pontoon,21838723284,4439483,JavaScript linting,push,5809892503a8d79e99fafe1f71e519b74249c742,1,success,sucesso,2026-02-09T20:06:43Z,2026-02-09T20:07:14Z,2026-02-09T20:06:43Z
mozilla/pontoon,21838723294,208684642,Docker Build,push,5809892503a8d79e99fafe1f71e519b74249c742,1,success,sucesso,2026-02-09T20:06:43Z,2026-02-09T20:09:12Z,2026-02-09T20:06:43Z
mozilla/pontoon,21838723266,4438152,Backend,push,5809892503a8d79e99fafe1f71e519b74249c742,1,success,sucesso,2026-02-09T20:06:43Z,2026-02-09T20:10:48Z,2026-02-09T20:06:43Z
mozilla/pontoon,21755212079,4438153,Python linting,push,c0c535c436324efef398904326dc247ed519584b,1,success,sucesso,2026-02-06T15:04:41Z,2026-02-06T15:04:59Z,2026-02-06T15:04:41Z
mozilla/pontoon,21755211979,208684642,Docker Build,push,c0c535c436324efef398904326dc247ed519584b,1,success,sucesso,2026-02-06T15:04:41Z,2026-02-06T15:07:16Z,2026-02-06T15:04:41Z
mozilla/pontoon,21755212000,4438152,Backend,push,c0c535c436324efef398904326dc247ed519584b,1,success,sucesso,2026-02-06T15:04:41Z,2026-02-06T15:09:23Z,2026-02-06T15:04:41Z
mozilla/pontoon,21744702278,208684642,Docker Build,push,371a5df2b3e3521d32e52a9beaa570fd41e586a5,1,success,sucesso,2026-02-06T08:57:58Z,2026-02-06T09:01:14Z,2026-02-06T08:57:58Z
mozilla/pontoon,21744702291,4438152,Backend,push,371a5df2b3e3521d32e52a9beaa570fd41e586a5,1,success,sucesso,2026-02-06T08:57:58Z,2026-02-06T09:02:23Z,2026-02-06T08:57:58Z
mozilla/pontoon,21716354322,4438153,Python linting,push,dffde97df80991aaf5917a3eaaf0bedad5c7b732,1,success,sucesso,2026-02-05T14:57:26Z,2026-02-05T14:57:38Z,2026-02-05T14:57:26Z
mozilla/pontoon,21716354250,4439483,JavaScript linting,push,dffde97df80991aaf5917a3eaaf0bedad5c7b732,1,success,sucesso,2026-02-05T14:57:26Z,2026-02-05T14:57:56Z,2026-02-05T14:57:26Z
mozilla/pontoon,21716354286,4438152,Backend,push,dffde97df80991aaf5917a3eaaf0bedad5c7b732,1,success,sucesso,2026-02-05T14:57:26Z,2026-02-05T15:01:40Z,2026-02-05T14:57:26Z
mozilla/pontoon,21716354240,208684642,Docker Build,push,dffde97df80991aaf5917a3eaaf0bedad5c7b732,1,success,sucesso,2026-02-05T14:57:26Z,2026-02-05T15:02:08Z,2026-02-05T14:57:26Z
mozilla/pontoon,21683050425,4439483,JavaScript linting,push,3315911113c2897c982eeb66521f29b89395a174,1,success,sucesso,2026-02-04T18:15:28Z,2026-02-04T18:16:03Z,2026-02-04T18:15:28Z
mozilla/pontoon,21683050442,208684642,Docker Build,push,3315911113c2897c982eeb66521f29b89395a174,1,success,sucesso,2026-02-04T18:15:28Z,2026-02-04T18:18:08Z,2026-02-04T18:15:28Z
mozilla/pontoon,21683050454,4438152,Backend,push,3315911113c2897c982eeb66521f29b89395a174,1,success,sucesso,2026-02-04T18:15:28Z,2026-02-04T18:19:36Z,2026-02-04T18:15:28Z
mozilla/pontoon,21671778946,4438153,Python linting,push,84404caea8f757bfd71c15272925729dacba60f1,1,success,sucesso,2026-02-04T12:39:29Z,2026-02-04T12:39:41Z,2026-02-04T12:39:29Z
mozilla/pontoon,21671778942,208684642,Docker Build,push,84404caea8f757bfd71c15272925729dacba60f1,1,success,sucesso,2026-02-04T12:39:29Z,2026-02-04T12:42:17Z,2026-02-04T12:39:29Z
mozilla/pontoon,21671778947,4438152,Backend,push,84404caea8f757bfd71c15272925729dacba60f1,1,success,sucesso,2026-02-04T12:39:29Z,2026-02-04T12:43:33Z,2026-02-04T12:39:29Z
mozilla/pontoon,21649326750,208684642,Docker Build,push,888ac769455bb71bd94ee279d3db900d8b8bbe2e,1,success,sucesso,2026-02-03T21:54:49Z,2026-02-03T21:58:09Z,2026-02-03T21:54:49Z
mozilla/pontoon,21649326693,4438152,Backend,push,888ac769455bb71bd94ee279d3db900d8b8bbe2e,1,success,sucesso,2026-02-03T21:54:49Z,2026-02-03T21:59:20Z,2026-02-03T21:54:49Z
mozilla/pontoon,21646750235,4438153,Python linting,push,ffffdd8e6986e4395d9af82333c3ac09d1a4b328,1,success,sucesso,2026-02-03T20:32:31Z,2026-02-03T20:32:44Z,2026-02-03T20:32:31Z
mozilla/pontoon,21646750244,4439483,JavaScript linting,push,ffffdd8e6986e4395d9af82333c3ac09d1a4b328,1,success,sucesso,2026-02-03T20:32:31Z,2026-02-03T20:33:00Z,2026-02-03T20:32:31Z
mozilla/pontoon,21646750285,208684642,Docker Build,push,ffffdd8e6986e4395d9af82333c3ac09d1a4b328,1,success,sucesso,2026-02-03T20:32:31Z,2026-02-03T20:35:06Z,2026-02-03T20:32:31Z
mozilla/pontoon,21646750223,4438152,Backend,push,ffffdd8e6986e4395d9af82333c3ac09d1a4b328,1,success,sucesso,2026-02-03T20:32:31Z,2026-02-03T20:36:57Z,2026-02-03T20:32:31Z
mozilla/pontoon,21641807490,4439483,JavaScript linting,push,d5ebfa2d1daeef25e1c0fd693ec45bf212a7f9bb,1,success,sucesso,2026-02-03T18:04:05Z,2026-02-03T18:04:35Z,2026-02-03T18:04:05Z
mozilla/pontoon,21641807498,4438153,Python linting,push,d5ebfa2d1daeef25e1c0fd693ec45bf212a7f9bb,1,success,sucesso,2026-02-03T18:04:05Z,2026-02-03T18:04:22Z,2026-02-03T18:04:05Z
mozilla/pontoon,21641807510,4438152,Backend,push,d5ebfa2d1daeef25e1c0fd693ec45bf212a7f9bb,1,success,sucesso,2026-02-03T18:04:05Z,2026-02-03T18:08:28Z,2026-02-03T18:04:05Z
mozilla/pontoon,21641807486,208684642,Docker Build,push,d5ebfa2d1daeef25e1c0fd693ec45bf212a7f9bb,1,success,sucesso,2026-02-03T18:04:05Z,2026-02-03T18:10:12Z,2026-02-03T18:04:05Z
mozilla/pontoon,21552237483,4439483,JavaScript linting,push,5c9825825843c0a82db04e6319436d4422747095,1,success,sucesso,2026-01-31T22:51:21Z,2026-01-31T22:51:50Z,2026-01-31T22:51:21Z
mozilla/pontoon,21552237481,4416466,Frontend,push,5c9825825843c0a82db04e6319436d4422747095,1,success,sucesso,2026-01-31T22:51:21Z,2026-01-31T22:52:42Z,2026-01-31T22:51:21Z
mozilla/pontoon,21552237477,208684642,Docker Build,push,5c9825825843c0a82db04e6319436d4422747095,1,success,sucesso,2026-01-31T22:51:21Z,2026-01-31T22:54:10Z,2026-01-31T22:51:21Z
mozilla/pontoon,21450286014,4438153,Python linting,push,d4f98e077a0a2ab1a71b684a415e705c057349b6,1,success,sucesso,2026-01-28T18:18:09Z,2026-01-28T18:18:26Z,2026-01-28T18:18:09Z
mozilla/pontoon,21450286081,208684642,Docker Build,push,d4f98e077a0a2ab1a71b684a415e705c057349b6,1,success,sucesso,2026-01-28T18:18:09Z,2026-01-28T18:21:23Z,2026-01-28T18:18:09Z
mozilla/pontoon,21450286005,4438152,Backend,push,d4f98e077a0a2ab1a71b684a415e705c057349b6,1,success,sucesso,2026-01-28T18:18:09Z,2026-01-28T18:22:41Z,2026-01-28T18:18:09Z
mozilla/pontoon,21447549257,4438153,Python linting,push,e2c4df165ea609c9317736e6c9415fdef3766fb1,1,success,sucesso,2026-01-28T16:56:35Z,2026-01-28T16:56:50Z,2026-01-28T16:56:35Z
mozilla/pontoon,21447549327,4439483,JavaScript linting,push,e2c4df165ea609c9317736e6c9415fdef3766fb1,1,success,sucesso,2026-01-28T16:56:35Z,2026-01-28T16:57:16Z,2026-01-28T16:56:35Z
mozilla/pontoon,21447549289,4416466,Frontend,push,e2c4df165ea609c9317736e6c9415fdef3766fb1,1,success,sucesso,2026-01-28T16:56:35Z,2026-01-28T16:57:55Z,2026-01-28T16:56:35Z
mozilla/pontoon,21447549239,208684642,Docker Build,push,e2c4df165ea609c9317736e6c9415fdef3766fb1,1,success,sucesso,2026-01-28T16:56:35Z,2026-01-28T16:59:17Z,2026-01-28T16:56:35Z
mozilla/pontoon,21447549243,4438152,Backend,push,e2c4df165ea609c9317736e6c9415fdef3766fb1,1,success,sucesso,2026-01-28T16:56:35Z,2026-01-28T17:01:28Z,2026-01-28T16:56:35Z
mozilla/pontoon,21446564774,208684642,Docker Build,push,2e0a49648056c8ab8d44c4afac818f9e98785f46,1,success,sucesso,2026-01-28T16:29:01Z,2026-01-28T16:31:53Z,2026-01-28T16:29:01Z
mozilla/pontoon,21414344256,208684642,Docker Build,push,8225644397b6ae7e3303bbbf8d37226c905d4fce,1,success,sucesso,2026-01-27T21:11:03Z,2026-01-27T21:13:51Z,2026-01-27T21:11:03Z
mozilla/pontoon,21414344220,4438152,Backend,push,8225644397b6ae7e3303bbbf8d37226c905d4fce,1,success,sucesso,2026-01-27T21:11:03Z,2026-01-27T21:15:24Z,2026-01-27T21:11:03Z
mozilla/pontoon,21414344228,4438153,Python linting,push,8225644397b6ae7e3303bbbf8d37226c905d4fce,1,success,sucesso,2026-01-27T21:11:03Z,2026-01-27T21:11:15Z,2026-01-27T21:11:03Z
mozilla/pontoon,21413183353,4438153,Python linting,push,0a9e51e8f75b505f1a3a8aed450622cef995271d,1,success,sucesso,2026-01-27T20:34:29Z,2026-01-27T20:34:44Z,2026-01-27T20:34:29Z
mozilla/pontoon,21413183346,208684642,Docker Build,push,0a9e51e8f75b505f1a3a8aed450622cef995271d,1,success,sucesso,2026-01-27T20:34:29Z,2026-01-27T20:37:26Z,2026-01-27T20:34:29Z
mozilla/pontoon,21413183339,4438152,Backend,push,0a9e51e8f75b505f1a3a8aed450622cef995271d,1,success,sucesso,2026-01-27T20:34:29Z,2026-01-27T20:38:53Z,2026-01-27T20:34:29Z
mozilla/pontoon,21405006779,4418059,Heroku,push,5faf1f7d81ede5981c824fd76db57959cece78bb,1,success,sucesso,2026-01-27T16:19:21Z,2026-01-27T16:19:30Z,2026-01-27T16:19:21Z
mozilla/pontoon,21405006807,4438153,Python linting,push,5faf1f7d81ede5981c824fd76db57959cece78bb,1,success,sucesso,2026-01-27T16:19:21Z,2026-01-27T16:19:32Z,2026-01-27T16:19:21Z
mozilla/pontoon,21405006788,208684642,Docker Build,push,5faf1f7d81ede5981c824fd76db57959cece78bb,1,success,sucesso,2026-01-27T16:19:21Z,2026-01-27T16:23:18Z,2026-01-27T16:19:21Z
mozilla/pontoon,21405006778,4438152,Backend,push,5faf1f7d81ede5981c824fd76db57959cece78bb,1,success,sucesso,2026-01-27T16:19:21Z,2026-01-27T16:23:49Z,2026-01-27T16:19:21Z
mozilla/pontoon,21400351689,4439483,JavaScript linting,push,7e246780f52efc434f08d8b34f16b53f7bef1c21,1,success,sucesso,2026-01-27T14:08:49Z,2026-01-27T14:09:15Z,2026-01-27T14:08:49Z
mozilla/pontoon,21400351657,4416466,Frontend,push,7e246780f52efc434f08d8b34f16b53f7bef1c21,1,success,sucesso,2026-01-27T14:08:49Z,2026-01-27T14:10:06Z,2026-01-27T14:08:49Z
mozilla/pontoon,21400351643,208684642,Docker Build,push,7e246780f52efc434f08d8b34f16b53f7bef1c21,1,success,sucesso,2026-01-27T14:08:49Z,2026-01-27T14:11:32Z,2026-01-27T14:08:49Z
mozilla/pontoon,21368887917,4438153,Python linting,push,69f817fb5269912bce90b7cfbf0c5b58b06e7b42,1,success,sucesso,2026-01-26T18:18:30Z,2026-01-26T18:18:42Z,2026-01-26T18:18:30Z
mozilla/pontoon,21368887891,208684642,Docker Build,push,69f817fb5269912bce90b7cfbf0c5b58b06e7b42,1,success,sucesso,2026-01-26T18:18:30Z,2026-01-26T18:21:00Z,2026-01-26T18:18:30Z
mozilla/pontoon,21368887878,4438152,Backend,push,69f817fb5269912bce90b7cfbf0c5b58b06e7b42,1,success,sucesso,2026-01-26T18:18:30Z,2026-01-26T18:22:49Z,2026-01-26T18:18:30Z
mozilla/pontoon,21368880751,4438153,Python linting,push,3d20cfa2eaab76c3c5557d3038bd302a1d8662d5,1,success,sucesso,2026-01-26T18:18:16Z,2026-01-26T18:18:26Z,2026-01-26T18:18:16Z
mozilla/pontoon,21368880730,208684642,Docker Build,push,3d20cfa2eaab76c3c5557d3038bd302a1d8662d5,1,success,sucesso,2026-01-26T18:18:16Z,2026-01-26T18:20:51Z,2026-01-26T18:18:16Z
mozilla/pontoon,21368880805,4438152,Backend,push,3d20cfa2eaab76c3c5557d3038bd302a1d8662d5,1,success,sucesso,2026-01-26T18:18:16Z,2026-01-26T18:22:21Z,2026-01-26T18:18:16Z
mozilla/pontoon,21368449460,208684642,Docker Build,push,60bd8a5e1d9a97be29aa7cb545dd1665a80d8bcd,1,success,sucesso,2026-01-26T18:04:14Z,2026-01-26T18:06:52Z,2026-01-26T18:04:14Z
mozilla/pontoon,21329288739,4439483,JavaScript linting,push,3a9dc65e9ba5cce2ea1b57fa76d324d0e57d0a89,1,success,sucesso,2026-01-25T07:57:50Z,2026-01-25T07:58:16Z,2026-01-25T07:57:50Z
mozilla/pontoon,21329288735,208684642,Docker Build,push,3a9dc65e9ba5cce2ea1b57fa76d324d0e57d0a89,1,success,sucesso,2026-01-25T07:57:50Z,2026-01-25T08:00:48Z,2026-01-25T07:57:50Z
mozilla/pontoon,21301972733,4438153,Python linting,push,f1a700ff40f4ff3eb1e4ce410fdff5fe99c5e477,1,success,sucesso,2026-01-23T21:36:12Z,2026-01-23T21:36:28Z,2026-01-23T21:36:12Z
mozilla/pontoon,21301972731,208684642,Docker Build,push,f1a700ff40f4ff3eb1e4ce410fdff5fe99c5e477,1,success,sucesso,2026-01-23T21:36:12Z,2026-01-23T21:38:41Z,2026-01-23T21:36:12Z
mozilla/pontoon,21301972730,4438152,Backend,push,f1a700ff40f4ff3eb1e4ce410fdff5fe99c5e477,1,success,sucesso,2026-01-23T21:36:12Z,2026-01-23T21:40:22Z,2026-01-23T21:36:12Z
mozilla/pontoon,21295240118,4438153,Python linting,push,e5daf643862861161def6de7f60b5f5a36dc9072,1,success,sucesso,2026-01-23T17:33:16Z,2026-01-23T17:33:29Z,2026-01-23T17:33:16Z
mozilla/pontoon,21295240099,208684642,Docker Build,push,e5daf643862861161def6de7f60b5f5a36dc9072,1,success,sucesso,2026-01-23T17:33:15Z,2026-01-23T17:35:54Z,2026-01-23T17:33:15Z
mozilla/pontoon,21295240094,4438152,Backend,push,e5daf643862861161def6de7f60b5f5a36dc9072,1,success,sucesso,2026-01-23T17:33:15Z,2026-01-23T17:37:34Z,2026-01-23T17:33:15Z
mozilla/pontoon,21280392157,4438153,Python linting,push,ef08b1db18f51a218627eff6c17aa5301b37fe80,1,success,sucesso,2026-01-23T08:56:24Z,2026-01-23T08:56:37Z,2026-01-23T08:56:24Z
mozilla/pontoon,21280392161,208684642,Docker Build,push,ef08b1db18f51a218627eff6c17aa5301b37fe80,1,success,sucesso,2026-01-23T08:56:24Z,2026-01-23T08:59:00Z,2026-01-23T08:56:24Z
mozilla/pontoon,21280392153,4438152,Backend,push,ef08b1db18f51a218627eff6c17aa5301b37fe80,1,success,sucesso,2026-01-23T08:56:24Z,2026-01-23T09:00:40Z,2026-01-23T08:56:24Z
mozilla/pontoon,21240573567,4438153,Python linting,push,da5088e56e420dfe314ce8373174fb7ac03e75b7,1,success,sucesso,2026-01-22T07:57:59Z,2026-01-22T07:58:09Z,2026-01-22T07:57:59Z
mozilla/pontoon,21240573564,208684642,Docker Build,push,da5088e56e420dfe314ce8373174fb7ac03e75b7,1,success,sucesso,2026-01-22T07:57:59Z,2026-01-22T08:01:06Z,2026-01-22T07:57:59Z
mozilla/pontoon,21240573575,4438152,Backend,push,da5088e56e420dfe314ce8373174fb7ac03e75b7,1,success,sucesso,2026-01-22T07:57:59Z,2026-01-22T08:02:20Z,2026-01-22T07:57:59Z
mozilla/pontoon,21239774047,208684642,Docker Build,push,998e7576c6a0293b89d1ed7a0f2825b29ad1b222,1,success,sucesso,2026-01-22T07:24:53Z,2026-01-22T07:28:34Z,2026-01-22T07:24:53Z
mozilla/pontoon,21221588839,4438153,Python linting,push,752c7b8132cc39909e5592ace99261adcbe0598f,1,success,sucesso,2026-01-21T18:44:29Z,2026-01-21T18:44:42Z,2026-01-21T18:44:29Z
mozilla/pontoon,21221588856,208684642,Docker Build,push,752c7b8132cc39909e5592ace99261adcbe0598f,1,success,sucesso,2026-01-21T18:44:29Z,2026-01-21T18:47:40Z,2026-01-21T18:44:29Z
mozilla/pontoon,21221588900,4438152,Backend,push,752c7b8132cc39909e5592ace99261adcbe0598f,1,success,sucesso,2026-01-21T18:44:29Z,2026-01-21T18:48:43Z,2026-01-21T18:44:29Z
mozilla/pontoon,21179881494,4438153,Python linting,push,9e1778bb94c77393a07b2d8a47e0dbe300264dc6,1,success,sucesso,2026-01-20T16:49:48Z,2026-01-20T16:50:04Z,2026-01-20T16:49:48Z
mozilla/pontoon,21179881531,208684642,Docker Build,push,9e1778bb94c77393a07b2d8a47e0dbe300264dc6,1,success,sucesso,2026-01-20T16:49:48Z,2026-01-20T16:52:35Z,2026-01-20T16:49:48Z
mozilla/pontoon,21179881533,4438152,Backend,push,9e1778bb94c77393a07b2d8a47e0dbe300264dc6,1,success,sucesso,2026-01-20T16:49:48Z,2026-01-20T16:54:12Z,2026-01-20T16:49:48Z
mozilla/pontoon,21080526428,208684642,Docker Build,push,cb9ab3724c610b755c482d84d3e1a7ac8b1b2074,1,success,sucesso,2026-01-16T20:53:30Z,2026-01-16T20:56:40Z,2026-01-16T20:53:30Z
mozilla/pontoon,21080526416,4438152,Backend,push,cb9ab3724c610b755c482d84d3e1a7ac8b1b2074,1,success,sucesso,2026-01-16T20:53:30Z,2026-01-16T20:57:42Z,2026-01-16T20:53:30Z
mozilla/pontoon,21072579553,4438153,Python linting,push,d4389d4abebb12e455ee6aa4c23075f7a404aa68,1,success,sucesso,2026-01-16T15:59:09Z,2026-01-16T15:59:23Z,2026-01-16T15:59:09Z
mozilla/pontoon,21072579563,208684642,Docker Build,push,d4389d4abebb12e455ee6aa4c23075f7a404aa68,1,success,sucesso,2026-01-16T15:59:09Z,2026-01-16T16:01:41Z,2026-01-16T15:59:09Z
mozilla/pontoon,21072579559,4438152,Backend,push,d4389d4abebb12e455ee6aa4c23075f7a404aa68,1,success,sucesso,2026-01-16T15:59:09Z,2026-01-16T16:03:31Z,2026-01-16T15:59:09Z
mozilla/pontoon,21067902043,4438153,Python linting,push,355771ba127a2a0294328b564956091d3dd44dcc,1,success,sucesso,2026-01-16T13:17:09Z,2026-01-16T13:17:21Z,2026-01-16T13:17:09Z
mozilla/pontoon,21067902008,208684642,Docker Build,push,355771ba127a2a0294328b564956091d3dd44dcc,1,success,sucesso,2026-01-16T13:17:09Z,2026-01-16T13:19:54Z,2026-01-16T13:17:09Z
mozilla/pontoon,21067902002,4438152,Backend,push,355771ba127a2a0294328b564956091d3dd44dcc,1,success,sucesso,2026-01-16T13:17:09Z,2026-01-16T13:21:36Z,2026-01-16T13:17:09Z
mozilla/pontoon,21045906200,208684642,Docker Build,push,e7f5d076ec1a6abce94c1919f399e805c7932887,1,success,sucesso,2026-01-15T20:49:58Z,2026-01-15T20:53:52Z,2026-01-15T20:49:58Z
mozilla/pontoon,21045906217,4438152,Backend,push,e7f5d076ec1a6abce94c1919f399e805c7932887,1,success,sucesso,2026-01-15T20:49:58Z,2026-01-15T20:54:03Z,2026-01-15T20:49:58Z
mozilla/pontoon,21045906199,4438153,Python linting,push,e7f5d076ec1a6abce94c1919f399e805c7932887,1,success,sucesso,2026-01-15T20:49:58Z,2026-01-15T20:50:08Z,2026-01-15T20:49:58Z
mozilla/pontoon,20999573694,4438153,Python linting,push,0e319ad81b204600c6a784499b6cff296beda810,1,success,sucesso,2026-01-14T15:25:28Z,2026-01-14T15:25:39Z,2026-01-14T15:25:28Z
mozilla/pontoon,20999573755,208684642,Docker Build,push,0e319ad81b204600c6a784499b6cff296beda810,1,success,sucesso,2026-01-14T15:25:28Z,2026-01-14T15:28:11Z,2026-01-14T15:25:28Z
mozilla/pontoon,20999573709,4438152,Backend,push,0e319ad81b204600c6a784499b6cff296beda810,1,success,sucesso,2026-01-14T15:25:28Z,2026-01-14T15:29:31Z,2026-01-14T15:25:28Z
mozilla/pontoon,20991124960,4438153,Python linting,push,102d1e0806ee92526d861f10f23b892669e6c7b1,1,success,sucesso,2026-01-14T10:38:39Z,2026-01-14T10:38:49Z,2026-01-14T10:38:39Z
mozilla/pontoon,20991124950,208684642,Docker Build,push,102d1e0806ee92526d861f10f23b892669e6c7b1,1,success,sucesso,2026-01-14T10:38:39Z,2026-01-14T10:41:03Z,2026-01-14T10:38:39Z
mozilla/pontoon,20991124965,4438152,Backend,push,102d1e0806ee92526d861f10f23b892669e6c7b1,1,success,sucesso,2026-01-14T10:38:39Z,2026-01-14T10:42:58Z,2026-01-14T10:38:39Z
mozilla/pontoon,20986447875,4438153,Python linting,push,21a2f4f677d35551fe83e5ba00953d12865b0b96,1,success,sucesso,2026-01-14T07:46:41Z,2026-01-14T07:46:56Z,2026-01-14T07:46:41Z
mozilla/pontoon,20986447904,208684642,Docker Build,push,21a2f4f677d35551fe83e5ba00953d12865b0b96,1,success,sucesso,2026-01-14T07:46:41Z,2026-01-14T07:49:07Z,2026-01-14T07:46:41Z
mozilla/pontoon,20986447886,4438152,Backend,push,21a2f4f677d35551fe83e5ba00953d12865b0b96,1,success,sucesso,2026-01-14T07:46:41Z,2026-01-14T07:51:00Z,2026-01-14T07:46:41Z
mozilla/pontoon,20959655035,4438152,Backend,push,8bbe2251e54ad20a5d67fd2df1fe6442287a8a97,1,success,sucesso,2026-01-13T14:05:52Z,2026-01-13T14:10:02Z,2026-01-13T14:05:52Z
mozilla/pontoon,20959655036,208684642,Docker Build,push,8bbe2251e54ad20a5d67fd2df1fe6442287a8a97,1,success,sucesso,2026-01-13T14:05:52Z,2026-01-13T14:11:59Z,2026-01-13T14:05:52Z
mozilla/pontoon,20959655046,4438153,Python linting,push,8bbe2251e54ad20a5d67fd2df1fe6442287a8a97,1,success,sucesso,2026-01-13T14:05:52Z,2026-01-13T14:06:06Z,2026-01-13T14:05:52Z
mozilla/pontoon,20864876541,4438152,Backend,push,8d516b44e4492a7c2d3e2bb324da69215441c453,1,success,sucesso,2026-01-09T20:37:56Z,2026-01-09T20:42:17Z,2026-01-09T20:37:56Z
mozilla/pontoon,20864876564,4438153,Python linting,push,8d516b44e4492a7c2d3e2bb324da69215441c453,1,success,sucesso,2026-01-09T20:37:56Z,2026-01-09T20:38:06Z,2026-01-09T20:37:56Z
mozilla/pontoon,20864876552,4439483,JavaScript linting,push,8d516b44e4492a7c2d3e2bb324da69215441c453,1,success,sucesso,2026-01-09T20:37:56Z,2026-01-09T20:38:23Z,2026-01-09T20:37:56Z
mozilla/pontoon,20864876558,208684642,Docker Build,push,8d516b44e4492a7c2d3e2bb324da69215441c453,1,success,sucesso,2026-01-09T20:37:56Z,2026-01-09T20:40:51Z,2026-01-09T20:37:56Z
mozilla/pontoon,20815815515,4439483,JavaScript linting,push,879bbabcd931598e242c2edde10f6e189f0cc720,1,success,sucesso,2026-01-08T11:49:42Z,2026-01-08T11:50:12Z,2026-01-08T11:49:42Z
mozilla/pontoon,20815815548,4416466,Frontend,push,879bbabcd931598e242c2edde10f6e189f0cc720,1,success,sucesso,2026-01-08T11:49:42Z,2026-01-08T11:50:55Z,2026-01-08T11:49:42Z
mozilla/pontoon,20815815522,208684642,Docker Build,push,879bbabcd931598e242c2edde10f6e189f0cc720,1,success,sucesso,2026-01-08T11:49:42Z,2026-01-08T11:52:58Z,2026-01-08T11:49:42Z
mozilla/pontoon,20810329339,4439483,JavaScript linting,push,786de361b68ca4a1e073cb01d63a7fa6f71d4f75,1,success,sucesso,2026-01-08T08:22:38Z,2026-01-08T08:23:04Z,2026-01-08T08:22:38Z
mozilla/pontoon,20810329331,4416466,Frontend,push,786de361b68ca4a1e073cb01d63a7fa6f71d4f75,1,success,sucesso,2026-01-08T08:22:38Z,2026-01-08T08:23:47Z,2026-01-08T08:22:38Z
mozilla/pontoon,20810329346,208684642,Docker Build,push,786de361b68ca4a1e073cb01d63a7fa6f71d4f75,1,success,sucesso,2026-01-08T08:22:38Z,2026-01-08T08:25:32Z,2026-01-08T08:22:38Z
mozilla/pontoon,20810147705,208684642,Docker Build,push,36a683ad79271e42c84914feda67f6ff3a2b5ab8,1,success,sucesso,2026-01-08T08:15:05Z,2026-01-08T08:17:28Z,2026-01-08T08:15:05Z
mozilla/pontoon,20786907353,4416466,Frontend,push,102e7adfc8f47123d72d36612982544f7c3bbd23,1,success,sucesso,2026-01-07T15:38:14Z,2026-01-07T15:39:22Z,2026-01-07T15:38:14Z
mozilla/pontoon,20786907371,208684642,Docker Build,push,102e7adfc8f47123d72d36612982544f7c3bbd23,1,success,sucesso,2026-01-07T15:38:14Z,2026-01-07T15:41:17Z,2026-01-07T15:38:14Z
mozilla/pontoon,20786907367,4439483,JavaScript linting,push,102e7adfc8f47123d72d36612982544f7c3bbd23,1,success,sucesso,2026-01-07T15:38:14Z,2026-01-07T15:38:48Z,2026-01-07T15:38:14Z
mozilla/pontoon,20715886857,4439483,JavaScript linting,push,225b58a2534af432153807d4af061d1c18dfe390,1,success,sucesso,2026-01-05T12:48:25Z,2026-01-05T12:48:55Z,2026-01-05T12:48:25Z
mozilla/pontoon,20715886861,4416466,Frontend,push,225b58a2534af432153807d4af061d1c18dfe390,1,success,sucesso,2026-01-05T12:48:25Z,2026-01-05T12:49:29Z,2026-01-05T12:48:25Z
mozilla/pontoon,20715886916,208684642,Docker Build,push,225b58a2534af432153807d4af061d1c18dfe390,1,success,sucesso,2026-01-05T12:48:25Z,2026-01-05T12:51:35Z,2026-01-05T12:48:25Z
mozilla/pontoon,20623447242,4438153,Python linting,push,1c4b49f822fd338f042ff89b695125640aab5e47,1,success,sucesso,2025-12-31T16:59:01Z,2025-12-31T16:59:13Z,2025-12-31T16:59:01Z
mozilla/pontoon,20623447263,4439483,JavaScript linting,push,1c4b49f822fd338f042ff89b695125640aab5e47,1,success,sucesso,2025-12-31T16:59:01Z,2025-12-31T16:59:32Z,2025-12-31T16:59:01Z
mozilla/pontoon,20623447224,4416466,Frontend,push,1c4b49f822fd338f042ff89b695125640aab5e47,1,success,sucesso,2025-12-31T16:59:01Z,2025-12-31T16:59:50Z,2025-12-31T16:59:01Z
mozilla/pontoon,20623447232,208684642,Docker Build,push,1c4b49f822fd338f042ff89b695125640aab5e47,1,success,sucesso,2025-12-31T16:59:01Z,2025-12-31T17:02:24Z,2025-12-31T16:59:01Z
mozilla/pontoon,20623447211,4438152,Backend,push,1c4b49f822fd338f042ff89b695125640aab5e47,1,success,sucesso,2025-12-31T16:59:01Z,2025-12-31T17:03:30Z,2025-12-31T16:59:01Z
mozilla/pontoon,20603116505,4438153,Python linting,push,8502f3a713302550fc68b45e761b1bc250e64552,1,success,sucesso,2025-12-30T18:21:43Z,2025-12-30T18:21:52Z,2025-12-30T18:21:43Z
mozilla/pontoon,20603116510,208684642,Docker Build,push,8502f3a713302550fc68b45e761b1bc250e64552,1,success,sucesso,2025-12-30T18:21:43Z,2025-12-30T18:25:35Z,2025-12-30T18:21:43Z
mozilla/pontoon,20603116506,4438152,Backend,push,8502f3a713302550fc68b45e761b1bc250e64552,1,success,sucesso,2025-12-30T18:21:43Z,2025-12-30T18:25:57Z,2025-12-30T18:21:43Z
mozilla/pontoon,20600220155,4439483,JavaScript linting,push,969d1abf651522c09ac3cac5aae573504d86ce1a,1,success,sucesso,2025-12-30T15:42:42Z,2025-12-30T15:43:10Z,2025-12-30T15:42:42Z
mozilla/pontoon,20600220160,4416466,Frontend,push,969d1abf651522c09ac3cac5aae573504d86ce1a,1,success,sucesso,2025-12-30T15:42:42Z,2025-12-30T15:43:34Z,2025-12-30T15:42:42Z
mozilla/pontoon,20600220175,208684642,Docker Build,push,969d1abf651522c09ac3cac5aae573504d86ce1a,1,success,sucesso,2025-12-30T15:42:42Z,2025-12-30T15:46:00Z,2025-12-30T15:42:42Z
mozilla/pontoon,20595813159,4416466,Frontend,push,070cd280a0ce5da380670208511c2dc836cc98da,1,success,sucesso,2025-12-30T11:47:03Z,2025-12-30T11:47:53Z,2025-12-30T11:47:03Z
mozilla/pontoon,20595813151,208684642,Docker Build,push,070cd280a0ce5da380670208511c2dc836cc98da,1,success,sucesso,2025-12-30T11:47:03Z,2025-12-30T11:51:42Z,2025-12-30T11:47:03Z
mozilla/pontoon,20595813145,4439483,JavaScript linting,push,070cd280a0ce5da380670208511c2dc836cc98da,1,success,sucesso,2025-12-30T11:47:02Z,2025-12-30T11:47:34Z,2025-12-30T11:47:02Z
mozilla/pontoon,20444995344,4416466,Frontend,push,c375d0ff390c385a0afe21106679a7a162dc91bd,1,success,sucesso,2025-12-22T21:56:09Z,2025-12-22T21:56:59Z,2025-12-22T21:56:09Z
mozilla/pontoon,20444995336,4439483,JavaScript linting,push,c375d0ff390c385a0afe21106679a7a162dc91bd,1,success,sucesso,2025-12-22T21:56:09Z,2025-12-22T21:56:38Z,2025-12-22T21:56:09Z
mozilla/pontoon,20444995358,208684642,Docker Build,push,c375d0ff390c385a0afe21106679a7a162dc91bd,1,success,sucesso,2025-12-22T21:56:09Z,2025-12-22T21:59:30Z,2025-12-22T21:56:09Z
mozilla/pontoon,20345738703,4438152,Backend,push,87dd375ea89439efa45e5c03787f72b9e9082b20,1,success,sucesso,2025-12-18T17:38:08Z,2025-12-18T17:42:20Z,2025-12-18T17:38:08Z
mozilla/pontoon,20345738714,208684642,Docker Build,push,87dd375ea89439efa45e5c03787f72b9e9082b20,1,success,sucesso,2025-12-18T17:38:08Z,2025-12-18T17:40:50Z,2025-12-18T17:38:08Z
mozilla/pontoon,20345738681,4438153,Python linting,push,87dd375ea89439efa45e5c03787f72b9e9082b20,1,success,sucesso,2025-12-18T17:38:08Z,2025-12-18T17:38:18Z,2025-12-18T17:38:08Z
mozilla/pontoon,20345676869,4438152,Backend,push,58cb3036b7b93acf0b2f40b939b3dfdd45eaec23,1,success,sucesso,2025-12-18T17:36:02Z,2025-12-18T17:40:09Z,2025-12-18T17:36:02Z
mozilla/pontoon,20345676848,4438153,Python linting,push,58cb3036b7b93acf0b2f40b939b3dfdd45eaec23,1,success,sucesso,2025-12-18T17:36:02Z,2025-12-18T17:36:18Z,2025-12-18T17:36:02Z
mozilla/pontoon,20345676843,208684642,Docker Build,push,58cb3036b7b93acf0b2f40b939b3dfdd45eaec23,1,success,sucesso,2025-12-18T17:36:02Z,2025-12-18T17:38:45Z,2025-12-18T17:36:02Z
mozilla/pontoon,20345625009,4438153,Python linting,push,743d62fbc02d549c4d3bd9d515c4b450c034afdb,1,success,sucesso,2025-12-18T17:34:17Z,2025-12-18T17:34:31Z,2025-12-18T17:34:17Z
mozilla/pontoon,20345624997,208684642,Docker Build,push,743d62fbc02d549c4d3bd9d515c4b450c034afdb,1,success,sucesso,2025-12-18T17:34:17Z,2025-12-18T17:37:00Z,2025-12-18T17:34:17Z
mozilla/pontoon,20345624975,4438152,Backend,push,743d62fbc02d549c4d3bd9d515c4b450c034afdb,1,success,sucesso,2025-12-18T17:34:17Z,2025-12-18T17:38:27Z,2025-12-18T17:34:17Z
mozilla/pontoon,20342304473,4439483,JavaScript linting,push,46bdc0015b4efdf5f9dab1486debc4f4451caf9e,1,success,sucesso,2025-12-18T15:35:43Z,2025-12-18T15:36:13Z,2025-12-18T15:35:43Z
mozilla/pontoon,20342304422,208684642,Docker Build,push,46bdc0015b4efdf5f9dab1486debc4f4451caf9e,1,success,sucesso,2025-12-18T15:35:43Z,2025-12-18T15:38:25Z,2025-12-18T15:35:43Z
mozilla/pontoon,20342304446,4438152,Backend,push,46bdc0015b4efdf5f9dab1486debc4f4451caf9e,1,success,sucesso,2025-12-18T15:35:43Z,2025-12-18T15:45:02Z,2025-12-18T15:35:43Z
mozilla/pontoon,20338557510,4438152,Backend,push,6e573085bdb8926a194fe561c45c8d7baee53d53,1,success,sucesso,2025-12-18T13:28:21Z,2025-12-18T13:32:28Z,2025-12-18T13:28:21Z
mozilla/pontoon,20338557521,208684642,Docker Build,push,6e573085bdb8926a194fe561c45c8d7baee53d53,1,success,sucesso,2025-12-18T13:28:21Z,2025-12-18T13:30:59Z,2025-12-18T13:28:21Z
mozilla/pontoon,20338557523,4438153,Python linting,push,6e573085bdb8926a194fe561c45c8d7baee53d53,1,success,sucesso,2025-12-18T13:28:21Z,2025-12-18T13:28:30Z,2025-12-18T13:28:21Z
mozilla/pontoon,20335319600,208684642,Docker Build,push,df9e8c6dd7d20ba61ae5e4e6c5b23657f4140029,1,success,sucesso,2025-12-18T11:23:34Z,2025-12-18T11:26:25Z,2025-12-18T11:23:34Z
mozilla/pontoon,20335319575,4439483,JavaScript linting,push,df9e8c6dd7d20ba61ae5e4e6c5b23657f4140029,1,success,sucesso,2025-12-18T11:23:34Z,2025-12-18T11:24:05Z,2025-12-18T11:23:34Z
mozilla/pontoon,20335319585,4416466,Frontend,push,df9e8c6dd7d20ba61ae5e4e6c5b23657f4140029,1,success,sucesso,2025-12-18T11:23:34Z,2025-12-18T11:24:23Z,2025-12-18T11:23:34Z
mozilla/pontoon,20333844733,4438153,Python linting,push,63f363522e88d79125b323e3265c83d10415add6,1,success,sucesso,2025-12-18T10:26:49Z,2025-12-18T10:27:03Z,2025-12-18T10:26:49Z
mozilla/pontoon,20333844732,208684642,Docker Build,push,63f363522e88d79125b323e3265c83d10415add6,1,success,sucesso,2025-12-18T10:26:49Z,2025-12-18T10:29:28Z,2025-12-18T10:26:49Z
mozilla/pontoon,20333844773,4438152,Backend,push,63f363522e88d79125b323e3265c83d10415add6,1,success,sucesso,2025-12-18T10:26:49Z,2025-12-18T10:30:56Z,2025-12-18T10:26:49Z
mozilla/pontoon,20311070318,208684642,Docker Build,push,9c678a2977d166eaee92ce5ab6899dc3069b3a89,1,success,sucesso,2025-12-17T17:09:35Z,2025-12-17T17:12:23Z,2025-12-17T17:09:35Z
mozilla/pontoon,20192293507,208684642,Docker Build,push,22aa0af2748375a88e8ad517fbf427dfeaee2440,1,success,sucesso,2025-12-13T12:51:32Z,2025-12-13T12:55:25Z,2025-12-13T12:51:32Z
mozilla/pontoon,20192293509,4438152,Backend,push,22aa0af2748375a88e8ad517fbf427dfeaee2440,1,success,sucesso,2025-12-13T12:51:32Z,2025-12-13T12:55:23Z,2025-12-13T12:51:32Z
mozilla/pontoon,20192293513,4438153,Python linting,push,22aa0af2748375a88e8ad517fbf427dfeaee2440,1,success,sucesso,2025-12-13T12:51:32Z,2025-12-13T12:51:43Z,2025-12-13T12:51:32Z
mozilla/pontoon,20192293521,4439483,JavaScript linting,push,22aa0af2748375a88e8ad517fbf427dfeaee2440,1,success,sucesso,2025-12-13T12:51:32Z,2025-12-13T12:52:00Z,2025-12-13T12:51:32Z
mozilla/pontoon,20192293514,4416466,Frontend,push,22aa0af2748375a88e8ad517fbf427dfeaee2440,1,success,sucesso,2025-12-13T12:51:32Z,2025-12-13T12:52:20Z,2025-12-13T12:51:32Z
mozilla/pontoon,20126078566,208684642,Docker Build,push,74b4ca1e821c9b33bc5ea17870a6b03397814cb3,1,success,sucesso,2025-12-11T08:01:27Z,2025-12-11T08:04:09Z,2025-12-11T08:01:27Z
mozilla/pontoon,20126078515,4438153,Python linting,push,74b4ca1e821c9b33bc5ea17870a6b03397814cb3,1,success,sucesso,2025-12-11T08:01:26Z,2025-12-11T08:01:40Z,2025-12-11T08:01:26Z
mozilla/pontoon,20126078532,4438152,Backend,push,74b4ca1e821c9b33bc5ea17870a6b03397814cb3,1,success,sucesso,2025-12-11T08:01:26Z,2025-12-11T08:05:27Z,2025-12-11T08:01:26Z
mozilla/pontoon,20085287364,208684642,Docker Build,push,d2ec0435ed93866d34a2383e74a7bdd3851b46d0,1,success,sucesso,2025-12-10T02:30:54Z,2025-12-10T02:33:38Z,2025-12-10T02:30:54Z
mozilla/pontoon,20056220619,4439483,JavaScript linting,push,737a932080eaf70535f378febcec5d559901cbfe,1,success,sucesso,2025-12-09T08:02:46Z,2025-12-09T08:03:17Z,2025-12-09T08:02:46Z
mozilla/pontoon,20056220674,208684642,Docker Build,push,737a932080eaf70535f378febcec5d559901cbfe,1,success,sucesso,2025-12-09T08:02:46Z,2025-12-09T08:08:38Z,2025-12-09T08:02:46Z
mozilla/pontoon,20056220658,4438152,Backend,push,737a932080eaf70535f378febcec5d559901cbfe,1,success,sucesso,2025-12-09T08:02:46Z,2025-12-09T08:06:21Z,2025-12-09T08:02:46Z
mozilla/pontoon,20056220624,4438153,Python linting,push,737a932080eaf70535f378febcec5d559901cbfe,1,success,sucesso,2025-12-09T08:02:46Z,2025-12-09T08:02:57Z,2025-12-09T08:02:46Z
mozilla/pontoon,20056220620,4416466,Frontend,push,737a932080eaf70535f378febcec5d559901cbfe,1,success,sucesso,2025-12-09T08:02:46Z,2025-12-09T08:03:39Z,2025-12-09T08:02:46Z
mozilla/pontoon,20023332191,4438152,Backend,push,3111af404fe6d3f4f2b6003ca32b98fe7ed5f9b3,1,success,sucesso,2025-12-08T09:33:58Z,2025-12-08T09:38:03Z,2025-12-08T09:33:58Z
mozilla/pontoon,20023332213,208684642,Docker Build,push,3111af404fe6d3f4f2b6003ca32b98fe7ed5f9b3,1,success,sucesso,2025-12-08T09:33:58Z,2025-12-08T09:36:53Z,2025-12-08T09:33:58Z
mozilla/pontoon,20023326427,208684642,Docker Build,push,82d8bae4097f9d5a8ca6e9a351aca25fc4226692,1,success,sucesso,2025-12-08T09:33:45Z,2025-12-08T09:36:24Z,2025-12-08T09:33:45Z
mozilla/pontoon,20008604479,208684642,Docker Build,push,45ff5590af7d69e7242b0b791e268fb98994a8ff,1,success,sucesso,2025-12-07T18:37:30Z,2025-12-07T18:40:32Z,2025-12-07T18:37:30Z
mozilla/pontoon,20008604476,4439483,JavaScript linting,push,45ff5590af7d69e7242b0b791e268fb98994a8ff,1,success,sucesso,2025-12-07T18:37:30Z,2025-12-07T18:38:04Z,2025-12-07T18:37:30Z
mozilla/pontoon,20008604484,4416466,Frontend,push,45ff5590af7d69e7242b0b791e268fb98994a8ff,1,success,sucesso,2025-12-07T18:37:30Z,2025-12-07T18:38:25Z,2025-12-07T18:37:30Z
mozilla/pontoon,19888838120,208684642,Docker Build,push,483abd3c2b5ab298c38bb8d959d7417d5cc460af,1,success,sucesso,2025-12-03T09:25:23Z,2025-12-03T09:28:28Z,2025-12-03T09:25:23Z
mozilla/pontoon,19888838107,4438152,Backend,push,483abd3c2b5ab298c38bb8d959d7417d5cc460af,1,success,sucesso,2025-12-03T09:25:23Z,2025-12-03T09:30:03Z,2025-12-03T09:25:23Z
mozilla/pontoon,19712474028,208684642,Docker Build,push,23fbae111c7311101e488b09e4609b21b0d0816e,1,success,sucesso,2025-11-26T17:34:36Z,2025-11-26T17:37:11Z,2025-11-26T17:34:36Z
mozilla/pontoon,19699374789,208684642,Docker Build,push,af21048da5c2387aa2a640ff0f710408ae3f24bf,1,success,sucesso,2025-11-26T09:46:07Z,2025-11-26T09:48:47Z,2025-11-26T09:46:07Z
mozilla/pontoon,19699374726,4438153,Python linting,push,af21048da5c2387aa2a640ff0f710408ae3f24bf,1,success,sucesso,2025-11-26T09:46:07Z,2025-11-26T09:46:24Z,2025-11-26T09:46:07Z
mozilla/pontoon,19699374738,4438152,Backend,push,af21048da5c2387aa2a640ff0f710408ae3f24bf,1,success,sucesso,2025-11-26T09:46:07Z,2025-11-26T09:50:09Z,2025-11-26T09:46:07Z
mozilla/pontoon,19639900155,208684642,Docker Build,push,8f71af1ead04cec9eb3f13532a6c4bf147eb0d0a,1,success,sucesso,2025-11-24T15:35:12Z,2025-11-24T15:38:02Z,2025-11-24T15:35:12Z
mozilla/pontoon,19639900170,4438152,Backend,push,8f71af1ead04cec9eb3f13532a6c4bf147eb0d0a,1,success,sucesso,2025-11-24T15:35:12Z,2025-11-24T15:39:29Z,2025-11-24T15:35:12Z
mozilla/pontoon,19639900177,4438153,Python linting,push,8f71af1ead04cec9eb3f13532a6c4bf147eb0d0a,1,success,sucesso,2025-11-24T15:35:12Z,2025-11-24T15:35:28Z,2025-11-24T15:35:12Z
mozilla/pontoon,19591708820,208684642,Docker Build,push,edad3264e8ceba9b35da063abb689308bb3916f8,1,success,sucesso,2025-11-22T06:35:21Z,2025-11-22T06:37:50Z,2025-11-22T06:35:21Z
mozilla/pontoon,19584034992,208684642,Docker Build,push,b8b9eab92cb4f70131d438a386f7e918e3cbe126,1,failure,falha,2025-11-21T21:29:53Z,2025-11-21T21:34:56Z,2025-11-21T21:29:53Z
mozilla/pontoon,19479980389,4438153,Python linting,push,99e4b868d330f67deb4e2229b97625631d8791a8,1,success,sucesso,2025-11-18T20:16:42Z,2025-11-18T20:16:58Z,2025-11-18T20:16:42Z
mozilla/pontoon,19479980357,4438152,Backend,push,99e4b868d330f67deb4e2229b97625631d8791a8,1,success,sucesso,2025-11-18T20:16:42Z,2025-11-18T20:20:44Z,2025-11-18T20:16:42Z
mozilla/pontoon,19457879256,4438153,Python linting,push,b591424afebbfa2b2a800e8971ba38d61b28c1d5,1,success,sucesso,2025-11-18T07:32:09Z,2025-11-18T07:32:20Z,2025-11-18T07:32:09Z
mozilla/pontoon,19457879233,4438152,Backend,push,b591424afebbfa2b2a800e8971ba38d61b28c1d5,1,success,sucesso,2025-11-18T07:32:09Z,2025-11-18T07:36:46Z,2025-11-18T07:32:09Z
mozilla/pontoon,19168967552,4438152,Backend,push,b8e7b1625db53555aff8496738e375940abe8c63,1,success,sucesso,2025-11-07T12:53:33Z,2025-11-07T12:58:10Z,2025-11-07T12:53:33Z
mozilla/pontoon,19083588643,4438152,Backend,push,fdd4dd1d9bc4dd407b563fe1bc21cd479a5d2b7a,1,success,sucesso,2025-11-04T21:38:39Z,2025-11-04T21:43:08Z,2025-11-04T21:38:39Z
mozilla/pontoon,19083588645,4438153,Python linting,push,fdd4dd1d9bc4dd407b563fe1bc21cd479a5d2b7a,1,success,sucesso,2025-11-04T21:38:39Z,2025-11-04T21:38:52Z,2025-11-04T21:38:39Z
mozilla/pontoon,19078745267,4438153,Python linting,push,cb797b3a8acafbcd00b87800cb780b69a3b744b3,1,success,sucesso,2025-11-04T18:19:59Z,2025-11-04T18:20:15Z,2025-11-04T18:19:59Z
mozilla/pontoon,19078745327,4438152,Backend,push,cb797b3a8acafbcd00b87800cb780b69a3b744b3,1,success,sucesso,2025-11-04T18:19:59Z,2025-11-04T18:24:42Z,2025-11-04T18:19:59Z
mozilla/pontoon,19073656951,4438153,Python linting,push,bc29c836ab4d0464adb9b70ec0622bac6eded5c1,1,success,sucesso,2025-11-04T15:22:23Z,2025-11-04T15:22:38Z,2025-11-04T15:22:23Z
mozilla/pontoon,19073656955,4438152,Backend,push,bc29c836ab4d0464adb9b70ec0622bac6eded5c1,1,success,sucesso,2025-11-04T15:22:23Z,2025-11-04T15:26:51Z,2025-11-04T15:22:23Z
mozilla/pontoon,18920419084,4416466,Frontend,push,ac6e388422c2e76d977b6fb3576671ae380a0d43,1,success,sucesso,2025-10-29T19:56:18Z,2025-10-29T19:57:07Z,2025-10-29T19:56:18Z
mozilla/pontoon,18920298110,4416466,Frontend,push,39448f8f13bd58615a330c9cc6c7bad517ef9fd4,1,success,sucesso,2025-10-29T19:50:40Z,2025-10-29T19:51:32Z,2025-10-29T19:50:40Z
mozilla/pontoon,18904089192,4438153,Python linting,push,93f144c8b3724f8861199fd33e3e7ba29827d525,1,success,sucesso,2025-10-29T10:03:12Z,2025-10-29T10:03:25Z,2025-10-29T10:03:12Z
mozilla/pontoon,18904089229,4438152,Backend,push,93f144c8b3724f8861199fd33e3e7ba29827d525,1,success,sucesso,2025-10-29T10:03:12Z,2025-10-29T10:07:28Z,2025-10-29T10:03:12Z
mozilla/pontoon,18570479724,4438152,Backend,push,8dbce417d3531d61803ae87049fd5961d247ba17,1,success,sucesso,2025-10-16T18:06:19Z,2025-10-16T18:11:16Z,2025-10-16T18:06:19Z
mozilla/pontoon,18570479729,4438153,Python linting,push,8dbce417d3531d61803ae87049fd5961d247ba17,1,success,sucesso,2025-10-16T18:06:19Z,2025-10-16T18:06:44Z,2025-10-16T18:06:19Z
mozilla/pontoon,18527230488,4438153,Python linting,push,f6e2165334eb5cbd218b94309587b7a198811396,1,success,sucesso,2025-10-15T11:24:34Z,2025-10-15T11:24:44Z,2025-10-15T11:24:34Z
mozilla/pontoon,18527230503,4438152,Backend,push,f6e2165334eb5cbd218b94309587b7a198811396,1,success,sucesso,2025-10-15T11:24:34Z,2025-10-15T11:29:11Z,2025-10-15T11:24:34Z
mozilla/pontoon,18503335013,4439483,JavaScript linting,push,16afefdaf3d7ef1613e065871a6c29fe39128c52,1,success,sucesso,2025-10-14T16:27:45Z,2025-10-14T16:28:22Z,2025-10-14T16:27:45Z
mozilla/pontoon,18503335016,4416466,Frontend,push,16afefdaf3d7ef1613e065871a6c29fe39128c52,1,success,sucesso,2025-10-14T16:27:45Z,2025-10-14T16:28:40Z,2025-10-14T16:27:45Z
mozilla/pontoon,18486006646,4438153,Python linting,push,37bb070be09a29d0b5bb5520a3fa12187365a9b8,1,success,sucesso,2025-10-14T05:01:58Z,2025-10-14T05:02:09Z,2025-10-14T05:01:58Z
mozilla/pontoon,18486006660,4438152,Backend,push,37bb070be09a29d0b5bb5520a3fa12187365a9b8,1,success,sucesso,2025-10-14T05:01:58Z,2025-10-14T05:06:38Z,2025-10-14T05:01:58Z
mozilla/pontoon,18476627739,4438152,Backend,push,43bcc6baf5604eccd41c7037d51b21a41584c748,1,failure,falha,2025-10-13T19:48:53Z,2025-10-13T19:53:41Z,2025-10-13T19:48:53Z
mozilla/pontoon,18476627746,4438153,Python linting,push,43bcc6baf5604eccd41c7037d51b21a41584c748,1,success,sucesso,2025-10-13T19:48:53Z,2025-10-13T19:49:05Z,2025-10-13T19:48:53Z
mozilla/pontoon,18476096946,4439483,JavaScript linting,push,0768e5bf479ab28d542074d9b4a153d10bbbd371,1,success,sucesso,2025-10-13T19:22:42Z,2025-10-13T19:23:09Z,2025-10-13T19:22:42Z
mozilla/pontoon,18476096947,4416466,Frontend,push,0768e5bf479ab28d542074d9b4a153d10bbbd371,1,success,sucesso,2025-10-13T19:22:42Z,2025-10-13T19:23:37Z,2025-10-13T19:22:42Z
mozilla/pontoon,18476096950,4438153,Python linting,push,0768e5bf479ab28d542074d9b4a153d10bbbd371,1,success,sucesso,2025-10-13T19:22:42Z,2025-10-13T19:22:52Z,2025-10-13T19:22:42Z
mozilla/pontoon,18476096955,4438152,Backend,push,0768e5bf479ab28d542074d9b4a153d10bbbd371,1,success,sucesso,2025-10-13T19:22:42Z,2025-10-13T19:27:09Z,2025-10-13T19:22:42Z
mozilla/pontoon,18382403143,4416466,Frontend,push,f7c9214541a4a0961faa0f596b4851a18402e614,1,success,sucesso,2025-10-09T16:26:44Z,2025-10-09T16:27:53Z,2025-10-09T16:26:44Z
mozilla/pontoon,18382403148,4438152,Backend,push,f7c9214541a4a0961faa0f596b4851a18402e614,1,success,sucesso,2025-10-09T16:26:44Z,2025-10-09T16:31:22Z,2025-10-09T16:26:44Z
mozilla/pontoon,18382403154,4439483,JavaScript linting,push,f7c9214541a4a0961faa0f596b4851a18402e614,1,success,sucesso,2025-10-09T16:26:44Z,2025-10-09T16:27:23Z,2025-10-09T16:26:44Z
mozilla/pontoon,18382403159,4438153,Python linting,push,f7c9214541a4a0961faa0f596b4851a18402e614,1,success,sucesso,2025-10-09T16:26:44Z,2025-10-09T16:26:55Z,2025-10-09T16:26:44Z
mozilla/pontoon,18371046638,4438153,Python linting,push,2ca6c9e7564e615bc5946200dedbda3295b95499,1,success,sucesso,2025-10-09T08:58:25Z,2025-10-09T08:58:38Z,2025-10-09T08:58:25Z
mozilla/pontoon,18371046639,4438152,Backend,push,2ca6c9e7564e615bc5946200dedbda3295b95499,1,success,sucesso,2025-10-09T08:58:25Z,2025-10-09T09:02:53Z,2025-10-09T08:58:25Z
mozilla/pontoon,18277369455,4438152,Backend,push,58b9367db33d5183ccbe4bf2203a37deb2fc1e15,1,success,sucesso,2025-10-06T10:09:15Z,2025-10-06T10:14:22Z,2025-10-06T10:09:15Z
mozilla/pontoon,18277369461,4438153,Python linting,push,58b9367db33d5183ccbe4bf2203a37deb2fc1e15,1,success,sucesso,2025-10-06T10:09:15Z,2025-10-06T10:09:35Z,2025-10-06T10:09:15Z
mozilla/pontoon,18226195534,4438152,Backend,push,3d4af811d49db4be9ddec08da17250ddadaf3847,1,success,sucesso,2025-10-03T15:12:07Z,2025-10-03T15:16:30Z,2025-10-03T15:12:07Z
mozilla/pontoon,18226195540,4438153,Python linting,push,3d4af811d49db4be9ddec08da17250ddadaf3847,1,success,sucesso,2025-10-03T15:12:07Z,2025-10-03T15:12:22Z,2025-10-03T15:12:07Z
mozilla/pontoon,18185691270,4438152,Backend,push,bc1a3e5da08fb0eb87ca1ed8549734cbfb517ea2,1,success,sucesso,2025-10-02T06:53:07Z,2025-10-02T06:57:25Z,2025-10-02T06:53:07Z
mozilla/pontoon,18160814645,4438153,Python linting,push,66bab903ff8c84816ef6deaff106a28657fc0495,1,success,sucesso,2025-10-01T11:32:56Z,2025-10-01T11:33:07Z,2025-10-01T11:32:56Z
mozilla/pontoon,18160814647,4438152,Backend,push,66bab903ff8c84816ef6deaff106a28657fc0495,1,success,sucesso,2025-10-01T11:32:56Z,2025-10-01T11:37:31Z,2025-10-01T11:32:56Z
axadrn/shadcn-templ,36111958019,326954558,deploy,push,614b9d5cc01632415f2e3416595b5ec06434897c,1,success,sucesso,2026-09-25T08:15:40Z,2026-09-25T08:19:14Z,2026-09-25T08:15:40Z
axadrn/shadcn-templ,35846036917,326954558,deploy,push,68640ce9f338f776191cb738e7b43c85739af530,1,success,sucesso,2026-09-23T09:58:15Z,2026-09-23T10:01:39Z,2026-09-23T09:58:15Z
axadrn/shadcn-templ,35708153090,326954558,deploy,push,da86e0c7b5f35a628443d45e07d8c2d2b11a8bf4,1,success,sucesso,2026-09-22T09:02:52Z,2026-09-22T09:06:04Z,2026-09-22T09:02:52Z
axadrn/shadcn-templ,35705506014,326954558,deploy,push,3c9e7d6a39b25c000377a2c18d99021f480be394,1,success,sucesso,2026-09-22T08:34:01Z,2026-09-22T08:37:37Z,2026-09-22T08:34:01Z
axadrn/shadcn-templ,35705098332,326954558,deploy,push,f6f3fd0311960a43008b128a8ab704248f4233fb,1,success,sucesso,2026-09-22T08:29:39Z,2026-09-22T08:33:19Z,2026-09-22T08:29:39Z
axadrn/shadcn-templ,35586619276,326954558,deploy,push,5f9a0ab8a2bb2de066f78e37d1e57a813ca73359,1,success,sucesso,2026-09-21T10:03:00Z,2026-09-21T10:06:38Z,2026-09-21T10:03:00Z
axadrn/shadcn-templ,35584829917,326954558,deploy,push,8158e9329babc0e2a216443123c961e2df3147f1,1,success,sucesso,2026-09-21T09:43:02Z,2026-09-21T09:46:54Z,2026-09-21T09:43:02Z
axadrn/shadcn-templ,35502081624,326954558,deploy,push,6073a7a3c733ce728d5fb05aa0627e6aacfb6042,1,success,sucesso,2026-09-20T09:21:29Z,2026-09-20T09:25:03Z,2026-09-20T09:21:29Z
axadrn/shadcn-templ,35435943240,326954558,deploy,push,76cc083357da95f61c368da0df3538f5bbda8ad3,1,cancelled,ignorado,2026-09-19T09:53:59Z,2026-09-19T09:57:11Z,2026-09-19T09:53:59Z
axadrn/shadcn-templ,35435816150,326954558,deploy,push,7591eb21f3bd757cf86ff7a391748c3445c20c55,1,cancelled,ignorado,2026-09-19T09:50:57Z,2026-09-19T09:54:01Z,2026-09-19T09:50:57Z
axadrn/shadcn-templ,35431907545,326954558,deploy,push,6af3d1693d5e513a256369bc3a4fe408f907ca37,1,success,sucesso,2026-09-19T08:24:20Z,2026-09-19T08:28:16Z,2026-09-19T08:24:20Z
axadrn/shadcn-templ,34836929551,326954558,deploy,push,3d23ed1fcc9d7e292e9a8d2ed284c4fec1cf2350,1,success,sucesso,2026-09-14T11:11:24Z,2026-09-14T11:14:27Z,2026-09-14T11:11:24Z
axadrn/shadcn-templ,34824255842,326954558,deploy,push,a430674311e3f2f1f080f170736a2495c48459cb,1,success,sucesso,2026-09-14T08:44:27Z,2026-09-14T08:48:05Z,2026-09-14T08:44:27Z
axadrn/shadcn-templ,33720832332,326954558,deploy,push,f083888ae8796d876164a802414a6f04df8b3643,1,success,sucesso,2026-09-03T05:54:13Z,2026-09-03T05:57:11Z,2026-09-03T05:54:13Z
axadrn/shadcn-templ,33716335108,326954558,deploy,push,0bf1e87bbb020fd7df0ee34991ad85fbe1ea54be,1,success,sucesso,2026-09-03T04:47:33Z,2026-09-03T04:50:34Z,2026-09-03T04:47:33Z
axadrn/shadcn-templ,32638041631,326954558,deploy,push,2a46bedd539be3a1b5646137327ec4098637041b,1,success,sucesso,2026-08-23T11:58:13Z,2026-08-23T12:01:07Z,2026-08-23T11:58:13Z
axadrn/shadcn-templ,32581410344,326954558,deploy,push,dbae46773c296b85dff8489d04a7c529891875f0,1,success,sucesso,2026-08-22T15:20:42Z,2026-08-22T15:23:58Z,2026-08-22T15:20:42Z
axadrn/shadcn-templ,32120900604,326954558,deploy,push,acb7d7e17b6b6977238846d1d275e5ea58bb6449,1,success,sucesso,2026-08-18T09:18:25Z,2026-08-18T09:21:09Z,2026-08-18T09:18:25Z
axadrn/shadcn-templ,32010197282,326954558,deploy,push,f47c57af8e89a1a3337af3afdfb81450228aed19,1,success,sucesso,2026-08-17T08:24:11Z,2026-08-17T08:27:03Z,2026-08-17T08:24:11Z
axadrn/shadcn-templ,31875209661,326954558,deploy,push,180456c71f0e7ebf7cb949ff64cadea790e4bb88,1,success,sucesso,2026-08-15T08:44:01Z,2026-08-15T08:47:33Z,2026-08-15T08:44:01Z
axadrn/shadcn-templ,31522277046,326954558,deploy,push,9ec720c03909236c1d2350c11eddb466e2299031,1,success,sucesso,2026-08-11T18:21:20Z,2026-08-11T18:24:40Z,2026-08-11T18:21:20Z
axadrn/shadcn-templ,31177528678,326954558,deploy,push,e066f0ba1f3b690d5661647e74f313cde67f7a67,1,success,sucesso,2026-08-07T12:16:57Z,2026-08-07T12:19:42Z,2026-08-07T12:16:57Z
axadrn/shadcn-templ,31159800347,326954558,deploy,push,77713aa7ec13bd62bf7234284fdbb1bdbde04a5f,1,success,sucesso,2026-08-07T07:58:47Z,2026-08-07T08:02:07Z,2026-08-07T07:58:47Z
axadrn/shadcn-templ,31157391902,326954558,deploy,push,267ec236ea3acef9e29273b620035a61096d2ed1,1,success,sucesso,2026-08-07T07:22:20Z,2026-08-07T07:25:07Z,2026-08-07T07:22:20Z
axadrn/shadcn-templ,31125368667,326954558,deploy,push,7c57c428b71fb130def613af0baaf210beaa3331,1,,ignorado,2026-08-06T18:31:23Z,2026-08-06T18:31:23Z,2026-08-06T18:12:12Z
axadrn/shadcn-templ,31088428627,326954558,deploy,push,8b01b8b2500a3508dda4a58d8ee69ad4da95ecf1,1,success,sucesso,2026-08-06T09:16:56Z,2026-08-06T09:20:12Z,2026-08-06T09:16:56Z
axadrn/shadcn-templ,31085752449,326954558,deploy,push,515ca2759b3e63089f32b56290a3e33750b0c196,1,success,sucesso,2026-08-06T08:38:46Z,2026-08-06T08:41:27Z,2026-08-06T08:38:46Z
axadrn/shadcn-templ,31084916852,326954558,deploy,push,b5d141be465d39fca6390df419dee14c1a3a474d,1,success,sucesso,2026-08-06T08:26:42Z,2026-08-06T08:27:06Z,2026-08-06T08:26:42Z
axadrn/shadcn-templ,31084173305,326954558,deploy,push,89019e2f31932c072beface045c168e0c4090089,1,success,sucesso,2026-08-06T08:15:42Z,2026-08-06T08:19:46Z,2026-08-06T08:15:42Z
axadrn/shadcn-templ,31083839982,326954558,deploy,push,7a84f75f904446fd584211df0d643399c7870d79,1,success,sucesso,2026-08-06T08:10:49Z,2026-08-06T08:12:45Z,2026-08-06T08:10:49Z
axadrn/shadcn-templ,31082480850,326954558,deploy,push,8b1daf41717b376ff3f3b65e6ad891945f8d21bb,1,success,sucesso,2026-08-06T07:50:41Z,2026-08-06T07:53:14Z,2026-08-06T07:50:41Z
axadrn/shadcn-templ,30986345938,155799699,Validate HTML,push,9dd191777528598770752aa40ef1b4dab105e3c5,1,success,sucesso,2026-08-05T07:46:55Z,2026-08-05T07:49:20Z,2026-08-05T07:46:55Z
axadrn/shadcn-templ,30952492715,155799699,Validate HTML,push,ac0b4f15c8292a91c40b2949e2c05c14d5391c0d,1,success,sucesso,2026-08-04T21:28:43Z,2026-08-04T21:31:57Z,2026-08-04T21:28:43Z
axadrn/shadcn-templ,29088972658,155799699,Validate HTML,push,57062bbd11ed161c68219e1293f520b5f365a90d,1,success,sucesso,2026-07-10T11:17:30Z,2026-07-10T11:20:20Z,2026-07-10T11:17:30Z
axadrn/shadcn-templ,28318973620,155799699,Validate HTML,push,af27860ce4a44738572aed61a0b73f7c2dd74ee3,1,success,sucesso,2026-06-28T10:14:35Z,2026-06-28T10:17:03Z,2026-06-28T10:14:35Z
axadrn/shadcn-templ,28318768382,155799699,Validate HTML,push,aa9400047eefca88d7f43ed511587179825b4e18,1,success,sucesso,2026-06-28T10:05:35Z,2026-06-28T10:08:12Z,2026-06-28T10:05:35Z
axadrn/shadcn-templ,28318710211,155799699,Validate HTML,push,711073e0e19e1dae7773c7647a5aaac5c75dab8c,1,success,sucesso,2026-06-28T10:03:12Z,2026-06-28T10:05:47Z,2026-06-28T10:03:12Z
axadrn/shadcn-templ,28317351957,155799699,Validate HTML,push,b5500620bed439d8a1afe5bc6fb43bbe0b15536e,1,success,sucesso,2026-06-28T09:05:08Z,2026-06-28T09:08:10Z,2026-06-28T09:05:08Z
axadrn/shadcn-templ,26745032421,155799699,Validate HTML,push,bdd9b4f0438d73a64034663f3c8ef52064d32568,1,success,sucesso,2026-06-01T08:54:12Z,2026-06-01T08:57:17Z,2026-06-01T08:54:12Z
axadrn/shadcn-templ,26744679519,155799699,Validate HTML,push,5ef045c6846ad3f8cb7c22e22e31c0fc54ed9e8c,1,success,sucesso,2026-06-01T08:46:51Z,2026-06-01T08:49:36Z,2026-06-01T08:46:51Z
axadrn/shadcn-templ,26744564119,155799699,Validate HTML,push,0a3717eba46407260679e1f99d1baf44fc0cc558,1,success,sucesso,2026-06-01T08:44:24Z,2026-06-01T08:46:55Z,2026-06-01T08:44:24Z
axadrn/shadcn-templ,26333233282,155799699,Validate HTML,push,2407990e2464e18f9ce5040d0743d92f88495e77,1,success,sucesso,2026-05-23T12:53:59Z,2026-05-23T12:56:46Z,2026-05-23T12:53:59Z
axadrn/shadcn-templ,26333023497,155799699,Validate HTML,push,e5458116fb13a1f6f6f461587a0219b4143ea75e,1,success,sucesso,2026-05-23T12:44:14Z,2026-05-23T12:47:05Z,2026-05-23T12:44:14Z
axadrn/shadcn-templ,26332022654,155799699,Validate HTML,push,22f6fa2053a0e79187a8d8402b7ee0cf935cb206,1,success,sucesso,2026-05-23T11:56:27Z,2026-05-23T11:59:00Z,2026-05-23T11:56:27Z
axadrn/shadcn-templ,26331954805,155799699,Validate HTML,push,c80826cd889454aa531090d41ba785e110873fd1,1,success,sucesso,2026-05-23T11:52:52Z,2026-05-23T11:55:30Z,2026-05-23T11:52:52Z
axadrn/shadcn-templ,25725470048,155799699,Validate HTML,push,e198c2861b35096a7ed16fd558d51b4a78597706,1,success,sucesso,2026-05-12T09:22:16Z,2026-05-12T09:25:08Z,2026-05-12T09:22:16Z
axadrn/shadcn-templ,25725336176,155799699,Validate HTML,push,dec84cc6dbd49baaa4f9aed6411b7718e48b4717,1,success,sucesso,2026-05-12T09:19:37Z,2026-05-12T09:22:43Z,2026-05-12T09:19:37Z
axadrn/shadcn-templ,25667762396,155799699,Validate HTML,push,229e955090beb2ab4117a5846426d2d9827b7899,1,success,sucesso,2026-05-11T11:37:25Z,2026-05-11T11:40:37Z,2026-05-11T11:37:25Z
axadrn/shadcn-templ,25667482704,155799699,Validate HTML,push,287179e6b1f602c499569cfe0fce6cb350a71939,1,success,sucesso,2026-05-11T11:31:14Z,2026-05-11T11:34:20Z,2026-05-11T11:31:14Z
axadrn/shadcn-templ,25667334039,155799699,Validate HTML,push,3456fe4324cf85a3e1be719908bd4483bd424b25,1,success,sucesso,2026-05-11T11:27:55Z,2026-05-11T11:31:07Z,2026-05-11T11:27:55Z
axadrn/shadcn-templ,25667029344,155799699,Validate HTML,push,601cc93d757fd57d551bb4efe613e9b8e255e843,1,success,sucesso,2026-05-11T11:21:00Z,2026-05-11T11:24:16Z,2026-05-11T11:21:00Z
axadrn/shadcn-templ,25659144283,155799699,Validate HTML,push,9feb76cf8d858c36623d3e475557f8b172a62a7b,1,success,sucesso,2026-05-11T08:30:16Z,2026-05-11T08:32:41Z,2026-05-11T08:30:16Z
axadrn/shadcn-templ,25658937973,155799699,Validate HTML,push,4cf73caceff64e1ff1da888e4537ded28c57ac5a,1,success,sucesso,2026-05-11T08:25:43Z,2026-05-11T08:29:05Z,2026-05-11T08:25:43Z
axadrn/shadcn-templ,24715840703,155799699,Validate HTML,push,bbbe5b59957ed03e891dafb85586286235e4ad22,1,success,sucesso,2026-04-21T09:51:18Z,2026-04-21T09:54:18Z,2026-04-21T09:51:18Z
axadrn/shadcn-templ,24599123249,155799699,Validate HTML,push,6441a51651c1e08ead869ef14034e5816e39fd28,1,success,sucesso,2026-04-18T06:45:08Z,2026-04-18T06:47:40Z,2026-04-18T06:45:08Z
axadrn/shadcn-templ,24598942197,155799699,Validate HTML,push,7d5d1e2e6fc7f9b790cd999cf4f36e0ae6f4d56f,1,success,sucesso,2026-04-18T06:33:56Z,2026-04-18T06:36:41Z,2026-04-18T06:33:56Z
axadrn/shadcn-templ,24442037976,155799699,Validate HTML,push,bd729ea3678610c6b7f028352bdf8fee9b52541d,1,success,sucesso,2026-04-15T07:28:54Z,2026-04-15T07:31:47Z,2026-04-15T07:28:54Z
axadrn/shadcn-templ,24439730919,155799699,Validate HTML,push,f4feaeee211fd5516c37b7094ac982e219266360,1,success,sucesso,2026-04-15T06:23:20Z,2026-04-15T06:25:55Z,2026-04-15T06:23:20Z
axadrn/shadcn-templ,24438587177,155799699,Validate HTML,push,80f270c52a8adab7611e661f7abaef0584b76187,1,success,sucesso,2026-04-15T05:46:28Z,2026-04-15T05:48:51Z,2026-04-15T05:46:28Z
axadrn/shadcn-templ,24393614227,155799699,Validate HTML,push,8443f2222dc1ffa5c6a2e963a801d923fe3d3291,1,success,sucesso,2026-04-14T10:17:41Z,2026-04-14T10:20:21Z,2026-04-14T10:17:41Z
axadrn/shadcn-templ,24393329786,155799699,Validate HTML,push,eeb3d253015e69a27b0739a5ebc1d7a5ba72b0dc,1,success,sucesso,2026-04-14T10:10:49Z,2026-04-14T10:13:36Z,2026-04-14T10:10:49Z
axadrn/shadcn-templ,24393265765,155799699,Validate HTML,push,4671560411f740b099b03d6f8c78496b7fce5dca,1,success,sucesso,2026-04-14T10:09:15Z,2026-04-14T10:12:07Z,2026-04-14T10:09:15Z
axadrn/shadcn-templ,24119907378,155799699,Validate HTML,push,a6d8748707a60e7aeedb0fc4db2104444431f7c0,1,success,sucesso,2026-04-08T05:42:52Z,2026-04-08T05:45:44Z,2026-04-08T05:42:52Z
axadrn/shadcn-templ,24119737587,155799699,Validate HTML,push,df674aff7dbcd7b447a6ca9efb356d36342637f6,1,success,sucesso,2026-04-08T05:37:15Z,2026-04-08T05:40:02Z,2026-04-08T05:37:15Z
axadrn/shadcn-templ,24118864061,155799699,Validate HTML,push,dc1dc811888634e5036743398b8ea5cebdc959d3,1,success,sucesso,2026-04-08T05:07:49Z,2026-04-08T05:10:24Z,2026-04-08T05:07:49Z
axadrn/shadcn-templ,24118099752,155799699,Validate HTML,push,a3277e3a769aa0b702c72e39347b30ba6287543e,1,success,sucesso,2026-04-08T04:41:47Z,2026-04-08T04:44:30Z,2026-04-08T04:41:47Z
axadrn/shadcn-templ,23855321439,155799699,Validate HTML,push,d3cafce4180c2634305cc8c19b34fdd165e6746b,1,success,sucesso,2026-04-01T15:00:21Z,2026-04-01T15:03:03Z,2026-04-01T15:00:21Z
axadrn/shadcn-templ,23855241769,155799699,Validate HTML,push,bc11f731966cfa71d5b2af1cdbec203ba512a295,1,success,sucesso,2026-04-01T14:58:42Z,2026-04-01T15:01:27Z,2026-04-01T14:58:42Z
axadrn/shadcn-templ,23835537490,155799699,Validate HTML,push,6b9500e4d47fb2f91fdb17065110c0475d8e4ad1,1,success,sucesso,2026-04-01T06:38:47Z,2026-04-01T06:41:26Z,2026-04-01T06:38:47Z
axadrn/shadcn-templ,23835021791,155799699,Validate HTML,push,9cc53a070fe5053d96b82de8cf1622638a52611e,1,success,sucesso,2026-04-01T06:22:09Z,2026-04-01T06:24:52Z,2026-04-01T06:22:09Z
axadrn/shadcn-templ,23834912093,155799699,Validate HTML,push,abc5dd2fccfa7f3240d80577b74dc78d4a255466,1,success,sucesso,2026-04-01T06:18:24Z,2026-04-01T06:21:10Z,2026-04-01T06:18:24Z
axadrn/shadcn-templ,23834471083,155799699,Validate HTML,push,75d875f0b3ac588d84726f6dfd9adc076a258cfb,1,success,sucesso,2026-04-01T06:03:15Z,2026-04-01T06:05:51Z,2026-04-01T06:03:15Z
axadrn/shadcn-templ,23833818420,155799699,Validate HTML,push,8659acdba40ed8415cbb3c48c12af0a9a3846b93,1,success,sucesso,2026-04-01T05:40:06Z,2026-04-01T05:42:42Z,2026-04-01T05:40:06Z
axadrn/shadcn-templ,23833704362,155799699,Validate HTML,push,514cae4e13a78ba9ce175e6b17ccadfc3685572b,1,success,sucesso,2026-04-01T05:35:47Z,2026-04-01T05:38:18Z,2026-04-01T05:35:47Z
axadrn/shadcn-templ,23730638941,155799699,Validate HTML,push,94411916e7680721cc25dc2565ee403fead62e4e,1,success,sucesso,2026-03-30T06:13:22Z,2026-03-30T06:16:01Z,2026-03-30T06:13:22Z
axadrn/shadcn-templ,23730009425,155799699,Validate HTML,push,268807e7ca8c394e55512c36a3f10ea26baa45b0,1,success,sucesso,2026-03-30T05:50:22Z,2026-03-30T05:53:06Z,2026-03-30T05:50:22Z
axadrn/shadcn-templ,23427759825,155799699,Validate HTML,push,ff178c273fb0e95208e6eee00a7fbdabf4eae6fe,1,success,sucesso,2026-03-23T08:18:49Z,2026-03-23T08:21:24Z,2026-03-23T08:18:49Z
axadrn/shadcn-templ,23421392829,155799699,Validate HTML,push,10cf9170f9a1b5b6fd805505aff3409daef1efa7,1,success,sucesso,2026-03-23T04:24:34Z,2026-03-23T04:27:16Z,2026-03-23T04:24:34Z
axadrn/shadcn-templ,23420902388,155799699,Validate HTML,push,105cbb35a08637ab9a40bb093ac216d7094f75de,1,success,sucesso,2026-03-23T04:03:09Z,2026-03-23T04:05:54Z,2026-03-23T04:03:09Z
axadrn/shadcn-templ,23398153406,155799699,Validate HTML,push,ceecd0fc9bf576f91d76934aa29e4a7ffcff9233,1,success,sucesso,2026-03-22T07:21:12Z,2026-03-22T07:23:46Z,2026-03-22T07:21:12Z
axadrn/shadcn-templ,23257481088,155799699,Validate HTML,push,9c19c4ca5969a7d4c4ec8d61b1d519e75c942a14,1,success,sucesso,2026-03-18T17:14:11Z,2026-03-18T17:16:48Z,2026-03-18T17:14:11Z
axadrn/shadcn-templ,23231391028,155799699,Validate HTML,push,42ab9e139db3f71ddff4df21644cfe383823994d,1,success,sucesso,2026-03-18T06:01:21Z,2026-03-18T06:04:11Z,2026-03-18T06:01:21Z
axadrn/shadcn-templ,23231120669,155799699,Validate HTML,push,c19010f8bf43a4944c4c1f3906957cfe447c0cee,1,success,sucesso,2026-03-18T05:50:46Z,2026-03-18T05:53:29Z,2026-03-18T05:50:46Z
axadrn/shadcn-templ,23228679552,155799699,Validate HTML,push,730be91feb5fd3c61008ec688d03a3ffd5334218,1,success,sucesso,2026-03-18T04:10:01Z,2026-03-18T04:12:32Z,2026-03-18T04:10:01Z
axadrn/shadcn-templ,23228517973,155799699,Validate HTML,push,d297b610f7b7c98a052a3e7ae4d3f1bcc42fc81d,1,success,sucesso,2026-03-18T04:03:19Z,2026-03-18T04:05:57Z,2026-03-18T04:03:19Z
axadrn/shadcn-templ,23185658766,155799699,Validate HTML,push,95c28b1312be19fa98180aca1d1ab31446669f0c,1,success,sucesso,2026-03-17T08:42:00Z,2026-03-17T08:44:33Z,2026-03-17T08:42:00Z
axadrn/shadcn-templ,23185319863,155799699,Validate HTML,push,a13bd9c8ddb741680c0b5e28f4e1903896acb060,1,success,sucesso,2026-03-17T08:32:10Z,2026-03-17T08:34:58Z,2026-03-17T08:32:10Z
axadrn/shadcn-templ,23183916759,155799699,Validate HTML,push,3ab7ae07cd76afa016a7cbb57941e87260502789,1,success,sucesso,2026-03-17T07:50:23Z,2026-03-17T07:53:08Z,2026-03-17T07:50:23Z
axadrn/shadcn-templ,23043506777,155799699,Validate HTML,push,99b52d43b884e8d7900a4b955dd8ade272f41209,1,success,sucesso,2026-03-13T08:57:17Z,2026-03-13T09:00:00Z,2026-03-13T08:57:17Z
axadrn/shadcn-templ,23042865008,155799699,Validate HTML,push,a90a8a68eab26ae5e772e75652de6ed26683e2fd,1,success,sucesso,2026-03-13T08:37:52Z,2026-03-13T08:40:30Z,2026-03-13T08:37:52Z
axadrn/shadcn-templ,23042372664,155799699,Validate HTML,push,e3ece99144f24f588ebd62959d2ad3ed2fe51366,1,success,sucesso,2026-03-13T08:22:12Z,2026-03-13T08:24:36Z,2026-03-13T08:22:12Z
axadrn/shadcn-templ,23042325354,155799699,Validate HTML,push,c3ad59afee819fe9dc76a6fc801f88a84c6f20ba,1,success,sucesso,2026-03-13T08:20:40Z,2026-03-13T08:23:19Z,2026-03-13T08:20:40Z
axadrn/shadcn-templ,23042134636,155799699,Validate HTML,push,36b59e11ef48e289a479bcad2c2392ab37e8dd6e,1,success,sucesso,2026-03-13T08:14:36Z,2026-03-13T08:17:03Z,2026-03-13T08:14:36Z
axadrn/shadcn-templ,23041581189,155799699,Validate HTML,push,afd303e14beae97df03696504aabf97d47418e3a,1,success,sucesso,2026-03-13T07:56:43Z,2026-03-13T07:59:20Z,2026-03-13T07:56:43Z
axadrn/shadcn-templ,23017117365,155799699,Validate HTML,push,55395c437e6be2a9be7de2ec9bf197daab2f6071,1,success,sucesso,2026-03-12T18:14:56Z,2026-03-12T18:17:39Z,2026-03-12T18:14:56Z
axadrn/shadcn-templ,22914761580,155799699,Validate HTML,push,9a1f8f36dd220fdd8abb1db2a5e1ef5e7f908a28,1,success,sucesso,2026-03-10T17:09:31Z,2026-03-10T17:12:04Z,2026-03-10T17:09:31Z
axadrn/shadcn-templ,22913408376,155799699,Validate HTML,push,fd25744dfa0c1b7e79ece2edd866112fa31c8cb2,1,success,sucesso,2026-03-10T16:38:32Z,2026-03-10T16:40:51Z,2026-03-10T16:38:32Z
axadrn/shadcn-templ,22888139615,155799699,Validate HTML,push,6224c7143c0eedd92f0ada697b2fa8deb0e74b16,1,success,sucesso,2026-03-10T05:10:44Z,2026-03-10T05:12:57Z,2026-03-10T05:10:44Z
axadrn/shadcn-templ,22887992841,155799699,Validate HTML,push,1c4060f1a7cd927576d8531788661863b6c04ed7,1,success,sucesso,2026-03-10T05:04:27Z,2026-03-10T05:06:50Z,2026-03-10T05:04:27Z
axadrn/shadcn-templ,22847861657,155799699,Validate HTML,push,64774a12af54f074ca05a4350f0be3bb671ef850,1,success,sucesso,2026-03-09T09:54:35Z,2026-03-09T09:56:56Z,2026-03-09T09:54:35Z
axadrn/shadcn-templ,22847220744,155799699,Validate HTML,push,7ebde08dd974b657da5fe0080b64f00eb5493e4f,1,success,sucesso,2026-03-09T09:37:45Z,2026-03-09T09:40:06Z,2026-03-09T09:37:45Z
axadrn/shadcn-templ,22842756586,155799699,Validate HTML,push,6fb68b9bae5ec29751ddce3bba3a4a50a81e367d,1,success,sucesso,2026-03-09T07:24:07Z,2026-03-09T07:27:02Z,2026-03-09T07:24:07Z
axadrn/shadcn-templ,22792774949,155799699,Validate HTML,push,79ded4170ff8517499dd8ac81454057b8707c469,1,success,sucesso,2026-03-07T05:18:32Z,2026-03-07T05:20:49Z,2026-03-07T05:18:32Z
axadrn/shadcn-templ,22590554871,155799699,Validate HTML,push,a7bf95641637bff8c0b0c342500f93ffc108aeac,1,success,sucesso,2026-03-02T18:44:42Z,2026-03-02T18:47:04Z,2026-03-02T18:44:42Z
axadrn/shadcn-templ,22567459927,155799699,Validate HTML,push,1e5d1ab9d86a98a42489ffd58019ef4c316be11b,1,success,sucesso,2026-03-02T08:23:44Z,2026-03-02T08:26:45Z,2026-03-02T08:23:44Z
axadrn/shadcn-templ,22567315331,155799699,Validate HTML,push,bb73e3317709cb1fb7436e6465a48731ba4257d1,1,success,sucesso,2026-03-02T08:19:22Z,2026-03-02T08:21:56Z,2026-03-02T08:19:22Z
axadrn/shadcn-templ,22567138664,155799699,Validate HTML,push,ca95e8f4f4aa6a0c11139f6c847e3130e9ad6f91,1,success,sucesso,2026-03-02T08:13:49Z,2026-03-02T08:16:33Z,2026-03-02T08:13:49Z
axadrn/shadcn-templ,22565937579,155799699,Validate HTML,push,8df739b3ed1ef6098663eaf9141c67863c60883f,1,success,sucesso,2026-03-02T07:32:46Z,2026-03-02T07:35:20Z,2026-03-02T07:32:46Z
axadrn/shadcn-templ,22565501050,155799699,Validate HTML,push,369ab324355430b0f68221601830355ea83a34bc,1,success,sucesso,2026-03-02T07:17:33Z,2026-03-02T07:19:57Z,2026-03-02T07:17:33Z
axadrn/shadcn-templ,22565353078,155799699,Validate HTML,push,bc957dbeb3d701d5f0361b702afc42518594f473,1,success,sucesso,2026-03-02T07:12:09Z,2026-03-02T07:14:35Z,2026-03-02T07:12:09Z
axadrn/shadcn-templ,22564384475,155799699,Validate HTML,push,aae9c287f45fb51c5287781878842cc9d9ba50d4,1,success,sucesso,2026-03-02T06:35:17Z,2026-03-02T06:38:15Z,2026-03-02T06:35:17Z
axadrn/shadcn-templ,22130345341,155799699,Validate HTML,push,6710b676197b2c51ef96a5338e5794671bd017f8,1,success,sucesso,2026-02-18T07:16:32Z,2026-02-18T07:18:42Z,2026-02-18T07:16:32Z
axadrn/shadcn-templ,22129939234,155799699,Validate HTML,push,c2db6f00c3c706d5e15966dce49ff564bbe58b7e,1,success,sucesso,2026-02-18T06:59:03Z,2026-02-18T07:01:15Z,2026-02-18T06:59:03Z
axadrn/shadcn-templ,22052285925,155799699,Validate HTML,push,6710b676197b2c51ef96a5338e5794671bd017f8,1,success,sucesso,2026-02-16T06:19:54Z,2026-02-16T06:22:05Z,2026-02-16T06:19:54Z
axadrn/shadcn-templ,22051557241,155799699,Validate HTML,push,eb1e837293c012da7488dedd48c10ddf8b8571aa,1,success,sucesso,2026-02-16T05:44:29Z,2026-02-16T05:47:17Z,2026-02-16T05:44:29Z
axadrn/shadcn-templ,21798821686,155799699,Validate HTML,push,022035cedb43d880d5b0cdb260e537015c907bdf,1,success,sucesso,2026-02-08T13:18:51Z,2026-02-08T13:21:24Z,2026-02-08T13:18:51Z
axadrn/shadcn-templ,21798640896,155799699,Validate HTML,push,2965f78f922d9b8de076a7abc99b1243cdf27601,1,success,sucesso,2026-02-08T13:04:56Z,2026-02-08T13:07:33Z,2026-02-08T13:04:56Z
axadrn/shadcn-templ,21778347825,155799699,Validate HTML,push,baf162625bdd94dc90951a72ec3765e5d630c8ed,1,success,sucesso,2026-02-07T10:04:14Z,2026-02-07T10:06:41Z,2026-02-07T10:04:14Z
axadrn/shadcn-templ,21777702494,155799699,Validate HTML,push,719d421bbc8abe204665e726ab681865d993842d,1,success,sucesso,2026-02-07T09:10:34Z,2026-02-07T09:13:05Z,2026-02-07T09:10:34Z
axadrn/shadcn-templ,21777668086,155799699,Validate HTML,push,36098de8cccff7fdb311e578dabac6d8bf8d7292,1,success,sucesso,2026-02-07T09:07:47Z,2026-02-07T09:10:24Z,2026-02-07T09:07:47Z
axadrn/shadcn-templ,21776329128,155799699,Validate HTML,push,f68d67670a1fa9894edd23fe6ebbb971fd590196,1,success,sucesso,2026-02-07T07:19:16Z,2026-02-07T07:21:37Z,2026-02-07T07:19:16Z
axadrn/shadcn-templ,21776155724,155799699,Validate HTML,push,5e2a78dd4318a94b339edb6db31e68818cbc2443,1,success,sucesso,2026-02-07T07:04:53Z,2026-02-07T07:07:36Z,2026-02-07T07:04:53Z
axadrn/shadcn-templ,21776115728,155799699,Validate HTML,push,bff78da0af792cc799448055b542a89354d2b2e5,1,success,sucesso,2026-02-07T07:01:17Z,2026-02-07T07:04:01Z,2026-02-07T07:01:17Z
axadrn/shadcn-templ,21775858495,155799699,Validate HTML,push,1beff8cdbb56fa93c504a9684f562356bd980abe,1,success,sucesso,2026-02-07T06:40:02Z,2026-02-07T06:42:37Z,2026-02-07T06:40:02Z
axadrn/shadcn-templ,21466132179,155799699,Validate HTML,push,23b5600090d39b2da34f9945df874d70234c9d2e,1,success,sucesso,2026-01-29T04:52:25Z,2026-01-29T04:55:18Z,2026-01-29T04:52:25Z
axadrn/shadcn-templ,21162851850,155799699,Validate HTML,push,16a520273f927c83bbf66e8d0d1b4893acdeec46,1,success,sucesso,2026-01-20T07:19:00Z,2026-01-20T07:21:38Z,2026-01-20T07:19:00Z
axadrn/shadcn-templ,20992911322,155799699,Validate HTML,push,08e8f8e48331f2e058418fd85608ae3b8e68c114,1,success,sucesso,2026-01-14T11:45:18Z,2026-01-14T11:47:53Z,2026-01-14T11:45:18Z
axadrn/shadcn-templ,20947167624,155799699,Validate HTML,push,2dba501896729d49b158780d314dbba3f8988f3e,1,success,sucesso,2026-01-13T06:31:59Z,2026-01-13T06:34:25Z,2026-01-13T06:31:59Z
axadrn/shadcn-templ,20746452136,155799699,Validate HTML,push,2be4987271f2aaf223daeb1f70313d9c688a8fdc,1,success,sucesso,2026-01-06T11:07:59Z,2026-01-06T11:10:24Z,2026-01-06T11:07:59Z
axadrn/shadcn-templ,20746004813,155799699,Validate HTML,push,ea12aeddb09f02b08f3c492373cb4232329fd1ff,1,success,sucesso,2026-01-06T10:49:16Z,2026-01-06T10:51:41Z,2026-01-06T10:49:16Z
axadrn/shadcn-templ,20719048071,155799699,Validate HTML,push,71562c8b15a65da0b6900ec12eda962ae9846254,1,success,sucesso,2026-01-05T14:48:26Z,2026-01-05T14:50:53Z,2026-01-05T14:48:26Z
axadrn/shadcn-templ,20718277254,155799699,Validate HTML,push,2120a767bd1eaaed16dbcc568c0f3b05755a437f,1,success,sucesso,2026-01-05T14:20:24Z,2026-01-05T14:22:46Z,2026-01-05T14:20:24Z
axadrn/shadcn-templ,20717681490,155799699,Validate HTML,push,4de66616a211e9b6423064cdc80b367d511c9729,1,success,sucesso,2026-01-05T13:59:34Z,2026-01-05T14:02:29Z,2026-01-05T13:59:34Z
axadrn/shadcn-templ,20712059831,155799699,Validate HTML,push,44892ee0b8b3497922b98a662d0f02ee8a975c85,1,success,sucesso,2026-01-05T10:11:11Z,2026-01-05T10:13:33Z,2026-01-05T10:11:11Z
axadrn/shadcn-templ,20709467814,155799699,Validate HTML,push,f06e638f2237262217e5bc85f24a3c54fd3de0af,1,success,sucesso,2026-01-05T08:27:13Z,2026-01-05T08:29:27Z,2026-01-05T08:27:13Z
axadrn/shadcn-templ,20689069630,155799699,Validate HTML,push,e556adc2292d6f30d880b8b7c3d3848f89842f2c,1,success,sucesso,2026-01-04T06:47:36Z,2026-01-04T06:50:23Z,2026-01-04T06:47:36Z
axadrn/shadcn-templ,20688477393,155799699,Validate HTML,push,346b952ba813549e9a9e5d371243323e42a2cd79,1,success,sucesso,2026-01-04T05:52:31Z,2026-01-04T05:54:45Z,2026-01-04T05:52:31Z
axadrn/shadcn-templ,20688235431,155799699,Validate HTML,push,3ebc6f2e5a4947fb72d7641e3ce836c44f870595,1,success,sucesso,2026-01-04T05:29:34Z,2026-01-04T05:32:02Z,2026-01-04T05:29:34Z
axadrn/shadcn-templ,20658073609,155799699,Validate HTML,push,5577d65e07c0ebe2b8ce258bd26af00c9723e9c3,1,success,sucesso,2026-01-02T12:40:47Z,2026-01-02T12:43:42Z,2026-01-02T12:40:47Z
axadrn/shadcn-templ,20653314898,155799699,Validate HTML,push,05c479461106d4bdea4f8e23c2da163eddfb2c91,1,success,sucesso,2026-01-02T07:36:50Z,2026-01-02T07:39:47Z,2026-01-02T07:36:50Z
axadrn/shadcn-templ,20652951700,155799699,Validate HTML,push,9178f38ff87e4337ff5c63f83d8ac9d8970ca0d8,1,success,sucesso,2026-01-02T07:10:51Z,2026-01-02T07:13:59Z,2026-01-02T07:10:51Z
axadrn/shadcn-templ,20483498893,155799699,Validate HTML,push,b63ebd8bfdc805f7f4a97a2f19a79f5c85b23da8,1,success,sucesso,2025-12-24T09:50:23Z,2025-12-24T09:53:03Z,2025-12-24T09:50:23Z
axadrn/shadcn-templ,20481154298,155799699,Validate HTML,push,6c7daad5ab4b732c4a2d579c334221b5934af585,1,success,sucesso,2025-12-24T07:38:12Z,2025-12-24T07:40:57Z,2025-12-24T07:38:12Z
axadrn/shadcn-templ,20480945177,155799699,Validate HTML,push,e914c58dbc04266b8efd4f50e44cac193c48c0be,1,success,sucesso,2025-12-24T07:25:37Z,2025-12-24T07:28:15Z,2025-12-24T07:25:37Z
axadrn/shadcn-templ,20480591157,155799699,Validate HTML,push,e8c45c02386cf7c0e1c95e696c9303a6fb219fcc,1,success,sucesso,2025-12-24T07:05:32Z,2025-12-24T07:08:07Z,2025-12-24T07:05:32Z
axadrn/shadcn-templ,20480490107,155799699,Validate HTML,push,5975e456ae10d8f954aa3b9e2f846e96b48d603e,2,success,sucesso,2025-12-24T07:04:54Z,2025-12-24T07:07:21Z,2025-12-24T06:59:47Z
axadrn/shadcn-templ,20480354853,155799699,Validate HTML,push,3a042af7e3cdfd82e92a4860d0a7ed3755f1cee8,1,success,sucesso,2025-12-24T06:51:03Z,2025-12-24T06:54:29Z,2025-12-24T06:51:03Z
axadrn/shadcn-templ,19463742215,155799699,Validate HTML,push,ccbf0afd51fc9fe0f10d46c91ab284ae7f3501b7,1,success,sucesso,2025-11-18T11:01:35Z,2025-11-18T11:04:04Z,2025-11-18T11:01:35Z
axadrn/shadcn-templ,19432033268,155799699,Validate HTML,push,1dc19d81baf62542a9baf1717d4c7e2972024be7,1,success,sucesso,2025-11-17T13:54:50Z,2025-11-17T13:57:18Z,2025-11-17T13:54:50Z
axadrn/shadcn-templ,19405728315,155799699,Validate HTML,push,a060fe857321253ed1a54970b79822889471081c,1,success,sucesso,2025-11-16T12:39:46Z,2025-11-16T12:42:18Z,2025-11-16T12:39:46Z
axadrn/shadcn-templ,19401632527,155799699,Validate HTML,push,2e07a97fc333b960ea40596eef0edde438c0c137,1,success,sucesso,2025-11-16T06:32:39Z,2025-11-16T06:35:11Z,2025-11-16T06:32:39Z
axadrn/shadcn-templ,19401442061,155799699,Validate HTML,push,c646d16eee269f55974bd1d2b7095edfcdf8ed0f,1,success,sucesso,2025-11-16T06:15:29Z,2025-11-16T06:18:02Z,2025-11-16T06:15:29Z
axadrn/shadcn-templ,19401230960,155799699,Validate HTML,push,34a9bf4e2482d09094a33eba1069d0423391b74a,1,success,sucesso,2025-11-16T05:56:12Z,2025-11-16T05:59:29Z,2025-11-16T05:56:12Z
axadrn/shadcn-templ,19401216412,155799699,Validate HTML,push,261042891b35ce15fe47b705f799d6259baf6b92,1,success,sucesso,2025-11-16T05:54:19Z,2025-11-16T05:57:43Z,2025-11-16T05:54:19Z
axadrn/shadcn-templ,19401120398,155799699,Validate HTML,push,bc0813c24066de39917460a56c0145f8887161c1,1,failure,falha,2025-11-16T05:43:45Z,2025-11-16T05:45:08Z,2025-11-16T05:43:45Z
axadrn/shadcn-templ,19401055873,155799699,Validate HTML,push,acebc28611aad46aeff8f816a57476738fcf1707,1,failure,falha,2025-11-16T05:37:40Z,2025-11-16T05:38:45Z,2025-11-16T05:37:40Z
axadrn/shadcn-templ,19400963954,155799699,Validate HTML,push,8417e8a223dbb70785f3bb88bdb9aaa920b19767,1,failure,falha,2025-11-16T05:29:05Z,2025-11-16T05:30:12Z,2025-11-16T05:29:05Z
axadrn/shadcn-templ,19400615240,155799699,Validate HTML,push,b85d7d2533a981782dea8e119a93ef163ec94089,1,failure,falha,2025-11-16T04:56:06Z,2025-11-16T04:57:09Z,2025-11-16T04:56:06Z
axadrn/shadcn-templ,19393508072,155799699,Validate HTML,push,ce0a43db6f0cc24acc6772401be0940007851c1c,1,failure,falha,2025-11-15T18:00:37Z,2025-11-15T18:01:56Z,2025-11-15T18:00:37Z
axadrn/shadcn-templ,19393414024,155799699,Validate HTML,push,98a247f36d0158590c758e278f754c0cb8ee3968,1,failure,falha,2025-11-15T17:50:08Z,2025-11-15T17:51:12Z,2025-11-15T17:50:08Z
axadrn/shadcn-templ,19391823420,155799699,Validate HTML,push,807c786ea844809f2814e4ad9914bb3696afb5d4,1,failure,falha,2025-11-15T15:26:34Z,2025-11-15T15:27:43Z,2025-11-15T15:26:34Z
axadrn/shadcn-templ,19391467853,155799699,Validate HTML,push,a58c683b6c852a17eb5073e38c7f83bee2a419bc,1,failure,falha,2025-11-15T14:55:13Z,2025-11-15T14:56:17Z,2025-11-15T14:55:13Z
axadrn/shadcn-templ,19390900571,155799699,Validate HTML,push,c28fb9720bc90e33045f6c4989ff5e8d96612ae7,1,failure,falha,2025-11-15T14:04:20Z,2025-11-15T14:05:27Z,2025-11-15T14:04:20Z
axadrn/shadcn-templ,19363990312,155799699,Validate HTML,push,fe89747ed572321b8d981eed2402434ff40330e9,1,success,sucesso,2025-11-14T12:04:04Z,2025-11-14T12:06:27Z,2025-11-14T12:04:04Z
axadrn/shadcn-templ,19363971410,155799699,Validate HTML,push,6f0e9b3f438f15b4b9a1f9e5846c0e9e6c779c11,1,success,sucesso,2025-11-14T12:03:20Z,2025-11-14T12:05:44Z,2025-11-14T12:03:20Z
axadrn/shadcn-templ,19363900883,155799699,Validate HTML,push,99e55c9dc91838afd0ad9b89d51f185c9bd49f4b,1,success,sucesso,2025-11-14T12:00:30Z,2025-11-14T12:02:59Z,2025-11-14T12:00:30Z
axadrn/shadcn-templ,19363860001,155799699,Validate HTML,push,5883272ea2a3ec070838ef12af34c272a401166b,1,success,sucesso,2025-11-14T11:58:30Z,2025-11-14T12:00:54Z,2025-11-14T11:58:30Z
axadrn/shadcn-templ,19363738910,155799699,Validate HTML,push,4920b2d01b9454c8c8ead2a09ce9c50c20e6ed4c,1,success,sucesso,2025-11-14T11:52:31Z,2025-11-14T11:55:49Z,2025-11-14T11:52:31Z
axadrn/shadcn-templ,19226462069,155799699,Validate HTML,push,061efb6b0c80967d4ddb6505b898694bc7bce441,1,success,sucesso,2025-11-10T09:10:54Z,2025-11-10T09:13:37Z,2025-11-10T09:10:54Z
axadrn/shadcn-templ,19224554233,155799699,Validate HTML,push,53c064da5b75110702030a4870d75d0a4a73ff57,1,success,sucesso,2025-11-10T07:51:37Z,2025-11-10T07:54:15Z,2025-11-10T07:51:37Z
axadrn/shadcn-templ,19221287951,155799699,Validate HTML,push,e542e3f071e3a1dea8f79bc402092971f1aaa9ed,1,success,sucesso,2025-11-10T05:07:48Z,2025-11-10T05:10:59Z,2025-11-10T05:07:48Z
axadrn/shadcn-templ,19023919550,155799699,Validate HTML,push,15559799221cd1a8a285c4222f187400b50cfc43,1,success,sucesso,2025-11-03T04:27:54Z,2025-11-03T04:30:43Z,2025-11-03T04:27:54Z
axadrn/shadcn-templ,19011365795,155799699,Validate HTML,push,47000e04de583a99818cda9bb4fabc01ea8ce237,1,success,sucesso,2025-11-02T11:06:43Z,2025-11-02T11:09:35Z,2025-11-02T11:06:43Z
axadrn/shadcn-templ,19011181801,155799699,Validate HTML,push,db50303aa1626321f7d6f0d6845f9446212e83ae,1,success,sucesso,2025-11-02T10:48:26Z,2025-11-02T10:51:22Z,2025-11-02T10:48:26Z
axadrn/shadcn-templ,19011000338,155799699,Validate HTML,push,4be7868ce2bc8d940cd66b7503d082d673f2d1b4,1,success,sucesso,2025-11-02T10:30:57Z,2025-11-02T10:33:47Z,2025-11-02T10:30:57Z
axadrn/shadcn-templ,19009973542,155799699,Validate HTML,push,d412bdd43261a08218afe9b91702c301169be164,1,success,sucesso,2025-11-02T09:54:52Z,2025-11-02T09:58:03Z,2025-11-02T09:54:52Z
axadrn/shadcn-templ,19008174928,155799699,Validate HTML,push,3f687ade59215ee62a95258c3006316f2535a0df,1,success,sucesso,2025-11-02T05:59:32Z,2025-11-02T06:02:26Z,2025-11-02T05:59:32Z
axadrn/shadcn-templ,19008119761,155799699,Validate HTML,push,b97e18f84fec2f13f5d68541f4a183ed229471b5,1,success,sucesso,2025-11-02T05:51:41Z,2025-11-02T05:54:38Z,2025-11-02T05:51:41Z
axadrn/shadcn-templ,18997484128,155799699,Validate HTML,push,27254c384a061f3bd6c0d078c7d47cbf38f2dfb1,1,success,sucesso,2025-11-01T13:31:41Z,2025-11-01T13:34:32Z,2025-11-01T13:31:41Z
axadrn/shadcn-templ,18934373813,155799699,Validate HTML,push,34dbaa5d5328277a7652b78b3e97a52bfa25a04a,1,success,sucesso,2025-10-30T08:24:12Z,2025-10-30T08:26:43Z,2025-10-30T08:24:12Z
axadrn/shadcn-templ,18934155287,155799699,Validate HTML,push,47f4e64d55ad7f655c1f32ac23a0cd80c5884350,1,success,sucesso,2025-10-30T08:14:52Z,2025-10-30T08:17:32Z,2025-10-30T08:14:52Z
axadrn/shadcn-templ,18933661591,155799699,Validate HTML,push,e141baf0f899db60899a5ae451632ed557b64475,1,success,sucesso,2025-10-30T07:52:36Z,2025-10-30T07:55:15Z,2025-10-30T07:52:36Z
axadrn/shadcn-templ,18820156332,155799699,Validate HTML,push,f8caa763125a8c2ecd0c1ae7f0de81ec50f9d3ce,1,success,sucesso,2025-10-26T15:43:09Z,2025-10-26T15:46:28Z,2025-10-26T15:43:09Z
axadrn/shadcn-templ,18344635933,155799699,Validate HTML,push,b969666090a0851c78bd7ba856ad6910ae090aaa,1,success,sucesso,2025-10-08T12:28:18Z,2025-10-08T12:31:31Z,2025-10-08T12:28:18Z
axadrn/shadcn-templ,18343877023,155799699,Validate HTML,push,04c1c4eb7ac2b567bb3d0d2d4aae27642e4a0af3,1,success,sucesso,2025-10-08T11:59:58Z,2025-10-08T12:03:14Z,2025-10-08T11:59:58Z
axadrn/shadcn-templ,18276360351,155799699,Validate HTML,push,19f6e9814eaba60f57ffc54066b61533c993d9f2,1,success,sucesso,2025-10-06T09:30:14Z,2025-10-06T09:32:51Z,2025-10-06T09:30:14Z
axadrn/shadcn-templ,18271839716,155799699,Validate HTML,push,6cf5d6a4c063baf428a6178ea834c34fcabb4b13,1,success,sucesso,2025-10-06T06:16:33Z,2025-10-06T06:19:11Z,2025-10-06T06:16:33Z
axadrn/shadcn-templ,18189822446,155799699,Validate HTML,push,2edf7de8642220d9060387c10dbf89f404bd07d7,1,success,sucesso,2025-10-02T10:03:11Z,2025-10-02T10:05:44Z,2025-10-02T10:03:11Z
axadrn/shadcn-templ,18187715208,155799699,Validate HTML,push,b5a9da5d480edefcfb43729e9d6b3408583d0865,1,success,sucesso,2025-10-02T08:29:52Z,2025-10-02T08:32:36Z,2025-10-02T08:29:52Z
axadrn/shadcn-templ,18187427693,155799699,Validate HTML,push,e71907df9e5bce98b1b014a4fddb225d76467fa6,1,success,sucesso,2025-10-02T08:17:42Z,2025-10-02T08:20:15Z,2025-10-02T08:17:42Z
axadrn/shadcn-templ,18186729608,155799699,Validate HTML,push,64c35452dc74b378b114b599f02844be9de230e0,1,success,sucesso,2025-10-02T07:45:00Z,2025-10-02T07:47:44Z,2025-10-02T07:45:00Z
axadrn/shadcn-templ,18186023953,155799699,Validate HTML,push,81c20ed44e050e7fb39eca04a69e2a77c64e3aa7,1,success,sucesso,2025-10-02T07:10:52Z,2025-10-02T07:13:29Z,2025-10-02T07:10:52Z
axadrn/shadcn-templ,18184827435,155799699,Validate HTML,push,cba7d56e3798dbe1708eae54b8e59c726c4f4724,1,success,sucesso,2025-10-02T06:05:14Z,2025-10-02T06:06:54Z,2025-10-02T06:05:14Z
axadrn/shadcn-templ,18184548275,155799699,Validate HTML,push,723c29afa70e061ce0a4ea45c71c4dd2cde1b0ac,1,success,sucesso,2025-10-02T05:45:28Z,2025-10-02T05:47:36Z,2025-10-02T05:45:28Z
axadrn/shadcn-templ,18169896824,155799699,Validate HTML,push,647308381c4122294a1f2ef4cbed491fbc439e5e,1,success,sucesso,2025-10-01T17:10:29Z,2025-10-01T17:12:07Z,2025-10-01T17:10:29Z
axadrn/shadcn-templ,18163643393,155799699,Validate HTML,push,7b5b9c06292416c1f43782d9077442213ef8aec8,1,success,sucesso,2025-10-01T13:24:17Z,2025-10-01T13:26:06Z,2025-10-01T13:24:17Z
axadrn/shadcn-templ,18163312972,155799699,Validate HTML,push,0880bd70739327bd73c64b176b00428ca82be2e6,1,success,sucesso,2025-10-01T13:12:51Z,2025-10-01T13:14:38Z,2025-10-01T13:12:51Z
axadrn/shadcn-templ,18163207979,155799699,Validate HTML,push,3f7ac95502cb394dba58f15f6a581ea1c7c5b64e,1,success,sucesso,2025-10-01T13:09:08Z,2025-10-01T13:10:57Z,2025-10-01T13:09:08Z
autonomousapps/dependency-analysis-gradle-plugin,35460044670,112234307,Test,push,55dd2ae1559ea54621b7b5113fcf6bc6daef9de4,1,success,sucesso,2026-09-19T18:04:45Z,2026-09-19T18:08:17Z,2026-09-19T18:04:45Z
autonomousapps/dependency-analysis-gradle-plugin,35252988973,112234307,Test,push,32a334a0be222d3134b0043c13dae173f36be88a,1,success,sucesso,2026-09-17T17:28:51Z,2026-09-17T17:33:04Z,2026-09-17T17:28:51Z
autonomousapps/dependency-analysis-gradle-plugin,35027304029,112234307,Test,push,d49d6b7c2465a9d3299112e6879376d835d5e5b1,1,success,sucesso,2026-09-15T21:44:31Z,2026-09-15T21:48:32Z,2026-09-15T21:44:31Z
autonomousapps/dependency-analysis-gradle-plugin,35016780730,112234307,Test,push,7cda4cccda9534c735df6d5f9013bc0855ad1924,1,success,sucesso,2026-09-15T19:58:31Z,2026-09-15T20:04:36Z,2026-09-15T19:58:31Z
autonomousapps/dependency-analysis-gradle-plugin,34905502307,112234307,Test,push,76be63a5f44d7ecd6ac2560c4e7908c71dcd8dad,1,success,sucesso,2026-09-14T22:43:27Z,2026-09-14T22:48:12Z,2026-09-14T22:43:27Z
autonomousapps/dependency-analysis-gradle-plugin,34905269248,112234307,Test,push,889c4a3e5822f4512a5b702eac5dd9a9c408de78,1,cancelled,ignorado,2026-09-14T22:40:30Z,2026-09-14T22:44:29Z,2026-09-14T22:40:30Z
autonomousapps/dependency-analysis-gradle-plugin,34904391931,112234307,Test,push,6504439a5df6b864fca718cd865aafcb96c3c2d8,1,success,sucesso,2026-09-14T22:29:51Z,2026-09-14T22:33:24Z,2026-09-14T22:29:51Z
autonomousapps/dependency-analysis-gradle-plugin,34895538516,112234307,Test,push,d96af44b020d294e39265e3b2b87db4ae4a3e800,1,success,sucesso,2026-09-14T20:52:43Z,2026-09-14T20:56:42Z,2026-09-14T20:52:43Z
autonomousapps/dependency-analysis-gradle-plugin,34887287843,112234307,Test,push,b309ffb7b9704c01c77a10681caf51bf0223bd9e,1,success,sucesso,2026-09-14T19:30:18Z,2026-09-14T19:34:03Z,2026-09-14T19:30:18Z
autonomousapps/dependency-analysis-gradle-plugin,34881406148,112234307,Test,push,23d5e03e99fcdcaf047447341eeb1b617ef3824f,1,success,sucesso,2026-09-14T18:32:19Z,2026-09-14T19:07:52Z,2026-09-14T18:32:19Z
autonomousapps/dependency-analysis-gradle-plugin,34773318951,112234307,Test,push,0a1b3f0025d535bb3d29d55301756000605b828a,1,failure,falha,2026-09-13T18:01:06Z,2026-09-13T18:31:45Z,2026-09-13T18:01:06Z
autonomousapps/dependency-analysis-gradle-plugin,34770892636,112234307,Test,push,71592d2690a3cadbd75f26ab405a6cebf3037979,1,success,sucesso,2026-09-13T17:12:35Z,2026-09-13T17:39:25Z,2026-09-13T17:12:35Z
autonomousapps/dependency-analysis-gradle-plugin,34716472283,112234307,Test,push,c2d51b5ec3b464ecaa7ff0611ace646ed011278c,1,success,sucesso,2026-09-12T20:13:48Z,2026-09-12T20:50:17Z,2026-09-12T20:13:48Z
autonomousapps/dependency-analysis-gradle-plugin,34711170125,112234307,Test,push,666e3b2dd24276658177ea6e4b0a03212c313b6a,1,success,sucesso,2026-09-12T18:26:00Z,2026-09-12T18:57:40Z,2026-09-12T18:26:00Z
autonomousapps/dependency-analysis-gradle-plugin,34632835222,112234307,Test,push,86a572c719d2ab2d298cf0f97534bf9f8097049c,1,success,sucesso,2026-09-11T18:21:48Z,2026-09-11T18:55:17Z,2026-09-11T18:21:48Z
autonomousapps/dependency-analysis-gradle-plugin,34632811965,112234307,Test,push,f6b1abbb93991da44517721aef9c591816cf058c,1,cancelled,ignorado,2026-09-11T18:21:32Z,2026-09-11T18:22:07Z,2026-09-11T18:21:32Z
autonomousapps/dependency-analysis-gradle-plugin,34628090287,112234307,Test,push,9589125f39c710be5854d4e72f91bcf0c43c51c9,1,success,sucesso,2026-09-11T17:30:41Z,2026-09-11T18:12:11Z,2026-09-11T17:30:41Z
autonomousapps/dependency-analysis-gradle-plugin,34627113906,112234307,Test,push,1bc1a7344ffa149a793df8e4e90f62aa29a8e1c8,1,success,sucesso,2026-09-11T17:20:22Z,2026-09-11T17:24:01Z,2026-09-11T17:20:22Z
autonomousapps/dependency-analysis-gradle-plugin,34390017453,112234307,Test,push,5890ef8fe9e178c06f97a7bec561d141dc540821,1,success,sucesso,2026-09-09T18:36:14Z,2026-09-09T19:16:58Z,2026-09-09T18:36:14Z
autonomousapps/dependency-analysis-gradle-plugin,34386602374,112234307,Test,push,9cf8e13b79f82fccc5ba101018a9537b7a535497,1,cancelled,ignorado,2026-09-09T18:02:38Z,2026-09-09T18:36:48Z,2026-09-09T18:02:38Z
autonomousapps/dependency-analysis-gradle-plugin,34378962502,112234307,Test,push,aa916950af2cd1fae396182fcabf5b9821d1c25b,1,success,sucesso,2026-09-09T16:47:49Z,2026-09-09T16:51:53Z,2026-09-09T16:47:49Z
autonomousapps/dependency-analysis-gradle-plugin,34378051829,112234307,Test,push,ec004700cd45ef41e03ae2ea7c31f498c4d64f31,1,success,sucesso,2026-09-09T16:39:02Z,2026-09-09T16:42:38Z,2026-09-09T16:39:02Z
autonomousapps/dependency-analysis-gradle-plugin,34285538786,112234307,Test,push,0cf1cf84aa4851ac01024161c76a25b03e4952fa,1,success,sucesso,2026-09-08T22:22:05Z,2026-09-08T22:26:44Z,2026-09-08T22:22:05Z
autonomousapps/dependency-analysis-gradle-plugin,33897105939,112234307,Test,push,93b52302ef0f48ad7aa0776ae2a1e479a9055f32,1,success,sucesso,2026-09-04T16:47:40Z,2026-09-04T17:26:22Z,2026-09-04T16:47:40Z
autonomousapps/dependency-analysis-gradle-plugin,33892863635,112234307,Test,push,b38298d9c32c51f705b27bf35d9b8d28cce06b05,1,success,sucesso,2026-09-04T16:02:07Z,2026-09-04T16:43:09Z,2026-09-04T16:02:07Z
autonomousapps/dependency-analysis-gradle-plugin,33891349728,112234307,Test,push,11aca62c5c31c5dde5bf6b4af2a214a6b33c67c6,1,cancelled,ignorado,2026-09-04T15:45:55Z,2026-09-04T16:02:33Z,2026-09-04T15:45:55Z
autonomousapps/dependency-analysis-gradle-plugin,33794229269,112234307,Test,push,60302bf9d9428c5b13b7ae6910787f266efaa6df,1,success,sucesso,2026-09-03T19:04:02Z,2026-09-03T19:43:59Z,2026-09-03T19:04:02Z
autonomousapps/dependency-analysis-gradle-plugin,33771876668,112234307,Test,push,5a8b571b7065989b146a03a3cfbcfc1ee0a056fb,1,success,sucesso,2026-09-03T15:18:49Z,2026-09-03T16:00:55Z,2026-09-03T15:18:49Z
autonomousapps/dependency-analysis-gradle-plugin,33095879428,112234307,Test,push,c4915dd91572e8fbc5a2b7a32b6e6b84c9d99c76,1,failure,falha,2026-08-27T16:57:10Z,2026-08-27T17:25:31Z,2026-08-27T16:57:10Z
autonomousapps/dependency-analysis-gradle-plugin,33028639910,112234307,Test,push,a60915e96e930c93df48e9a23f9b92d433f92ae8,1,failure,falha,2026-08-27T00:59:28Z,2026-08-27T01:32:42Z,2026-08-27T00:59:28Z
autonomousapps/dependency-analysis-gradle-plugin,33011413605,112234307,Test,push,be044aba536bbb9d26992a634624f645a85ec0ad,1,failure,falha,2026-08-26T20:38:24Z,2026-08-26T21:08:19Z,2026-08-26T20:38:24Z
autonomousapps/dependency-analysis-gradle-plugin,33011398703,112234307,Test,push,56302d399f0926b7e0a11f533b8841c0dd06a691,1,cancelled,ignorado,2026-08-26T20:38:14Z,2026-08-26T20:39:20Z,2026-08-26T20:38:14Z
autonomousapps/dependency-analysis-gradle-plugin,32998783228,112234307,Test,push,726ba9c2a1e7748f0e6e6ea246e86a3fc1259b93,1,failure,falha,2026-08-26T18:16:20Z,2026-08-26T18:42:44Z,2026-08-26T18:16:20Z
autonomousapps/dependency-analysis-gradle-plugin,32991326842,112234307,Test,push,5588d50ff1f3cf29bf8f7cabd1f9db2d8de9434b,1,success,sucesso,2026-08-26T16:56:47Z,2026-08-26T17:00:06Z,2026-08-26T16:56:47Z
autonomousapps/dependency-analysis-gradle-plugin,32918923103,112234307,Test,push,dff69957cfa565ae7939d66211d8dafccd2b3d6f,1,success,sucesso,2026-08-26T01:25:35Z,2026-08-26T01:29:09Z,2026-08-26T01:25:35Z
autonomousapps/dependency-analysis-gradle-plugin,32914582950,112234307,Test,push,beadc6ffd4d9371becea1aa08d41aa4280e91eb9,1,success,sucesso,2026-08-26T00:19:14Z,2026-08-26T00:50:23Z,2026-08-26T00:19:14Z
autonomousapps/dependency-analysis-gradle-plugin,32914328442,112234307,Test,push,a064fe1630095380e2defa4eb026fbb0e68f904f,1,cancelled,ignorado,2026-08-26T00:15:35Z,2026-08-26T00:19:28Z,2026-08-26T00:15:35Z
autonomousapps/dependency-analysis-gradle-plugin,32908276353,112234307,Test,push,08e45ca73d1afc4c8869cd5fe3dc1f7d83e841fc,1,success,sucesso,2026-08-25T22:53:28Z,2026-08-25T23:36:19Z,2026-08-25T22:53:28Z
autonomousapps/dependency-analysis-gradle-plugin,32908229375,112234307,Test,push,f848486a2e5e961e7b53db126bad0f94cd0a2743,1,cancelled,ignorado,2026-08-25T22:52:52Z,2026-08-25T22:53:46Z,2026-08-25T22:52:52Z
autonomousapps/dependency-analysis-gradle-plugin,32907892192,112234307,Test,push,9773ae529408e506ae186ee9ca587d56d87b0232,1,cancelled,ignorado,2026-08-25T22:48:27Z,2026-08-25T22:51:37Z,2026-08-25T22:48:27Z
autonomousapps/dependency-analysis-gradle-plugin,32907439041,112234307,Test,push,ab856661d1727bb6baa339b4a665afedfa3ad8da,1,cancelled,ignorado,2026-08-25T22:42:42Z,2026-08-25T22:48:47Z,2026-08-25T22:42:42Z
autonomousapps/dependency-analysis-gradle-plugin,32905442344,112234307,Test,push,ac861a8240a6012a304d02b0cf0e7050c1c39a63,1,cancelled,ignorado,2026-08-25T22:17:40Z,2026-08-25T22:43:00Z,2026-08-25T22:17:40Z
autonomousapps/dependency-analysis-gradle-plugin,32893592198,112234307,Test,push,a3eb44e950d4eb1219dcd18c18eb81dccd0ce689,1,success,sucesso,2026-08-25T20:08:20Z,2026-08-25T20:13:53Z,2026-08-25T20:08:20Z
autonomousapps/dependency-analysis-gradle-plugin,32888780771,112234307,Test,push,3e1b32e35292dd3473bd9ac7826543e494fd691e,1,success,sucesso,2026-08-25T19:18:04Z,2026-08-25T19:50:13Z,2026-08-25T19:18:04Z
autonomousapps/dependency-analysis-gradle-plugin,32888509924,112234307,Test,push,d07f1c5ba2926e0f5d54b83537aaf8af4fa848a1,1,cancelled,ignorado,2026-08-25T19:15:14Z,2026-08-25T19:18:12Z,2026-08-25T19:15:14Z
autonomousapps/dependency-analysis-gradle-plugin,32888431173,112234307,Test,push,71972c31a33b475f7de7b7d5e8d8cfb39b0d36d9,1,cancelled,ignorado,2026-08-25T19:14:25Z,2026-08-25T19:15:33Z,2026-08-25T19:14:25Z
autonomousapps/dependency-analysis-gradle-plugin,32666695514,112234307,Test,push,a5a0732dde9704ec8463a8fa89fa9fc266435da9,1,success,sucesso,2026-08-23T21:10:32Z,2026-08-23T21:50:56Z,2026-08-23T21:10:32Z
autonomousapps/dependency-analysis-gradle-plugin,32666614915,112234307,Test,push,d5bd4ed4ac28fb9fae10f506e2f90317e582a2c6,1,cancelled,ignorado,2026-08-23T21:09:04Z,2026-08-23T21:10:47Z,2026-08-23T21:09:04Z
autonomousapps/dependency-analysis-gradle-plugin,32666598451,112234307,Test,push,ac37211c1057cab29fffa9df66353c168f58a5d1,1,cancelled,ignorado,2026-08-23T21:08:42Z,2026-08-23T21:09:21Z,2026-08-23T21:08:42Z
autonomousapps/dependency-analysis-gradle-plugin,32666519016,112234307,Test,push,16b1b1b6d511a556d2b8cdf954ce8cc8f464172f,1,cancelled,ignorado,2026-08-23T21:07:11Z,2026-08-23T21:08:51Z,2026-08-23T21:07:11Z
autonomousapps/dependency-analysis-gradle-plugin,32666479423,112234307,Test,push,5bba780ccfaefed7a4308d0e97ad1b6c5a980fdc,1,cancelled,ignorado,2026-08-23T21:06:27Z,2026-08-23T21:07:27Z,2026-08-23T21:06:27Z
autonomousapps/dependency-analysis-gradle-plugin,32663961686,112234307,Test,push,b083adaccf438908b3e108430722b88cc378e241,1,success,sucesso,2026-08-23T20:17:34Z,2026-08-23T20:51:37Z,2026-08-23T20:17:34Z
autonomousapps/dependency-analysis-gradle-plugin,32537554940,112234307,Test,push,fffbbb37574987f7f404a09fec826f960225ad2f,1,success,sucesso,2026-08-21T23:37:52Z,2026-08-22T00:08:59Z,2026-08-21T23:37:52Z
autonomousapps/dependency-analysis-gradle-plugin,32513333592,112234307,Test,push,ded655e38fee3ece67c12e9b4e8518b502cfc0bb,1,success,sucesso,2026-08-21T18:26:11Z,2026-08-21T19:06:48Z,2026-08-21T18:26:11Z
autonomousapps/dependency-analysis-gradle-plugin,32510202091,112234307,Test,push,7f6cd7b7de53b3b80a86274f5ca7984ecc8aa594,1,cancelled,ignorado,2026-08-21T17:50:02Z,2026-08-21T18:26:32Z,2026-08-21T17:50:02Z
autonomousapps/dependency-analysis-gradle-plugin,32509663841,112234307,Test,push,90a0a2e5539ba95e3f41d1ad459ae807fe95f7ec,1,cancelled,ignorado,2026-08-21T17:43:48Z,2026-08-21T17:50:22Z,2026-08-21T17:43:48Z
autonomousapps/dependency-analysis-gradle-plugin,32506419193,112234307,Test,push,d2dc941afb16c110839aa4090999dfafbbe424c4,1,success,sucesso,2026-08-21T17:06:31Z,2026-08-21T17:10:43Z,2026-08-21T17:06:31Z
autonomousapps/dependency-analysis-gradle-plugin,32053921402,112234307,Test,push,ece2160046ad6f763feee9c844bf6f7e901c4ae9,1,success,sucesso,2026-08-17T18:14:01Z,2026-08-17T18:53:45Z,2026-08-17T18:14:01Z
autonomousapps/dependency-analysis-gradle-plugin,32052924005,112234307,Test,push,20301aee9c706e4ee8e0bcc29bb3ddc397e076f4,1,success,sucesso,2026-08-17T18:01:13Z,2026-08-17T18:03:44Z,2026-08-17T18:01:13Z
autonomousapps/dependency-analysis-gradle-plugin,31858976998,112234307,Test,push,b497cac7de245065002f6d0194963f05ac95d04f,1,success,sucesso,2026-08-15T02:21:32Z,2026-08-15T03:00:37Z,2026-08-15T02:21:32Z
autonomousapps/dependency-analysis-gradle-plugin,31849542020,112234307,Test,push,a7cd174fac404a06849a8e966a7805cfcaca3ce0,1,success,sucesso,2026-08-14T23:12:45Z,2026-08-14T23:49:29Z,2026-08-14T23:12:45Z
autonomousapps/dependency-analysis-gradle-plugin,31847486413,112234307,Test,push,463c8b3a6470abe6c2b8d15c097fd3959ffe5155,1,success,sucesso,2026-08-14T22:39:56Z,2026-08-14T22:43:42Z,2026-08-14T22:39:56Z
autonomousapps/dependency-analysis-gradle-plugin,31822424365,112234307,Test,push,04994d24dddb92dca1d648bbe4c8548e63ae814b,1,success,sucesso,2026-08-14T17:06:00Z,2026-08-14T17:43:01Z,2026-08-14T17:06:00Z
autonomousapps/dependency-analysis-gradle-plugin,31822161933,112234307,Test,push,f091e6eec3de168927248e5770e6389408d9719e,1,cancelled,ignorado,2026-08-14T17:02:40Z,2026-08-14T17:06:18Z,2026-08-14T17:02:40Z
autonomousapps/dependency-analysis-gradle-plugin,31744072282,112234307,Test,push,851dad01667324b857df389b625faee8804a7fc4,1,success,sucesso,2026-08-13T21:05:52Z,2026-08-13T21:41:47Z,2026-08-13T21:05:52Z
autonomousapps/dependency-analysis-gradle-plugin,31628887618,112234307,Test,push,a2e02fa4dc3893a3995962684011475b402ee58b,1,success,sucesso,2026-08-12T18:41:12Z,2026-08-12T19:19:32Z,2026-08-12T18:41:12Z
autonomousapps/dependency-analysis-gradle-plugin,31544279453,112234307,Test,push,04300262d58d03fe976a14e38c4f07f566b08068,1,success,sucesso,2026-08-11T22:53:18Z,2026-08-11T23:27:28Z,2026-08-11T22:53:18Z
autonomousapps/dependency-analysis-gradle-plugin,31357686476,112234307,Test,push,4bdffe740a82b6f963fda76a85f4c030c023f70b,1,success,sucesso,2026-08-10T05:09:16Z,2026-08-10T05:12:53Z,2026-08-10T05:09:16Z
autonomousapps/dependency-analysis-gradle-plugin,31066255813,112234307,Test,push,ff0590397a17b18561ceb065e4d04cd0f1493191,1,success,sucesso,2026-08-06T02:39:54Z,2026-08-06T03:14:14Z,2026-08-06T02:39:54Z
autonomousapps/dependency-analysis-gradle-plugin,30858084687,112234307,Test,push,9813176c74ee74d1f687cd5e50d473be4a1cfa54,1,success,sucesso,2026-08-03T22:17:30Z,2026-08-03T22:56:25Z,2026-08-03T22:17:30Z
autonomousapps/dependency-analysis-gradle-plugin,30766218794,112234307,Test,push,ab7f49ee0a3f2eaaf5419242380e03d6b680f3b5,1,success,sucesso,2026-08-02T20:42:24Z,2026-08-02T21:12:19Z,2026-08-02T20:42:24Z
autonomousapps/dependency-analysis-gradle-plugin,30499622965,112234307,Test,push,77a25148af43a36596560d8fbed5023ab3ec8337,1,success,sucesso,2026-07-29T23:28:03Z,2026-07-29T23:31:16Z,2026-07-29T23:28:03Z
autonomousapps/dependency-analysis-gradle-plugin,30487252547,112234307,Test,push,915af0230699b4d37902ca8edac8c9a9f9b1aecb,1,success,sucesso,2026-07-29T20:07:42Z,2026-07-29T20:44:00Z,2026-07-29T20:07:42Z
autonomousapps/dependency-analysis-gradle-plugin,30414427488,112234307,Test,push,13d508f02d5d259e817161df4b09b99ffc2073cd,1,success,sucesso,2026-07-29T01:33:57Z,2026-07-29T02:09:47Z,2026-07-29T01:33:57Z
autonomousapps/dependency-analysis-gradle-plugin,30401880409,112234307,Test,push,ddb2da4c89b2ea7a29fbf4a7fa8f9f0944348197,1,success,sucesso,2026-07-28T21:44:26Z,2026-07-28T22:22:36Z,2026-07-28T21:44:26Z
autonomousapps/dependency-analysis-gradle-plugin,30395798711,112234307,Test,push,ebfcfb40b82db638558e39aa21cadf40b4bd25b5,1,success,sucesso,2026-07-28T20:19:02Z,2026-07-28T20:54:33Z,2026-07-28T20:19:02Z
autonomousapps/dependency-analysis-gradle-plugin,30315217348,112234307,Test,push,85ad45cda221d61a2d4f3f4686ab9907c89928ba,1,success,sucesso,2026-07-27T23:46:24Z,2026-07-28T00:23:21Z,2026-07-27T23:46:24Z
autonomousapps/dependency-analysis-gradle-plugin,30314698378,112234307,Test,push,23be2a98c68ef94c797ffec36684905f35614052,1,cancelled,ignorado,2026-07-27T23:36:43Z,2026-07-27T23:46:46Z,2026-07-27T23:36:43Z
autonomousapps/dependency-analysis-gradle-plugin,30313247334,112234307,Test,push,45523bd3880a650de72930f59efd4df63f200291,1,cancelled,ignorado,2026-07-27T23:10:04Z,2026-07-27T23:37:00Z,2026-07-27T23:10:04Z
autonomousapps/dependency-analysis-gradle-plugin,30312074381,112234307,Test,push,c92e9a5d10b95fa9e23bc977f2299a9085dfdaa6,1,cancelled,ignorado,2026-07-27T22:49:30Z,2026-07-27T23:10:23Z,2026-07-27T22:49:30Z
autonomousapps/dependency-analysis-gradle-plugin,30296571485,112234307,Test,push,b6f062ba8c4ecfa157f3a6597c7b024306f262e5,1,success,sucesso,2026-07-27T19:03:38Z,2026-07-27T19:41:32Z,2026-07-27T19:03:38Z
autonomousapps/dependency-analysis-gradle-plugin,30191135452,112234307,Test,push,e72429ed0308fe281304ec94b20b17181d346219,1,success,sucesso,2026-07-26T06:29:29Z,2026-07-26T07:04:52Z,2026-07-26T06:29:29Z
autonomousapps/dependency-analysis-gradle-plugin,30027818548,112234307,Test,push,a8a8bded960eed941d039eacb52f504d6fc3dd80,1,success,sucesso,2026-07-23T17:03:56Z,2026-07-23T17:41:50Z,2026-07-23T17:03:56Z
autonomousapps/dependency-analysis-gradle-plugin,29962937763,112234307,Test,push,22dcdfeb5a2f5a18c709b9c8f3c50692805a7c3a,1,success,sucesso,2026-07-22T22:27:53Z,2026-07-22T23:09:41Z,2026-07-22T22:27:53Z
autonomousapps/dependency-analysis-gradle-plugin,29956236067,112234307,Test,push,15bbecdaca07e7432f7a3c5793291e76bcd534b2,1,success,sucesso,2026-07-22T20:42:23Z,2026-07-22T21:21:37Z,2026-07-22T20:42:23Z
autonomousapps/dependency-analysis-gradle-plugin,29615239221,112234307,Test,push,e58a4070ffe4ef9ffdaca29e0293d1674407b6d8,2,success,sucesso,2026-07-17T21:53:24Z,2026-07-17T22:17:03Z,2026-07-17T21:35:44Z
autonomousapps/dependency-analysis-gradle-plugin,29545411890,112234307,Test,push,9fba93ec3753eae2b7df1f232a31bea275ff0d8d,1,success,sucesso,2026-07-17T00:40:15Z,2026-07-17T01:08:40Z,2026-07-17T00:40:15Z
autonomousapps/dependency-analysis-gradle-plugin,29541191610,112234307,Test,push,4888ad6b6c27845302b557f95632c12c6dedebd6,1,success,sucesso,2026-07-16T23:02:23Z,2026-07-16T23:27:19Z,2026-07-16T23:02:23Z
autonomousapps/dependency-analysis-gradle-plugin,29457975812,112234307,Test,push,eedebcad6e76c6167fb5ab620c66ae48e2972d33,1,success,sucesso,2026-07-15T23:15:13Z,2026-07-15T23:42:07Z,2026-07-15T23:15:13Z
autonomousapps/dependency-analysis-gradle-plugin,29453327389,112234307,Test,push,59ae9dd5d5365ddd018faffa301b594c77eee209,1,success,sucesso,2026-07-15T21:50:12Z,2026-07-15T22:18:59Z,2026-07-15T21:50:12Z
autonomousapps/dependency-analysis-gradle-plugin,29452588115,112234307,Test,push,04bdac15ac61c6c348f0dcb47e07902639c5061b,1,cancelled,ignorado,2026-07-15T21:37:26Z,2026-07-15T21:50:38Z,2026-07-15T21:37:26Z
autonomousapps/dependency-analysis-gradle-plugin,29441404839,112234307,Test,push,5035bb9379326c4af964ab8f0d8852045d28104a,1,success,sucesso,2026-07-15T18:39:06Z,2026-07-15T19:00:57Z,2026-07-15T18:39:06Z
autonomousapps/dependency-analysis-gradle-plugin,29439073844,112234307,Test,push,2f9ed54b722410bb35d0a2bd68d738f85b2485fc,1,success,sucesso,2026-07-15T18:04:30Z,2026-07-15T18:31:28Z,2026-07-15T18:04:30Z
autonomousapps/dependency-analysis-gradle-plugin,29358153272,112234307,Test,push,b324797712fa2c6a2c3e76d8a48b3c7c7cece19b,1,success,sucesso,2026-07-14T18:30:47Z,2026-07-14T18:56:51Z,2026-07-14T18:30:47Z
autonomousapps/dependency-analysis-gradle-plugin,29357346936,112234307,Test,push,3ded1c12d49f74a74ca3e3977570b971357c1596,1,cancelled,ignorado,2026-07-14T18:18:55Z,2026-07-14T18:31:07Z,2026-07-14T18:18:55Z
autonomousapps/dependency-analysis-gradle-plugin,29281283252,112234307,Test,push,4634419a4c69f51e08bbd8e9117e3c4e989e1422,1,success,sucesso,2026-07-13T20:09:39Z,2026-07-13T20:35:29Z,2026-07-13T20:09:39Z
autonomousapps/dependency-analysis-gradle-plugin,29117659064,112234307,Test,push,de94187518860feb33f8247a3ef570f111c0b813,1,success,sucesso,2026-07-10T19:20:24Z,2026-07-10T19:46:04Z,2026-07-10T19:20:24Z
autonomousapps/dependency-analysis-gradle-plugin,29057649580,112234307,Test,push,a7246c88b80a8051d1882e57be1a414b921af9d4,1,success,sucesso,2026-07-09T23:32:50Z,2026-07-09T23:37:24Z,2026-07-09T23:32:50Z
autonomousapps/dependency-analysis-gradle-plugin,28899046294,112234307,Test,push,ec06960a7552ab299a5d8df120be8bc5512d2a86,1,success,sucesso,2026-07-07T21:12:05Z,2026-07-07T21:15:33Z,2026-07-07T21:12:05Z
autonomousapps/dependency-analysis-gradle-plugin,28897806582,112234307,Test,push,8e7bba0ad6efedf7fd344f91d157043a668b0057,1,success,sucesso,2026-07-07T20:51:15Z,2026-07-07T20:54:49Z,2026-07-07T20:51:15Z
autonomousapps/dependency-analysis-gradle-plugin,28894049693,112234307,Test,push,1f53b01f0017ee9dd5a96f6d261acebbf791cd00,1,success,sucesso,2026-07-07T19:48:17Z,2026-07-07T20:13:53Z,2026-07-07T19:48:17Z
autonomousapps/dependency-analysis-gradle-plugin,28881949827,112234307,Test,push,37c345dee116a36f6ee56d96c5778fa295f7a1d4,1,success,sucesso,2026-07-07T16:26:12Z,2026-07-07T16:30:08Z,2026-07-07T16:26:12Z
autonomousapps/dependency-analysis-gradle-plugin,28828847655,112234307,Test,push,4c78e4f13cd06bd7796234142d082489d2dc5742,1,success,sucesso,2026-07-06T22:54:49Z,2026-07-06T23:20:14Z,2026-07-06T22:54:49Z
autonomousapps/dependency-analysis-gradle-plugin,28827752913,112234307,Test,push,99c6291325e42c4a158c173802df1a5885409f6b,1,success,sucesso,2026-07-06T22:31:43Z,2026-07-06T22:35:42Z,2026-07-06T22:31:43Z
autonomousapps/dependency-analysis-gradle-plugin,28826448863,112234307,Test,push,dfc82cbba627586375344a04d3b927af3b7de8ec,1,success,sucesso,2026-07-06T22:05:06Z,2026-07-06T22:22:22Z,2026-07-06T22:05:06Z
autonomousapps/dependency-analysis-gradle-plugin,28824948401,112234307,Test,push,4cda8d34920da571f451e862e167de5dfa900ea9,1,success,sucesso,2026-07-06T21:36:49Z,2026-07-06T22:02:33Z,2026-07-06T21:36:49Z
autonomousapps/dependency-analysis-gradle-plugin,28822861809,112234307,Test,push,f072511720f0276627a79bee2e11ffc7a52d8ec6,1,success,sucesso,2026-07-06T20:59:17Z,2026-07-06T21:24:19Z,2026-07-06T20:59:17Z
autonomousapps/dependency-analysis-gradle-plugin,28618781942,112234307,Test,push,84d7ba510f3d0ee7fbeb5cb167b09a7ad6d31baf,1,success,sucesso,2026-07-02T20:15:24Z,2026-07-02T20:41:08Z,2026-07-02T20:15:24Z
autonomousapps/dependency-analysis-gradle-plugin,28567027824,112234307,Test,push,114c0d723dc5960738f293378f81728af1990c6f,1,success,sucesso,2026-07-02T05:11:30Z,2026-07-02T05:36:18Z,2026-07-02T05:11:30Z
autonomousapps/dependency-analysis-gradle-plugin,28537473132,112234307,Test,push,1b4cf8f7336d38024d9786f5577d13a4399ead07,1,success,sucesso,2026-07-01T17:59:18Z,2026-07-01T18:24:03Z,2026-07-01T17:59:18Z
autonomousapps/dependency-analysis-gradle-plugin,28471954019,112234307,Test,push,ebbc91f059f3c80a733a9f0c9c0610ac0e41514e,1,failure,falha,2026-06-30T19:56:14Z,2026-06-30T20:01:53Z,2026-06-30T19:56:14Z
autonomousapps/dependency-analysis-gradle-plugin,28471798372,112234307,Test,push,5d36daf80b419bc50aa5da6cef7330cca7fbcb14,1,cancelled,ignorado,2026-06-30T19:53:25Z,2026-06-30T19:56:35Z,2026-06-30T19:53:25Z
autonomousapps/dependency-analysis-gradle-plugin,28471534746,112234307,Test,push,e81d8297b1d2e9edccccb535b4a1275b8e5f6b0d,1,cancelled,ignorado,2026-06-30T19:48:39Z,2026-06-30T19:53:47Z,2026-06-30T19:48:39Z
autonomousapps/dependency-analysis-gradle-plugin,28471344200,112234307,Test,push,b616fc21d240698dcb06372d2395520c192f9f49,1,cancelled,ignorado,2026-06-30T19:45:11Z,2026-06-30T19:48:47Z,2026-06-30T19:45:11Z
autonomousapps/dependency-analysis-gradle-plugin,28466165575,112234307,Test,push,1174326863fba13a37db74fdcff11074f4adeab0,1,success,sucesso,2026-06-30T18:14:10Z,2026-06-30T18:40:35Z,2026-06-30T18:14:10Z
autonomousapps/dependency-analysis-gradle-plugin,28405962637,112234307,Test,push,0c6bc114b6c64c4578ed506e58c776ae9960fdab,1,failure,falha,2026-06-29T22:09:33Z,2026-06-29T22:34:27Z,2026-06-29T22:09:33Z
autonomousapps/dependency-analysis-gradle-plugin,28205746496,112234307,Test,push,c7bf0fc9bc67d337283a44fe16d1db57782776f8,1,success,sucesso,2026-06-25T22:57:55Z,2026-06-25T23:25:09Z,2026-06-25T22:57:55Z
autonomousapps/dependency-analysis-gradle-plugin,28191499032,112234307,Test,push,581a0e9d0149f9338e2d753007cd4b9ca3f9c480,1,success,sucesso,2026-06-25T18:23:31Z,2026-06-25T18:45:51Z,2026-06-25T18:23:31Z
autonomousapps/dependency-analysis-gradle-plugin,28184912293,112234307,Test,push,b7d208c4f46208625fd005b37971d27ea0293327,1,success,sucesso,2026-06-25T16:26:36Z,2026-06-25T16:53:17Z,2026-06-25T16:26:36Z
autonomousapps/dependency-analysis-gradle-plugin,28184623273,112234307,Test,push,59b6a78cdce29d91610a507b1cd3d0088ffd9fba,1,cancelled,ignorado,2026-06-25T16:21:45Z,2026-06-25T16:26:54Z,2026-06-25T16:21:45Z
autonomousapps/dependency-analysis-gradle-plugin,28144183230,112234307,Test,push,21a6b9d0313e3899b53ef9f97075ab58cf622b7f,1,success,sucesso,2026-06-25T03:08:24Z,2026-06-25T03:37:14Z,2026-06-25T03:08:24Z
autonomousapps/dependency-analysis-gradle-plugin,27985420540,112234307,Test,push,eb536725bd2b474112495be52d097473ab3e2124,1,success,sucesso,2026-06-22T21:31:37Z,2026-06-22T21:59:50Z,2026-06-22T21:31:37Z
autonomousapps/dependency-analysis-gradle-plugin,27793330335,112234307,Test,push,8cd36867f2e2cf85e1ad4c29e223cbc5114b6cfe,1,success,sucesso,2026-06-18T22:31:22Z,2026-06-18T22:57:40Z,2026-06-18T22:31:22Z
autonomousapps/dependency-analysis-gradle-plugin,27774468433,112234307,Test,push,5990a0f7b70e8c970030a849a643e43541be31d0,1,success,sucesso,2026-06-18T16:35:35Z,2026-06-18T17:03:04Z,2026-06-18T16:35:35Z
autonomousapps/dependency-analysis-gradle-plugin,27433057152,112234307,Test,push,0d9d099af89ba986159cfba7c39cfabc562c373b,1,success,sucesso,2026-06-12T17:49:44Z,2026-06-12T18:16:34Z,2026-06-12T17:49:44Z
autonomousapps/dependency-analysis-gradle-plugin,27378601700,112234307,Test,push,570f3853aba2d09af372be99a587d6d792339019,1,success,sucesso,2026-06-11T21:28:58Z,2026-06-11T21:55:48Z,2026-06-11T21:28:58Z
autonomousapps/dependency-analysis-gradle-plugin,27378589842,112234307,Test,push,fc8592c8513531989cef035ca58d07d27f15d24b,1,cancelled,ignorado,2026-06-11T21:28:44Z,2026-06-11T21:29:18Z,2026-06-11T21:28:44Z
autonomousapps/dependency-analysis-gradle-plugin,27375722942,112234307,Test,push,c5d02ddf4e50892e6b51da51c4b1065496ce0e9b,1,success,sucesso,2026-06-11T20:34:47Z,2026-06-11T21:00:42Z,2026-06-11T20:34:47Z
autonomousapps/dependency-analysis-gradle-plugin,27310698095,112234307,Test,push,78bb3ba219f9a9df44d69b4f35fd046c9822a463,1,success,sucesso,2026-06-10T22:34:00Z,2026-06-10T22:38:49Z,2026-06-10T22:34:00Z
autonomousapps/dependency-analysis-gradle-plugin,27310498498,112234307,Test,push,fa15cdd5ce7ef814659e4011fb7b6d75188d142f,1,success,sucesso,2026-06-10T22:29:44Z,2026-06-10T22:32:41Z,2026-06-10T22:29:44Z
autonomousapps/dependency-analysis-gradle-plugin,27310282334,112234307,Test,push,78224747d938a9abcec3c381fa2c50bb3b90f159,1,success,sucesso,2026-06-10T22:24:42Z,2026-06-10T22:28:01Z,2026-06-10T22:24:42Z
autonomousapps/dependency-analysis-gradle-plugin,27307028218,112234307,Test,push,bc4fc096dd00b6c74e4ce63229ee3e97d9c94950,1,success,sucesso,2026-06-10T21:19:03Z,2026-06-10T21:46:00Z,2026-06-10T21:19:03Z
autonomousapps/dependency-analysis-gradle-plugin,27298201410,112234307,Test,push,fe9feb915a84ffd5ae51fe7e9c7b06be9bace785,1,success,sucesso,2026-06-10T18:43:01Z,2026-06-10T19:11:45Z,2026-06-10T18:43:01Z
autonomousapps/dependency-analysis-gradle-plugin,26895873648,112234307,Test,push,b253f1f51b3a27ac98cf8713d1700ed169315659,2,success,sucesso,2026-06-03T19:00:20Z,2026-06-03T19:26:44Z,2026-06-03T15:42:36Z
autonomousapps/dependency-analysis-gradle-plugin,26847947802,112234307,Test,push,33fad3f1065afdfef02e22fef4951958ec45ceb7,1,success,sucesso,2026-06-02T21:04:22Z,2026-06-02T21:31:08Z,2026-06-02T21:04:22Z
autonomousapps/dependency-analysis-gradle-plugin,26845955034,112234307,Test,push,6a6d315763e70de43e9063257710859e417c0abb,1,success,sucesso,2026-06-02T20:25:41Z,2026-06-02T20:50:29Z,2026-06-02T20:25:41Z
autonomousapps/dependency-analysis-gradle-plugin,26769426664,112234307,Test,push,e94909b2ab3b90a4c42b62be0f5c2f3be7a6c142,1,success,sucesso,2026-06-01T16:59:52Z,2026-06-01T17:03:16Z,2026-06-01T16:59:52Z
autonomousapps/dependency-analysis-gradle-plugin,26727235998,112234307,Test,push,0220175ef10382367cf73dbd5c8d0bf3a5d04456,1,success,sucesso,2026-05-31T23:11:41Z,2026-05-31T23:14:54Z,2026-05-31T23:11:41Z
autonomousapps/dependency-analysis-gradle-plugin,26672771050,112234307,Test,push,05c8ae0ea4ac038db6a89a9c5bfc2472eae805a8,1,success,sucesso,2026-05-30T03:05:20Z,2026-05-30T03:29:45Z,2026-05-30T03:05:20Z
autonomousapps/dependency-analysis-gradle-plugin,26659265818,112234307,Test,push,27798731b177e8f2c71c4bb42451658f24046d7b,1,success,sucesso,2026-05-29T20:00:20Z,2026-05-29T20:26:03Z,2026-05-29T20:00:20Z
autonomousapps/dependency-analysis-gradle-plugin,26551371595,112234307,Test,push,1e52c690702fd164d1e02a5a4a0131ff4b2cd75c,1,success,sucesso,2026-05-28T02:42:33Z,2026-05-28T03:09:41Z,2026-05-28T02:42:33Z
autonomousapps/dependency-analysis-gradle-plugin,26551155460,112234307,Test,push,5710b0dcb88f3beda92220c11841970ddcdf5f53,1,cancelled,ignorado,2026-05-28T02:35:50Z,2026-05-28T02:42:50Z,2026-05-28T02:35:50Z
autonomousapps/dependency-analysis-gradle-plugin,26267869850,112234307,Test,push,cd478ea83db5eb93cf550e7e9e7127017b84986a,1,success,sucesso,2026-05-22T04:08:00Z,2026-05-22T04:31:57Z,2026-05-22T04:08:00Z
autonomousapps/dependency-analysis-gradle-plugin,26252410654,112234307,Test,push,dddab10d6643232d9f39ef3919ec244e82d6bb23,1,success,sucesso,2026-05-21T20:51:43Z,2026-05-21T21:17:51Z,2026-05-21T20:51:43Z
autonomousapps/dependency-analysis-gradle-plugin,26246881989,112234307,Test,push,0502b271a6e843746f813c1a8088c458aa56b248,1,success,sucesso,2026-05-21T18:59:47Z,2026-05-21T19:24:06Z,2026-05-21T18:59:47Z
autonomousapps/dependency-analysis-gradle-plugin,26246589255,112234307,Test,push,22ec67b552c3e3098a5d6905132225c00131cdc0,1,cancelled,ignorado,2026-05-21T18:54:01Z,2026-05-21T19:00:12Z,2026-05-21T18:54:01Z
autonomousapps/dependency-analysis-gradle-plugin,26205461064,112234307,Test,push,c969969a0fef0cfdc4c983a6b77c220ff04706e9,1,success,sucesso,2026-05-21T04:29:04Z,2026-05-21T04:53:58Z,2026-05-21T04:29:04Z
autonomousapps/dependency-analysis-gradle-plugin,26191712495,112234307,Test,push,dfaca3a56b4a130db6b10053f39b3d0af83a6e56,1,success,sucesso,2026-05-20T21:43:05Z,2026-05-20T22:07:40Z,2026-05-20T21:43:05Z
autonomousapps/dependency-analysis-gradle-plugin,26191472007,112234307,Test,push,5e3eb8c04fe5dc43fd67d94c39bf1b8f2f645fc6,1,cancelled,ignorado,2026-05-20T21:37:48Z,2026-05-20T21:43:22Z,2026-05-20T21:37:48Z
autonomousapps/dependency-analysis-gradle-plugin,26136381869,112234307,Test,push,99b10f8ba8584084fd9aa1dacc9139691c9272d3,1,success,sucesso,2026-05-20T01:51:47Z,2026-05-20T02:18:42Z,2026-05-20T01:51:47Z
autonomousapps/dependency-analysis-gradle-plugin,26135751253,112234307,Test,push,c2cad36afedf8dcb01da301e9d59bae5f0a733f4,1,cancelled,ignorado,2026-05-20T01:31:48Z,2026-05-20T01:52:04Z,2026-05-20T01:31:48Z
autonomousapps/dependency-analysis-gradle-plugin,25940633278,112234307,Test,push,4579acf606926f8c212ef347f3c4a3e64284802b,1,success,sucesso,2026-05-15T20:47:29Z,2026-05-15T21:08:20Z,2026-05-15T20:47:29Z
autonomousapps/dependency-analysis-gradle-plugin,25932836611,112234307,Test,push,fd91434642b25a4e2c0a742f91995d16e726ddd7,1,success,sucesso,2026-05-15T17:50:43Z,2026-05-15T18:14:06Z,2026-05-15T17:50:43Z
autonomousapps/dependency-analysis-gradle-plugin,25890056344,112234307,Test,push,d8e1b020b81be1981a5f3adee86db48d2a1ff374,1,success,sucesso,2026-05-14T22:47:43Z,2026-05-14T23:14:13Z,2026-05-14T22:47:43Z
autonomousapps/dependency-analysis-gradle-plugin,25889833325,112234307,Test,push,6c3a895f4a86fead1b43f058975a26338c670d4a,1,cancelled,ignorado,2026-05-14T22:41:57Z,2026-05-14T22:48:00Z,2026-05-14T22:41:57Z
autonomousapps/dependency-analysis-gradle-plugin,25880328163,112234307,Test,push,366876708914f8264dd4cf5c273f2b6155ec7b0f,1,failure,falha,2026-05-14T19:16:51Z,2026-05-14T19:23:05Z,2026-05-14T19:16:51Z
autonomousapps/dependency-analysis-gradle-plugin,25879926037,112234307,Test,push,f8f5c163faff2f7785d2b62228d3e08c1554ddfe,1,cancelled,ignorado,2026-05-14T19:08:38Z,2026-05-14T19:17:46Z,2026-05-14T19:08:38Z
autonomousapps/dependency-analysis-gradle-plugin,25879548731,112234307,Test,push,8dd7634f3e0d8fcc772fc572ef812460cb780c3d,1,cancelled,ignorado,2026-05-14T19:01:01Z,2026-05-14T19:08:58Z,2026-05-14T19:01:01Z
autonomousapps/dependency-analysis-gradle-plugin,25876191760,112234307,Test,push,80aac34857d27609b3dcfb8837f0fa510d6829bb,1,success,sucesso,2026-05-14T17:53:55Z,2026-05-14T18:18:08Z,2026-05-14T17:53:55Z
autonomousapps/dependency-analysis-gradle-plugin,25711214888,112234307,Test,push,77126b89da55fadfdc1d8c149c07ac6d0927a6aa,1,success,sucesso,2026-05-12T03:19:05Z,2026-05-12T03:47:10Z,2026-05-12T03:19:05Z
autonomousapps/dependency-analysis-gradle-plugin,25710984577,112234307,Test,push,ab22c2b49a9fe6c1295dc70f557085e64de80a3a,1,cancelled,ignorado,2026-05-12T03:11:51Z,2026-05-12T03:19:25Z,2026-05-12T03:11:51Z
autonomousapps/dependency-analysis-gradle-plugin,25691248852,112234307,Test,push,bc3fa8b7b7b65c6ed4da44e524e7af5e5775cd75,1,success,sucesso,2026-05-11T19:05:40Z,2026-05-11T19:30:31Z,2026-05-11T19:05:40Z
autonomousapps/dependency-analysis-gradle-plugin,25453435341,112234307,Test,push,982127cb469516893c8752ca14e4fd7bf4e31121,1,success,sucesso,2026-05-06T18:25:38Z,2026-05-06T18:51:13Z,2026-05-06T18:25:38Z
autonomousapps/dependency-analysis-gradle-plugin,25395146840,112234307,Test,push,425dc52bfb118e751996a0c9e9f1f3ffdc704ac0,1,failure,falha,2026-05-05T18:37:28Z,2026-05-05T18:45:37Z,2026-05-05T18:37:28Z
autonomousapps/dependency-analysis-gradle-plugin,25395100475,112234307,Test,push,47b92f30926cf220d995fe272d288dcd11fb215d,1,cancelled,ignorado,2026-05-05T18:36:30Z,2026-05-05T18:37:29Z,2026-05-05T18:36:30Z
autonomousapps/dependency-analysis-gradle-plugin,25394642940,112234307,Test,push,c825baff1015a0f8c15647cff034c04fd6fba98b,1,cancelled,ignorado,2026-05-05T18:27:08Z,2026-05-05T18:37:30Z,2026-05-05T18:27:08Z
autonomousapps/dependency-analysis-gradle-plugin,25224416855,112234307,Test,push,5ecb76c126eaa596ebabcb66586141a5d2f47683,1,success,sucesso,2026-05-01T17:15:06Z,2026-05-01T17:41:22Z,2026-05-01T17:15:06Z
autonomousapps/dependency-analysis-gradle-plugin,25134990844,112234307,Test,push,c1cd2428aba2c469b27d6ca41dea739344957891,1,success,sucesso,2026-04-29T21:31:59Z,2026-04-29T21:36:17Z,2026-04-29T21:31:59Z
autonomousapps/dependency-analysis-gradle-plugin,25128493891,112234307,Test,push,e808039c0ca3ed66a92e0e2552e723b5a4773a56,1,success,sucesso,2026-04-29T19:08:09Z,2026-04-29T19:14:03Z,2026-04-29T19:08:09Z
autonomousapps/dependency-analysis-gradle-plugin,25125263409,112234307,Test,push,76d9b5ac62ccfdf39c05fff30a4643f3425e52d5,1,success,sucesso,2026-04-29T17:58:38Z,2026-04-29T18:23:48Z,2026-04-29T17:58:38Z
autonomousapps/dependency-analysis-gradle-plugin,25071188690,112234307,Test,push,1bbf98446a7253e0f80ccc9c8d584eed0000db93,1,success,sucesso,2026-04-28T18:41:40Z,2026-04-28T19:05:45Z,2026-04-28T18:41:40Z
autonomousapps/dependency-analysis-gradle-plugin,24939063644,112234307,Test,push,46cb8f96db388f6734d95a10871d4c1c47703bb0,1,success,sucesso,2026-04-25T19:41:39Z,2026-04-25T20:07:10Z,2026-04-25T19:41:39Z
autonomousapps/dependency-analysis-gradle-plugin,24874029663,112234307,Test,push,53068829f8da885beef00b0d9ce870d326ce4a9a,1,success,sucesso,2026-04-24T05:34:06Z,2026-04-24T05:59:05Z,2026-04-24T05:34:06Z
autonomousapps/dependency-analysis-gradle-plugin,24689085711,112234307,Test,push,795fdd8ac125aaf48ed5f1c58696452aba78257e,1,success,sucesso,2026-04-20T20:36:29Z,2026-04-20T21:05:43Z,2026-04-20T20:36:29Z
autonomousapps/dependency-analysis-gradle-plugin,24634813854,112234307,Test,push,559fef660633005b25936fe9d8940920ccc72b8c,1,success,sucesso,2026-04-19T17:23:44Z,2026-04-19T17:50:59Z,2026-04-19T17:23:44Z
autonomousapps/dependency-analysis-gradle-plugin,24621551936,112234307,Test,push,90d3422af89f3d22d751a33f66961f5138adee86,1,success,sucesso,2026-04-19T05:08:35Z,2026-04-19T05:39:32Z,2026-04-19T05:08:35Z
autonomousapps/dependency-analysis-gradle-plugin,24621356362,112234307,Test,push,06982cb0d2f5a6186f6585df8097d569dfe6f175,1,cancelled,ignorado,2026-04-19T04:56:00Z,2026-04-19T05:08:53Z,2026-04-19T04:56:00Z
autonomousapps/dependency-analysis-gradle-plugin,24620382254,112234307,Test,push,692156f5afbabf3b698c477fad548707abb8ec55,1,success,sucesso,2026-04-19T03:51:30Z,2026-04-19T04:20:31Z,2026-04-19T03:51:30Z
autonomousapps/dependency-analysis-gradle-plugin,24620379680,112234307,Test,push,1bec34948d67b6fb6684e901d6cfe879c9ab5c0f,1,cancelled,ignorado,2026-04-19T03:51:21Z,2026-04-19T03:51:43Z,2026-04-19T03:51:21Z
autonomousapps/dependency-analysis-gradle-plugin,24619411619,112234307,Test,push,b1faef715af18a03025db8d2dd41bfd5fc3816ca,1,success,sucesso,2026-04-19T02:49:57Z,2026-04-19T03:14:56Z,2026-04-19T02:49:57Z
autonomousapps/dependency-analysis-gradle-plugin,24618910929,112234307,Test,push,84796d7873242fe1d1d47bb2aa82f5053a537b1b,1,success,sucesso,2026-04-19T02:17:08Z,2026-04-19T02:44:06Z,2026-04-19T02:17:08Z
autonomousapps/dependency-analysis-gradle-plugin,24618792718,112234307,Test,push,b10e5d83f65217f69054168601733706c1fb95c0,1,cancelled,ignorado,2026-04-19T02:10:10Z,2026-04-19T02:17:26Z,2026-04-19T02:10:10Z
autonomousapps/dependency-analysis-gradle-plugin,24321180532,112234307,Test,push,39ea9f964b7c2d00a8cdc4eb3224d2118c5572df,1,success,sucesso,2026-04-13T01:14:13Z,2026-04-13T01:38:39Z,2026-04-13T01:14:13Z
autonomousapps/dependency-analysis-gradle-plugin,24258000286,112234307,Test,push,682540d36ccdb9c4c35c4cd6819572144a5e7b22,1,success,sucesso,2026-04-10T18:30:05Z,2026-04-10T18:34:46Z,2026-04-10T18:30:05Z
autonomousapps/dependency-analysis-gradle-plugin,24256604978,112234307,Test,push,6de4e62514966601da4d6c083c74a8715f58b6c5,1,success,sucesso,2026-04-10T17:55:50Z,2026-04-10T18:22:55Z,2026-04-10T17:55:50Z
autonomousapps/dependency-analysis-gradle-plugin,24256431304,112234307,Test,push,4258b7a4a9ea609c43d9b1e07ada082cf8e35d16,1,cancelled,ignorado,2026-04-10T17:51:40Z,2026-04-10T17:56:08Z,2026-04-10T17:51:40Z
autonomousapps/dependency-analysis-gradle-plugin,24255976005,112234307,Test,push,61d0bc295270ee386d45ab2fd2ffad5f1ba1eaa9,1,success,sucesso,2026-04-10T17:40:41Z,2026-04-10T17:45:47Z,2026-04-10T17:40:41Z
autonomousapps/dependency-analysis-gradle-plugin,24252757475,112234307,Test,push,ba81229de9a2851b4b18d450d28d4c6752d69c7c,1,success,sucesso,2026-04-10T16:20:20Z,2026-04-10T16:47:30Z,2026-04-10T16:20:20Z
autonomousapps/dependency-analysis-gradle-plugin,24213984896,112234307,Test,push,3bc2ee9954f4d12c579fdc71a00c016bc9cef3b2,1,success,sucesso,2026-04-09T21:21:59Z,2026-04-09T21:26:39Z,2026-04-09T21:21:59Z
autonomousapps/dependency-analysis-gradle-plugin,24208839917,112234307,Test,push,0803302b64c1e2a89e82f924d166c1d8debb2a95,1,success,sucesso,2026-04-09T19:18:56Z,2026-04-09T19:47:38Z,2026-04-09T19:18:56Z
autonomousapps/dependency-analysis-gradle-plugin,24206667239,112234307,Test,push,abd4901490cef75c00b918128c0a4d426e699c28,1,success,sucesso,2026-04-09T18:28:34Z,2026-04-09T18:57:41Z,2026-04-09T18:28:34Z
autonomousapps/dependency-analysis-gradle-plugin,24174763088,112234307,Test,push,7b2ef45d4044b2b3a89090b604a731c68f9df5aa,1,success,sucesso,2026-04-09T05:50:19Z,2026-04-09T06:17:03Z,2026-04-09T05:50:19Z
autonomousapps/dependency-analysis-gradle-plugin,24167235049,112234307,Test,push,2fd8c0f95ec9c482c3da0c0a8a57cc0c4ca87b77,1,success,sucesso,2026-04-09T01:14:28Z,2026-04-09T01:40:29Z,2026-04-09T01:14:28Z
autonomousapps/dependency-analysis-gradle-plugin,24108499216,112234307,Test,push,010f9da0e2e00eaa884a18c3b4a913006a46872e,1,success,sucesso,2026-04-07T22:59:03Z,2026-04-07T23:27:54Z,2026-04-07T22:59:03Z
autonomousapps/dependency-analysis-gradle-plugin,24107960250,112234307,Test,push,c758b4be5b846a2e63c97a1e857b0974ebc03313,1,cancelled,ignorado,2026-04-07T22:41:58Z,2026-04-07T22:59:20Z,2026-04-07T22:41:58Z
autonomousapps/dependency-analysis-gradle-plugin,24102873592,112234307,Test,push,2d8c3c1f1e97a6610d236ae3de23f4fadd9424b0,1,success,sucesso,2026-04-07T20:28:58Z,2026-04-07T20:58:25Z,2026-04-07T20:28:58Z
autonomousapps/dependency-analysis-gradle-plugin,24057338806,112234307,Test,push,ee90ed2cf8e2d76621e70ab5dd95aca96ee86890,1,success,sucesso,2026-04-07T00:02:36Z,2026-04-07T00:31:21Z,2026-04-07T00:02:36Z
autonomousapps/dependency-analysis-gradle-plugin,23915235206,112234307,Test,push,91426fb615c4975b68dc9795d58e072997d8524d,1,success,sucesso,2026-04-02T18:17:04Z,2026-04-02T18:42:55Z,2026-04-02T18:17:04Z
autonomousapps/dependency-analysis-gradle-plugin,23914650679,112234307,Test,push,6705d1ae572b282c8f733ef644f82943c106bb88,1,cancelled,ignorado,2026-04-02T18:02:30Z,2026-04-02T18:17:22Z,2026-04-02T18:02:30Z
autonomousapps/dependency-analysis-gradle-plugin,23876178158,112234307,Test,push,e20c1430049b45095eeb43306b7369dc0f78a481,1,success,sucesso,2026-04-01T23:38:56Z,2026-04-02T00:09:45Z,2026-04-01T23:38:56Z
autonomousapps/dependency-analysis-gradle-plugin,22458509399,112234307,Test,push,14e50e8fbffba95b5d41a002de5c6b531e50d895,1,success,sucesso,2026-02-26T19:49:12Z,2026-02-26T20:18:18Z,2026-02-26T19:49:12Z
autonomousapps/dependency-analysis-gradle-plugin,22458386279,112234307,Test,push,7170f033614b76324b66f9eba938e9c5e77698bf,1,cancelled,ignorado,2026-02-26T19:45:39Z,2026-02-26T19:49:38Z,2026-02-26T19:45:39Z
autonomousapps/dependency-analysis-gradle-plugin,22430038139,112234307,Test,push,a602e64e93ec38c9c85c44e51686a35e5bb872b8,1,success,sucesso,2026-02-26T06:03:51Z,2026-02-26T06:08:35Z,2026-02-26T06:03:51Z
autonomousapps/dependency-analysis-gradle-plugin,22421921492,112234307,Test,push,2f8ba317e14a2bf1e487a3b4602c1ce7b950a88f,1,success,sucesso,2026-02-26T00:14:06Z,2026-02-26T00:43:07Z,2026-02-26T00:14:06Z
autonomousapps/dependency-analysis-gradle-plugin,22238798659,112234307,Test,push,f29810b6a8d213d567197b84e0eee49e4e64344e,1,success,sucesso,2026-02-20T19:50:50Z,2026-02-20T20:19:55Z,2026-02-20T19:50:50Z
autonomousapps/dependency-analysis-gradle-plugin,22214506802,112234307,Test,push,235e073ceaa0ac0bfd37a7cdcbb29ae11f878eba,1,success,sucesso,2026-02-20T06:51:50Z,2026-02-20T07:15:27Z,2026-02-20T06:51:50Z
autonomousapps/dependency-analysis-gradle-plugin,22211987983,112234307,Test,push,a359aa29fc7c1fa4cefc0bf17cdeb531e986b3f6,1,success,sucesso,2026-02-20T05:00:14Z,2026-02-20T05:25:31Z,2026-02-20T05:00:14Z
autonomousapps/dependency-analysis-gradle-plugin,22168584579,112234307,Test,push,7a5b272709ab378d1b4fbc76b66ceee00b94933c,1,success,sucesso,2026-02-19T04:30:54Z,2026-02-19T04:59:31Z,2026-02-19T04:30:54Z
autonomousapps/dependency-analysis-gradle-plugin,22163430765,112234307,Test,push,d8a195b47113dbd29a931be72aedc223f1b046b4,1,success,sucesso,2026-02-19T00:29:59Z,2026-02-19T00:56:24Z,2026-02-19T00:29:59Z
autonomousapps/dependency-analysis-gradle-plugin,22158508947,112234307,Test,push,4c163f35a4f9870f5ba3e53572bb23cd9d0c80bb,1,success,sucesso,2026-02-18T21:33:41Z,2026-02-18T22:05:53Z,2026-02-18T21:33:41Z
autonomousapps/dependency-analysis-gradle-plugin,21916683944,112234307,Test,push,6fa4d0773416e824943f4d50fa40a03d870a1c52,1,success,sucesso,2026-02-11T17:57:09Z,2026-02-11T18:29:16Z,2026-02-11T17:57:09Z
autonomousapps/dependency-analysis-gradle-plugin,21497105921,112234307,Test,push,d42dd3122e090491ce705d153588956ffe92b600,1,success,sucesso,2026-01-29T22:32:12Z,2026-01-29T22:36:20Z,2026-01-29T22:32:12Z
autonomousapps/dependency-analysis-gradle-plugin,21496228662,112234307,Test,push,58ba4e312d163080ec3d82defde77404db6bbb8d,1,success,sucesso,2026-01-29T21:59:57Z,2026-01-29T22:26:35Z,2026-01-29T21:59:57Z
autonomousapps/dependency-analysis-gradle-plugin,21492854971,112234307,Test,push,82d8a36ea44fad5d3fd97c442e1ef07fd4269e29,1,success,sucesso,2026-01-29T20:01:56Z,2026-01-29T20:33:28Z,2026-01-29T20:01:56Z
autonomousapps/dependency-analysis-gradle-plugin,21492844110,112234307,Test,push,82d8a36ea44fad5d3fd97c442e1ef07fd4269e29,1,cancelled,ignorado,2026-01-29T20:01:32Z,2026-01-29T20:02:10Z,2026-01-29T20:01:32Z
autonomousapps/dependency-analysis-gradle-plugin,21299633507,112234307,Test,push,6793f91c6d457e60a8d9a3e84231e184b1fb0974,1,success,sucesso,2026-01-23T20:08:20Z,2026-01-23T20:38:29Z,2026-01-23T20:08:20Z
autonomousapps/dependency-analysis-gradle-plugin,19945876272,112234307,Test,push,8d90e7e4fd641e7617ee3db8babe13a62fa04da5,1,success,sucesso,2025-12-04T22:22:23Z,2025-12-04T22:50:40Z,2025-12-04T22:22:23Z
autonomousapps/dependency-analysis-gradle-plugin,19831304896,112234307,Test,push,f1ef6b8ec660245b2268ffa2d6ce65e90e8b67fb,1,success,sucesso,2025-12-01T17:18:12Z,2025-12-01T17:45:44Z,2025-12-01T17:18:12Z
autonomousapps/dependency-analysis-gradle-plugin,19805432414,112234307,Test,push,dcfa7f7f03e0f83843ea07ee36108f7d9386e31d,1,success,sucesso,2025-11-30T21:59:14Z,2025-11-30T22:27:15Z,2025-11-30T21:59:14Z
autonomousapps/dependency-analysis-gradle-plugin,19805427190,112234307,Test,push,129f315f02db167ce8615297011a6c02eafdfa9f,1,cancelled,ignorado,2025-11-30T21:58:34Z,2025-11-30T21:59:31Z,2025-11-30T21:58:34Z
autonomousapps/dependency-analysis-gradle-plugin,19714494259,112234307,Test,push,3bc13f4c05b6283dfaf930d69d468cafabbcb325,1,success,sucesso,2025-11-26T18:58:35Z,2025-11-26T19:03:13Z,2025-11-26T18:58:35Z
autonomousapps/dependency-analysis-gradle-plugin,19687924680,112234307,Test,push,5a6ed95153ab9e1b4e8f2be0c8642af4c0dfdb29,1,success,sucesso,2025-11-26T00:05:26Z,2025-11-26T00:30:03Z,2025-11-26T00:05:26Z
autonomousapps/dependency-analysis-gradle-plugin,19685827759,112234307,Test,push,6c1f78a070c3885a862833e0fde5d877914762f0,1,success,sucesso,2025-11-25T22:20:23Z,2025-11-25T22:44:06Z,2025-11-25T22:20:23Z
autonomousapps/dependency-analysis-gradle-plugin,19582120988,112234307,Test,push,c0da95848e44993cbb43bee9140e34f8ab105104,1,success,sucesso,2025-11-21T20:05:16Z,2025-11-21T20:29:51Z,2025-11-21T20:05:16Z
autonomousapps/dependency-analysis-gradle-plugin,19552674616,112234307,Test,push,20647a3b6b4f5368811f997531626c9ab7456d36,1,success,sucesso,2025-11-20T22:01:01Z,2025-11-20T22:29:53Z,2025-11-20T22:01:01Z
autonomousapps/dependency-analysis-gradle-plugin,19521054563,112234307,Test,push,d1581299d0b0dfdd6bfde8952c533d3bf3ad610f,1,success,sucesso,2025-11-20T00:31:47Z,2025-11-20T00:57:42Z,2025-11-20T00:31:47Z
autonomousapps/dependency-analysis-gradle-plugin,19515339482,112234307,Test,push,5735340bfc9798e756d3e8c9f32bb7ce427c0645,1,success,sucesso,2025-11-19T20:24:57Z,2025-11-19T20:50:29Z,2025-11-19T20:24:57Z
autonomousapps/dependency-analysis-gradle-plugin,19455586698,112234307,Test,push,f20e9e0769ae85ea99d9982c201aa861e233512d,1,success,sucesso,2025-11-18T05:44:45Z,2025-11-18T06:10:56Z,2025-11-18T05:44:45Z
autonomousapps/dependency-analysis-gradle-plugin,19446229014,112234307,Test,push,b68d79dcbe3138b85e39e892aef1ca630a76d1a7,1,success,sucesso,2025-11-17T22:08:50Z,2025-11-17T22:35:39Z,2025-11-17T22:08:50Z
autonomousapps/dependency-analysis-gradle-plugin,19317578699,112234307,Test,push,8c794df97db2a9559bbf16970b7edef3a1d33d2d,1,success,sucesso,2025-11-13T01:35:13Z,2025-11-13T01:59:54Z,2025-11-13T01:35:13Z
autonomousapps/dependency-analysis-gradle-plugin,19280757395,112234307,Test,push,6e4039e67c0164b178f1ba84928a1fd56e15b176,1,success,sucesso,2025-11-11T22:56:06Z,2025-11-11T23:20:10Z,2025-11-11T22:56:06Z
autonomousapps/dependency-analysis-gradle-plugin,19250683553,112234307,Test,push,41aaac45c9285f2e8817618e7fb7003d9ca7f459,1,success,sucesso,2025-11-11T00:28:25Z,2025-11-11T00:58:33Z,2025-11-11T00:28:25Z
autonomousapps/dependency-analysis-gradle-plugin,18955322867,112234307,Test,push,c2339dc1afd76d40e2d786fd7909a98632e8edcb,1,success,sucesso,2025-10-30T21:18:29Z,2025-10-30T21:23:32Z,2025-10-30T21:18:29Z
autonomousapps/dependency-analysis-gradle-plugin,18921621654,112234307,Test,push,26bbb997b011100ab51a480c3d2979489a900b9f,1,success,sucesso,2025-10-29T20:46:12Z,2025-10-29T21:16:56Z,2025-10-29T20:46:12Z
autonomousapps/dependency-analysis-gradle-plugin,18890761080,112234307,Test,push,22a08bffcea0cc868def051458fc8bfe04d027c0,1,success,sucesso,2025-10-28T22:15:44Z,2025-10-28T22:46:12Z,2025-10-28T22:15:44Z
autonomousapps/dependency-analysis-gradle-plugin,18890669659,112234307,Test,push,d0ee60216f5f1652584b57731524a9d8faf5ca7a,1,cancelled,ignorado,2025-10-28T22:11:46Z,2025-10-28T22:16:03Z,2025-10-28T22:11:46Z
autonomousapps/dependency-analysis-gradle-plugin,18889597186,112234307,Test,push,72d287cad1372c86221755c532b7e7d4384be3bc,1,success,sucesso,2025-10-28T21:22:12Z,2025-10-28T21:56:08Z,2025-10-28T21:22:12Z
autonomousapps/dependency-analysis-gradle-plugin,18886638796,112234307,Test,push,cf1a873e094caecca622a6d712ba05367f1e4a5f,1,success,sucesso,2025-10-28T19:20:04Z,2025-10-28T19:49:08Z,2025-10-28T19:20:04Z
autonomousapps/dependency-analysis-gradle-plugin,18762586422,112234307,Test,push,901f8825f8d3493822b95702d6806eb95989eb5a,1,success,sucesso,2025-10-23T21:31:06Z,2025-10-23T22:00:22Z,2025-10-23T21:31:06Z
autonomousapps/dependency-analysis-gradle-plugin,18757633711,112234307,Test,push,a2554a290a2438475ff480524313f0cfff98283b,1,success,sucesso,2025-10-23T18:06:03Z,2025-10-23T18:13:54Z,2025-10-23T18:06:03Z
autonomousapps/dependency-analysis-gradle-plugin,18736886834,112234307,Test,push,c50ef63c8a46a2500adc0e728166945332738994,1,success,sucesso,2025-10-23T03:46:02Z,2025-10-23T04:13:35Z,2025-10-23T03:46:02Z
autonomousapps/dependency-analysis-gradle-plugin,18736388330,112234307,Test,push,261da37d655a2c674e3f1664a959aac900fc5334,1,success,sucesso,2025-10-23T03:15:09Z,2025-10-23T03:44:21Z,2025-10-23T03:15:09Z
autonomousapps/dependency-analysis-gradle-plugin,18704429676,112234307,Test,push,1336904006fa4ca64a1088154b1ae503bb017f7f,1,success,sucesso,2025-10-22T03:28:22Z,2025-10-22T03:55:52Z,2025-10-22T03:28:22Z
autonomousapps/dependency-analysis-gradle-plugin,18696484417,112234307,Test,push,958c0c8d2371d3c08865adad227cf83cc12b019f,1,success,sucesso,2025-10-21T20:18:11Z,2025-10-21T21:01:29Z,2025-10-21T20:18:11Z
autonomousapps/dependency-analysis-gradle-plugin,18696149671,112234307,Test,push,9f7c2b0636029535b1e31dad44c9f4d9f2795ec0,1,cancelled,ignorado,2025-10-21T20:04:34Z,2025-10-21T20:18:12Z,2025-10-21T20:04:34Z
autonomousapps/dependency-analysis-gradle-plugin,18696122014,112234307,Test,push,0d512de3fce404ea920ebdf23dce0c812fc93dca,1,cancelled,ignorado,2025-10-21T20:03:29Z,2025-10-21T20:04:35Z,2025-10-21T20:03:29Z
autonomousapps/dependency-analysis-gradle-plugin,18696016615,112234307,Test,push,5fdaa2d0834ed5614975dfef9b54e3edebb350a2,1,cancelled,ignorado,2025-10-21T19:59:08Z,2025-10-21T20:03:30Z,2025-10-21T19:59:08Z
autonomousapps/dependency-analysis-gradle-plugin,18696007325,112234307,Test,push,1e4220ab43374ed645fbb35aab9595aae3165db8,1,cancelled,ignorado,2025-10-21T19:58:38Z,2025-10-21T20:30:07Z,2025-10-21T19:58:38Z
autonomousapps/dependency-analysis-gradle-plugin,18695997903,112234307,Test,push,574fdad18cbf61d5f47498225295f69f567a8b50,1,cancelled,ignorado,2025-10-21T19:58:11Z,2025-10-21T19:58:53Z,2025-10-21T19:58:11Z
autonomousapps/dependency-analysis-gradle-plugin,18635909416,112234307,Test,push,293cd174fea143a9c26adde27d277ddcdc303e5e,1,success,sucesso,2025-10-19T20:48:52Z,2025-10-19T20:55:20Z,2025-10-19T20:48:52Z
autonomousapps/dependency-analysis-gradle-plugin,18601510278,112234307,Test,push,2590f2b4867e846f847efcb14a62334ed47b86c8,1,success,sucesso,2025-10-17T18:27:59Z,2025-10-17T18:55:24Z,2025-10-17T18:27:59Z
autonomousapps/dependency-analysis-gradle-plugin,18420627134,112234307,Test,push,c338332d16e741948f4d28ccac2a3684c751e7f0,1,success,sucesso,2025-10-10T23:17:59Z,2025-10-10T23:42:55Z,2025-10-10T23:17:59Z
autonomousapps/dependency-analysis-gradle-plugin,18357191827,112234307,Test,push,557bc4f63ab1bf6bf9a6fd443ceba0cb826dfc23,1,success,sucesso,2025-10-08T20:27:46Z,2025-10-08T20:56:51Z,2025-10-08T20:27:46Z
autonomousapps/dependency-analysis-gradle-plugin,18357078013,112234307,Test,push,b5cb438a9e5cdb875f3459caf05c3255df2b6a81,1,cancelled,ignorado,2025-10-08T20:23:12Z,2025-10-08T20:27:56Z,2025-10-08T20:23:12Z
autonomousapps/dependency-analysis-gradle-plugin,18293940046,112234307,Test,push,ebf5cf243e88c464a9ba1fda904ffb78b61e3e62,1,success,sucesso,2025-10-06T20:44:11Z,2025-10-06T21:18:22Z,2025-10-06T20:44:11Z
