repo,tag,sha,data_commit
SciML/NeuralPDE.jl,v0.0.1,b1c49a1515dcb32b4421a411b6ec9b3d2587f2f4,2019-06-19T03:19:04Z
SciML/NeuralPDE.jl,v0.1.0,5478224c6aff895a366a5e1de08114480d32c479,2019-07-17T05:30:45Z
SciML/NeuralPDE.jl,v1.0.0,b9854f53cb2d5f3536b33b1c3c4bc65f45ae3e2c,2019-08-08T11:33:27Z
SciML/NeuralPDE.jl,v1.0.1,7e40a4e333316ba1675fed0f8759e07e80a39702,2019-08-23T13:52:40Z
SciML/NeuralPDE.jl,v1.0.2,3d905167616c817615aae706a93c09c104dd5d0e,2019-12-14T10:32:33Z
SciML/NeuralPDE.jl,v1.1.0,3f64ec2df02d963e86f93c51ac43244ac966801c,2019-12-14T11:08:10Z
SciML/NeuralPDE.jl,v1.2.0,73f909d68206314407a52060ba5e08e165b87d07,2020-02-07T02:39:45Z
SciML/NeuralPDE.jl,v1.3.0,a89cc257938ee88d822c72dbdeff12c871fda627,2020-03-05T16:42:15Z
SciML/NeuralPDE.jl,v1.4.0,171d48d101e544a5c10362ef3e716992af9b085b,2020-03-06T00:18:04Z
SciML/NeuralPDE.jl,v1.5.0,56797e75c7961d23653ce4ba146ea79b93bd7295,2020-05-28T18:41:20Z
SciML/NeuralPDE.jl,v1.6.0,c4f35b0c5e462a30e40af7305500aa8ecba7e1b8,2020-06-20T03:59:07Z
SciML/NeuralPDE.jl,v2.0.0,be39fd0c0850a9186a0c1b70b1d3665a8b3fb210,2020-07-23T12:41:23Z
SciML/NeuralPDE.jl,v2.1.0,b1d06c79c8408ad0023a1d47422fbd620b464e43,2020-08-13T09:23:24Z
SciML/NeuralPDE.jl,v2.2.0,a04e1b9d2a033bdc061803bb9eb4c62ab523e6ee,2020-09-05T17:02:58Z
SciML/NeuralPDE.jl,v2.3.0,f2ae02c4fd099cfb7e2817ae00153a8526205f8c,2020-09-07T01:58:56Z
SciML/NeuralPDE.jl,v2.4.0,76d397ae19d67e2dfd3aa73e045a8ce09c10af55,2020-10-03T20:16:23Z
SciML/NeuralPDE.jl,v2.4.1,3f8ab11d500d4735b4d1cef6f8c5b522508c89aa,2020-10-04T10:37:15Z
SciML/NeuralPDE.jl,v2.5.0,032b3bb3e69aeed7401e7dbd5a17ef95806d2d28,2020-10-07T15:20:48Z
SciML/NeuralPDE.jl,v2.6.0,b250cdb7fa2987993d205303786d19612a81164b,2020-11-21T20:06:42Z
SciML/NeuralPDE.jl,v2.7.0,9d02ff080332e03f0ddfea33083ffded73130bfe,2020-11-27T08:50:53Z
SciML/NeuralPDE.jl,v3.0.0,e354fe6dc67c4fd5cda7a86600416ace968b1685,2020-12-09T15:15:35Z
SciML/NeuralPDE.jl,v3.1.0,37146165423afdf01d50c6feabaf5de381f50144,2020-12-12T16:08:08Z
SciML/NeuralPDE.jl,v3.2.0,9187689c7faf11b6eb54d96258cce0139e8a6646,2020-12-21T12:53:59Z
SciML/NeuralPDE.jl,v3.3.0,808f1d79a27ae41b7c9de0190a241e74b5ad25fe,2021-01-04T13:06:19Z
SciML/NeuralPDE.jl,v3.4.0,d88221165d6f1905e1cb564135880ffba40a3a2b,2021-01-05T21:54:00Z
SciML/NeuralPDE.jl,v3.5.0,7b7b6ae6fa4ff93512a50090a5e02e75a4f75eb9,2021-01-19T09:39:01Z
SciML/NeuralPDE.jl,v3.6.0,4687d63e4aaaecc6053cef5f581f6cd88bdf2cbd,2021-02-05T18:29:39Z
SciML/NeuralPDE.jl,v3.7.0,4641d92d4fec61f74572e4ded58e51b16d6560b5,2021-02-07T01:50:11Z
SciML/NeuralPDE.jl,v3.7.1,078d33b666a99091c5bd3b47ac79780826a27e1d,2021-02-17T15:46:21Z
SciML/NeuralPDE.jl,v3.8.0,7f91e837369a58cf66ff88e069b110d02039d6e1,2021-02-21T23:49:47Z
SciML/NeuralPDE.jl,v3.8.1,c49b1ed7cf04374c14c3231ebb9e67a9e13ec39b,2021-03-16T11:58:08Z
SciML/NeuralPDE.jl,v3.8.2,e915d3628bcb89d01dfa18f4d8075786eb5af16d,2021-03-18T10:47:32Z
SciML/NeuralPDE.jl,v3.9.0,d2d02185999e11a3d6b20566528f5250ac3d6a39,2021-03-27T14:15:07Z
SciML/NeuralPDE.jl,v3.10.0,fbc7c6bd949fdd86c1c6590dfb48c8072172bffa,2021-04-01T11:21:45Z
SciML/NeuralPDE.jl,v3.10.1,a26e0ddbc1dac7e896cb4d0bd234bc4e1b1bf79e,2021-04-13T21:33:05Z
SciML/NeuralPDE.jl,v3.11.0,48c717bd9c5194e2bccff132b901e34f15905e06,2021-05-28T17:34:49Z
SciML/NeuralPDE.jl,v3.11.1,f910989631f3aa8ed322db867c7e74cd4208be35,2021-06-01T20:10:36Z
SciML/NeuralPDE.jl,v3.12.0,88651feefb023e2ceeda132549546fee0d2e0b58,2021-06-09T23:19:43Z
SciML/NeuralPDE.jl,v3.13.0,27c1a5b828cbb5be4104e475b8a8ff1728fe60e1,2021-06-11T10:35:34Z
SciML/NeuralPDE.jl,v3.14.0,b8b471495eb1e81b01f392219bc3f0abe2bf62e8,2021-06-26T18:36:01Z
SciML/NeuralPDE.jl,v3.15.0,b67a58b3486d12f12e5469e8d2d4214b5b839fd6,2021-07-25T16:43:20Z
SciML/NeuralPDE.jl,v4.0.0,af7949a28f09ce842d96f915707f84a80a943d36,2021-09-02T14:34:37Z
SciML/NeuralPDE.jl,v4.0.1,ab09aecff69c1f2915e4673b4b1a4b0994eeacdc,2021-10-31T14:56:58Z
SciML/NeuralPDE.jl,v4.1.0,b7a8823bc3cea227fbac58d4447f66f536e9a1f2,2021-12-04T13:26:12Z
SciML/NeuralPDE.jl,v4.2.0,dd03d085c4413ea6fc9e84d677b8c6d6543ee08d,2021-12-23T11:02:09Z
SciML/NeuralPDE.jl,v4.3.0,fac261c4b5af5899220fa4f0a24bdc2301dd9701,2022-01-05T13:34:27Z
SciML/NeuralPDE.jl,v4.4.0,9608b2eb1bdfdc4c7a0bdab7c86ace3c668d10e7,2022-01-10T08:22:10Z
SciML/NeuralPDE.jl,v4.5.0,6d90e1a94f119f08fbafd9577498009cf94c738b,2022-03-04T16:22:00Z
SciML/NeuralPDE.jl,v4.5.1,40619e632b06fce6660c6c6e8ffc99eddfe05376,2022-03-06T18:10:03Z
SciML/NeuralPDE.jl,v4.6.0,2ce5e80b35545818a623597e3d34ce3bb2bde0da,2022-03-23T20:12:31Z
SciML/NeuralPDE.jl,v4.7.0,391849d3bb92d433a7b9a72943a916594ece385c,2022-05-09T10:09:33Z
SciML/NeuralPDE.jl,v4.8.0,474ef28efb8b9b7681e8e07d4dc69d7f09fca56c,2022-05-20T10:33:16Z
SciML/NeuralPDE.jl,v4.9.0,f8135017a7db026a4d22dd38f3c01f26410452f0,2022-05-22T02:24:43Z
SciML/NeuralPDE.jl,v4.10.0,ea554ce949d561d1726b8e911e3b0788a8f6ca13,2022-05-31T05:19:24Z
SciML/NeuralPDE.jl,v4.10.1,5d3ee90eab4216f0ce6c41a31749d02d96e3b36e,2022-06-02T12:46:59Z
SciML/NeuralPDE.jl,v4.11.0,72053af7aac6961426f6284fb65b9f9c8242f161,2022-06-04T05:11:09Z
SciML/NeuralPDE.jl,v5.0.0,88d076b6aa3366aa73d9ee0ef274911555aa0593,2022-07-05T03:10:08Z
SciML/NeuralPDE.jl,v5.1.0,c8baeeca10235b8e93ee8559cbde41944aaccb14,2022-08-15T04:59:01Z
SciML/NeuralPDE.jl,v5.1.1,d41008e60c39aa0f7b1ce00750d388ee54637dad,2022-08-17T07:22:28Z
SciML/NeuralPDE.jl,v5.2.0,9ca1ddae06e25d01314547a3c079e300c80f484a,2022-08-18T05:24:36Z
SciML/NeuralPDE.jl,v5.3.0,464692fdbb202dae2b602242c67c47e3f976290a,2022-09-24T17:39:24Z
SciML/NeuralPDE.jl,v5.4.0,e7f36c61ef19e9718f6ab3186de0f25472db2b8c,2023-02-18T15:56:29Z
SciML/NeuralPDE.jl,v5.5.0,b907c8c7aa4c8e0f16bd5d9ac62249ff94770cd9,2023-03-27T17:32:50Z
SciML/NeuralPDE.jl,v5.6.0,b38a74615b4eb5ca6d75c580a20e9d852e7d942b,2023-03-30T21:12:19Z
SciML/NeuralPDE.jl,v5.6.1,696ed871adf8d00f7ee7bbf58bc75c1b1dd9b5c1,2023-04-01T16:29:59Z
SciML/NeuralPDE.jl,v5.7.0,c52c7d55d6fe00a78c95c4adb3ea5724c4adefa3,2023-05-28T14:20:55Z
SciML/NeuralPDE.jl,v5.8.0,12f9a8ec47bdcbdb5677f5eaff65f97fdee96205,2023-08-05T20:05:43Z
SciML/NeuralPDE.jl,v5.9.0,b8a03aa1e129850542d5936f2e0f61ed916a636b,2023-09-22T03:03:53Z
SciML/NeuralPDE.jl,v5.10.0,4229d0bddd914b76fad07d22174998f6c2005589,2024-01-22T09:18:08Z
SciML/NeuralPDE.jl,v5.11.0,e9a11cf12e4b2282512cae5780a74c8d2e532f5f,2024-02-11T08:38:43Z
SciML/NeuralPDE.jl,v5.12.0,b0edebb79088f3ea07236b19446d9dbf14c38901,2024-02-18T12:39:10Z
SciML/NeuralPDE.jl,v5.13.0,b861b051088417141e6a562aad82f684651f906a,2024-03-06T09:57:22Z
SciML/NeuralPDE.jl,v5.14.0,2daf59b4ee0c767f6e2bd9c4caf6743b2c824718,2024-03-14T15:41:51Z
SciML/NeuralPDE.jl,v5.15.0,86ab97c70db483b9ce7bfaa9097c39e63ee592fb,2024-03-29T13:26:17Z
SciML/NeuralPDE.jl,v5.16.0,6a555d583a38cc15cc6f7adbb89e17d2d56d19ab,2024-04-07T13:05:08Z
SciML/NeuralPDE.jl,v5.17.0,c4330a7c3f5c9f444fcfc7adee55e19cd2a09e19,2024-10-18T01:27:08Z
SciML/NeuralPDE.jl,v5.18.0,7853321db102336cab9cdd4c2c73a93cbd630123,2025-03-06T04:28:44Z
SciML/NeuralPDE.jl,v5.18.1,9bdfeee31f109eb8ea880d713879d48ba1de986c,2025-03-14T05:54:31Z
SciML/NeuralPDE.jl,v5.19.0,df39a57b89e068966e25e8fc409bd46ba8fcce12,2025-07-14T22:28:19Z
SciML/NeuralPDE.jl,v5.19.1,ccd50cb64b0a8cd9001367d0297666411385fed7,2025-07-17T16:12:03Z
SciML/NeuralPDE.jl,v5.20.0,ce1e0beb6af17719810dd7bf5ddbd344c4531fd2,2025-07-21T00:09:09Z
SciML/NeuralPDE.jl,v5.21.0,d30efc6f4b062f811786ba5d4d1431becc9b25f6,2026-02-02T05:33:06Z
SciML/NeuralPDE.jl,v5.22.0,cceb998ff0517b51a7ba84a2b03bf5c620786747,2026-02-25T13:41:26Z
SciML/NeuralPDE.jl,v5.23.0,c7ef7bf7f2e8dabd6bd382a9f893540b7f9499fa,2026-03-23T14:36:44Z
SciML/NeuralPDE.jl,v5.24.0,5381b0126d57f39c63b4d7db34c6b5f50dc56284,2026-04-06T13:33:09Z
SciML/NeuralPDE.jl,v5.25.0,324f055eaa3e39e1ac58d4dcd377b67cab0dab0a,2026-04-27T11:35:39Z
SciML/NeuralPDE.jl,v6.0.0,c7e3256cc90e17738a9ffdec7f06b309ae29c0e7,2026-05-08T18:04:43Z
SciML/NeuralPDE.jl,v6.1.0,d981166199966f1d60185e3ad6813a1778f5d1b1,2026-06-23T01:22:24Z
SciML/NeuralPDE.jl,v6.1.1,202cb0da76d741a291e5ab1cf07ef5d0c48d0d3a,2026-06-26T21:33:04Z
SciML/NeuralPDE.jl,v6.1.2,bfcbae6ab850b6e785e33d7972cbba787eac97e9,2026-07-09T12:50:43Z
SciML/NeuralPDE.jl,v6.1.3,65fbf5da62de445ed301374fd948c61d23133085,2026-07-13T01:54:38Z
SciML/NeuralPDE.jl,v6.2.0,da44ff18bc5c6c38f0df63a7959fd0dfb75e522b,2026-07-31T01:50:52Z
SciML/NeuralPDE.jl,v6.2.1,bac74b6fe9dac88cc3248bb3dc730048291fb647,2026-08-05T05:03:34Z
SciML/NeuralPDE.jl,v6.2.2,18b332595f1a6091ce56c69cf0dab514c8a462ce,2026-08-18T02:59:42Z
SciML/NeuralPDE.jl,v6.2.3,635ba39298dc9aa065849e9818c558c9f5302eed,2026-08-26T19:41:01Z
SciML/NeuralPDE.jl,v6.2.4,b260492f2652bd2cd4d3702fc78bc4c73f9a027f,2026-08-30T13:03:19Z
SciML/NeuralPDE.jl,v6.2.5,b37b171910a588efe230c0a9ef9c048d6e32eaed,2026-08-31T13:05:13Z
SciML/NeuralPDE.jl,v6.3.0,108eb283db9e1184567f0f3f32a06c8d47a7a22b,2026-09-06T00:49:54Z
SciML/NeuralPDE.jl,v6.3.1,c03770e6fc74ee14c977865d38a42321cca13cbf,2026-09-07T07:34:22Z
SciML/NeuralPDE.jl,v6.3.2,038feb920b010b3f2854c51d02e5577970f944bc,2026-09-10T10:49:08Z
SciML/NeuralPDE.jl,v6.4.0,beb5efa0802431b63ff603e53780df014f23fb86,2026-09-12T15:35:04Z
SciML/NeuralPDE.jl,v6.4.1,4c04d8817de69856f0921994fedbbe8a327f8a3a,2026-09-13T15:51:44Z
SciML/NeuralPDE.jl,v7.0.0,c7acdc17a1f7005e5b3386db79a99d3281e52c5f,2026-09-14T04:28:59Z
SciML/NeuralPDE.jl,v7.1.0,ec2f76a745233940d58241e643f12786942a585b,2026-09-17T05:19:51Z
SciML/NeuralPDE.jl,v7.2.0,7ef767241d1790df989eff149480df813ea92dc7,2026-09-23T08:49:23Z
SciML/NeuralPDE.jl,v7.3.0,0e127da9284d559a502609edce280091443c499c,2026-09-23T23:14:36Z
SciML/NeuralPDE.jl,v7.3.1,65d3f2ff413c483a31aa759967a826430fdc77ef,2026-09-29T13:29:32Z
goodroot/hyprwhspr,v1.11.4,02b434b4b23a53f8cfe10df34361d21652b54f42,2025-12-22T04:44:04Z
goodroot/hyprwhspr,v1.12.0,ae0853ee7b73a729a2e2b486831c1ad5835828fd,2025-12-26T02:06:14Z
goodroot/hyprwhspr,v1.13.0,aac58836c306f39b8e04fcf2714a44894d947867,2026-01-02T01:12:58Z
goodroot/hyprwhspr,v1.14.0,c7dd843b38ed74bb83f5f2ff747a5ac515a2c22d,2026-01-04T05:04:54Z
goodroot/hyprwhspr,v1.14.1,233a7dbbd20b03b225d014544c01ac82b265e045,2026-01-05T04:42:08Z
goodroot/hyprwhspr,v1.15.0,e28990752606d245e075502c0c5df02f60fd2b1b,2026-01-06T16:01:15Z
goodroot/hyprwhspr,v1.15.1,e285d7d3afb79bc47dde42d23987e38217b2d4d9,2026-01-07T20:09:55Z
goodroot/hyprwhspr,v1.16.0,95cccd3f93cb82d6d4caa1d632010d5ed7f404bf,2026-01-10T00:18:04Z
goodroot/hyprwhspr,v1.17.0,43b63015995505f6cda8913d0695a09dc540d75d,2026-01-11T00:50:00Z
goodroot/hyprwhspr,v1.17.1,18ac135d9530e3628f5717d30b3cbfe2dfe19be3,2026-01-12T18:03:50Z
goodroot/hyprwhspr,v1.17.2,fce711ab15fc478b983373cde5e51471f2725de9,2026-01-13T02:34:44Z
goodroot/hyprwhspr,v1.18.0,86d0f167d1466919fff6f222b381fed8e25df383,2026-01-14T17:37:33Z
goodroot/hyprwhspr,v1.18.1,3ac5fc1ef0eebaedbfd436cc602213917f06bcfa,2026-01-15T20:41:05Z
goodroot/hyprwhspr,v1.18.2,b550a8e0c71ca57668ca709ba33f7ec868c09fc8,2026-01-15T20:48:49Z
goodroot/hyprwhspr,v1.18.3,a920be4f1392e3b8c9f28dbf7faea72a89e53c32,2026-01-17T06:16:29Z
goodroot/hyprwhspr,v1.18.4,4518faa7234204defadc5fad06d1b150bf69fdc9,2026-01-17T19:09:55Z
goodroot/hyprwhspr,v1.18.5,05a9aa40770f4f25a34c92cd2a984ccc0fbceee0,2026-01-19T19:32:37Z
goodroot/hyprwhspr,v1.18.6,cd86749d264575bb24688067550203995bb64f6b,2026-01-19T20:06:52Z
goodroot/hyprwhspr,v1.18.7,4d9bbc0e76481b3756306f454bab0430324ae2b2,2026-01-26T18:32:26Z
goodroot/hyprwhspr,v1.18.8,fbe049ac6535b6e1b2bac7429832ec86e93f1544,2026-01-26T22:53:09Z
goodroot/hyprwhspr,v1.18.9,18c8d941a690635a6b2d896f879e556d97fa5ddc,2026-01-27T17:15:47Z
goodroot/hyprwhspr,v1.18.10,824d56fceaf1fb00d38fd86ca3e84ee05e824eb8,2026-02-02T16:00:54Z
goodroot/hyprwhspr,v1.18.11,75b49aa9f9aeced0bc1d1df257cfda1df9a6fb56,2026-02-04T16:24:00Z
goodroot/hyprwhspr,v1.18.12,ddecdf67c85ccd49f4f90ca301fd8ee0d20775fb,2026-02-04T19:27:13Z
goodroot/hyprwhspr,v1.18.13,f6cdfec43babdc6c5f490b8fb12aa09ede56729c,2026-02-05T15:21:43Z
goodroot/hyprwhspr,v1.18.14,4284ea838013f991a75e4d1f20f2db7ccf673d01,2026-02-06T02:59:14Z
goodroot/hyprwhspr,v1.18.15,9896f773d128b9ffa8a1f259636ddb2778301ad6,2026-02-06T20:20:37Z
goodroot/hyprwhspr,v1.18.16,b19cff0c231bd9fb7293739769495130c6006879,2026-02-10T04:12:49Z
goodroot/hyprwhspr,v1.19.0,79616ae3e16f53e207acdccdf211f3be988fe066,2026-02-21T21:38:30Z
goodroot/hyprwhspr,v1.20.0,47c33b0879e694df845c020ad26f6c5fb49f2030,2026-03-08T23:20:04Z
goodroot/hyprwhspr,v1.21.0,7fd035637283a3e56aa82184472d1dffc4f96ac4,2026-03-12T16:15:59Z
goodroot/hyprwhspr,v1.22.0,12e03909262d7a8ebb8ef692759e139c66bcd345,2026-03-17T17:41:40Z
goodroot/hyprwhspr,v1.22.1,65c474994e18a26b7ff3464212be448117caa675,2026-03-19T17:27:26Z
goodroot/hyprwhspr,v1.23.0,bad501649ee484bad936d74e0d70e94ecc9066fa,2026-03-20T18:50:47Z
goodroot/hyprwhspr,v1.23.1,da8e179f07262e343aa15163f30b14d5fbae9499,2026-03-22T20:02:25Z
goodroot/hyprwhspr,v1.24.0,dda8601dd2782a2f834938be709e5628797354ed,2026-03-25T18:26:03Z
goodroot/hyprwhspr,v1.25.0,0e9e9a7bef9b57056529789d5876974b7baa9e63,2026-03-27T21:26:20Z
goodroot/hyprwhspr,v1.25.1,bf45c79d13ecdc6e6961c12eac1735598a1e7a25,2026-03-31T16:50:42Z
goodroot/hyprwhspr,v1.25.2,5367613873b61eafe865c6202073a82ba5e0f531,2026-04-02T02:58:16Z
goodroot/hyprwhspr,v1.26.0,4d69de53cf7983ffcb3aaea4ed515a53e79a8099,2026-04-09T02:42:44Z
goodroot/hyprwhspr,v1.26.1,bbb448dbc41b78a3c4189073f84078c7943c492d,2026-04-11T16:14:02Z
goodroot/hyprwhspr,v1.27.0,7a8f4382a25a6cbc98bae6caa07bd90ae9f833d6,2026-04-17T16:24:39Z
goodroot/hyprwhspr,v1.28.0,4e3df60ab589fbbef06fd1ea5a7bd8f0b53411a3,2026-04-22T15:37:18Z
goodroot/hyprwhspr,v1.29.0,82834c5ee4f7f054fc813aa324c74bd6a09993ed,2026-04-29T14:36:56Z
goodroot/hyprwhspr,v1.29.1,1bd498a542756262009621bea3f3516cbed5e358,2026-05-02T20:47:10Z
goodroot/hyprwhspr,v1.29.3,606b1306d54c57cf3f0e4242ff3381a298aafeaf,2026-05-04T16:04:01Z
goodroot/hyprwhspr,v1.29.4,a6f1e75b0b546719d3bff99a3ee51a9403e30b60,2026-05-13T19:50:27Z
goodroot/hyprwhspr,v1.30.0,3b52ae4088d32de4e48658581abf4b7f3350972e,2026-05-22T18:11:54Z
goodroot/hyprwhspr,v1.30.1,e53ecf405c9bf7ee09fc5ee7e2f8496d0fae8a97,2026-05-24T22:15:39Z
goodroot/hyprwhspr,v1.31.0,71ec3c930d260c39c73b4982ff169e533337892d,2026-05-28T00:30:26Z
goodroot/hyprwhspr,v1.32.0,902a705fb9cd090889f77c0feb074cad39eaf1e4,2026-05-31T23:39:58Z
goodroot/hyprwhspr,v1.32.1,7ec16beb9c9a32411af1ccb00ed1e550698993fa,2026-06-15T16:17:28Z
goodroot/hyprwhspr,v1.33.0,ca5aad0d265263462d88d3525b6823015c18877c,2026-06-19T16:49:00Z
goodroot/hyprwhspr,v1.34.0,7b8c5df1fe4ab0d35bc35fb829f4a35a4c26fbb3,2026-06-24T03:35:14Z
goodroot/hyprwhspr,v1.34.1,98841e97987525cfc10ad7ecac258db5aab724b3,2026-06-24T17:54:53Z
goodroot/hyprwhspr,v1.34.2,79f40df4056c234e5847d47a61f812e03d51a2cc,2026-07-01T03:17:30Z
goodroot/hyprwhspr,v1.35.0,8059cfa494fd1e292d20ecffdea13e7fb4e89f83,2026-07-05T02:16:28Z
goodroot/hyprwhspr,v1.36.0,bca656b8c2735db312433ee1bc4b41d5e7c39d17,2026-07-08T02:44:27Z
goodroot/hyprwhspr,v1.36.1,0dd768bddebd515f1fa99bf8276bbaa598461e29,2026-07-08T16:59:35Z
goodroot/hyprwhspr,v1.37.0,55c90bf5ea27e0ef019c672f72ed8790935cfaea,2026-07-14T01:16:01Z
goodroot/hyprwhspr,v1.37.1,705006b8a626870a232ac77265625e20392a9c50,2026-07-18T03:57:38Z
goodroot/hyprwhspr,v1.38.0,38cd8ed3f466a04160b10364c19950c16cdcc97f,2026-07-19T02:09:14Z
goodroot/hyprwhspr,v1.38.1,820ba0ff6526d210db577b22f01f40af94d5059e,2026-07-19T15:23:41Z
goodroot/hyprwhspr,v1.38.2,94bf424a9fb536bc846f36698a1cded36c419cbc,2026-07-19T19:26:12Z
goodroot/hyprwhspr,v1.39.0,d38bacf496ac190c2f2f0ada4a00a93b52d550b5,2026-07-22T13:46:31Z
goodroot/hyprwhspr,v1.40.0,e43248dff81b831ea06ec82628516804a00e98fd,2026-08-01T17:56:45Z
goodroot/hyprwhspr,v1.41.0,526486e4f8ed6334487fd7dca777629a2ad3ff79,2026-08-05T02:07:56Z
goodroot/hyprwhspr,v1.42.0,b186c7408a49e2f72610864ba289b1baa3b343ba,2026-08-13T15:53:38Z
goodroot/hyprwhspr,v1.42.1,b03aee7c96e55ab884c82301d30fad011d9991c2,2026-08-20T15:51:04Z
goodroot/hyprwhspr,v1.42.2,74bfe8668df29e76454b3e13fa1499136512a805,2026-08-21T18:04:48Z
goodroot/hyprwhspr,v1.42.3,d863a21c362bf233d7051417c4d89e6cd2e8d5d2,2026-08-26T17:23:58Z
goodroot/hyprwhspr,v1.43.0,f027876a2e2f4f37e18c2d2143d155a20fdedbb6,2026-08-31T16:46:27Z
goodroot/hyprwhspr,v1.44.0,2304b455b618e7144e83fcc4f2641300ca7cae01,2026-09-11T20:25:14Z
goodroot/hyprwhspr,v1.45.0,7b5b63493ab2c6a69e57f5c3b12a5e9a2b6797f6,2026-09-13T16:41:36Z
goodroot/hyprwhspr,v1.45.1,0e3d4bc03c06a5c377e709d6680c80b61ab57781,2026-09-15T17:20:57Z
goodroot/hyprwhspr,v1.45.2,f1d88cb12e5e2faf1e111054626bf9c571905d27,2026-09-16T15:24:18Z
goodroot/hyprwhspr,v1.46.0,d0fd8a31f178b7e02847cb20d7703be0463f4811,2026-09-29T19:55:52Z
goodroot/hyprwhspr,v1.46.1,5cedaed36b4a356043a15a3ff56399299cc1b4af,2026-09-30T17:26:20Z
goodroot/hyprwhspr,v1.47.0,c156ebf5986c30146ab37e2e097cd6b542a3ded4,2026-10-01T19:50:34Z
goodroot/hyprwhspr,v1.48.0,d2502e630dc2b3d15f6f15fa9b083fc573882bc6,2026-10-07T17:26:53Z
goodroot/hyprwhspr,wheels-v1,8c3e399cb7e8a546e4853b43c84b9820897998f1,2026-01-14T17:08:42Z
goodroot/hyprwhspr,wheels-v2,79f40df4056c234e5847d47a61f812e03d51a2cc,2026-07-01T03:17:30Z
dotnet/ClangSharp,v3.6.0,1fe6bc79502c427d093f58660fb4fe91f39d8652,2015-02-19T05:19:58Z
dotnet/ClangSharp,v3.8.0,ba2cba36102062282dac6a32de085ded69357393,2016-07-10T02:31:12Z
dotnet/ClangSharp,v8.0.0-beta,57c618b2ca511a99394dc99556eb4fa3129aefaf,2019-08-10T14:36:24Z
dotnet/ClangSharp,v9.0.0-beta,8f12bf1826fc99058a56866f666dd9722ed68b9e,2020-01-31T17:31:05Z
dotnet/ClangSharp,v10.0.0-beta,2126c1f2a407e29fe90be5e603da861c3932c34f,2020-04-16T21:37:15Z
dotnet/ClangSharp,v11.0.0-beta1,75feb778417288035b37b2760d95e4539b971d72,2021-02-11T17:57:00Z
dotnet/ClangSharp,v11.0.0-beta2,236f7c3a607907cc2fbb4685cccda7eb6f49cd88,2021-02-12T08:42:29Z
dotnet/ClangSharp,v11.0.0-beta3,90de91d5d35883a621b72136e48defa32fab382a,2021-03-24T02:14:23Z
dotnet/ClangSharp,v12.0.0-beta1,702d4704df1a03dcba1967d095f2a8555f53bc4f,2021-05-28T14:10:30Z
dotnet/ClangSharp,v12.0.0-beta2,700c8057fb55b67c604452fae9dc6cc0118f7bb6,2021-08-04T21:09:21Z
dotnet/ClangSharp,v13.0.0-beta1,e98e19efe0efd12befe15f031ad0ac1dd3e983f7,2021-12-02T17:15:05Z
dotnet/ClangSharp,v14.0.0-beta1,ca2c4bfa7a721f6ef328de657b08b8b2a8f3bf3c,2022-04-03T06:28:43Z
dotnet/ClangSharp,v14.0.0-rc1,0d997e6fb9bde5aac80d329da8918ac3785b7987,2022-08-14T15:32:18Z
dotnet/ClangSharp,v15.0.0,4ded4a230800288607cba2d456de736e6f1a0a43,2022-09-18T19:46:37Z
dotnet/ClangSharp,v15.0.2,9d084eb3b298a2209ce759afd77814d655c5f404,2022-11-07T16:13:17Z
dotnet/ClangSharp,v16.0.0,1c5588c84a5d22d2ddab41dbf7854667bf722332,2023-06-21T17:42:21Z
dotnet/ClangSharp,v17.0.0,5f6decb95eaf8fa8546fc8f8bb7f0516cdcd58e2,2023-11-22T21:49:18Z
dotnet/ClangSharp,v18.1.0,305eff5402c47c51f723532da6bdaf3047ef9827,2024-05-15T20:07:23Z
dotnet/ClangSharp,v18.1.0.1,4d07e056d8c3e5bc78fd74c6f020678f1c58eb0b,2024-07-21T17:24:20Z
dotnet/ClangSharp,v18.1.0.3,4882174c094a3d541af6f918cb0066b3c1f1183a,2025-01-15T23:01:44Z
dotnet/ClangSharp,v18.1.0.4,233d46d6e4b60fd71723748ac8834d6e7dd4caaa,2025-04-07T19:20:35Z
dotnet/ClangSharp,v20.1.2,913ab1f556927856fcb8b93bab9a7a66dcc90b7e,2025-05-11T17:44:55Z
dotnet/ClangSharp,v20.1.2.1,b1dd8eaccb56aa3b8cf7400e5c9e2f05bd893d21,2025-05-24T02:21:23Z
dotnet/ClangSharp,v20.1.2.2,746c65d8ef70bdb7483ff7cfc503ed83bb98ff77,2025-08-19T17:45:46Z
dotnet/ClangSharp,v20.1.2.3,1ad5e9def1910bdcc49a82fee15081890839af65,2025-09-01T02:22:13Z
dotnet/ClangSharp,v20.1.2.4,92e8c558d915b9ba116da9cdd63d345f2ebc25e0,2025-10-15T13:13:27Z
dotnet/ClangSharp,v21.1.8,6b49b459a4bc980ccbe30b5a4e763a47331134a8,2026-01-05T19:00:12Z
dotnet/ClangSharp,v21.1.8.2,4a10f3f40ac83b830a99633c86237d8f5adb850f,2026-01-16T18:52:11Z
dotnet/ClangSharp,v21.1.8.3,f3e553436886a2915b4d13ee4f425b978ea2f20a,2026-03-23T19:46:31Z
dotnet/ClangSharp,v21.1.8.4,da7e208a2788186726f56aa1c6ef1b86de355a48,2026-07-15T05:10:27Z
eclipse-milo/milo,v0.1.0,2903a467199148ed1479af72a39f10915a6e116c,2017-01-09T17:39:52Z
eclipse-milo/milo,v0.1.1,887c308b379f90867f9a2a8adf4c0c30d42657b5,2017-03-07T21:29:46Z
eclipse-milo/milo,v0.1.2,bfb43f0815030110f83628a5bec864e4b364acbb,2017-04-26T21:46:07Z
eclipse-milo/milo,v0.1.3,42c059179c7cb2fedd4139598881c9584c138caf,2017-05-22T22:45:23Z
eclipse-milo/milo,v0.1.4,a48f55db8de997763c75fbccd87be4889c9887c3,2017-09-11T17:00:02Z
eclipse-milo/milo,v0.1.5,8222508e8cfef10dd18ccf02d06cbe9ae51459c3,2017-09-24T18:57:45Z
eclipse-milo/milo,v0.1.6,46c4578185c0e8b8c2fc057b19106aafbe32dcf1,2017-12-16T20:32:09Z
eclipse-milo/milo,v0.2.0,2b9dc8ce3301c46598a4646b89031d7c8cbf567d,2018-01-29T13:36:43Z
eclipse-milo/milo,v0.2.1,fa64d6e5d72ffcb7df5ad4b0c5a4ab8a4c1a95d7,2018-02-12T23:49:32Z
eclipse-milo/milo,v0.2.2,b7f032e6d8dc42f301d3c78c4f30516fce1d68b0,2018-08-14T14:45:15Z
eclipse-milo/milo,v0.2.3,403fff48e6ca2632b059c667b305a86fd3a699f6,2018-08-20T15:38:14Z
eclipse-milo/milo,v0.2.4,ba4bbf3c307917cc1ca95828c581a5513b965376,2018-10-19T12:06:31Z
eclipse-milo/milo,v0.2.5,934ba94e73fafea15c97d4a84e193d94df6ce3c1,2019-03-19T16:43:05Z
eclipse-milo/milo,v0.3.0-M1,9656edac0e5315e238dbbc867e5a0b7931e2e219,2019-05-02T12:06:04Z
eclipse-milo/milo,v0.3.0,5267fcc254ff19c5a8148f5ddb3bada3cd1dcab0,2019-05-15T15:57:26Z
eclipse-milo/milo,v0.3.1,edfceb520e127948e5ffcc6ff64c0268d0d11634,2019-06-01T17:37:18Z
eclipse-milo/milo,v0.3.2,1a81b0d182d9c2ddf0f36027b3f10c9f68d3536d,2019-06-21T16:52:05Z
eclipse-milo/milo,v0.3.3-RC1,e8de3f549c2e5b292db91992686e8f40987f39d7,2019-08-06T15:44:01Z
eclipse-milo/milo,v0.3.3-RC2,27a3394e48afd31469bbd41a5248c248ae6b3636,2019-08-09T11:59:29Z
eclipse-milo/milo,v0.3.3-RC3,06e362c62ee625ba550dd8b442d7621a40ca95e4,2019-08-17T12:03:41Z
eclipse-milo/milo,v0.3.3,da97033ed102df590ebac0da34acfba22ddd7060,2019-08-19T14:53:31Z
eclipse-milo/milo,v0.3.4,af4e224de697ffa847ae36b743c9dc63ad63e4df,2019-10-25T17:03:40Z
eclipse-milo/milo,v0.3.6,daa3a918ec1dd8b8d3bb055554d875dbabbc3b9f,2019-11-14T17:32:55Z
eclipse-milo/milo,v0.3.7,1e7bd2188c8ee28f35c97cf38c6e5acd5330327a,2020-01-09T19:43:26Z
eclipse-milo/milo,v0.3.8,5766b89a0c2ac26a01ee1c65056190973a15007c,2020-02-19T17:07:52Z
eclipse-milo/milo,v0.4.0,51ee0a35416b5abc2d845d8b48afb92f9ac8c618,2020-04-08T17:26:39Z
eclipse-milo/milo,v0.4.1,eb7d3cb9e43f850cc09d8b27a9739ba4ff84b790,2020-04-29T23:52:37Z
eclipse-milo/milo,v0.4.2-M1,1aa520f04c595664415df9a7014e01c61f8afb61,2020-07-18T16:42:39Z
eclipse-milo/milo,v0.4.2,7a8dde9d44fa780faac3e1fd699ac201e146dc28,2020-07-22T16:24:08Z
eclipse-milo/milo,v0.4.3,08294683d5cb5e916d83a06595bb4ec25126de1a,2020-08-31T14:14:35Z
eclipse-milo/milo,v0.5.0-M1,06ee7bb50c0543ef38c3b76347e0cffdfe2ca58f,2020-09-02T22:46:31Z
eclipse-milo/milo,v0.5.0-M2,0d3311a9757df5eda69440a499b56f83e5e481a9,2020-09-08T17:44:42Z
eclipse-milo/milo,v0.5.0,1f5e4131452a725a5f952371ca653370ab3113cf,2020-09-11T16:46:41Z
eclipse-milo/milo,v0.5.1,eeb41760e107887987c368cd0050c3fd59756f46,2020-09-25T12:21:48Z
eclipse-milo/milo,v0.5.2,4fd6d68b02c3529118d5062076280bbf6b17cac2,2020-10-09T12:58:41Z
eclipse-milo/milo,v0.5.3,0e73eea2a4c88de96793eb259a2cf8d0aea2bc9d,2020-11-06T18:36:01Z
eclipse-milo/milo,v0.5.4,53669dc4bb9b5cecf393e3623ae58578f2658497,2021-02-19T23:53:44Z
eclipse-milo/milo,v0.6.0-M1,66c7a1909c3d5fd5e34cb7bc1cb9d42e22b0a3d0,2021-03-23T16:22:54Z
eclipse-milo/milo,v0.6.0,9fd8a23ae26263ccd8045d02eae0f9466d06207b,2021-03-26T14:11:52Z
eclipse-milo/milo,v0.6.1-M1,153b8a8b9cf76f3904a424513c9c307573560a0b,2021-04-22T11:45:44Z
eclipse-milo/milo,v0.6.1,d85aca10a4878671c3c91435cdecac809ffb9bbb,2021-04-22T21:20:59Z
eclipse-milo/milo,v0.6.2,ebffa2560e9bffbe3047c786a0ddced785faca71,2021-06-28T20:49:04Z
eclipse-milo/milo,v0.6.3,2a290ba0d83fc0f2e31827c4793bb7f2a5f0b2f6,2021-06-28T22:26:50Z
eclipse-milo/milo,v0.6.4,a609ca53c158491a1cabe2ce89d324fb4b38585a,2022-02-24T19:35:08Z
eclipse-milo/milo,v0.6.5,3f839e9595f1d721b3a263f43836163e17dadd59,2022-04-15T13:28:32Z
eclipse-milo/milo,v0.6.6,8061ecf607f9bde44246e024560e4c058515bf98,2022-05-19T19:28:07Z
eclipse-milo/milo,v0.6.7,dd2ab263b309554819c3bf80d060d89af21ffb38,2022-06-28T16:53:19Z
eclipse-milo/milo,v0.6.8,0795141a1c855365993354e8d5f6577bd68cb12d,2022-09-02T03:14:09Z
eclipse-milo/milo,v0.6.9,434f477eda5eb4a5c3060af14028883cd35d4073,2023-04-03T20:18:29Z
eclipse-milo/milo,v0.6.10,bdc51ad825b197823ed8b4acc0b9e3a43675487d,2023-06-20T20:34:50Z
eclipse-milo/milo,v0.6.11,a2caee5133017cc5c98397f0a1a04f0fa60c7fcb,2023-09-06T16:07:18Z
eclipse-milo/milo,v0.6.12,e2479f34c060a92f61cccc39568ea4397f173dd4,2024-01-31T18:32:05Z
eclipse-milo/milo,v0.6.13,415f70f127afd3ef9d1b8602dc4606ca96491852,2024-05-18T20:47:31Z
eclipse-milo/milo,v0.6.14,8b6fd609927e55366559a8cbd109d2dc95aeabae,2024-08-01T16:51:15Z
eclipse-milo/milo,v0.6.15,3d342a9b835560f39b2eaceeb4a51ec97f2ab615,2024-12-03T21:18:12Z
eclipse-milo/milo,v0.6.16,9834f4ca79007175b099a14fcd57e76b7cb3e597,2025-04-21T23:12:02Z
eclipse-milo/milo,v1.0.0-M1,dd8e05c074b2d63c9da8898640f9ee2eba23765e,2025-04-21T17:50:05Z
eclipse-milo/milo,v1.0.0-M2,73b7d5c5c1a83053da952538853b44226f167461,2025-05-05T23:46:16Z
eclipse-milo/milo,v1.0.0,96e072a738bf9b3e9b50a8479cc712a6ec81eb68,2025-05-19T18:05:12Z
eclipse-milo/milo,v1.0.1,1ea429e6d7d5106a8d896f2e79cb2c4f3c23c91c,2025-06-16T18:17:05Z
eclipse-milo/milo,v1.0.2,5a24ce4b3a210e902d8106073a4bdaf70e60caa9,2025-07-17T20:29:18Z
eclipse-milo/milo,v1.0.3,baf7ad6eba80fdf279c665bbc90732d99c07c72e,2025-08-11T16:12:11Z
eclipse-milo/milo,v1.0.4,6c40fe46aa70d40046af72a8eaf76955f7e32a45,2025-08-22T19:24:22Z
eclipse-milo/milo,v1.0.5,36c8f87d1c224224f866f511506967d8ca2b1073,2025-08-28T17:01:40Z
eclipse-milo/milo,v1.0.6,c52550b8caa631a299f2269e57367d79783ce989,2025-10-01T22:39:21Z
eclipse-milo/milo,v1.0.7,cf03a4a1ca3d714e7bdf8ff49ce8db73b13f3e99,2025-10-27T19:31:15Z
eclipse-milo/milo,v1.0.8,57b6384b5769f6ce6490b86509aa84398c46be28,2025-11-03T19:49:18Z
eclipse-milo/milo,v1.1.0,9995c8ca0d5d0d89e0d18c77b0bb870734cc3b38,2026-01-08T11:56:23Z
eclipse-milo/milo,v1.1.1,dfe22248c75f414a39a9a4d8024e6264c999d267,2026-02-09T13:45:58Z
eclipse-milo/milo,v1.1.2,097fe7ccef8c96fd55b5ded4970c0cfc610bb6ea,2026-04-01T11:12:43Z
eclipse-milo/milo,v1.1.3,f029523c4121ee78f95be207234007ea9d4135a9,2026-05-06T12:59:34Z
eclipse-milo/milo,v1.1.4,da8b978b3ed4b539906621260c13bd109bed05db,2026-06-05T15:13:00Z
eclipse-milo/milo,v1.1.5,8e84cd7d0d8e6eb787f89c5c1319b885d666fe4b,2026-07-16T15:05:49Z
eclipse-milo/milo,v1.1.6,fc8149465e176d3566289c552f782817e3ceda7d,2026-07-22T13:42:11Z
eclipse-milo/milo,v1.1.7,85be7e7fce6d1d5896d7e0d15f6325b08577c087,2026-09-09T19:41:20Z
eclipse-milo/milo,v1.1.8,3e7b1bbaf12d593349749d6ba65bfb32c096eb14,2026-10-06T08:43:50Z
linear/linear,@linear/client@1.0.1,a261cb9891b7e99c04f3dcef27ec289684e897e9,2021-02-12T20:25:23Z
linear/linear,@linear/client@1.0.3,0e5a7bc12ec33c312af2cb7bf4d11976e9715e31,2021-02-12T20:48:27Z
linear/linear,@linear/client@1.0.4,ac77c2c674a4266bd263b18213354572d3e8f9eb,2021-02-12T20:52:17Z
linear/linear,@linear/client@1.0.5,b796bc7b43cede719e69fd036005a06da9b6d8e2,2021-02-12T20:55:19Z
linear/linear,@linear/client@1.0.6,ffb47d3f124cc1f1d5c16140110df3941380d01c,2021-02-12T20:59:33Z
linear/linear,@linear/client@1.0.7,024947e71cdc50540b53e450116b8f2cc4078142,2021-02-12T21:13:07Z
linear/linear,@linear/codegen-doc@1.0.1,a261cb9891b7e99c04f3dcef27ec289684e897e9,2021-02-12T20:25:23Z
linear/linear,@linear/codegen-doc@1.0.3,0e5a7bc12ec33c312af2cb7bf4d11976e9715e31,2021-02-12T20:48:27Z
linear/linear,@linear/codegen-doc@1.0.4,ac77c2c674a4266bd263b18213354572d3e8f9eb,2021-02-12T20:52:17Z
linear/linear,@linear/codegen-doc@1.0.5,b796bc7b43cede719e69fd036005a06da9b6d8e2,2021-02-12T20:55:19Z
linear/linear,@linear/codegen-doc@1.0.6,ffb47d3f124cc1f1d5c16140110df3941380d01c,2021-02-12T20:59:33Z
linear/linear,@linear/codegen-sdk@1.0.1,a261cb9891b7e99c04f3dcef27ec289684e897e9,2021-02-12T20:25:23Z
linear/linear,@linear/codegen-sdk@1.0.3,0e5a7bc12ec33c312af2cb7bf4d11976e9715e31,2021-02-12T20:48:27Z
linear/linear,@linear/codegen-sdk@1.0.4,ac77c2c674a4266bd263b18213354572d3e8f9eb,2021-02-12T20:52:17Z
linear/linear,@linear/codegen-sdk@1.0.5,b796bc7b43cede719e69fd036005a06da9b6d8e2,2021-02-12T20:55:19Z
linear/linear,@linear/codegen-sdk@1.0.6,ffb47d3f124cc1f1d5c16140110df3941380d01c,2021-02-12T20:59:33Z
linear/linear,@linear/codegen-test@1.0.1,a261cb9891b7e99c04f3dcef27ec289684e897e9,2021-02-12T20:25:23Z
linear/linear,@linear/codegen-test@1.0.3,0e5a7bc12ec33c312af2cb7bf4d11976e9715e31,2021-02-12T20:48:27Z
linear/linear,@linear/codegen-test@1.0.4,ac77c2c674a4266bd263b18213354572d3e8f9eb,2021-02-12T20:52:17Z
linear/linear,@linear/codegen-test@1.0.5,b796bc7b43cede719e69fd036005a06da9b6d8e2,2021-02-12T20:55:19Z
linear/linear,@linear/codegen-test@1.0.6,ffb47d3f124cc1f1d5c16140110df3941380d01c,2021-02-12T20:59:33Z
linear/linear,@linear/common@1.0.1,a261cb9891b7e99c04f3dcef27ec289684e897e9,2021-02-12T20:25:23Z
linear/linear,@linear/common@1.0.3,0e5a7bc12ec33c312af2cb7bf4d11976e9715e31,2021-02-12T20:48:27Z
linear/linear,@linear/common@1.0.4,ac77c2c674a4266bd263b18213354572d3e8f9eb,2021-02-12T20:52:17Z
linear/linear,@linear/common@1.0.5,b796bc7b43cede719e69fd036005a06da9b6d8e2,2021-02-12T20:55:19Z
linear/linear,@linear/common@1.0.6,ffb47d3f124cc1f1d5c16140110df3941380d01c,2021-02-12T20:59:33Z
linear/linear,@linear/import@1.0.1,a261cb9891b7e99c04f3dcef27ec289684e897e9,2021-02-12T20:25:23Z
linear/linear,@linear/import@1.0.3,0e5a7bc12ec33c312af2cb7bf4d11976e9715e31,2021-02-12T20:48:27Z
linear/linear,@linear/import@1.0.4,ac77c2c674a4266bd263b18213354572d3e8f9eb,2021-02-12T20:52:17Z
linear/linear,@linear/import@1.0.5,b796bc7b43cede719e69fd036005a06da9b6d8e2,2021-02-12T20:55:19Z
linear/linear,@linear/import@1.0.6,ffb47d3f124cc1f1d5c16140110df3941380d01c,2021-02-12T20:59:33Z
linear/linear,@linear/import@1.0.7,024947e71cdc50540b53e450116b8f2cc4078142,2021-02-12T21:13:07Z
linear/linear,@linear/import@1.1.1,ec7ceaf1f8f5b38eeafad057a8eec9535ca09b55,2021-02-15T19:57:21Z
linear/linear,@linear/import@1.4.0,90e42fad3daba5d1377848b5b4907b05f02f2205,2021-02-16T23:26:02Z
linear/linear,@linear/import@1.4.1,de7ad187d2157d314fc69e0eec7a9c90b21b790c,2021-02-16T23:31:33Z
linear/linear,@linear/import@1.4.2,2e6a04f6d537d1478a27246a63cb0c1e2d7b068f,2021-02-16T23:35:58Z
linear/linear,@linear/import@1.4.3,3b5a7ce320ee003de818856472a82209fa53f0eb,2021-02-17T13:08:07Z
linear/linear,@linear/import@1.4.4,3d44b595245594b27a01d2992689b2ea786adee3,2021-02-22T13:56:08Z
linear/linear,@linear/import@1.4.5,82685d283f60779df091f6b9bb778850c8cb9e39,2021-02-22T14:17:47Z
linear/linear,@linear/import@1.4.6,3c49e3537da33382cf7f2119c37a0eabc6f71118,2021-02-22T18:55:15Z
linear/linear,@linear/import@1.4.7,e01037b27d8ca5812406a38a7fd967c91f2f163c,2021-02-22T20:05:59Z
linear/linear,@linear/import@1.4.8,3829bd90319c014a97562bfa4de04acdd7354dd5,2021-02-22T20:36:03Z
linear/linear,@linear/import@1.4.9,957b3c54be607609eac8c4c6a70b3b921a4253e2,2021-02-23T00:24:10Z
linear/linear,@linear/import@1.5.0,f5171eedb6352b7445af1c9b8f6c7d404a830bd0,2021-02-23T21:43:26Z
linear/linear,@linear/import@1.5.4,64f5ece22ac8c933e88bf7dfa36baeccc6e6fa9e,2021-03-08T21:45:21Z
linear/linear,@linear/import@1.5.5,441a095bb9892681b9e758ee2c2b09774fae31fd,2021-03-17T17:31:58Z
linear/linear,@linear/import@1.5.6,ca11d4fc6f0a9057557d6aac9949425c9a64bd84,2021-03-22T14:16:53Z
linear/linear,@linear/import@1.5.7,e47267af2e6a06e8d0911d5a5657efc65e872fe4,2021-04-12T07:04:21Z
linear/linear,@linear/import@1.5.8,5717eefc6b0d874f9856907298b85099ab95ac22,2021-04-19T15:42:14Z
linear/linear,@linear/import@1.5.9,a8cb7fa66e24e91d6d8cbc7187f299212e03914f,2021-04-19T17:32:43Z
linear/linear,@linear/import@1.5.10,57e2e5b7c5a583a109270d0b351c1eda6f9f24c4,2021-04-26T20:49:22Z
linear/linear,@linear/import@1.5.11,015035d8e0ad967cd3da1936c8467107f73569b2,2021-05-31T11:58:55Z
linear/linear,@linear/import@1.5.12,555a1d9be69b632b88df8c62c8ca3e35208f0574,2021-06-14T12:34:02Z
linear/linear,@linear/import@1.5.13,8bc0bc150e9f8017e73b216b86576054a730f0ad,2021-08-03T16:54:00Z
linear/linear,@linear/import@1.5.14,3b784be4e830c663709929e1f49c461e2cd064e0,2021-08-06T10:55:40Z
linear/linear,@linear/import@1.5.15,b617db3c119c922f6efaaa222e93b809c7620c69,2021-08-09T16:06:46Z
linear/linear,@linear/import@1.5.16,f77ad1a99d5d27a75365fe48d9c8617cc476a7e0,2021-09-17T15:33:18Z
linear/linear,@linear/import@1.5.17,24711f76211163ccfdda3cdfa5364232b4987b79,2021-10-05T09:09:55Z
linear/linear,@linear/import@1.6.0,59f1f3f420968263e34d3b1f14834cd1beb18a2f,2023-01-12T19:08:09Z
linear/linear,@linear/import@1.6.1,01b35f0db5586270272de36047641bd885e0cd4a,2023-01-27T01:22:12Z
linear/linear,@linear/import@1.6.2,12a090a0b44f16cfa9ba300b6adcc8da869d4973,2023-02-15T16:14:59Z
linear/linear,@linear/import@1.6.3,af28502c79868a22a966a3b2f7d025eb4cdb3721,2023-02-23T16:17:04Z
linear/linear,@linear/import@1.7.0,bded27ebbd4dc619f2fd799c69cf4555f8779b45,2023-03-09T01:26:37Z
linear/linear,@linear/import@1.7.1,343c8cf561bb15c966c938f17bb7feb5e6835874,2023-03-10T07:02:53Z
linear/linear,@linear/import@1.7.2,37d421f8744b2f9c6dab8862b736a135ab92689f,2023-04-13T15:54:00Z
linear/linear,@linear/import@1.7.3,36bbdec36ca55ad6190293318fafec2749dcde91,2023-05-12T18:49:55Z
linear/linear,@linear/import@1.7.4,94d9241e58d7a45284903d08422daa1217b91d0c,2023-05-25T01:10:29Z
linear/linear,@linear/import@1.7.5,fa009672e2110c551e225c87bd4b351ad0bcd854,2023-06-14T14:34:44Z
linear/linear,@linear/import@1.7.6,13e80be2d916f65696dfb1d585e23266c1639767,2023-07-26T00:49:55Z
linear/linear,@linear/import@1.7.7,3452ce144ee6dae8e8c6dccbdcc312e6dde95b72,2023-07-31T19:56:47Z
linear/linear,@linear/import@1.8.0,5876df87b446fac8a4a2137f6568ab0a0f2d6829,2023-08-25T21:44:30Z
linear/linear,@linear/import@1.9.1,75f1ea1a6697538ef28f07e02bd755a12e877675,2023-10-13T15:19:34Z
linear/linear,@linear/import@1.9.2,a85377a520941c98d820893037d6942670100222,2023-10-31T16:21:33Z
linear/linear,@linear/import@1.9.3,4c5db02a08fe43efb882b4b2a75c46d4d2e720b7,2023-11-09T19:48:24Z
linear/linear,@linear/import@1.9.4,7bf3143750e72feda3e18921b303a94cb9eb3173,2023-11-28T03:43:37Z
linear/linear,@linear/import@1.9.5,eb0e8ddd6dc8325eb9352b96ad4eefd10120473b,2023-12-19T22:14:32Z
linear/linear,@linear/import@1.9.6,7eb04f532527742957116f360b9b7f3ffabda842,2024-02-24T00:29:18Z
linear/linear,@linear/import@1.9.7,48ae166b4fa000d1594ab921f234b63fb3e6864d,2024-03-01T09:51:31Z
linear/linear,@linear/import@1.9.8,f7692350bb4099bfbebafb1c8fe55143783e76bf,2024-03-01T19:44:34Z
linear/linear,@linear/import@1.9.9,f118fb0e23026d9a09a215f24ea8ba1d6c6efc4c,2024-03-04T17:00:24Z
linear/linear,@linear/import@1.10.1,1305f73216aba778fdd313755e3ebe35cc7789fa,2024-03-08T00:19:36Z
linear/linear,@linear/import@1.10.2,ac82acdf2784ef2bb0f6cbc612c583e7e64005dd,2024-03-11T15:17:23Z
linear/linear,@linear/import@1.10.3,4e9d3e1e744393125debdb3943486a0bbe0091a1,2024-03-18T19:59:18Z
linear/linear,@linear/import@1.10.4,f49a536169e751d449e81730d305bbda7b234789,2024-03-19T00:38:51Z
linear/linear,@linear/import@1.11.0,b317ca15bb606a495a1ffeb71bbb9d25c133e831,2024-03-20T23:42:52Z
linear/linear,@linear/import@1.12.0,41b5899dbf4a9dbbe351e09f8d04cd2d9fd5f7f8,2024-03-23T00:33:55Z
linear/linear,@linear/import@1.12.1,9e8bd69a21402ab47e6dccc6c5ca512c94fe873f,2024-03-27T00:43:13Z
linear/linear,@linear/import@1.12.2,a0d6cb750f0b374eb6c21884b97f63c3e0ab2ec3,2024-04-19T22:22:13Z
linear/linear,@linear/import@1.13.0,7c62e76b4f6909d2813805b7367139678bf18280,2024-04-30T16:31:16Z
linear/linear,@linear/import@1.13.1,e68ee8b9bea443c59eeb2c817456a1302f49a149,2024-05-25T02:16:57Z
linear/linear,@linear/import@1.14.0,166d56feb13899ea828afeb083a02c9255c06342,2024-06-03T13:59:28Z
linear/linear,@linear/import@1.14.1,28d854b3262c220fa878bca8d4e249084e0be3e0,2024-06-17T16:38:52Z
linear/linear,@linear/import@1.14.2,c348d0989d1b81a3010157eb41952f0997ff8172,2024-06-27T00:35:01Z
linear/linear,@linear/import@1.14.3,9f72a8f3e50d402bb1b2ff22dd19087d9eb51152,2024-07-29T11:14:52Z
linear/linear,@linear/import@1.14.4,d5918c195ceaacedf5dc4768db906b445ee4bf5c,2024-07-30T18:36:32Z
linear/linear,@linear/import@1.14.5,42ff0d55e34a5f700ad04a034d87c8a8eae77288,2024-08-06T23:35:30Z
linear/linear,@linear/import@2.0.0,ac2b19e418e909889c9754d91d5fb99006d03e7b,2024-08-31T00:37:23Z
linear/linear,@linear/import@2.0.2,9262e0c2feabd17ea6cf65ec5b9bbe14a2bb0419,2024-09-03T17:00:15Z
linear/linear,@linear/import@2.0.3,3ab7cab1bef0e158466f4f0916b1984ec770c95c,2024-09-13T17:12:09Z
linear/linear,@linear/import@2.1.0,1174a2fc219c7714a00bd907c381e7e9f441925f,2024-10-04T21:54:54Z
linear/linear,@linear/import@2.1.1,c47d4bda50edf22a1c6dfab78470adb975df9db5,2024-11-01T22:17:33Z
linear/linear,@linear/import@2.2.0,3154bf64ef069b56d2906af617ff2e0f4a10c284,2024-11-15T15:53:18Z
linear/linear,@linear/import@2.2.1,694e823bb0f8044923abd411a48d7e49b242b2a0,2024-11-19T13:45:43Z
linear/linear,@linear/import@2.2.2,2f084bcb553a6edd1a393f7393ee28dbd00fd02c,2024-11-22T20:14:55Z
linear/linear,@linear/import@2.2.3,7d16cb1f9a880da439af261817e68997a4836312,2024-12-11T16:52:11Z
linear/linear,@linear/import@2.2.4,43f6b1ad6edbd085d026c467cc44d082f5c9600a,2024-12-12T17:53:44Z
linear/linear,@linear/import@2.2.6,ec795ae72a75a8bc09aceba9caa13a47030288b8,2024-12-20T18:41:38Z
linear/linear,@linear/import@2.2.7,d7f977b3f0eaf3e2d8aae22db208ab32d3e7dadc,2025-01-23T10:11:16Z
linear/linear,@linear/import@2.2.8,f48935e7feee0bd67070884c8989e81f93d9b275,2025-04-10T17:52:02Z
linear/linear,@linear/import@2.2.9,a8534acfb58fbbddf9d36ef1813fcbdbd9558a42,2025-04-22T11:04:30Z
linear/linear,@linear/import@2.2.10,2c8558ddc743f550272ca3a2ea30f3d0cc11c85a,2025-04-23T17:13:17Z
linear/linear,@linear/import@2.2.11,e1ed79192b05279f30b5b88e0371b531a63e04e3,2025-04-29T18:11:02Z
linear/linear,@linear/import@2.2.12,22e57323cdbf66d21f73861353e7a901244f79b6,2025-05-07T20:50:02Z
linear/linear,@linear/import@2.2.13,b1ef482181955a1f0a409a9efaf80a6656ff46a3,2025-05-13T20:59:56Z
linear/linear,@linear/import@2.2.14,dab31e2d3fe64a4c3e92ef46c69384f0196cc04c,2025-06-04T17:28:21Z
linear/linear,@linear/import@2.2.15,d2d3ade75bf1450e9943e9661468915abbb4ef4c,2025-06-05T17:53:51Z
linear/linear,@linear/import@2.2.16,145df3635e895ec68b3a323e9da282d84b3966e3,2025-06-06T17:47:42Z
linear/linear,@linear/import@2.2.17,202397d9431b3d89334f497fc96c1835a0c251e8,2025-06-09T20:16:27Z
linear/linear,@linear/import@2.2.18,66496bbf6968032bd3f3bd17efaaa869d187c37f,2025-07-02T03:15:03Z
linear/linear,@linear/import@2.2.20,e000b5302257c6f265b7b62fbe6fe42e9e7af957,2025-07-07T13:17:17Z
linear/linear,@linear/import@2.2.21,0b9f173bcce6939b1139281095b1345d96e1c944,2025-07-09T00:14:22Z
linear/linear,@linear/import@2.2.22,2a974954ced68b52316e597b63dd78cd3fb78184,2025-07-10T18:48:08Z
linear/linear,@linear/import@2.2.23,675c4f8770d04358c0188a61f440d443a04a2fc2,2025-07-11T20:49:13Z
linear/linear,@linear/import@2.2.24,507720dad2bc3b8ec446e97a902573fa1a938693,2025-07-11T22:13:16Z
linear/linear,@linear/import@2.2.25,aebf90c9808eade39a38760caadab88622024b20,2025-07-14T21:28:00Z
linear/linear,@linear/import@2.2.26,02e624a6a65e37ab891196916bc5c3d3cc0f0e25,2025-07-15T23:08:46Z
linear/linear,@linear/import@2.2.27,09efe3a8db62acf7fda3e1d55b3549a4e585e0ca,2025-07-16T20:41:15Z
linear/linear,@linear/import@2.2.28,3b3b609b338f0550ccc3d90ef2377579d7d24e0f,2025-07-21T22:07:34Z
linear/linear,@linear/import@2.2.29,7c725ffa2be3a8ed7e7228cc5e4ff6e2fec87acd,2025-07-22T01:27:18Z
linear/linear,@linear/import@2.2.30,ad68b43c81d8594e84a83df8b7d2b47e77c91f50,2025-07-31T17:12:46Z
linear/linear,@linear/import@2.2.31,b57bbc36261664c71aae207a64d6cb0af20ab5cd,2025-08-04T17:20:29Z
linear/linear,@linear/import@2.2.32,0c57ca66a93f5037989fe3e2b503f78335732390,2025-08-08T03:31:17Z
linear/linear,@linear/import@2.2.33,52fa3c9a141089dac8846104b612ea1c3b6ed969,2025-08-09T19:31:36Z
linear/linear,@linear/import@2.2.34,61d68d6b5ea7ba4000696dd588fa8a38d8f88238,2025-08-15T15:17:58Z
linear/linear,@linear/import@2.2.35,77592394b74911e2aa16e05c709a9f8e520422ce,2025-08-21T18:00:47Z
linear/linear,@linear/import@2.2.36,0136712f91938915b0f9032d960a0e90095e521c,2025-08-25T23:09:53Z
linear/linear,@linear/import@2.2.37,799834a99eab33c92cdd32bc50ae394daf69245b,2025-08-28T00:52:07Z
linear/linear,@linear/import@2.2.38,50ba9e727eccb458bc8182bb534e5bbf2f40ea38,2025-09-09T15:58:45Z
linear/linear,@linear/import@2.2.39,b7a3ef6432f50ca9ce98dda0f4eb427590cdb751,2025-09-17T00:45:45Z
linear/linear,@linear/import@2.2.40,54527e36376d2ec25936aa186a5f3111ddda5fbc,2025-09-26T16:31:57Z
linear/linear,@linear/import@2.2.41,73a7fda0f28c36f321b3fcd95feabd455dd67a2a,2025-10-18T03:08:21Z
linear/linear,@linear/import@2.2.42,b6f3d11ef3f12d1b9a4a96465cfea274f906e4a5,2025-10-23T15:58:13Z
linear/linear,@linear/import@2.2.43,5a308978229da2aa092177055446669af657c034,2025-10-27T16:02:28Z
linear/linear,@linear/import@2.2.44,323e4d1a7877fee977faccdef47982b3c589a73a,2025-10-31T21:30:13Z
linear/linear,@linear/import@2.2.45,c76dbfac7bf2e7287e0b436212be91531dab29fb,2025-11-15T00:48:24Z
linear/linear,@linear/import@2.2.46,d0fa2eaae0d05c948d23810b1f7388391240c673,2025-11-22T02:07:28Z
linear/linear,@linear/import@2.2.47,1d0c787f465e5625cf0e08ad377bf1329a09e137,2025-12-05T16:50:25Z
linear/linear,@linear/import@3.0.2,571855515f980b15e884a2b7e141f957aefa6007,2025-12-26T18:09:56Z
linear/linear,@linear/import@3.0.3,f54ec2dd2d382c55b02c42127384995ff275955b,2026-01-07T17:01:47Z
linear/linear,@linear/import@3.0.4,b6d41f5c585c1721e504a4492558eed72810585a,2026-01-07T17:39:59Z
linear/linear,@linear/import@3.0.5,28e4a10eaa5da5de29cb1b909e38d34f8759504c,2026-01-12T15:41:11Z
linear/linear,@linear/import@3.0.6,53f9b08781965d0f204d44073a2328ceda55e32f,2026-01-21T16:48:00Z
linear/linear,@linear/import@3.0.7,7af3c0bf0a83a8fe5a03d608ab9a0c4aa3cc5218,2026-01-27T18:06:24Z
linear/linear,@linear/import@3.0.8,15e0ea3131b35a7d3b65531a32b01a42412902cb,2026-01-30T21:33:53Z
linear/linear,@linear/import@3.0.9,bc8f09131a564deb428078e5e8809a52401e5efb,2026-02-06T22:22:40Z
linear/linear,@linear/import@3.0.10,4d9cdbf0beb1d1da1824deb5ff3cd458c71380c9,2026-02-09T21:11:03Z
linear/linear,@linear/import@3.0.11,9b2fa87c31303035a699c9e21f4e839bb5c8bf31,2026-02-25T01:58:28Z
linear/linear,@linear/import@3.0.12,101fe9d3fc07c3996424b08e92ac3c52cb7c350c,2026-03-10T06:23:58Z
linear/linear,@linear/import@3.0.13,207bb3825a9090cd815abe65c91bbe9f2bf474ac,2026-03-17T15:07:08Z
linear/linear,@linear/import@3.0.14,fc14c7041ebdd095a8d914dc3b05843adb07c387,2026-03-24T19:08:22Z
linear/linear,@linear/import@3.1.0,80683f261d6ce100a875e2d13670e83793fc936c,2026-03-25T02:20:49Z
linear/linear,@linear/import@3.1.1,f5978f96571c0dc2d95634ce6c9e29ddef3451fe,2026-03-31T22:35:42Z
linear/linear,@linear/import@3.1.2,a79de277da6c210970dd0768a414b54acc117a2d,2026-04-07T23:27:30Z
linear/linear,@linear/import@3.1.3,62dcde5014e35c667a633f3fa1056c80fb79aafe,2026-04-18T04:28:59Z
linear/linear,@linear/import@3.1.4,b2fe1f32175c537d1a8eaf2b4127ffa401180b3a,2026-04-21T01:03:11Z
linear/linear,@linear/import@3.1.5,c205b3c8e3f086c2a13e316f6051a60613805d0a,2026-04-30T18:19:15Z
linear/linear,@linear/import@3.1.6,02f32c15c2b964293cf7cc25401b3d791f5d67fe,2026-05-07T16:47:28Z
linear/linear,@linear/import@3.1.7,fce4305857263cd4090470fd5ef6a9bba6eadfed,2026-05-21T16:27:45Z
linear/linear,@linear/import@3.2.0,47d62e14f21a6a34df90ec3484b5528597602752,2026-05-22T20:20:52Z
linear/linear,@linear/import@3.2.1,28d6461e0ed8223cc39aca9cd6606ee6d66eaa13,2026-06-23T01:37:11Z
linear/linear,@linear/import@3.2.2,0d52d0a1574f0dfeb9b29a679cf1ecfc9148e7d0,2026-07-01T22:03:39Z
linear/linear,@linear/import@3.2.3,202a5e0fbce142cd1f0cd5c5265c3a310f629702,2026-07-08T16:17:57Z
linear/linear,@linear/import@3.2.4,addf9aeaec0af1323ad48dc192999afd5255e67d,2026-07-14T20:31:39Z
linear/linear,@linear/import@3.2.5,8335e09a17dd8aa351dace3d05a94a55e78dad2a,2026-07-22T22:59:29Z
linear/linear,@linear/import@3.2.6,7ef4c5024f88667b2c85057ff4c905676c4a93c2,2026-07-30T08:11:11Z
linear/linear,@linear/import@3.2.7,a3480b14b31a0d92447224143ececa7698ac0625,2026-08-13T06:28:44Z
linear/linear,@linear/import@3.2.8,28aea7d685b918e673e83864ddb0d413eb86be0b,2026-08-21T16:00:55Z
linear/linear,@linear/import@3.2.9,fed840a976a755c8a9e5ecb6948f66307114e88c,2026-08-27T15:23:54Z
linear/linear,@linear/import@3.2.10,7ba414474ddb26e389d6c6f05f25a0428be42f1d,2026-09-03T17:53:04Z
linear/linear,@linear/import@3.2.11,c57cbba2f151f08beb47ec9841d74930d10bb846,2026-09-04T00:33:28Z
linear/linear,@linear/import@3.2.12,716871f2042cee9495220276b8ca28b0c35343f4,2026-09-08T20:22:24Z
linear/linear,@linear/import@3.2.13,23f11eb41ef63ba219ec582911079c19d1abbf62,2026-09-09T23:11:33Z
linear/linear,@linear/import@3.2.14,3addb24bdf771700da1c050742e70e645cc7e36a,2026-09-16T19:06:47Z
linear/linear,@linear/import@3.2.15,073db61faaf87dcd6a457bc539a1ee01b742eba1,2026-09-23T06:20:56Z
linear/linear,@linear/import@3.2.16,41cff77b3a62d93a30c3c3ceabc92ab77333f9da,2026-09-24T21:14:43Z
linear/linear,@linear/import@4.0.0,2a3ac4cfd28af84b98c439efa74b1e32b2ce985b,2026-09-28T13:40:33Z
linear/linear,@linear/import@4.0.1,7d2bc4279f1887cf763c59f9a173d9c590620023,2026-10-07T19:39:20Z
linear/linear,@linear/sdk@1.1.0,a261cb9891b7e99c04f3dcef27ec289684e897e9,2021-02-12T20:25:23Z
linear/linear,@linear/sdk@1.1.2,0e5a7bc12ec33c312af2cb7bf4d11976e9715e31,2021-02-12T20:48:27Z
linear/linear,@linear/sdk@1.1.3,ac77c2c674a4266bd263b18213354572d3e8f9eb,2021-02-12T20:52:17Z
linear/linear,@linear/sdk@1.1.4,b796bc7b43cede719e69fd036005a06da9b6d8e2,2021-02-12T20:55:19Z
linear/linear,@linear/sdk@1.1.5,ffb47d3f124cc1f1d5c16140110df3941380d01c,2021-02-12T20:59:33Z
linear/linear,@linear/sdk@1.2.1,ec7ceaf1f8f5b38eeafad057a8eec9535ca09b55,2021-02-15T19:57:21Z
linear/linear,@linear/sdk@1.4.0,90e42fad3daba5d1377848b5b4907b05f02f2205,2021-02-16T23:26:02Z
linear/linear,@linear/sdk@1.4.1,de7ad187d2157d314fc69e0eec7a9c90b21b790c,2021-02-16T23:31:33Z
linear/linear,@linear/sdk@1.4.2,2e6a04f6d537d1478a27246a63cb0c1e2d7b068f,2021-02-16T23:35:58Z
linear/linear,@linear/sdk@1.4.3,3b5a7ce320ee003de818856472a82209fa53f0eb,2021-02-17T13:08:07Z
linear/linear,@linear/sdk@1.4.4,3d44b595245594b27a01d2992689b2ea786adee3,2021-02-22T13:56:08Z
linear/linear,@linear/sdk@1.4.5,82685d283f60779df091f6b9bb778850c8cb9e39,2021-02-22T14:17:47Z
linear/linear,@linear/sdk@1.4.6,1d3891e62a2982e6a337c420d30ab0a71276eafe,2021-02-22T14:59:49Z
linear/linear,@linear/sdk@1.5.0,4e16b28f194ec35d66ca11f743745e52c6ba93c1,2021-02-22T16:30:20Z
linear/linear,@linear/sdk@1.5.1,583fadd7ca2f67a83cf318cb34fc0c0bb18220fb,2021-02-22T17:42:02Z
linear/linear,@linear/sdk@1.5.2,e01037b27d8ca5812406a38a7fd967c91f2f163c,2021-02-22T20:05:59Z
linear/linear,@linear/sdk@1.5.3,957b3c54be607609eac8c4c6a70b3b921a4253e2,2021-02-23T00:24:10Z
linear/linear,@linear/sdk@1.6.0,f5171eedb6352b7445af1c9b8f6c7d404a830bd0,2021-02-23T21:43:26Z
linear/linear,@linear/sdk@1.6.1,c7fdad89d653960a6fe0418d17a5a1c94df4e11a,2021-02-23T21:53:42Z
linear/linear,@linear/sdk@1.6.2,4ef29bc5397da4558299ee491481a73e9fe7b012,2021-02-23T22:01:59Z
linear/linear,@linear/sdk@1.6.3,f70aa7508974499e0599c76ad1556230e9b2368b,2021-02-23T22:05:28Z
linear/linear,@linear/sdk@1.6.5,84b9269f48ca8dd1997b0d304ac49e4a7e81d304,2021-03-01T18:41:55Z
linear/linear,@linear/sdk@1.7.0,d9a829b5fcce363ed35a279f6f53a6329acbe657,2021-03-02T00:01:46Z
linear/linear,@linear/sdk@1.8.3,64f5ece22ac8c933e88bf7dfa36baeccc6e6fa9e,2021-03-08T21:45:21Z
linear/linear,@linear/sdk@1.8.4,324d71466fd780809a95f62a89e2b7b510cc1fe4,2021-03-08T21:55:06Z
linear/linear,@linear/sdk@1.10.0,441a095bb9892681b9e758ee2c2b09774fae31fd,2021-03-17T17:31:58Z
linear/linear,@linear/sdk@1.11.0,e47267af2e6a06e8d0911d5a5657efc65e872fe4,2021-04-12T07:04:21Z
linear/linear,@linear/sdk@1.12.0,5717eefc6b0d874f9856907298b85099ab95ac22,2021-04-19T15:42:14Z
linear/linear,@linear/sdk@1.12.1,a8cb7fa66e24e91d6d8cbc7187f299212e03914f,2021-04-19T17:32:43Z
linear/linear,@linear/sdk@1.13.0,57e2e5b7c5a583a109270d0b351c1eda6f9f24c4,2021-04-26T20:49:22Z
linear/linear,@linear/sdk@1.14.0,015035d8e0ad967cd3da1936c8467107f73569b2,2021-05-31T11:58:55Z
linear/linear,@linear/sdk@1.15.0,555a1d9be69b632b88df8c62c8ca3e35208f0574,2021-06-14T12:34:02Z
linear/linear,@linear/sdk@1.16.0,8bc0bc150e9f8017e73b216b86576054a730f0ad,2021-08-03T16:54:00Z
linear/linear,@linear/sdk@1.16.1,3b784be4e830c663709929e1f49c461e2cd064e0,2021-08-06T10:55:40Z
linear/linear,@linear/sdk@1.17.0,e4dfd24eeefffe3d11c348deb35643188ef4348c,2021-08-09T15:00:08Z
linear/linear,@linear/sdk@1.18.0,b617db3c119c922f6efaaa222e93b809c7620c69,2021-08-09T16:06:46Z
linear/linear,@linear/sdk@1.19.0,7c6a93fc6386feb0b3622123d16f2280dc75d8b9,2021-09-01T19:01:14Z
linear/linear,@linear/sdk@1.20.0,f77ad1a99d5d27a75365fe48d9c8617cc476a7e0,2021-09-17T15:33:18Z
linear/linear,@linear/sdk@1.21.0,24711f76211163ccfdda3cdfa5364232b4987b79,2021-10-05T09:09:55Z
linear/linear,@linear/sdk@1.22.0,5cc44ba1ae86170ad54b2b3a99981b34a2d779a9,2022-01-27T15:34:08Z
linear/linear,@linear/sdk@2.0.0,59f1f3f420968263e34d3b1f14834cd1beb18a2f,2023-01-12T19:08:09Z
linear/linear,@linear/sdk@2.1.0,01b35f0db5586270272de36047641bd885e0cd4a,2023-01-27T01:22:12Z
linear/linear,@linear/sdk@2.2.0,12a090a0b44f16cfa9ba300b6adcc8da869d4973,2023-02-15T16:14:59Z
linear/linear,@linear/sdk@2.3.0,3631f0fff7a4b6fda3cc5f7bb5da0f05ff6dbbfa,2023-02-15T22:33:50Z
linear/linear,@linear/sdk@2.4.0,af28502c79868a22a966a3b2f7d025eb4cdb3721,2023-02-23T16:17:04Z
linear/linear,@linear/sdk@2.5.0,bded27ebbd4dc619f2fd799c69cf4555f8779b45,2023-03-09T01:26:37Z
linear/linear,@linear/sdk@2.6.0,343c8cf561bb15c966c938f17bb7feb5e6835874,2023-03-10T07:02:53Z
linear/linear,@linear/sdk@3.0.0,37d421f8744b2f9c6dab8862b736a135ab92689f,2023-04-13T15:54:00Z
linear/linear,@linear/sdk@4.0.0,36bbdec36ca55ad6190293318fafec2749dcde91,2023-05-12T18:49:55Z
linear/linear,@linear/sdk@5.0.0,94d9241e58d7a45284903d08422daa1217b91d0c,2023-05-25T01:10:29Z
linear/linear,@linear/sdk@6.0.0,fa009672e2110c551e225c87bd4b351ad0bcd854,2023-06-14T14:34:44Z
linear/linear,@linear/sdk@7.0.0,13e80be2d916f65696dfb1d585e23266c1639767,2023-07-26T00:49:55Z
linear/linear,@linear/sdk@7.0.1,3452ce144ee6dae8e8c6dccbdcc312e6dde95b72,2023-07-31T19:56:47Z
linear/linear,@linear/sdk@8.0.0,5876df87b446fac8a4a2137f6568ab0a0f2d6829,2023-08-25T21:44:30Z
linear/linear,@linear/sdk@9.0.1,75f1ea1a6697538ef28f07e02bd755a12e877675,2023-10-13T15:19:34Z
linear/linear,@linear/sdk@10.0.0,a85377a520941c98d820893037d6942670100222,2023-10-31T16:21:33Z
linear/linear,@linear/sdk@11.0.0,4c5db02a08fe43efb882b4b2a75c46d4d2e720b7,2023-11-09T19:48:24Z
linear/linear,@linear/sdk@12.0.0,7bf3143750e72feda3e18921b303a94cb9eb3173,2023-11-28T03:43:37Z
linear/linear,@linear/sdk@13.0.0,eb0e8ddd6dc8325eb9352b96ad4eefd10120473b,2023-12-19T22:14:32Z
linear/linear,@linear/sdk@14.0.0,7eb04f532527742957116f360b9b7f3ffabda842,2024-02-24T00:29:18Z
linear/linear,@linear/sdk@15.0.0,48ae166b4fa000d1594ab921f234b63fb3e6864d,2024-03-01T09:51:31Z
linear/linear,@linear/sdk@15.0.1,f7692350bb4099bfbebafb1c8fe55143783e76bf,2024-03-01T19:44:34Z
linear/linear,@linear/sdk@16.0.0,f118fb0e23026d9a09a215f24ea8ba1d6c6efc4c,2024-03-04T17:00:24Z
linear/linear,@linear/sdk@17.0.1,1305f73216aba778fdd313755e3ebe35cc7789fa,2024-03-08T00:19:36Z
linear/linear,@linear/sdk@18.0.0,ac82acdf2784ef2bb0f6cbc612c583e7e64005dd,2024-03-11T15:17:23Z
linear/linear,@linear/sdk@18.1.0,4e9d3e1e744393125debdb3943486a0bbe0091a1,2024-03-18T19:59:18Z
linear/linear,@linear/sdk@19.0.0,f49a536169e751d449e81730d305bbda7b234789,2024-03-19T00:38:51Z
linear/linear,@linear/sdk@19.1.0,b9a0afb13e116044f559c484bb18ac85f3db5393,2024-03-19T18:12:30Z
linear/linear,@linear/sdk@19.1.1,b317ca15bb606a495a1ffeb71bbb9d25c133e831,2024-03-20T23:42:52Z
linear/linear,@linear/sdk@19.2.0,41b5899dbf4a9dbbe351e09f8d04cd2d9fd5f7f8,2024-03-23T00:33:55Z
linear/linear,@linear/sdk@19.3.0,9e8bd69a21402ab47e6dccc6c5ca512c94fe873f,2024-03-27T00:43:13Z
linear/linear,@linear/sdk@20.0.0,a0d6cb750f0b374eb6c21884b97f63c3e0ab2ec3,2024-04-19T22:22:13Z
linear/linear,@linear/sdk@21.0.0,7c62e76b4f6909d2813805b7367139678bf18280,2024-04-30T16:31:16Z
linear/linear,@linear/sdk@21.1.0,f38b308a7e2e606c6282ea9ec057b08e09607838,2024-04-30T18:15:05Z
linear/linear,@linear/sdk@22.0.0,e68ee8b9bea443c59eeb2c817456a1302f49a149,2024-05-25T02:16:57Z
linear/linear,@linear/sdk@23.0.0,28d854b3262c220fa878bca8d4e249084e0be3e0,2024-06-17T16:38:52Z
linear/linear,@linear/sdk@24.0.0,c348d0989d1b81a3010157eb41952f0997ff8172,2024-06-27T00:35:01Z
linear/linear,@linear/sdk@25.0.0,9f72a8f3e50d402bb1b2ff22dd19087d9eb51152,2024-07-29T11:14:52Z
linear/linear,@linear/sdk@26.0.0,d5918c195ceaacedf5dc4768db906b445ee4bf5c,2024-07-30T18:36:32Z
linear/linear,@linear/sdk@27.0.0,42ff0d55e34a5f700ad04a034d87c8a8eae77288,2024-08-06T23:35:30Z
linear/linear,@linear/sdk@28.0.0,ac2b19e418e909889c9754d91d5fb99006d03e7b,2024-08-31T00:37:23Z
linear/linear,@linear/sdk@29.0.0,9262e0c2feabd17ea6cf65ec5b9bbe14a2bb0419,2024-09-03T17:00:15Z
linear/linear,@linear/sdk@30.0.0,3ab7cab1bef0e158466f4f0916b1984ec770c95c,2024-09-13T17:12:09Z
linear/linear,@linear/sdk@31.0.0,1174a2fc219c7714a00bd907c381e7e9f441925f,2024-10-04T21:54:54Z
linear/linear,@linear/sdk@32.0.0,c47d4bda50edf22a1c6dfab78470adb975df9db5,2024-11-01T22:17:33Z
linear/linear,@linear/sdk@33.0.0,694e823bb0f8044923abd411a48d7e49b242b2a0,2024-11-19T13:45:43Z
linear/linear,@linear/sdk@34.0.0,7d16cb1f9a880da439af261817e68997a4836312,2024-12-11T16:52:11Z
linear/linear,@linear/sdk@35.0.0,43f6b1ad6edbd085d026c467cc44d082f5c9600a,2024-12-12T17:53:44Z
linear/linear,@linear/sdk@37.0.0,ec795ae72a75a8bc09aceba9caa13a47030288b8,2024-12-20T18:41:38Z
linear/linear,@linear/sdk@38.0.0,d7f977b3f0eaf3e2d8aae22db208ab32d3e7dadc,2025-01-23T10:11:16Z
linear/linear,@linear/sdk@39.0.0,f48935e7feee0bd67070884c8989e81f93d9b275,2025-04-10T17:52:02Z
linear/linear,@linear/sdk@39.1.1,a8534acfb58fbbddf9d36ef1813fcbdbd9558a42,2025-04-22T11:04:30Z
linear/linear,@linear/sdk@39.2.1,22e57323cdbf66d21f73861353e7a901244f79b6,2025-05-07T20:50:02Z
linear/linear,@linear/sdk@40.0.0,b1ef482181955a1f0a409a9efaf80a6656ff46a3,2025-05-13T20:59:56Z
linear/linear,@linear/sdk@41.0.0,dab31e2d3fe64a4c3e92ef46c69384f0196cc04c,2025-06-04T17:28:21Z
linear/linear,@linear/sdk@42.0.0,d2d3ade75bf1450e9943e9661468915abbb4ef4c,2025-06-05T17:53:51Z
linear/linear,@linear/sdk@43.0.0,145df3635e895ec68b3a323e9da282d84b3966e3,2025-06-06T17:47:42Z
linear/linear,@linear/sdk@44.0.0,202397d9431b3d89334f497fc96c1835a0c251e8,2025-06-09T20:16:27Z
linear/linear,@linear/sdk@44.1.0,87bf76d154a122aac80874b15f3b717fe6fdc7bd,2025-06-11T00:57:11Z
linear/linear,@linear/sdk@45.0.0,66496bbf6968032bd3f3bd17efaaa869d187c37f,2025-07-02T03:15:03Z
linear/linear,@linear/sdk@45.1.0,b2ed024fc030402b8c0b53f83e828238e9ce2e9f,2025-07-02T17:27:51Z
linear/linear,@linear/sdk@45.2.0,f72e457e2792fb286f4fb0804a0a377e8bedb67b,2025-07-03T15:04:17Z
linear/linear,@linear/sdk@45.3.0,56d5f13a4442a0c0a64fcef38bf2dfe82cf991c3,2025-07-03T15:55:40Z
linear/linear,@linear/sdk@46.0.0,e000b5302257c6f265b7b62fbe6fe42e9e7af957,2025-07-07T13:17:17Z
linear/linear,@linear/sdk@47.0.0,0b9f173bcce6939b1139281095b1345d96e1c944,2025-07-09T00:14:22Z
linear/linear,@linear/sdk@48.0.0,2a974954ced68b52316e597b63dd78cd3fb78184,2025-07-10T18:48:08Z
linear/linear,@linear/sdk@49.0.0,675c4f8770d04358c0188a61f440d443a04a2fc2,2025-07-11T20:49:13Z
linear/linear,@linear/sdk@50.0.0,507720dad2bc3b8ec446e97a902573fa1a938693,2025-07-11T22:13:16Z
linear/linear,@linear/sdk@51.0.0,aebf90c9808eade39a38760caadab88622024b20,2025-07-14T21:28:00Z
linear/linear,@linear/sdk@51.1.0,02e624a6a65e37ab891196916bc5c3d3cc0f0e25,2025-07-15T23:08:46Z
linear/linear,@linear/sdk@52.0.0,09efe3a8db62acf7fda3e1d55b3549a4e585e0ca,2025-07-16T20:41:15Z
linear/linear,@linear/sdk@52.1.0,3b3b609b338f0550ccc3d90ef2377579d7d24e0f,2025-07-21T22:07:34Z
linear/linear,@linear/sdk@53.0.0,7c725ffa2be3a8ed7e7228cc5e4ff6e2fec87acd,2025-07-22T01:27:18Z
linear/linear,@linear/sdk@54.0.0,ad68b43c81d8594e84a83df8b7d2b47e77c91f50,2025-07-31T17:12:46Z
linear/linear,@linear/sdk@55.0.0,b57bbc36261664c71aae207a64d6cb0af20ab5cd,2025-08-04T17:20:29Z
linear/linear,@linear/sdk@55.1.0,0c57ca66a93f5037989fe3e2b503f78335732390,2025-08-08T03:31:17Z
linear/linear,@linear/sdk@55.2.0,cebfa7272f3bab557529005fcbaa95b1eb5797a6,2025-08-08T19:02:57Z
linear/linear,@linear/sdk@55.2.1,52fa3c9a141089dac8846104b612ea1c3b6ed969,2025-08-09T19:31:36Z
linear/linear,@linear/sdk@56.0.0,61d68d6b5ea7ba4000696dd588fa8a38d8f88238,2025-08-15T15:17:58Z
linear/linear,@linear/sdk@57.0.0,77592394b74911e2aa16e05c709a9f8e520422ce,2025-08-21T18:00:47Z
linear/linear,@linear/sdk@58.0.0,0136712f91938915b0f9032d960a0e90095e521c,2025-08-25T23:09:53Z
linear/linear,@linear/sdk@58.1.0,799834a99eab33c92cdd32bc50ae394daf69245b,2025-08-28T00:52:07Z
linear/linear,@linear/sdk@59.0.0,50ba9e727eccb458bc8182bb534e5bbf2f40ea38,2025-09-09T15:58:45Z
linear/linear,@linear/sdk@59.1.0,b4ec80cffcac3954ef10d2f9ea381a5642a0678b,2025-09-09T19:36:48Z
linear/linear,@linear/sdk@60.0.0,b7a3ef6432f50ca9ce98dda0f4eb427590cdb751,2025-09-17T00:45:45Z
linear/linear,@linear/sdk@60.0.1,88ac63294fed98cac9cebdd3459bfe44467b225f,2025-10-18T01:59:45Z
linear/linear,@linear/sdk@61.0.0,73a7fda0f28c36f321b3fcd95feabd455dd67a2a,2025-10-18T03:08:21Z
linear/linear,@linear/sdk@62.0.0,b6f3d11ef3f12d1b9a4a96465cfea274f906e4a5,2025-10-23T15:58:13Z
linear/linear,@linear/sdk@63.0.0,5a308978229da2aa092177055446669af657c034,2025-10-27T16:02:28Z
linear/linear,@linear/sdk@63.1.0,a971b8d5d2f8d98aff4fed9bcd49037783c5ae42,2025-10-31T17:56:06Z
linear/linear,@linear/sdk@63.2.0,d6afd1dff6d0c9dabc5e9cd57db47a040a9c18a3,2025-10-31T23:21:44Z
linear/linear,@linear/sdk@63.3.0,7f03d039cf603251777b6eb0e78f17362516c084,2025-11-08T00:22:07Z
linear/linear,@linear/sdk@63.4.0,024fac32621bccd07de4b5b67a8eef9a5477d46f,2025-11-11T01:01:20Z
linear/linear,@linear/sdk@64.0.0,c76dbfac7bf2e7287e0b436212be91531dab29fb,2025-11-15T00:48:24Z
linear/linear,@linear/sdk@65.0.0,d0fa2eaae0d05c948d23810b1f7388391240c673,2025-11-22T02:07:28Z
linear/linear,@linear/sdk@65.1.0,ef3464b63e7e642e489b489f57b1b9b66510f618,2025-11-28T08:01:43Z
linear/linear,@linear/sdk@65.2.0,1d0c787f465e5625cf0e08ad377bf1329a09e137,2025-12-05T16:50:25Z
linear/linear,@linear/sdk@68.1.0,571855515f980b15e884a2b7e141f957aefa6007,2025-12-26T18:09:56Z
linear/linear,@linear/sdk@68.1.1,f54ec2dd2d382c55b02c42127384995ff275955b,2026-01-07T17:01:47Z
linear/linear,@linear/sdk@69.0.0,b6d41f5c585c1721e504a4492558eed72810585a,2026-01-07T17:39:59Z
linear/linear,@linear/sdk@70.0.0,28e4a10eaa5da5de29cb1b909e38d34f8759504c,2026-01-12T15:41:11Z
linear/linear,@linear/sdk@71.0.0,53f9b08781965d0f204d44073a2328ceda55e32f,2026-01-21T16:48:00Z
linear/linear,@linear/sdk@72.0.0,7af3c0bf0a83a8fe5a03d608ab9a0c4aa3cc5218,2026-01-27T18:06:24Z
linear/linear,@linear/sdk@73.0.0,15e0ea3131b35a7d3b65531a32b01a42412902cb,2026-01-30T21:33:53Z
linear/linear,@linear/sdk@74.0.0,bc8f09131a564deb428078e5e8809a52401e5efb,2026-02-06T22:22:40Z
linear/linear,@linear/sdk@75.0.0,4d9cdbf0beb1d1da1824deb5ff3cd458c71380c9,2026-02-09T21:11:03Z
linear/linear,@linear/sdk@76.0.0,9b2fa87c31303035a699c9e21f4e839bb5c8bf31,2026-02-25T01:58:28Z
linear/linear,@linear/sdk@77.0.0,101fe9d3fc07c3996424b08e92ac3c52cb7c350c,2026-03-10T06:23:58Z
linear/linear,@linear/sdk@78.0.0,207bb3825a9090cd815abe65c91bbe9f2bf474ac,2026-03-17T15:07:08Z
linear/linear,@linear/sdk@79.0.0,fc14c7041ebdd095a8d914dc3b05843adb07c387,2026-03-24T19:08:22Z
linear/linear,@linear/sdk@80.0.0,80683f261d6ce100a875e2d13670e83793fc936c,2026-03-25T02:20:49Z
linear/linear,@linear/sdk@80.1.0,f5978f96571c0dc2d95634ce6c9e29ddef3451fe,2026-03-31T22:35:42Z
linear/linear,@linear/sdk@81.0.0,a79de277da6c210970dd0768a414b54acc117a2d,2026-04-07T23:27:30Z
linear/linear,@linear/sdk@82.0.0,62dcde5014e35c667a633f3fa1056c80fb79aafe,2026-04-18T04:28:59Z
linear/linear,@linear/sdk@82.1.0,b2fe1f32175c537d1a8eaf2b4127ffa401180b3a,2026-04-21T01:03:11Z
linear/linear,@linear/sdk@83.0.0,c205b3c8e3f086c2a13e316f6051a60613805d0a,2026-04-30T18:19:15Z
linear/linear,@linear/sdk@84.0.0,02f32c15c2b964293cf7cc25401b3d791f5d67fe,2026-05-07T16:47:28Z
linear/linear,@linear/sdk@85.0.0,fce4305857263cd4090470fd5ef6a9bba6eadfed,2026-05-21T16:27:45Z
linear/linear,@linear/sdk@86.0.0,47d62e14f21a6a34df90ec3484b5528597602752,2026-05-22T20:20:52Z
linear/linear,@linear/sdk@87.0.0,28d6461e0ed8223cc39aca9cd6606ee6d66eaa13,2026-06-23T01:37:11Z
linear/linear,@linear/sdk@88.0.0,0d52d0a1574f0dfeb9b29a679cf1ecfc9148e7d0,2026-07-01T22:03:39Z
linear/linear,@linear/sdk@88.1.0,202a5e0fbce142cd1f0cd5c5265c3a310f629702,2026-07-08T16:17:57Z
linear/linear,@linear/sdk@88.2.0,addf9aeaec0af1323ad48dc192999afd5255e67d,2026-07-14T20:31:39Z
linear/linear,@linear/sdk@88.3.0,8335e09a17dd8aa351dace3d05a94a55e78dad2a,2026-07-22T22:59:29Z
linear/linear,@linear/sdk@89.0.0,7ef4c5024f88667b2c85057ff4c905676c4a93c2,2026-07-30T08:11:11Z
linear/linear,@linear/sdk@90.0.0,a3480b14b31a0d92447224143ececa7698ac0625,2026-08-13T06:28:44Z
linear/linear,@linear/sdk@91.0.0,28aea7d685b918e673e83864ddb0d413eb86be0b,2026-08-21T16:00:55Z
linear/linear,@linear/sdk@92.0.0,fed840a976a755c8a9e5ecb6948f66307114e88c,2026-08-27T15:23:54Z
linear/linear,@linear/sdk@93.0.0,7ba414474ddb26e389d6c6f05f25a0428be42f1d,2026-09-03T17:53:04Z
linear/linear,@linear/sdk@93.0.1,c57cbba2f151f08beb47ec9841d74930d10bb846,2026-09-04T00:33:28Z
linear/linear,@linear/sdk@94.0.0,716871f2042cee9495220276b8ca28b0c35343f4,2026-09-08T20:22:24Z
linear/linear,@linear/sdk@95.0.0,23f11eb41ef63ba219ec582911079c19d1abbf62,2026-09-09T23:11:33Z
linear/linear,@linear/sdk@95.1.0,3addb24bdf771700da1c050742e70e645cc7e36a,2026-09-16T19:06:47Z
linear/linear,@linear/sdk@95.2.0,073db61faaf87dcd6a457bc539a1ee01b742eba1,2026-09-23T06:20:56Z
linear/linear,@linear/sdk@96.0.0,41cff77b3a62d93a30c3c3ceabc92ab77333f9da,2026-09-24T21:14:43Z
linear/linear,@linear/sdk@97.0.0,2a3ac4cfd28af84b98c439efa74b1e32b2ce985b,2026-09-28T13:40:33Z
linear/linear,@linear/sdk@97.1.0,7d2bc4279f1887cf763c59f9a173d9c590620023,2026-10-07T19:39:20Z
linear/linear,v0.0.2,220e3ff0230cae353c1cd4156490aed916c6a102,2019-01-26T02:28:18Z
linear/linear,v0.0.3,cbf419be1592d1399ab8b8099a017aa367903dce,2019-01-26T03:49:22Z
linear/linear,v1.3.0,6f286d0db379a3865c388cfd8dacdc53864e8361,2021-02-15T23:20:23Z
linear/linear,v1.3.1,a07ef2cee653da83f1b09e96208d91468aa07bea,2021-02-15T23:28:51Z
levy-street/world-of-claudecraft,electron-dev-test-0.1.0,3dd88cb7a99c77fdf3cbe041b350a6bc33dc2cdf,2026-06-13T07:44:58Z
levy-street/world-of-claudecraft,predamage-a229fc52b,a229fc52b47e9dc0fd6ed360a9bd8a36cb1b1309,2026-07-31T03:04:48Z
levy-street/world-of-claudecraft,trailer-v01,c54e2f816100f064e04c58946e552f4e7dff308c,2026-06-12T05:01:33Z
levy-street/world-of-claudecraft,v0.3.0,a5b466351cedb3d7e385dc002579b9133a85584b,2026-06-13T10:51:59Z
levy-street/world-of-claudecraft,v0.4.0,cd550fd69986d71c3b15301fdd6c52c27a5f66da,2026-06-14T03:23:54Z
levy-street/world-of-claudecraft,v0.5.0,0c48f99bd5643c51860bba87a4e5070cef804216,2026-06-14T13:27:36Z
levy-street/world-of-claudecraft,v0.6.0,ac7e28b4109b5079209a18f79422a6450d0b7d91,2026-06-15T06:14:50Z
levy-street/world-of-claudecraft,v0.7.0,8a48442aa5cb8ba39d9c3e61345cc7716974fde3,2026-06-16T09:58:56Z
levy-street/world-of-claudecraft,v0.8.0,6015b7aa5a346b7ad4204b9adc17a7f3c68309d0,2026-06-17T07:58:19Z
levy-street/world-of-claudecraft,v0.9.0,2456da9853ea260791a947d6fdb2a60b2f0164c7,2026-06-17T08:23:52Z
levy-street/world-of-claudecraft,v0.9.1,63c7ca4d08f327208431bdbceb91f1a2d6f880dc,2026-06-18T12:06:53Z
levy-street/world-of-claudecraft,v0.10.0,415f67a56eb31fa34239b12bae81d39f0b2a179c,2026-06-19T15:38:36Z
levy-street/world-of-claudecraft,v0.11.0,87df20e7fd0f57f02dc8efe9cd9693be0c8f8ed5,2026-06-20T13:20:51Z
levy-street/world-of-claudecraft,v0.12.0,663ba5317297f826beb8de73953d5b2c21960812,2026-06-21T16:12:58Z
levy-street/world-of-claudecraft,v0.13.0,58507cf682216dc98b583f9085f8a52abf01d3c8,2026-06-22T10:37:22Z
levy-street/world-of-claudecraft,v0.14.0,80d14370912e632c5b54b8a0007de5fd7a9f90a9,2026-06-22T22:58:17Z
levy-street/world-of-claudecraft,v0.14.1,c52b607df7ad6d160743bfa52a75c5cad292a58e,2026-06-23T22:58:52Z
levy-street/world-of-claudecraft,v0.15.0,c983a4fb5ba903d4d1c40e8833d9696be9a3087c,2026-06-24T10:54:17Z
levy-street/world-of-claudecraft,v0.16.0,7c353ba971ddf8003c3dde4a07ac7ea91bd7c694,2026-06-29T12:58:56Z
levy-street/world-of-claudecraft,v0.17.0,b00fb6a5d6d0e1ffab9327ddcbfeb730267ab05e,2026-06-30T15:44:45Z
levy-street/world-of-claudecraft,v0.18.0,04c4338a18214f6342ad99cd102f318fb6cd41dd,2026-07-01T14:53:31Z
levy-street/world-of-claudecraft,v0.19.0,39c88fdc3e4f477aca0f6ab68627244d6a4c75fb,2026-07-02T20:57:24Z
levy-street/world-of-claudecraft,v0.20.0,4cedc7fbf49e7179f4c29b3db2d0b2bc5bab3d25,2026-07-04T09:56:32Z
levy-street/world-of-claudecraft,v0.21.0,914b5c659c310f548fdaf993bd530b37c2cf0b97,2026-07-05T12:07:50Z
levy-street/world-of-claudecraft,v0.22.0,cf3a64a969e376f72adbdd4ec3c2829b6d436cf7,2026-07-06T13:29:31Z
levy-street/world-of-claudecraft,v0.23.0,8a3deb7886f189caa2217d4c5087552069c3c5b8,2026-07-09T08:24:11Z
levy-street/world-of-claudecraft,v0.24.0,fa435903a78a290505da3dea1ad36187a6751e86,2026-07-11T12:15:44Z
levy-street/world-of-claudecraft,v0.24.1,a45d20eb3223032825334910979a0a2ab6c01140,2026-07-11T23:04:50Z
levy-street/world-of-claudecraft,v0.24.2,b8b1a76cd7bb684bc7c0902d1c92583a965b44e2,2026-07-12T12:06:01Z
levy-street/world-of-claudecraft,v0.25.0,21afffab7901ec63c82fe1918be84a4366ab1547,2026-07-13T12:31:14Z
levy-street/world-of-claudecraft,v0.26.0,b948d47f17761f3f4d20cfd8e684dfb5b04ee71c,2026-07-15T13:21:59Z
levy-street/world-of-claudecraft,v0.27.0,b72b893a05fb2dfa5854edddfb29d4738e0f7f17,2026-07-18T04:28:45Z
levy-street/world-of-claudecraft,v0.27.2,2edc3ac17d0d741aab7ba99bea0bbe3dc34e503b,2026-07-19T04:15:26Z
levy-street/world-of-claudecraft,v0.28.0,623b10aeed496489c9e15e88adbbaae3b9db9168,2026-07-20T09:45:34Z
levy-street/world-of-claudecraft,v0.29.0,571570f2d05eb27ad6f8bf54fb33fadc7d70f401,2026-07-23T02:35:21Z
levy-street/world-of-claudecraft,v0.29.1,a7f18541d928e356edba104c149a5be5593fc54c,2026-07-23T16:22:18Z
levy-street/world-of-claudecraft,v0.30.0,323b73f0bfa608af8abf6868d8bc41244dc489cb,2026-07-25T15:25:40Z
levy-street/world-of-claudecraft,v0.31.0,a3e5e9596a8e9e7d37b5b23efbbb0f2cd846c0c9,2026-07-27T10:19:38Z
levy-street/world-of-claudecraft,v0.32.0,4fd3841cda020bcdf5c4708ae58690f712664817,2026-07-29T21:58:27Z
levy-street/world-of-claudecraft,v0.32.1,41c3992e77f2e5c746b75d4416a01ce8595cde3b,2026-07-30T06:24:17Z
levy-street/world-of-claudecraft,v0.32.2,cab45abd4322643f31c694902699e5f547cc395b,2026-07-31T05:41:17Z
levy-street/world-of-claudecraft,v0.32.3,05398359150eb9073d5f52d05add8fe4787cd77f,2026-07-31T08:22:57Z
levy-street/world-of-claudecraft,v0.32.4,ae715fa623154f5833344d8f8b91388494ed685c,2026-07-31T12:51:30Z
levy-street/world-of-claudecraft,v0.33.1,96d0077cd896c368afab67a6d370d169cbf9ae25,2026-08-02T11:36:02Z
levy-street/world-of-claudecraft,v0.34.0,dd03adab4e178f00966d136925812ce1737be7ed,2026-08-04T12:29:47Z
levy-street/world-of-claudecraft,v0.35.0,db55c920c3601edc28f6642ebf6e21a4532ec159,2026-08-07T11:20:22Z
levy-street/world-of-claudecraft,v0.35.1,7e8c2c3cd8136242a2d8ff29c376dd2bef66f849,2026-08-08T02:40:14Z
levy-street/world-of-claudecraft,v0.36.0,0f7d09d59a36afba85f057e71a868f0c2de2f000,2026-08-11T03:21:40Z
levy-street/world-of-claudecraft,v0.37.0,4a33a2c769f98489ab4a7898f4b6ee0cdc4179d9,2026-08-13T00:07:14Z
levy-street/world-of-claudecraft,v0.37.1,492d321eec2541ee6a235470ee53a0b2ad0cb4fc,2026-08-13T08:29:30Z
levy-street/world-of-claudecraft,v0.38.0,ac6c878fdc9d663e544c2d206fb943bce2551b12,2026-08-15T06:33:58Z
levy-street/world-of-claudecraft,v0.38.1,d2d1a8ad5c1121f38c52ca2709d88b84adbe5c9e,2026-08-15T08:39:02Z
levy-street/world-of-claudecraft,v0.38.2,1fd1f2e247ff7a8af54b6a7aed131d0f4035238d,2026-08-15T23:45:28Z
levy-street/world-of-claudecraft,v0.38.3,6421a95c84162141e5a921b5f68512582b27d734,2026-08-17T00:36:12Z
levy-street/world-of-claudecraft,v0.38.4,d4601a5494ae7c891e7e296f7cc86fbfe958e934,2026-08-17T11:31:12Z
levy-street/world-of-claudecraft,v0.39.0,e56707a675013fc1a86bb19d31a0a8d79a02a197,2026-08-19T10:10:51Z
levy-street/world-of-claudecraft,v0.39.1,e2c8d52886dc7960428237034a4f3d320afc3bb7,2026-08-20T11:13:23Z
levy-street/world-of-claudecraft,v0.39.2,e6a93004726e12fd21b8fd996f4e52179904794e,2026-08-21T21:22:38Z
levy-street/world-of-claudecraft,v0.39.3,c7bdd452024fe27e4c3d093dfa07c86e2e1847fb,2026-08-22T01:33:37Z
levy-street/world-of-claudecraft,v0.40.0,ff2837da1f16b1740c5d0f47eef96176ff6b9e6a,2026-08-25T06:04:34Z
levy-street/world-of-claudecraft,v0.40.1,ac3eec5f9126300c107fb4c88d2a97e364e74830,2026-08-26T19:29:35Z
levy-street/world-of-claudecraft,v0.41.0,22e909839f345bc8b60b33b9dd1ceccb1f4af3e3,2026-08-31T15:03:51Z
levy-street/world-of-claudecraft,v0.41.1,c38a6e0fffa0d5b99f011be220b077c0940b13ee,2026-09-01T11:08:03Z
levy-street/world-of-claudecraft,v0.41.2,ce662ac6eedcd92768b9eb4f06f158d976f0e939,2026-09-02T08:23:08Z
levy-street/world-of-claudecraft,v0.41.3,181fd59a07efbe72fb2edd69e30ca3b6213b1b99,2026-09-03T11:51:12Z
levy-street/world-of-claudecraft,v0.41.4,511ee2e1fa541eaa4a7b6efb464e586d077084ad,2026-09-05T08:28:49Z
levy-street/world-of-claudecraft,v0.42.0,df2ae9880fa2273294c395c195de18d7a9e86020,2026-09-09T10:17:27Z
levy-street/world-of-claudecraft,v0.42.1,4b84a726c167ad33f17c66ee0236b51af650d064,2026-09-10T08:32:08Z
levy-street/world-of-claudecraft,v0.42.2,83347159f70103c887768fc0aa0e6aff0d030e8d,2026-09-11T12:26:58Z
levy-street/world-of-claudecraft,v0.43.0,3503e51545d69532de60642c5ae01e6000be4d03,2026-09-17T05:42:27Z
levy-street/world-of-claudecraft,v0.43.1,5e903cb67a1dadcbacdbf8208d690fcd43203669,2026-09-17T09:51:55Z
levy-street/world-of-claudecraft,v0.43.2,f4b0261511ceea49ddd97454710ba0d315f0f76f,2026-09-17T11:15:32Z
levy-street/world-of-claudecraft,v0.43.3,cecebab4da06287351b37e118c630c185717b81c,2026-09-21T03:04:00Z
levy-street/world-of-claudecraft,v0.44.0,9b57e49c9676d75962700f828cc00a50a9a988b5,2026-09-28T04:56:21Z
levy-street/world-of-claudecraft,v0.44.1,fc4022b985ca643aa6e1e11ac69e038c681613e5,2026-09-30T00:15:31Z
levy-street/world-of-claudecraft,v0.44.2,4ff6cb086390bc10852cb7d9b627420a843e492b,2026-10-01T09:35:50Z
levy-street/world-of-claudecraft,v0.44.3,7c1d0349afcb985fa20d0ec71ad878174322af4f,2026-10-03T02:37:48Z
levy-street/world-of-claudecraft,v0.44.4,f46f30f5849989e44d7aa1bf62b3b14e435bc2fe,2026-10-05T07:56:33Z
levy-street/world-of-claudecraft,v0.44.5,e00bec9113a2c334649f62b947be1588cdce930d,2026-10-07T03:51:37Z
Kong/unirest-java,1.3.0,66c80bd78441fcd7cbe8283c87d7352c2a875846,2013-11-04T18:29:32Z
Kong/unirest-java,unirest-java-1.3.0,a61dffe224ac8dd85fbaa0dfc4cac18384d39cd3,2013-11-04T18:44:53Z
Kong/unirest-java,unirest-java-1.3.1,25a1f95958363f3883521c80a3deaca086bc178a,2013-12-04T01:30:41Z
Kong/unirest-java,unirest-java-1.3.2,211337c78e3e27dee57e9bef83f6a61744cf15a9,2013-12-12T20:37:47Z
Kong/unirest-java,unirest-java-1.3.3,c2504345ee8fd044098119f16f26adaa58435971,2013-12-14T02:13:06Z
Kong/unirest-java,unirest-java-1.3.4,9ec0ef3c6f1c976a2f3b4762e3e7704564675b9c,2014-02-11T01:48:59Z
Kong/unirest-java,unirest-java-1.3.5,1b79ce92a3ad854ab4050e27c96f3aba68b119fd,2014-02-14T00:37:08Z
Kong/unirest-java,unirest-java-1.3.6,3af50864c5926d162af44d0e7cc49475efdce583,2014-02-27T20:05:35Z
Kong/unirest-java,unirest-java-1.3.7,bf5576b8b1c428f1d3cce807180137812e809de5,2014-03-07T23:01:27Z
Kong/unirest-java,unirest-java-1.3.8,6781b3449dd428d73745fa7fc0a42038768e594d,2014-03-18T19:27:00Z
Kong/unirest-java,unirest-java-1.3.9,c46722d218a4109ee3e453a43e747e45894a5407,2014-03-25T03:41:32Z
Kong/unirest-java,unirest-java-1.3.10,cd5fbd8a9a32e9d9a73ce982658bb0646c9526ed,2014-04-17T03:00:24Z
Kong/unirest-java,unirest-java-1.3.11,c9fc6669ad4ce6e8b8982d0d955e30e72e5978c4,2014-04-24T21:56:20Z
Kong/unirest-java,unirest-java-1.3.12,18671f75aa57a7ea21a7dbbd550c996fac758bfa,2014-06-13T01:19:40Z
Kong/unirest-java,unirest-java-1.3.13,d58bc51f8f99863360fcdace04bdfff32d2df1d6,2014-06-17T22:13:12Z
Kong/unirest-java,unirest-java-1.3.14,2e66a6f04746c978094b3623b5a846da47ad320f,2014-06-17T22:52:49Z
Kong/unirest-java,unirest-java-1.3.15,58f9ace4e2b5c0ca8c3c8f2b95e4e95b9f216b49,2014-06-17T23:11:13Z
Kong/unirest-java,unirest-java-1.3.16,07bbfd50ab1cfc883c41ccc43a8f904bcb9172fa,2014-06-18T06:56:09Z
Kong/unirest-java,unirest-java-1.3.17,3bb02a777ba956b0f364b413a5a3948d5d032179,2014-06-18T07:15:46Z
Kong/unirest-java,unirest-java-1.3.18,ae4b0c4d128c13e59bbf6b21511270fcd2491e6b,2014-06-18T07:38:31Z
Kong/unirest-java,unirest-java-1.3.19,6f9f7bbec6fb45ce96e2106cc4a4df8098cdcd12,2014-06-20T06:39:36Z
Kong/unirest-java,unirest-java-1.3.20,4c835a17b97403cbe62def84a72593f4127f66fc,2014-06-21T00:28:27Z
Kong/unirest-java,unirest-java-1.3.21,da8732c98a1284e9a4a170fa8df1e788e1dfa4aa,2014-06-23T09:44:54Z
Kong/unirest-java,unirest-java-1.3.22,942a7fdd6a4fea4bb44f2f45ae5eea127f6f1c26,2014-08-13T23:54:39Z
Kong/unirest-java,unirest-java-1.3.23,f06f76c1395749805eeafdeec1d40d43c7c914c2,2014-10-22T01:26:34Z
Kong/unirest-java,unirest-java-1.3.24,fc529fdea3ebc848bebc10e8f86a52019e8c341d,2014-10-22T01:36:43Z
Kong/unirest-java,unirest-java-1.3.26,0dda44007c35eebf4138835a2f25b048e96503c7,2014-11-03T22:03:48Z
Kong/unirest-java,unirest-java-1.3.27,cad087957480be05b8c9a9f1dd414102f1b0e3aa,2014-12-04T10:13:56Z
Kong/unirest-java,unirest-java-1.3.28,77110b856a92a5f541d2c0d1a5a9971796a09db4,2015-01-26T20:05:54Z
Kong/unirest-java,unirest-java-1.4.0,b5584bfcd7167001f05fd1800233311325df70d6,2015-01-27T20:50:44Z
Kong/unirest-java,unirest-java-1.4.1,7cd1aeb76ef523c63b65904d555062ab48de32df,2015-01-27T21:10:54Z
Kong/unirest-java,unirest-java-1.4.2,8d85ecd3b5c6487d987622d396a60fe856e3d7d0,2015-01-30T19:55:55Z
Kong/unirest-java,unirest-java-1.4.3,fc8299aef5ddcc2f5932820926176c0114a8f5df,2015-01-31T00:53:45Z
Kong/unirest-java,unirest-java-1.4.4,223095be354fce24d0c036510c71feb5a44843b5,2015-02-04T21:31:03Z
Kong/unirest-java,unirest-java-1.4.5,d9663b60334093ddc62fc694ef546589df5599c7,2015-02-19T21:59:37Z
Kong/unirest-java,unirest-java-1.4.6,6c7fdaba548466b59ad3b57ff71800dc41e15d59,2015-07-08T18:27:11Z
Kong/unirest-java,unirest-java-1.4.7,9849fb708056cfb74767531ef892b1e08a706ade,2015-08-28T19:33:15Z
Kong/unirest-java,unirest-java-1.4.8,6f3e56e8dae9479f5c8a9f121834ecc99ed5e76d,2016-02-04T00:33:06Z
Kong/unirest-java,unirest-java-1.4.9,1fc574258c771c6a49b34b0f5a0c41d285ac62ef,2016-03-31T22:58:53Z
Kong/unirest-java,v2.0.00,5539d78d65ccc38a180739801a4dc50b6a9dd924,2019-03-03T23:21:38Z
Kong/unirest-java,v2.0.01,92b1f2f0bf196cb51c94513828df99a927030d2e,2019-03-05T20:53:43Z
Kong/unirest-java,v2.0.02,a05ac96ea9f3da7dffaaae9e2cf7d33b93835ebe,2019-03-07T00:30:58Z
Kong/unirest-java,v2.0.03,1a8d63945aca4ced9880318fc23e41ca02d38d09,2019-03-07T18:59:05Z
Kong/unirest-java,v2.0.04,54e943d269ea3fc3469dc4ed561269e0ffa37bf4,2019-03-09T21:27:08Z
Kong/unirest-java,v2.0.05,9bb8e98e56442a383d6729de5da0d6298e9e9a92,2019-03-10T14:31:52Z
Kong/unirest-java,v2.0.06-om-jackson,4ffcdd04c2ab78291099a8183d14548cbb552887,2019-03-21T21:24:43Z
Kong/unirest-java,v2.1.00,9c2a2e57bd7654fd4195be8d9ca696bb2fe4d122,2019-03-21T21:24:34Z
Kong/unirest-java,v2.1.01,987dd3dc6f90bc08589521af9cc3d973ad4a33b4,2019-03-23T12:43:43Z
Kong/unirest-java,v2.1.02,ff5ea3b641415660adfcabca17566f52b23e807a,2019-03-24T22:27:06Z
Kong/unirest-java,v2.1.03,cf1d52c366a72203417b94e5c5ddf84297f4be98,2019-03-30T20:12:21Z
Kong/unirest-java,v2.2.00,e844820e96498c9e77d84ffe672cd272187b3ced,2019-04-06T15:23:52Z
Kong/unirest-java,v2.2.01,2c74968257f41f625478eb7fe539da125fa675f1,2019-04-14T12:59:10Z
Kong/unirest-java,v2.2.02,eb0930e891fcadd1b080073017452e0946042bfa,2019-04-24T13:15:39Z
Kong/unirest-java,v2.3.00,a6cd3daf02714c44564b1cf733ed6bd58aa79f8f,2019-05-07T20:20:20Z
Kong/unirest-java,v2.3.01,610968629bc4b2343bc0a878f8b4971d6e360524,2019-05-23T15:33:44Z
Kong/unirest-java,v2.3.02,b8463c4cd4c071c85133cd297a0766c60daeb100,2019-05-24T18:27:46Z
Kong/unirest-java,v2.3.03,101031f7984e8f08018de0d875c1a7f1b7ca255b,2019-06-01T13:27:58Z
Kong/unirest-java,v2.3.05,a8f710420ddc4336eb1bfec0f086cb062e9be823,2019-06-10T16:43:19Z
Kong/unirest-java,v2.3.06,0bcb74733de420b79e4188c431b20fc49f77e381,2019-06-16T19:43:35Z
Kong/unirest-java,v2.3.07,521279d80af445fe6e0e4762941bef64f5cb938f,2019-06-18T15:06:29Z
Kong/unirest-java,v2.3.08,528dcd556557ceb8467c99ce40da50898b9f19f3,2019-06-24T13:06:18Z
Kong/unirest-java,v2.3.09,6b4d7dc425538e6d0a010d9ae677db664ce938fe,2019-07-14T20:28:32Z
Kong/unirest-java,v2.3.10,0acef8a401247ef6358288eef195b725a34d8ced,2019-07-15T21:27:54Z
Kong/unirest-java,v2.3.11,2e745a1ceb9ec275ae159684a8317eec580d4692,2019-07-26T13:24:44Z
Kong/unirest-java,v2.3.12,60e04cefbae3586c2a86b1ccbe98daa59d6330ef,2019-07-31T18:24:10Z
Kong/unirest-java,v2.3.13,f240058122d10363dfe90c063d32239152a66ced,2019-08-01T18:25:05Z
Kong/unirest-java,v2.3.14,ecd57d727f5c6cdf6808731bd6036ddb40203f8a,2019-08-02T14:24:16Z
Kong/unirest-java,v2.3.15,4607096c884df072eb639eef1e04e05445b09494,2019-08-17T22:40:54Z
Kong/unirest-java,v2.3.16,f716dc6a873753f4149ae8fc192ef9c5ffd16211,2019-08-20T13:16:52Z
Kong/unirest-java,v2.3.17,583d0d36c98a907346b610ea6a4f53e6eda9fa7a,2019-09-05T11:48:01Z
Kong/unirest-java,v2.4.00,ec7d9ba9ba441d2f0c2eb31f0a0b281cd489d561,2019-09-18T22:05:58Z
Kong/unirest-java,v2.4.01,c18fe5f52d1e2030aaeb361f78fed27c676a8207,2019-09-21T13:47:36Z
Kong/unirest-java,v2.4.02,52456be32526eac9facf7353fd7191e4cc15a9a5,2019-09-25T19:59:42Z
Kong/unirest-java,v2.4.03,28d917d5e57a15778a8635a8d8cd10f3fffc5cad,2019-10-14T15:20:50Z
Kong/unirest-java,v3.0.00,e87a6456919088c1d4bcd9c5d30c645a0ecf4032,2019-09-22T12:57:02Z
Kong/unirest-java,v3.0.01,0f878a3bf8a5adfe9da0e7f681299bb22c312bc4,2019-09-25T18:34:24Z
Kong/unirest-java,v3.1.00,72550a28f352b1297b24753c7ad3bb38fe80dd21,2019-09-28T18:17:58Z
Kong/unirest-java,v3.1.01,616693dfab364556459ba722324d22551b9dfe6a,2019-10-14T14:34:01Z
Kong/unirest-java,v3.1.02,d49665f81a7a791c783ed870cdc7b9aeb7d66eb0,2019-10-14T15:02:37Z
Kong/unirest-java,v3.1.03,00686f8ca01df46109394eef7714fc75e632d61e,2019-10-24T21:05:49Z
Kong/unirest-java,v3.1.04,612926bb6508d124d33020afc7fa0d5babbac088,2019-11-07T00:20:41Z
Kong/unirest-java,v3.2.00,0115aebf50bde90370b3cb50f95bd29ad020ca21,2019-11-28T14:06:18Z
Kong/unirest-java,v3.3.00,4520802fac3175ba5ed47aab01175ef17497db29,2019-12-06T13:22:25Z
Kong/unirest-java,v3.4.00,f62f3277cca95aa042c52d89cc656df8f201e878,2020-01-13T14:19:45Z
Kong/unirest-java,v3.4.01,91154b7e0f6d47447ce59e83ffdbeea054e54e30,2020-01-20T23:25:27Z
Kong/unirest-java,v3.4.02,6dea825788e3b2c0b69b1587e9b529f4383ba388,2020-02-06T00:16:34Z
Kong/unirest-java,v3.4.03,1f7631d1194414ec5dea284ebd8c8ab040b9610f,2020-02-10T01:54:21Z
Kong/unirest-java,v3.4.04,2817e90331f7d77f57f12097acebfee244559bc9,2020-02-15T15:12:59Z
Kong/unirest-java,v3.5.00,38ce5fdc7e55ea377bf21865ba6b1d9203784152,2020-02-16T16:03:30Z
Kong/unirest-java,v3.6.00,779b17f8a476ae1b947e322bbb3c32ccad80fc41,2020-02-22T17:57:15Z
Kong/unirest-java,v3.6.01,f7d45f7e50fd9447b0ea9f7e3c09997c2fc57ba8,2020-03-07T13:41:46Z
Kong/unirest-java,v3.7.00,2a04d91b736fa7017aedc0703db4edf5c0a0dc98,2020-03-21T13:40:07Z
Kong/unirest-java,v3.7.01,8ac9d7b6ab1cb3deae0807874d85f35114a2d377,2020-03-30T21:01:07Z
Kong/unirest-java,v3.7.02,6c386e11e95187dd1289951e6564cbe45a2d5d1d,2020-04-11T22:17:12Z
Kong/unirest-java,v3.7.03,6c33c26e680b63fd32bfbacfff36a67c17fef3f0,2020-06-15T14:28:50Z
Kong/unirest-java,v3.7.04,f33c3be67a61cd8f7b3889493c8ea89056553137,2020-06-20T14:53:37Z
Kong/unirest-java,v3.8.00,0be9460b07418736e13383e002fd1f1fc46edd8a,2020-06-27T17:27:26Z
Kong/unirest-java,v3.8.01,73402c0a7969cc634f4719ff965efb9fdb769850,2020-07-02T13:27:02Z
Kong/unirest-java,v3.8.03,84a473de021991b840ea12561643f4f393006bfc,2020-07-02T15:31:37Z
Kong/unirest-java,v3.8.04,636fe4d7331b3096cf9c91e959fb9f0b09d3966e,2020-07-03T14:13:21Z
Kong/unirest-java,v3.8.06,46d7d0b56289cf4b58ac5c021083f3ec26f709fd,2020-07-03T14:35:15Z
Kong/unirest-java,v3.8.07,1f23f02c9f22b249398c7999da1a38933f14b8df,2020-08-02T14:36:11Z
Kong/unirest-java,v3.9.00,7f2cedc25af12273606c201c2e2e029d39a5e126,2020-08-02T16:45:30Z
Kong/unirest-java,v3.10.00,b16b2bd57672f0acd226d30d2945d0f132a9f979,2020-08-22T21:43:30Z
Kong/unirest-java,v3.11.00,54d0b1a8fa799f558cde4af0c1cc58f3c04db0af,2020-09-26T16:58:03Z
Kong/unirest-java,v3.11.01,621aced6792ffd9039380ca99f8f13227a8699eb,2020-10-09T11:59:18Z
Kong/unirest-java,v3.11.02,e821b2465fec2cdaec241b50fd8451fb192a3c66,2020-10-17T12:21:39Z
Kong/unirest-java,v3.11.03,20bf050a40fbb8ec4213bea77b487173f16be066,2020-10-31T13:44:09Z
Kong/unirest-java,v3.11.04,c0cb6bee9c817352316d0ea3e4381a118710f505,2020-11-07T13:24:45Z
Kong/unirest-java,v3.11.05,3bb76b57ecc1503c612cb0aed7172b7fa6b98c66,2020-11-09T01:16:14Z
Kong/unirest-java,v3.11.06,6f241fa812765b33e2894a6a4c1c06d35323d34e,2020-12-09T13:42:26Z
Kong/unirest-java,v3.11.07,cca815a8cbc0502fce2de42c9dcfc21c1b6fe957,2020-12-21T19:44:40Z
Kong/unirest-java,v3.11.08,b5d8884288965cea645ac5611dbf5734e5cef879,2020-12-22T18:52:01Z
Kong/unirest-java,v3.11.09,42a1c01c3b6812b3819cbd205bc8fb7d8e1af026,2020-12-23T23:33:32Z
Kong/unirest-java,v3.11.10,a4d9643da8b2ba11973307e7c9a049d162b2ccf3,2021-01-09T18:42:18Z
Kong/unirest-java,v3.11.11,129a6980db67de4310e141cd0f3c4adcf6c8d8f1,2021-02-06T14:32:15Z
Kong/unirest-java,v3.11.12,129de2c34bcb12682b2d629a4204780b7a1fb1f6,2021-07-14T19:50:37Z
Kong/unirest-java,v3.11.13,17ad4b68baf51b240e81da9d627f190fabe37100,2021-08-27T15:32:50Z
Kong/unirest-java,v3.12.0,c39d817ea63e464c3b8fb226e0dccdd7a5262d37,2021-09-08T19:53:16Z
Kong/unirest-java,v3.13.0,cb83e1f2997fc0e2a1d677fc52d8a1eb92ba04f6,2021-09-12T14:03:32Z
Kong/unirest-java,v3.13.1,d2e8b529b024bfa3f853745a5313e35a40d61694,2021-10-22T20:11:33Z
Kong/unirest-java,v3.13.2,27d1ee0218409eed4aaa3beeac0abcce2a86f0f5,2021-10-23T12:43:12Z
Kong/unirest-java,v3.13.3,a7725cfb7b1e2127bf0f348a16de5d9b747ca733,2021-11-01T14:23:18Z
Kong/unirest-java,v3.13.4,c02c4d70cb8a3b4fcb26589efe95c97ca1255afe,2021-11-20T15:02:16Z
Kong/unirest-java,v3.13.5,6493566f7532533421223c12d18848376e467c84,2021-12-14T19:49:23Z
Kong/unirest-java,v3.13.6,03650e3ed8cd337d1b06c8a22e96ef2167f6b91a,2022-01-06T13:59:16Z
Kong/unirest-java,v3.13.7,823f5ec1e7e83c8d1ba33a29d80ac4139688eb4c,2022-03-16T13:43:11Z
Kong/unirest-java,v3.13.8,ec294f833fe0febf6b189358d328ab009323c190,2022-04-12T14:26:27Z
Kong/unirest-java,v3.13.9,8e0aee942c6c063d80e1b6043cc5eb1023fd27d9,2022-05-24T20:07:38Z
Kong/unirest-java,v3.13.10,47aab5f2d1c95474d0eba327ea39b3ad8b1bb7a8,2022-05-24T20:57:35Z
Kong/unirest-java,v3.13.11,ef24b61e51cd0ce8548971a90a0ed15ca626f82d,2022-08-23T20:47:17Z
Kong/unirest-java,v3.13.12,a760b932c29e33c595d17fcb6f7a3021ee8f47c0,2022-10-26T12:59:33Z
Kong/unirest-java,v3.13.13,a7fa548f8a6f40d128253baf9321249c0baa8b3b,2022-11-21T01:11:47Z
Kong/unirest-java,v3.14.0,b754ed73a4830b29f92563593d9f9ee9ede97a58,2022-11-26T15:23:55Z
Kong/unirest-java,v3.14.1,829dedb5d227dfac5d62557f279a981d85602688,2022-12-04T14:09:08Z
Kong/unirest-java,v3.14.2,c151179c6a3295588737df23c945870f30e4bc29,2023-02-21T19:16:39Z
Kong/unirest-java,v3.14.3,5d7be545e220b6d1debda6f696855d0004300728,2023-06-15T13:49:16Z
Kong/unirest-java,v3.14.4,3f3552f14fcfefa08eeca9136071513ef171996d,2023-06-16T12:55:49Z
Kong/unirest-java,v3.14.5,a49c78f4dd8a2e743f0718771a9d92921f1fac7b,2023-07-07T12:22:30Z
Kong/unirest-java,v4.0.0-RC1,cab9be4163be35bb76cc6bf31dd963a0c2aa0536,2021-01-18T18:44:57Z
Kong/unirest-java,v4.0.0-RC2,fb966427cda8045542dcb5fd66a138fff79e7442,2022-01-16T14:25:23Z
Kong/unirest-java,v4.0.0-RC3,02544ee1d7a14dca61d683569ce50d3882f285fa,2022-02-12T19:34:25Z
Kong/unirest-java,v4.0.0-RC4,38594c1592b8b9d2157bd35edbd3f001a7ebc9f9,2022-02-12T22:11:25Z
Kong/unirest-java,v4.0.0-RC5,2d9d5db07dd665e4075981b84b4d31c35343502b,2022-11-21T00:45:36Z
Kong/unirest-java,v4.0.0-RC6,a3e9446c01f5f91877484ca6216a6a2bdfed7ef4,2022-11-26T17:18:04Z
Kong/unirest-java,v4.0.0-RC7,2e44ba9e91e1cd82ce595d51b89670cd318c0d5c,2022-12-04T14:23:35Z
Kong/unirest-java,v4.0.0-RC8,b66bc7e4516e3bdff4c788cde2ea204d341971ea,2023-05-07T17:20:09Z
Kong/unirest-java,v4.0.0-RC9,f1558da14100fee307e412710235f0a93146e06f,2023-05-08T12:48:05Z
Kong/unirest-java,v4.0.0-RC10,112ace10a8b12bf2fb9a8fde62c861edb0230c26,2023-06-15T13:19:50Z
Kong/unirest-java,v4.0.0-RC11,516e5f130c0ebe512d11b2e25de855f5ce79320f,2023-06-16T13:11:59Z
Kong/unirest-java,v4.0.0-RC12,8f1023595747868a0b74c49768a0419c885f59b2,2023-06-19T13:37:08Z
Kong/unirest-java,v4.0.0-RC13,1ab8929ab102319ebe4cf947d0537ed3e9e2540f,2023-07-04T17:38:48Z
Kong/unirest-java,v4.0.0,7b8a2f720de6567ed32dca3dc29a0b9af68be0b4,2023-07-05T13:35:59Z
Kong/unirest-java,v4.0.1,64950c06e032c2121c4c452ce61ef58d02f82720,2023-07-07T12:34:27Z
Kong/unirest-java,v4.0.2,ef71a876441eea0266941af17c12e7df0f250a58,2023-07-11T12:54:14Z
Kong/unirest-java,v4.0.3,69cf67e5b3bb8cc2671d18563bba11ebd69cebf5,2023-07-11T15:06:17Z
Kong/unirest-java,v4.0.4,a3c3d2767d5421e39b724612c4cb3e221980f9a8,2023-08-02T17:15:16Z
Kong/unirest-java,v4.0.5,73ba621f321d13005257b8c6c3a5aa8022cdafe7,2023-09-13T11:30:42Z
Kong/unirest-java,v4.0.6,889b6d9b74d77925bb9f7bf28d66739c6b85a5cd,2023-09-14T13:56:32Z
Kong/unirest-java,v4.0.7,9fb2ca649d7a6a673fe58f9ae33ea6aa064555b5,2023-09-14T14:57:38Z
Kong/unirest-java,v4.0.8,d7857ed6c90328c9a6c7067f110d352e24b895d5,2023-09-20T13:04:38Z
Kong/unirest-java,v4.0.9,bd0fdd1e74f015ba32645f975bc65e62e9f95f72,2023-09-24T12:39:27Z
Kong/unirest-java,v4.0.10,37d22132329e3430541a370e47d501a2839e6c89,2023-09-26T13:44:48Z
Kong/unirest-java,v4.0.11,1aa639a23ba96da7ee2c74a93bda8a5b0ad45479,2023-10-09T11:00:21Z
Kong/unirest-java,v4.0.12,48f9a527958fd42fcc268e511480607369054fd6,2023-10-09T12:07:48Z
Kong/unirest-java,v4.0.13,0c635d16e67afb80e81dd7849ada88f3f9cdc229,2023-10-10T14:53:03Z
Kong/unirest-java,v4.1.0,37abc713efe4993e4abcca402ddd23ef884327ed,2023-10-11T16:28:15Z
Kong/unirest-java,v4.1.1,a30a814d5dc9345d7ae486d923a5e04f554b29ba,2023-10-26T12:58:56Z
Kong/unirest-java,v4.2.0,d133306177ef6c841ccd69d1ccd3cf7d41964ea2,2023-11-14T13:55:52Z
Kong/unirest-java,v4.2.1,bd2f256177c7f19d83292d150e95cffb3ae96466,2023-12-04T17:06:08Z
Kong/unirest-java,v4.2.2,01e9585b73315867d7de0d892538ff566730d737,2023-12-16T16:23:41Z
Kong/unirest-java,v4.2.3,693cbf1682849f4836a8faec3edc58a01ba2c107,2023-12-16T17:00:29Z
Kong/unirest-java,v4.2.4,6f05a557aca2ddcabe75a4032b71db0dace273c9,2023-12-17T16:36:43Z
Kong/unirest-java,v4.2.5,18910aab7f4e3830abea20c24c0f75f53ebe0919,2024-01-08T21:51:06Z
Kong/unirest-java,v4.2.6,a72f58b8f6a053f5ed51920936a46473cf1341b1,2024-01-09T15:28:46Z
Kong/unirest-java,v4.2.7,a1e7609c0a264b1e45cf4f01bee586e32e8c8985,2024-01-17T15:49:15Z
Kong/unirest-java,v4.2.8,4fd7ec1ddbbc257db0c50e53e411c590f37439f3,2024-02-18T14:49:56Z
Kong/unirest-java,v4.2.9,024d73fecceba7de7f8875ed07c0135959696fa8,2024-02-18T22:32:58Z
Kong/unirest-java,v4.3.0,bffbee040a3585b9fa5ef8fa751287a539924b3f,2024-03-12T16:33:05Z
Kong/unirest-java,v4.3.1,984244b1577af6008398401ee2f999cd0b8f6933,2024-04-03T16:06:21Z
Kong/unirest-java,v4.3.2,06f6d6b0ed1c49afc08dc506f6c36eed29b18532,2024-05-03T13:17:46Z
Kong/unirest-java,v4.4.0,0595041560f52d955a1702be23e0e0bb6b852966,2024-05-08T23:10:32Z
Kong/unirest-java,v4.4.1,19c32ebf9667e6d12ef38f3f91e925ef6301da60,2024-07-24T20:02:03Z
Kong/unirest-java,v4.4.2,d349f8eec7bc74496cb63af3b1ec04b97750d2f9,2024-07-24T20:32:16Z
Kong/unirest-java,v4.4.3,888200c52f3add4f5ef809df3e9d8f4413cfe8be,2024-07-24T20:34:17Z
Kong/unirest-java,v4.4.4,447284c81d1cec9733ee75cb19ec1e9f2ac00665,2024-07-26T15:45:56Z
Kong/unirest-java,v4.4.5,9cf56715bc903665d7a7b5a41df57f30eb55a689,2024-11-01T12:17:30Z
Kong/unirest-java,v4.4.6,b960eeb118621165c192e903b117cb490fc8ea71,2025-04-17T12:21:04Z
Kong/unirest-java,v4.4.7,a3af197bed15d3f5b590eca1f1c67d94bf5aea1d,2025-05-11T12:16:58Z
Kong/unirest-java,v4.4.8,e9a18d17a35e60bfa0270eb1ebfbe6f9cabb443e,2025-07-04T11:46:50Z
Kong/unirest-java,v4.4.9,1dbc7bcc012b7dd169abc1b6011c9e1fe6dfd591,2025-07-05T11:32:07Z
Kong/unirest-java,v4.4.10,98def0748c33237af8adb3cceb8e88c94f0e560b,2025-07-05T11:57:41Z
Kong/unirest-java,v4.4.11,fec8bf47a38ac6981b0b027af0b028008964555f,2025-07-05T12:03:16Z
Kong/unirest-java,v4.4.12,b32079f6fc2d28b180515982d2c3ae7d077c50f8,2025-07-09T12:17:50Z
Kong/unirest-java,v4.5.0,f54b25db8ca789b78a04c9434589686efac2c8df,2025-07-19T10:55:52Z
Kong/unirest-java,v4.5.1,7b22c17b6452cc3168afa421154a661b2b1788ad,2025-09-02T12:44:39Z
Kong/unirest-java,v4.5.2,3eff91065db66c2faa414787f04bd9b7b6f9d72e,2025-11-10T17:08:57Z
Kong/unirest-java,v4.6.0,9641e74479ca279c0eb1f06f4fc9f76e2d57e74a,2025-11-15T14:19:18Z
Kong/unirest-java,v4.7.0,be62d879e82596899750ec5c2c6fa1faed3baece,2025-12-05T21:54:04Z
Kong/unirest-java,v4.7.1,0c374f7a30a468700e7c817adb922ea18aeb3fcf,2026-01-11T13:45:02Z
Kong/unirest-java,v4.7.2,40522dd77339ce37b6186e5f51b86aa752841deb,2026-01-18T17:15:42Z
Kong/unirest-java,v4.7.3,e0330c33800dcc1838374880d7d65a240ddcdd6d,2026-01-18T20:53:02Z
Kong/unirest-java,v4.7.4,b495d30e64317a0ba693302527b09882f69b4462,2026-01-19T14:02:29Z
Kong/unirest-java,v4.8.0,1dfe3c49ccaf1329ce436f6a264bbfed89081c0c,2026-03-18T22:32:02Z
Kong/unirest-java,v4.8.1,5d646002d0168bbd303464f933f55422208d1e23,2026-03-30T12:14:47Z
Kong/unirest-java,v4.9.0,a277d329750b049dc272c223ce30d7b1d77916e8,2026-05-05T12:01:07Z
Kong/unirest-java,v4.10.0,a640fbb7bc545e6170d0f23834718479b3893efb,2026-05-11T10:48:43Z
Kong/unirest-java,v4.10.1,f0279c34010694451f205169d0c8ffaa06645116,2026-07-23T12:38:34Z
apache/storm,0.9.0-rc1,449e4e4560f84e078a7d79f0b3159e22508ac228,2013-09-24T02:15:20Z
apache/storm,0.9.0-rc2,32098d5b2694434ea43d430a4703fbe51bab268f,2013-09-27T16:42:06Z
apache/storm,0.9.0-rc3,66a397368a98834095b47db2b706420901c52ba3,2013-11-14T15:39:09Z
apache/storm,0.9.0,061ee2e7ca6ed89dbf0522ba3b2ccee6558c4105,2013-12-04T23:36:07Z
apache/storm,0.9.0.1,1bcc169f5096e03a4ae117efc65c0f9bcfa2fa22,2013-12-05T18:33:36Z
apache/storm,PRE_SECURITY_MERGE,64f06c70b55bff830b62c5f7c4dfed89ea03692e,2014-11-13T04:58:05Z
apache/storm,v0.9.1-incubating,ffc7a81bfba60c735dd6801af4f5e8db3812658c,2014-02-10T03:35:48Z
apache/storm,v0.9.1.0-incubating,2db7a963a9de63decec74214a5e30206b8bb8064,2014-05-02T15:34:57Z
apache/storm,v0.9.2-incubating,24d4a14de310cbbfebdc4a50d8cc9d86f9943087,2014-06-13T20:21:51Z
apache/storm,v0.9.2-incubating-security,79089ad0da80e38eb36b7ea91be8b43795dc4efb,2014-06-19T21:04:02Z
apache/storm,v0.9.3-rc1,3a4274c15492707cc944162c2380f33eb18c75ac,2014-10-09T20:39:11Z
apache/storm,v0.9.3,20ce2bb9088e793b3b019110d07e77896bb642e8,2014-11-19T03:06:44Z
apache/storm,v0.9.4,00091d7952681a39281aa171adfad133a5e26330,2015-03-18T18:13:57Z
apache/storm,v0.9.5,c9c47b36071c02488ee1e75eb3851e58191b7534,2015-05-29T14:50:30Z
apache/storm,v0.9.6,90a97ad6101de3c01233384e3dd3eeff2dde2ba3,2015-10-28T20:31:14Z
apache/storm,v0.9.7,b75d9b2b6dbfd0fda0b114feafec1384bbfa30aa,2016-08-15T18:37:47Z
apache/storm,v0.10.0-beta,d1e10ceecba4f87f1e70bf02ec63094eef4f4bb3,2015-06-10T01:32:25Z
apache/storm,v0.10.0-beta1,abc15013997c4b8da9a1e8e6393fc87d302a6dc4,2015-06-19T21:13:15Z
apache/storm,v0.10.0,d02f94268dec229d1125a24fdf53fa303cbc2b29,2015-10-23T19:05:58Z
apache/storm,v0.10.1,8179921a569b6cf1d97798eed8e7b03b131bc495,2016-04-27T17:54:02Z
apache/storm,v0.10.2,d8e4a3b59e6a97165ff769f11c9d4d2d3ecbb9dc,2016-09-02T19:13:19Z
apache/storm,v1.0.0,dba655a47aaad74f26b9bb9a75fa52c0eedd8b1e,2016-04-05T17:12:00Z
apache/storm,v1.0.1,b5c16f919ad4099e6fb25f1095c9af8b64ac9f91,2016-04-29T20:37:02Z
apache/storm,v1.0.2,54f319fd56c33437364c550a800ac9e6fe058b95,2016-07-26T19:10:07Z
apache/storm,v1.0.3,eac433b0beb3798c4723deb39b3c4fad446378f4,2017-02-07T18:51:22Z
apache/storm,v1.0.4,a5e1c154b5b2ae74fd78bf10d4c130afb1ad4513,2017-07-24T17:11:20Z
apache/storm,v1.0.5,a445446e46e2228fabb83368cc25cf5422a2c400,2017-09-05T20:23:58Z
apache/storm,v1.0.6,7993db01580ce62d44866dc00e0a7266984638d0,2018-02-08T18:34:48Z
apache/storm,v1.0.7,672fa4a4aca70ef4ce1136e59ce729d6fdb9858d,2018-05-03T17:40:16Z
apache/storm,v1.1.0,e40d213de7067f7d3aa4d4992b81890d8ed6ff31,2017-03-21T16:55:59Z
apache/storm,v1.1.1,41bfea87b1a002565333bd18a06d766af1ca3816,2017-07-27T17:17:04Z
apache/storm,v1.1.2,0bb7a66a9b26ad96afc81b27dd45f93ae8969c44,2018-02-08T16:57:47Z
apache/storm,v1.1.3,c51c8fc251856291597a5007a07e433f26951464,2018-05-17T20:23:35Z
apache/storm,v1.1.4,babab9648a6deb3d444c45bdd6d0ec30804e91f1,2019-01-08T20:37:19Z
apache/storm,v1.2.0,2a0097f9a20b9df494caadb87c87d4e4db01a7ed,2018-02-07T21:23:25Z
apache/storm,v1.2.1,d156d25d991311eaa1f5131d3dc34787f87ce684,2018-02-16T20:18:27Z
apache/storm,v1.2.2,d2d6f40344e6cc92ab07f3a462d577ef6b61f8b1,2018-05-17T19:01:56Z
apache/storm,v1.2.3,4e162a47c8219546ab9639401363a8f1b5e51119,2019-05-04T22:37:30Z
apache/storm,v1.2.4,1bc944091b727e9a892bb36349231fcc57d9ea30,2021-10-01T18:34:20Z
apache/storm,v2.0.0,2ba95bbd1c911d4fc6363b1c4b9c4c6d86ac9aae,2019-04-29T17:21:00Z
apache/storm,v2.1.0,79fc9b3e6aeec623b42d165536a936d28f2b12f1,2019-10-25T16:40:58Z
apache/storm,v2.1.1,c5009d993ee049cd0b7c3fe0dad2fc8f700ddb5f,2021-09-29T16:36:03Z
apache/storm,v2.2.0,bf1986345de5de605abb4fc7b6051fce762bbca5,2020-06-18T16:11:52Z
apache/storm,v2.2.1,1d86ffd1adc1920e6788a76f017b2e2f873a7162,2021-09-29T14:55:56Z
apache/storm,v2.2.2,37bfc80b46e8d3494a5f74d6b5af5e077996cd23,2022-01-18T07:29:07Z
apache/storm,v2.3.0,b5252eda18e76c4f42af58d7481ea66cf3ec8471,2021-09-23T16:15:21Z
apache/storm,v2.3.1,3b6aa7026ceeb25b71a7b61326ae0ac29e177a4d,2022-01-17T19:19:51Z
apache/storm,v2.4.0,a432e99bca526886655cc1d5b2453a09b302b5ca,2022-03-09T19:09:15Z
apache/storm,v2.5.0,710d868110e76d13b0b2d4ce12d4fac5c9c6801e,2023-08-02T20:53:48Z
apache/storm,v2.6.0,ae3a96e762095553311d9e335f7505c0b351d810,2023-11-16T08:46:44Z
apache/storm,v2.6.1,682c54d320f4f349efdb580d03616902eb23b4d6,2024-01-30T08:10:10Z
apache/storm,v2.6.2,1be2faa1006b9063a866c450a8c2aaad19e3e25f,2024-04-02T08:11:17Z
apache/storm,v2.6.3,72f95026501fec6dcd85a8383fb4767db47d3a5b,2024-07-16T12:15:10Z
apache/storm,v2.6.4,9434c7d42c9cd78b79b4bc2de64025be1983404a,2024-08-31T09:48:27Z
apache/storm,v2.7.0,b95a7f25a114ae7fb9c23cbc2979d3cfff09fa73,2024-10-11T15:22:17Z
apache/storm,v2.7.1,c4eb41553d54ad4d6b787bbda76ad0e4834a017d,2024-11-18T16:11:45Z
apache/storm,v2.8.0,c633e688337a95d735902c73da67e5c73d265003,2025-01-19T15:24:13Z
apache/storm,v2.8.1,69f24159c64fc41b094ecfe295d8b2402f9a8527,2025-05-25T19:49:13Z
apache/storm,v2.8.2,dda23bb92f7eef7010015ab888c67bc85ce7855e,2025-07-26T13:27:17Z
apache/storm,v2.8.3,58cf04659db79f56981ebf4beaade3457ccfede3,2025-10-25T21:21:11Z
apache/storm,v2.8.4,004f59d2469240af43b66a65537e2752b8b77138,2026-02-28T16:04:30Z
apache/storm,v2.8.5,c3d657b9c060f5161bf656a5c197a7fc4585cc13,2026-03-19T12:23:25Z
apache/storm,v2.8.6,1d21736ccc9a11506214214b4d43efe83843b3e0,2026-04-07T18:09:49Z
apache/storm,v2.8.7,db9cce52989123da301e401f4b7561848dd625af,2026-04-19T14:06:21Z
apache/storm,v2.8.8,917952c9aba8d9ba654797c5e85c4da3dc9bddba,2026-05-11T17:21:38Z
apache/storm,v2.8.9,bfc02e4b78b708492c6fbbb39be96e5a96cb7da5,2026-07-18T14:30:01Z
apache/storm,v3.0.0,d17de0c3dc087c25142184c8df11747327214456,2026-07-19T11:17:26Z
apache/storm,v3.1.0,11d40328b918ee89327b99ae9f5df14ef67155d7,2026-09-11T00:16:39Z
napi-rs/napi-rs,1.0.0-alpha.0,94e0ac548c536ef4c9e26a86f88dc412c02289a5,2020-12-02T15:45:27Z
napi-rs/napi-rs,1.0.0,e02bda46c1dfed6dc3abf9d74b102c2ab5dd27cb,2020-12-29T16:56:08Z
napi-rs/napi-rs,2.0.0-alpha.0,f9c01b40f77f8f60c0cd2bdf0d16cf546745bfa5,2021-09-22T17:44:36Z
napi-rs/napi-rs,linux-musl-cross@10,4412c28c6d628553a400d9181d11e8e4efcebe2c,2022-08-07T15:05:49Z
napi-rs/napi-rs,linux-musl-cross@11.2.1,a9a62f225e6b789e16a420bf2d819b6c1421861d,2022-07-31T07:29:26Z
napi-rs/napi-rs,napi@0.4.2,8497479c7a810012a9a821e632a39c8c0bc976a7,2020-07-18T03:05:13Z
napi-rs/napi-rs,napi@0.4.4,712eb82c40cefc447f767b60b94d80cbdb35ca3f,2020-08-03T06:35:22Z
napi-rs/napi-rs,napi@0.4.5,2e9e86a8418a6676ac7bf0c9bdd72d428d590c99,2020-08-03T08:17:14Z
napi-rs/napi-rs,napi@0.4.6,c6ddeefc29343e06aa945ddb26123ee2b533f343,2020-08-06T06:52:37Z
napi-rs/napi-rs,napi@0.4.7,4babd2694a21798958fcafa02717864117a8ee9d,2020-08-10T06:16:17Z
napi-rs/napi-rs,napi@0.4.8,812e07ba1e4843496c544ba1f735dcae58407f05,2020-08-13T16:16:02Z
napi-rs/napi-rs,napi@0.4.9,6e734030a8bca6fe6784b0887140e65724644f2a,2020-08-16T08:21:06Z
napi-rs/napi-rs,napi@0.4.10,b19bfcf6516c32a62dbeeac7297c73b194ec9047,2020-08-16T09:41:35Z
napi-rs/napi-rs,napi@0.4.11,e1476cb219dd956cf928508450d6de19fe3f2887,2020-08-24T11:08:01Z
napi-rs/napi-rs,napi@0.4.12,1a23ab4606197725eeffd7548443822daf412392,2020-08-24T11:47:57Z
napi-rs/napi-rs,napi@0.4.13,98ca6a333984ce68b5ea049353d0ecf41b1e99c7,2020-08-24T12:10:25Z
napi-rs/napi-rs,napi@0.5.0,1219f3b172f0dff5913aa4b00ac90cbfb088293e,2020-09-03T12:39:18Z
napi-rs/napi-rs,napi@0.5.1,8440c6893aebbbbd3c5d68f325d4eb6eb6b7aa14,2020-09-07T09:44:31Z
napi-rs/napi-rs,napi@1.0.0-alpha.4,db930dabe700677faba36e6e612d07ddc6cfc2dd,2020-12-22T11:44:23Z
napi-rs/napi-rs,napi@1.0.0-alpha.5,9e73837635f2e2b21973b757bc77f5923e42f2e9,2020-12-23T07:35:14Z
napi-rs/napi-rs,napi@1.0.0-alpha.6,ac2f3bd00e5cf89a3473a8aa4579f7c9e304976d,2020-12-24T05:55:45Z
napi-rs/napi-rs,napi@1.0.0-alpha.7,ff66f102deadd28f2c08216e9d789884c0937afd,2020-12-24T07:46:20Z
napi-rs/napi-rs,napi@1.0.0-alpha.8,a3d8623198cc932f500707ad61d395ae52be0be8,2020-12-24T16:36:22Z
napi-rs/napi-rs,napi@1.0.0-alpha.9,9fb5a61a0b1006dc18429476d4166b6c143da058,2020-12-25T04:02:39Z
napi-rs/napi-rs,napi@1.0.0-alpha.10,96b1abc00fe738144d58c883e5feb84a07be0574,2020-12-28T06:02:59Z
napi-rs/napi-rs,napi@1.0.0-alpha.11,f2e046958f81a4fa6c44ecc73054123546c78788,2020-12-29T08:39:30Z
napi-rs/napi-rs,napi@1.0.1,4d0b79aa02ddcf82bc07e0e85d8f661a325df3db,2021-01-04T07:16:52Z
napi-rs/napi-rs,napi@1.1.0,30ef04cbfa3e0b2b4d0ba8a7d5bd1a76822856a5,2021-01-05T15:42:54Z
napi-rs/napi-rs,napi@1.1.1,0c041ee629aa95ae77911384ba0955c7b4a6ed2d,2021-01-07T14:56:15Z
napi-rs/napi-rs,napi@1.1.2,39595ddfca9a3ba85dfc3b001fb4661be43323e3,2021-01-25T06:13:55Z
napi-rs/napi-rs,napi@1.1.3,237fda55aad7d427cd4d7a3ab72eb9a813156eb5,2021-02-01T10:10:51Z
napi-rs/napi-rs,napi@1.2.0,49eaaf30e965e7532b0427c594b8051bfb5ff8c6,2021-02-26T10:52:31Z
napi-rs/napi-rs,napi@1.3.0,66663d129ddccdfd561b713c930c3afeb3b9a10c,2021-03-11T06:06:51Z
napi-rs/napi-rs,napi@1.3.1,0f300da9173706102154b17180428efba3a57c06,2021-03-11T11:03:17Z
napi-rs/napi-rs,napi@1.3.2,7c6bfb4087f1b87fcbedffd3e220f504e3b0fe91,2021-03-12T08:26:19Z
napi-rs/napi-rs,napi@1.3.3,4ca12ec7dbc24fafdf5c185ebb530738a907cc7f,2021-03-22T03:47:49Z
napi-rs/napi-rs,napi@1.3.4,9351c651616de19e1011550aab6ebca06e4ed87b,2021-03-31T13:49:50Z
napi-rs/napi-rs,napi@1.4.0,0b96ac24de546b60379d26e38d49276797244622,2021-04-01T13:08:12Z
napi-rs/napi-rs,napi@1.5.0,00aa4ad632528f35551524b85d85133757c24fb1,2021-04-14T06:58:13Z
napi-rs/napi-rs,napi@1.6.0,dfc4805344c0be35c59a609a5f68b2ea2d1fa294,2021-04-21T15:55:12Z
napi-rs/napi-rs,napi@1.6.1,0195386af2ca5918086d4b0285e2cbde611d76ac,2021-04-29T13:57:59Z
napi-rs/napi-rs,napi@1.7.0,a939c1b1038c12d12f33f97cbbf7502963be143b,2021-05-25T03:03:50Z
napi-rs/napi-rs,napi@1.7.1,03fcd195800044dca7a08f2b1e5f63dc092bd93f,2021-05-27T15:21:51Z
napi-rs/napi-rs,napi@1.7.2,00235f25546506f132afef828a3c93cd7e012a35,2021-05-27T23:59:04Z
napi-rs/napi-rs,napi@1.7.3,1145f2ee0b0d2016ce8c62e5b39767c4e726091c,2021-05-28T02:50:39Z
napi-rs/napi-rs,napi@1.7.4,ed846dd650c86f136d6a71b69cc507cd5338c034,2021-05-31T16:35:29Z
napi-rs/napi-rs,napi@1.7.5,bbd495a79502c10832828c60d476d52d69a121dd,2021-06-02T15:35:20Z
napi-rs/napi-rs,napi@1.7.6,0575033b4cc2a4d5e1d1dff1c562e776dc753e7c,2021-08-13T13:09:33Z
napi-rs/napi-rs,napi@1.7.7,2e752652cca71142358092c0af91a300136f5b71,2021-09-10T01:40:07Z
napi-rs/napi-rs,napi@1.7.8,be0c82149697b1a5350a543f998329e031d9f359,2021-11-06T15:26:05Z
napi-rs/napi-rs,napi@1.7.9,eb67db128488be1205943dbd3a33ba9d24e276c2,2021-11-15T15:52:07Z
napi-rs/napi-rs,napi@1.7.10,9acbec4d7766ef6db4478db4d9c17171b301c49a,2021-11-20T06:30:52Z
napi-rs/napi-rs,napi@1.7.11,fb51b514dea31c8f6472116d0512ade5163aa631,2021-11-21T15:06:59Z
napi-rs/napi-rs,napi@1.8.0,abf99a52ce8a76a84e66d32f66b518588093e4ec,2021-11-29T07:28:17Z
napi-rs/napi-rs,napi@2.0.0-alpha.1,50e08b6033543d922011208091b24b3f0987139f,2021-10-31T15:37:05Z
napi-rs/napi-rs,napi@2.0.0-alpha.2,1ab52c42b6c67db3608a8d7e3eedeff8cf6b881f,2021-11-06T16:06:20Z
napi-rs/napi-rs,napi@2.0.0-alpha.3,052bcd8f3efe75a9a10f4b4f36d4dda1f7d71f68,2021-11-16T02:38:16Z
napi-rs/napi-rs,napi@2.0.0-alpha.4,6bfaaebadc66511bdc58fb23ea684a110a5a1a63,2021-11-16T09:58:03Z
napi-rs/napi-rs,napi@2.0.0-alpha.5,4874c72340c0b6bf10e667506752039864c15d1c,2021-11-21T08:47:58Z
napi-rs/napi-rs,napi@2.0.0-alpha.6,a1e3292b7af0ed81ccfdb699025c5949261a31ea,2021-11-21T15:11:43Z
napi-rs/napi-rs,napi@2.0.0-alpha.7,aaf1bd14ea6903134b90a1976cd746f7763a9ddd,2021-11-25T15:25:21Z
napi-rs/napi-rs,napi@2.0.0-alpha.8,d410f6e90377178cbc54db5567192868b7545a86,2021-11-29T16:18:07Z
napi-rs/napi-rs,napi@2.0.0-beta.0,24c5d6950e659df1e1d77c025b8fcaad6931d373,2021-12-02T06:34:53Z
napi-rs/napi-rs,napi@2.0.0-beta.1,140fa7b502d70c8ca36374cd3b7bd3a8bd0f2f68,2021-12-02T09:06:15Z
napi-rs/napi-rs,napi@2.0.0-beta.2,8d6997f61e8657e75a885a642075b0702889550e,2021-12-03T09:06:17Z
napi-rs/napi-rs,napi@2.0.0-beta.3,af7583dadf6948fea74655b745b8b31f2de6a26e,2021-12-07T04:49:11Z
napi-rs/napi-rs,napi@2.0.0-beta.4,454711981bad00497b4d4d7d6caff0ab44323dca,2021-12-07T15:38:53Z
napi-rs/napi-rs,napi@2.0.0-beta.5,0723e158e5f6254c072dccc67da9d404de2cb428,2021-12-08T09:59:47Z
napi-rs/napi-rs,napi@2.0.0-beta.6,c8e6ab46d30dffbaf6c1309bb4e5bfb889d42b05,2021-12-13T05:17:55Z
napi-rs/napi-rs,napi@2.0.0-beta.7,8debc09b7fb3a14e7a9178850c29eada51609f63,2021-12-14T04:59:45Z
napi-rs/napi-rs,napi@2.0.0,bbd466b69c87a12e81dc8030e57affb8a50d62a2,2021-12-17T08:56:45Z
napi-rs/napi-rs,napi@2.0.1,bdc49cca105af427ff65a9bb2498bfbe8ea0e635,2021-12-21T16:23:05Z
napi-rs/napi-rs,napi@2.0.2,46168ee6d6101a37036cd6fd83ac189837ed986d,2021-12-22T01:50:47Z
napi-rs/napi-rs,napi@2.0.3,1768cf69eedac11330b7870333d9d270b3e1a2de,2022-01-13T06:52:14Z
napi-rs/napi-rs,napi@2.0.4,1238ee027619b8b9afb9551682349230d8c67c5d,2022-01-18T06:38:21Z
napi-rs/napi-rs,napi@2.1.0,e607bc158e7bc819070692f1adb4439875869313,2022-02-09T12:44:28Z
napi-rs/napi-rs,napi@2.2.0,71f3c0ef7e96a90d7309d59e6c0a6bbfd0cece52,2022-03-05T10:49:42Z
napi-rs/napi-rs,napi@2.3.0-alpha.1,0cda12a1450b2df4f4c483b79f4d318f31328ff3,2022-04-07T05:44:44Z
napi-rs/napi-rs,napi@2.3.0,ce308a3b54fc0f2343e168226d67a14b6e435696,2022-04-14T09:27:16Z
napi-rs/napi-rs,napi@2.3.1,e81e3dbb2ea2c8cbbb88eb840abd8a9d56913f67,2022-04-15T13:41:10Z
napi-rs/napi-rs,napi@2.3.2,a41cc07f215d881a5178e998a12e8d3832ad885c,2022-04-25T08:09:53Z
napi-rs/napi-rs,napi@2.3.3,2fecc109ef822efbaa81cb365699d2f67f6a1f51,2022-04-27T06:13:56Z
napi-rs/napi-rs,napi@2.4.0,daf5f1f9e9c1eaa58f040ac07b1feb0f986ca13a,2022-05-07T07:49:44Z
napi-rs/napi-rs,napi@2.4.1,79d7453713edc26bb283f1b63c5314a06163f323,2022-05-07T12:23:01Z
napi-rs/napi-rs,napi@2.4.2,fb8d8b97d60b53f50b9595f70ac3d1f8d311ba9a,2022-05-10T14:27:27Z
napi-rs/napi-rs,napi@2.4.3,822f4af1ccda63d58971fa50edf4927287ea6cf3,2022-05-12T08:59:29Z
napi-rs/napi-rs,napi@2.5.0,2e7f3affe1f95cd7c17899a6d94798ec567c5f79,2022-06-10T07:37:24Z
napi-rs/napi-rs,napi@2.6.0,661b418eb6173b8291b10968993a940a91eda689,2022-07-06T15:33:45Z
napi-rs/napi-rs,napi@2.6.1,087b3ed594dd49e49b2b4d0c21424709e1ca0f97,2022-07-06T16:16:56Z
napi-rs/napi-rs,napi@2.6.2,3eccf45439d9c682ea678ea9242d355d0f0e4b45,2022-07-08T05:50:29Z
napi-rs/napi-rs,napi@2.6.3,5b2bff79d4dd657dc0e547bf2cf5635bc504748b,2022-07-11T13:53:57Z
napi-rs/napi-rs,napi@2.7.0,a0c7176693518c8ef4dc0f54a5ae34550339fdb5,2022-08-07T04:51:10Z
napi-rs/napi-rs,napi@2.8.0,5ba603459b9568640e60ddb041f1ddc71622e425,2022-08-17T15:12:01Z
napi-rs/napi-rs,napi@2.9.0,767c040d94cffb96092caf3c8dc01b7b64e9def8,2022-08-23T14:27:48Z
napi-rs/napi-rs,napi@2.9.1,f3c203d46e6a142ea42bb78a8983b82c45651c59,2022-09-08T09:27:28Z
napi-rs/napi-rs,napi@2.10.0,a12bdc4359dfaff191d1fd124bc5b28e0d90f1bb,2022-10-04T09:17:09Z
napi-rs/napi-rs,napi@2.10.1,9816a77729a9ab65b1e846c9caa2528fa20b5587,2022-11-12T05:39:04Z
napi-rs/napi-rs,napi@2.10.2,25fb299ac62d6ffa7f841994bf8335d4894e30d4,2022-12-08T16:40:57Z
napi-rs/napi-rs,napi@2.10.3,1bcb3a3628a3682cc2c9ee66ca5e526a749c2421,2022-12-19T11:49:11Z
napi-rs/napi-rs,napi@2.10.4,76a16be0ebecb6081169e0fc1e0ac89ab097acf1,2022-12-29T08:00:09Z
napi-rs/napi-rs,napi@2.10.5,3d3fa533d989f2c3ce24ba78c76c895798fc3acd,2023-01-09T09:21:54Z
napi-rs/napi-rs,napi@2.10.6,38390dbef919d7fd5242e3def0d63c7eebe414aa,2023-01-11T14:02:19Z
napi-rs/napi-rs,napi@2.10.7,3db49adcdc5bc917d2f6abc1d672b057d95cad7d,2023-01-16T16:06:43Z
napi-rs/napi-rs,napi@2.10.8,08487465346bb40b71c23ad1f1a653fa04a7e9bb,2023-01-18T03:21:22Z
napi-rs/napi-rs,napi@2.10.9,c51d6572247542b056ce8bc2a8e58b83a3d936a9,2023-01-19T09:30:02Z
napi-rs/napi-rs,napi@2.10.10,b42410182e954b90481632eda4deb711f662a209,2023-01-24T13:59:53Z
napi-rs/napi-rs,napi@2.10.11,134eb8e19b48ef54b931141a4ad3e43652bc4aae,2023-01-25T01:57:25Z
napi-rs/napi-rs,napi@2.10.12,fde2d649ee2e118834ab17655a1166f6a64811dc,2023-01-28T06:55:40Z
napi-rs/napi-rs,napi@2.10.13,47a0d1af3b3753aeff96f7c57b9837f355eb32d6,2023-01-28T13:59:31Z
napi-rs/napi-rs,napi@2.10.14,dc372d91532758e3f6ae864958cf93a6b74678fb,2023-01-31T12:41:12Z
napi-rs/napi-rs,napi@2.10.15,c70c76d8f3816db1c9081cd1cc3b92a267774fc3,2023-02-05T16:59:55Z
napi-rs/napi-rs,napi@2.10.16,f24c9e6e831100f64e4b8969d71737bc4d5a089c,2023-02-07T08:17:04Z
napi-rs/napi-rs,napi@2.10.17,80ec3dd2d9c5ca7ac1075df806a89005f002471d,2023-02-08T09:34:08Z
napi-rs/napi-rs,napi@2.11.0,8e5ed4c7a07e46cc25787cb07828c1bb801c013d,2023-02-08T14:33:55Z
napi-rs/napi-rs,napi@2.11.1,ec9349bb3b9453c7e14ebeecb5d9c04f7d268d96,2023-02-09T15:22:29Z
napi-rs/napi-rs,napi@2.11.2,25cc07b476d2f924aa536a13223994ee59892978,2023-02-18T03:35:57Z
napi-rs/napi-rs,napi@2.11.3,c1072462a5427ce76b00a21377fa753fd5462d56,2023-03-14T07:37:34Z
napi-rs/napi-rs,napi@2.11.4,73db80311adb37a32fc1dfe0261c4be90cfbfde4,2023-03-14T13:41:01Z
napi-rs/napi-rs,napi@2.12.0,3b831f42f5384cc702eb4347c86a67a3adc50211,2023-03-21T05:39:58Z
napi-rs/napi-rs,napi@2.12.1,a956d51a9aba9f8b8ff2af54b5b4a655917806b3,2023-03-23T07:35:25Z
napi-rs/napi-rs,napi@2.12.2,a8f1310e4d5c5d7fb3ad0e3856049db8370b3456,2023-03-30T05:49:53Z
napi-rs/napi-rs,napi@2.12.3,f4d9e099179ce60cd06addc374133b6e19659536,2023-04-11T03:21:48Z
napi-rs/napi-rs,napi@2.12.4,b60dbc57608140febc290e6eaa82fd266d751ab2,2023-04-11T03:44:32Z
napi-rs/napi-rs,napi@2.12.5,cd8888aa23356f45d92abe8feb8151acde54f705,2023-04-16T16:00:06Z
napi-rs/napi-rs,napi@2.12.6,9a220bd1c2af2f0b06ccd667559606e6279b3fb7,2023-04-25T05:27:53Z
napi-rs/napi-rs,napi@2.12.7,e5163f7fc0083a1f682adcee892d6e19855cb74e,2023-05-20T02:56:29Z
napi-rs/napi-rs,napi@2.13.0,433e5b13bf4d1698eb0e304b56746a911975f896,2023-05-27T04:28:43Z
napi-rs/napi-rs,napi@2.13.1,17bd8718ee3fc2c03b9cfdd20462637b3f06cf65,2023-05-27T06:30:06Z
napi-rs/napi-rs,napi@2.13.2,8ec367e6c5a25858c51ac1af95ef4ab0ff93aab9,2023-06-14T07:51:34Z
napi-rs/napi-rs,napi@2.13.3,b1dd6132438badade7947a95d8d12e3c053a374a,2023-08-16T07:24:33Z
napi-rs/napi-rs,napi@2.14.0,688ee04247fa17fab9a644c4cf0509b0e63853db,2023-11-07T06:18:24Z
napi-rs/napi-rs,napi@2.14.1,6a4f4f173db28cf6bab15f193927fe99d3505da8,2023-11-20T09:21:37Z
napi-rs/napi-rs,napi@2.14.2,03eb476cef61fb15f1ec071c415cbf6fbfa8e830,2023-12-31T14:08:07Z
napi-rs/napi-rs,napi@2.14.3,3cbae4e8c133c6f5aeadaefcc5bb67646a38b9b8,2024-01-24T09:16:37Z
napi-rs/napi-rs,napi@2.14.4,69d2a75384dcf764e13200bc595e274b6db82263,2024-01-24T09:20:43Z
napi-rs/napi-rs,napi@2.15.0,a6aaa94e7da2cd12248ff1817baea76ddebd26e7,2024-01-26T06:28:19Z
napi-rs/napi-rs,napi@2.15.1,5b66467e091d8bfad1c9477cb0a9f7b25dd779cb,2024-02-01T14:16:18Z
napi-rs/napi-rs,napi@2.15.2,97039b2f0842b0fbbd171c511f4c23350cbb68be,2024-02-17T14:58:27Z
napi-rs/napi-rs,napi@2.15.3,8855f18f50f64f5e02566638750b42c9a098e71b,2024-02-21T15:16:27Z
napi-rs/napi-rs,napi@2.15.4,33cf208758053d54f5a866e2f2dd02a2145227c1,2024-02-22T11:01:18Z
napi-rs/napi-rs,napi@2.16.0,e3e8a0fb3948d8cf45e30ab65b4480c233905101,2024-02-28T07:06:11Z
napi-rs/napi-rs,napi@2.16.1,6d4ff7ca51e39cf8a507c871efa6d2c9ec1eed2b,2024-03-26T02:34:00Z
napi-rs/napi-rs,napi@2.16.2,9f240494c0382f76d35fd6414730dec5e9ded518,2024-04-10T16:32:19Z
napi-rs/napi-rs,napi@2.16.3,85251cdabffabb3c46d9d912ee443c1a154139f8,2024-04-15T15:21:16Z
napi-rs/napi-rs,napi@2.16.4,3d4853cecdfa1b4b264cb1c716548433d3b1beb9,2024-04-18T04:01:56Z
napi-rs/napi-rs,napi@2.16.5,baea114cb31d7cb8c6a46d3d5d0e2e25f6332cfe,2024-05-06T10:39:10Z
napi-rs/napi-rs,napi@2.16.6,2e67c116ece433f622ad20c083841194b820a10b,2024-05-07T10:43:19Z
napi-rs/napi-rs,napi@2.16.7,984a3de4887c2fdb21db21e60d80a17c717a9680,2024-06-25T06:35:57Z
napi-rs/napi-rs,napi@2.16.8,3039579e15510f34c0f9be7f8346bdd97621a3ef,2024-06-27T12:57:31Z
napi-rs/napi-rs,napi@2.16.9,9dc72b5127227ed8d90d0fc194ce78058040fb53,2024-08-10T06:08:05Z
napi-rs/napi-rs,napi@2.16.10,372d9b47bef6bf53631b68c86e6a84a593d94395,2024-09-12T16:03:15Z
napi-rs/napi-rs,napi@2.16.11,18a8088a387053ff4216eaa86f70f96a39d60f2c,2024-09-19T05:58:42Z
napi-rs/napi-rs,napi@2.16.12,e78e3aef654c463a53067ebb7fbe32c8c106d212,2024-10-13T16:31:18Z
napi-rs/napi-rs,napi@2.16.13,39d38278d6b6b44e3cc99cdb97d6abfde46cd573,2024-10-21T09:25:55Z
napi-rs/napi-rs,napi@2.16.14,f9d50b3bf9e0a8a8d1f84088b6f752828d445009,2025-02-03T05:32:46Z
napi-rs/napi-rs,napi@2.16.15,a64d245c8039c55d33c856744f64f629e5f28014,2025-02-04T09:54:15Z
napi-rs/napi-rs,napi@2.16.16,9d12cc5bc574348c320631287bd98b9f3629a6f4,2025-02-11T14:26:24Z
napi-rs/napi-rs,napi@2.16.17,f2178312d0e3e07beecc19836b91716a229107d3,2025-03-22T05:47:11Z
napi-rs/napi-rs,napi@3.0.0-alpha.0,2a7c0002750f960ace872d16b6735cade736714c,2024-03-20T14:43:50Z
napi-rs/napi-rs,napi@3.0.0-alpha.1,63c8ab3f20316e1e024cc6fe6b69c8671ed3f01b,2024-04-10T08:57:51Z
napi-rs/napi-rs,napi@3.0.0-alpha.2,dacfeac1f5a0f53ac4b1d7688660e2c83d79fab3,2024-04-15T15:59:37Z
napi-rs/napi-rs,napi@3.0.0-alpha.3,657fbfb113b1fee335205e40ce35fe6d263771eb,2024-06-27T12:44:34Z
napi-rs/napi-rs,napi@3.0.0-alpha.4,a4cd94ea309f21329a671b1da1267218bb17e6e6,2024-07-06T06:33:51Z
napi-rs/napi-rs,napi@3.0.0-alpha.5,807b987a2066187c5fc86a9b14ae0e76e061689a,2024-07-06T15:59:26Z
napi-rs/napi-rs,napi@3.0.0-alpha.6,70a5fce68d6ee9147dfa06058cad825860df7890,2024-07-07T12:55:20Z
napi-rs/napi-rs,napi@3.0.0-alpha.7,2fccedbabadf720f3d61351e059d6654b86b445d,2024-07-14T15:29:08Z
napi-rs/napi-rs,napi@3.0.0-alpha.8,b884f62f7be43dca139f0be8e9701a7a85b6cedb,2024-07-18T06:26:43Z
napi-rs/napi-rs,napi@3.0.0-alpha.9,a9690383c2bc0cbf09ae9d2ba703b660b5f07a54,2024-09-12T16:17:46Z
napi-rs/napi-rs,napi@3.0.0-alpha.10,91af2c5961d3fc25b429687ee7e0ae205efd68fb,2024-09-19T14:30:31Z
napi-rs/napi-rs,napi@3.0.0-alpha.11,511340a52f995a50ed5ac5ea12097dbd150b1fd5,2024-09-20T15:08:30Z
napi-rs/napi-rs,napi@3.0.0-alpha.12,34829fb5f71dec91b9e7e0313f10adb6f32a4a65,2024-09-23T09:01:26Z
napi-rs/napi-rs,napi@3.0.0-alpha.13,9a6f01a20c30988bd14f493c161b0faa03111bf9,2024-10-02T22:01:11Z
napi-rs/napi-rs,napi@3.0.0-alpha.14,a38a24c3592293a19fb42306e10f8d105052f29d,2024-10-13T16:27:33Z
napi-rs/napi-rs,napi@3.0.0-alpha.15,17f6dd2fd9cfbdb463189ced08630ddf01d020eb,2024-10-14T03:27:41Z
napi-rs/napi-rs,napi@3.0.0-alpha.16,953f2e3553e7705dba737cd83335061062002326,2024-10-21T08:46:22Z
napi-rs/napi-rs,napi@3.0.0-alpha.17,6a690e1c53a28f516319d00da7ec8ad12ded1d87,2024-10-28T15:50:33Z
napi-rs/napi-rs,napi@3.0.0-alpha.18,fd23549009f5b4d5366744d0b63369acbc012141,2024-10-31T02:49:53Z
napi-rs/napi-rs,napi@3.0.0-alpha.19,59dce18ab4a416706f40a17a430181ad0f65537a,2024-10-31T03:06:23Z
napi-rs/napi-rs,napi@3.0.0-alpha.20,209386f5c1c748f7236b174f9c6b4084def62b7b,2024-11-07T06:03:46Z
napi-rs/napi-rs,napi@3.0.0-alpha.21,7886d24d1293883c50570ddcb8d506f54be01ed3,2024-11-30T02:52:18Z
napi-rs/napi-rs,napi@3.0.0-alpha.22,dd07a04ca6696926d3b3c8bd3ee2d2cc4b70de5e,2024-12-03T13:59:09Z
napi-rs/napi-rs,napi@3.0.0-alpha.23,7c532640d5a683895b4b5531c0f5991c9231c93b,2024-12-10T03:31:57Z
napi-rs/napi-rs,napi@3.0.0-alpha.24,8027aa06029dd4099efec459300227fc855d47a1,2024-12-18T15:52:03Z
napi-rs/napi-rs,napi@3.0.0-alpha.25,a24993b773d6efcfc20767b3f880cfe6dc2391de,2025-01-04T07:23:33Z
napi-rs/napi-rs,napi@3.0.0-alpha.26,8ebc851fce29fb178b8d46bfffe06a27a317cea1,2025-01-04T12:07:20Z
napi-rs/napi-rs,napi@3.0.0-alpha.27,55846053f792335f14f63c8b907717c8f7c0b2ba,2025-01-12T12:39:36Z
napi-rs/napi-rs,napi@3.0.0-alpha.28,b1f8966fa7ed1095daf892cf781b722fb27bf416,2025-02-11T14:35:55Z
napi-rs/napi-rs,napi@3.0.0-alpha.29,6ecc4503b5230784f1b0afbac9b065ea255f32c6,2025-02-21T04:53:55Z
napi-rs/napi-rs,napi@3.0.0-alpha.30,4edea1d3039249f2c29304495bca4ef5e5964c65,2025-02-24T12:15:52Z
napi-rs/napi-rs,napi@3.0.0-alpha.31,98f853ce90fd5b6d79ebe5aebb27405328c6cbd1,2025-02-25T13:51:24Z
napi-rs/napi-rs,napi@3.0.0-alpha.32,2b27a42893f57ad8cc4cabb44739fdee30554d67,2025-03-16T16:11:37Z
napi-rs/napi-rs,napi@3.0.0-alpha.33,69d1c41b7c8dcdac43b0ede3679094d3d4d4b4e1,2025-03-17T04:35:25Z
napi-rs/napi-rs,napi@3.0.0-beta.0,bbe3666233e9254adb1b75a053176af557a7f499,2025-05-16T14:51:54Z
napi-rs/napi-rs,napi@3.0.0-beta.1,62a1051589ac16846d13f1f91c6c33cdd316d50a,2025-05-19T11:53:16Z
napi-rs/napi-rs,napi@3.0.0-beta.2,abf041542c4bedc211fe69e42b2bc4c1a6979c7e,2025-05-22T12:04:36Z
napi-rs/napi-rs,napi@3.0.0-beta.3,6fd2f0d96299e7001682282da1b827cefbd07db1,2025-05-29T15:11:46Z
napi-rs/napi-rs,napi@3.0.0-beta.4,2f64f200da226c2853ed919bd3ba902fea09bfde,2025-06-03T11:25:43Z
napi-rs/napi-rs,napi@3.0.0-beta.5,a8d39e98df407ffdff2d93b20d0b843b20c16584,2025-06-04T09:07:07Z
napi-rs/napi-rs,napi@3.0.0-beta.6,8256b9515eba21e3d3cdfb72ee87e2641afa533f,2025-06-04T10:24:07Z
napi-rs/napi-rs,napi@3.0.0-beta.7,19146503ff78360e4ac9bc3025e29d1a6fe0b056,2025-06-04T12:24:58Z
napi-rs/napi-rs,napi@3.0.0-beta.8,668b53e8499582aafca45778a39baef3ac958aac,2025-06-08T13:44:13Z
napi-rs/napi-rs,napi@3.0.0-beta.9,b40aaa8d71dce217a2e1872d736bde5985a7c70d,2025-06-24T08:33:28Z
napi-rs/napi-rs,napi@3.0.0-beta.10,3898211b3a7642bdbf77628722fdf24488fc896d,2025-06-25T08:06:23Z
napi-rs/napi-rs,napi@3.0.0-beta.11,caf04000902b2c6068590950560744066690e9c2,2025-06-30T09:12:35Z
napi-rs/napi-rs,napi@3.0.0-beta.12,b5fa1ff68866f5afe06b85bae97e44404240d860,2025-07-04T14:50:23Z
napi-rs/napi-rs,napi@3.0.0,a9dc138aa036d75db790282ebf9bfe88670d9e7d,2025-07-17T09:40:34Z
napi-rs/napi-rs,napi-async-runtime-v0.1.0,ee598db45985ef11e18c7340801c28bb2452b688,2026-07-21T10:25:02Z
napi-rs/napi-rs,napi-async-runtime-v0.2.0,050d985196174b4be830cdb813d09e2705258455,2026-07-27T13:20:05Z
napi-rs/napi-rs,napi-async-runtime-v0.2.1,31c27a1676a7c4b317f4e144e0a9cb94e8354143,2026-09-10T13:47:34Z
napi-rs/napi-rs,napi-async-runtime-v0.2.2,38162bb0eb324ae24b402982bad3d4ef3f24c90a,2026-09-20T03:45:43Z
napi-rs/napi-rs,napi-async-runtime-v0.2.3,2763e12efc855748485129952a6ccb97ac991c06,2026-09-22T16:38:16Z
napi-rs/napi-rs,napi-async-runtime-v0.2.4,37109f133043aff379a38edfb8b1548e7e9309e5,2026-10-01T05:00:36Z
napi-rs/napi-rs,napi-async-runtime-v0.2.5,4694e6d7c7d7eb2ac6b9a634374c3519a9e5851f,2026-10-05T08:59:06Z
napi-rs/napi-rs,napi-async-runtime-v0.2.6,8bab46ee5dfd48a7b51e8bad3d09aed315ada4df,2026-10-06T09:42:28Z
napi-rs/napi-rs,napi-build@0.2.1,c4aaf2156e94a1a482c4042eac0e5bdcba93ee84,2020-08-26T09:59:38Z
napi-rs/napi-rs,napi-build@1.0.1,6bdfe8687e2655e3bb228c997270448bd5f35a4c,2021-01-04T07:16:04Z
napi-rs/napi-rs,napi-build@1.0.2,a1df1fe58694854b8eb105bac474b29c3413f2c5,2021-04-14T06:57:06Z
napi-rs/napi-rs,napi-build@1.1.0-beta.0,f96fb5930cdb519c53a5abdba1b3b41746afe595,2021-05-31T16:31:58Z
napi-rs/napi-rs,napi-build@1.1.0,7d494bbec7ab5cfeb729b521a95a5c34c521ad2f,2021-05-31T17:33:31Z
napi-rs/napi-rs,napi-build@1.1.1,50e08b6033543d922011208091b24b3f0987139f,2021-10-31T15:37:05Z
napi-rs/napi-rs,napi-build@1.1.2,aaf1bd14ea6903134b90a1976cd746f7763a9ddd,2021-11-25T15:25:21Z
napi-rs/napi-rs,napi-build@1.2.0,24c5d6950e659df1e1d77c025b8fcaad6931d373,2021-12-02T06:34:53Z
napi-rs/napi-rs,napi-build@1.2.1,fa0fe874489f45b8d1ece8eb3e58f7d17b23ccd2,2021-12-21T16:27:50Z
napi-rs/napi-rs,napi-build@2.0.0,daf5f1f9e9c1eaa58f040ac07b1feb0f986ca13a,2022-05-07T07:49:44Z
napi-rs/napi-rs,napi-build@2.0.1,2e7f3affe1f95cd7c17899a6d94798ec567c5f79,2022-06-10T07:37:24Z
napi-rs/napi-rs,napi-build@2.1.0,688ee04247fa17fab9a644c4cf0509b0e63853db,2023-11-07T06:18:24Z
napi-rs/napi-rs,napi-build@2.1.1,f7376f1e974e4fbde9a7eac0d125e6be3a72ea71,2024-02-18T14:05:20Z
napi-rs/napi-rs,napi-build@2.1.2,95af8065c0dcab4374c8e183e3b10b89ca36516f,2024-02-19T11:10:16Z
napi-rs/napi-rs,napi-build@2.1.4,8027aa06029dd4099efec459300227fc855d47a1,2024-12-18T15:52:03Z
napi-rs/napi-rs,napi-build@2.1.5,98f853ce90fd5b6d79ebe5aebb27405328c6cbd1,2025-02-25T13:51:24Z
napi-rs/napi-rs,napi-build@2.1.6,c1b840ee61d71809f24bf614bda7de5b3f172357,2025-03-22T05:24:27Z
napi-rs/napi-rs,napi-build@2.2.0,bbe3666233e9254adb1b75a053176af557a7f499,2025-05-16T14:51:54Z
napi-rs/napi-rs,napi-build@2.2.1,19146503ff78360e4ac9bc3025e29d1a6fe0b056,2025-06-04T12:24:58Z
napi-rs/napi-rs,napi-build@2.2.2,0a8de79fc4afc2aaa20edbfc3f8c0326207b140b,2025-06-30T09:15:43Z
napi-rs/napi-rs,napi-build@3.0.0-alpha.0,8256b9515eba21e3d3cdfb72ee87e2641afa533f,2025-06-04T10:24:07Z
napi-rs/napi-rs,napi-build-v2.2.3,069661e91d3e33b550accbdd133aedd00f395d6e,2025-07-24T13:41:32Z
napi-rs/napi-rs,napi-build-v2.2.4,0db7ceb47d0401faa84f9a80163437ff313ecc7c,2025-10-24T01:47:01Z
napi-rs/napi-rs,napi-build-v2.3.0,39230082f6bc2a088d2c51b2a40243e9aee40010,2025-11-06T09:08:41Z
napi-rs/napi-rs,napi-build-v2.3.1,67e711d69b7e681807d157ea85cf8173fd923537,2025-11-10T04:33:53Z
napi-rs/napi-rs,napi-build-v2.3.2,e9c50bb430b7d34659c0541f600e1e323d37432a,2026-05-13T11:41:34Z
napi-rs/napi-rs,napi-build-v2.4.0,58bd87fa524a837a7c962ab4103e5588557ccd81,2026-07-28T09:20:10Z
napi-rs/napi-rs,napi-build-v2.4.1,956e4525fea6a676ea3680b711382f167b899af9,2026-08-10T01:24:50Z
napi-rs/napi-rs,napi-build-v2.4.2,31c27a1676a7c4b317f4e144e0a9cb94e8354143,2026-09-10T13:47:34Z
napi-rs/napi-rs,napi-build-v2.4.3,e2f21c67da882a0221e3c6fc59170d4e6c367c68,2026-09-16T08:55:31Z
napi-rs/napi-rs,napi-build-v2.4.4,38162bb0eb324ae24b402982bad3d4ef3f24c90a,2026-09-20T03:45:43Z
napi-rs/napi-rs,napi-build-v2.5.0,2763e12efc855748485129952a6ccb97ac991c06,2026-09-22T16:38:16Z
napi-rs/napi-rs,napi-build-v2.6.0,a94cef33f62e74682963dd085e283f52dcec2600,2026-10-01T04:52:56Z
napi-rs/napi-rs,napi-derive@0.4.1,8497479c7a810012a9a821e632a39c8c0bc976a7,2020-07-18T03:05:13Z
napi-rs/napi-rs,napi-derive@0.4.2,cab9234e6b65748b4f487e22384b794df943e2fe,2020-07-20T10:56:16Z
napi-rs/napi-rs,napi-derive@0.5.0,1219f3b172f0dff5913aa4b00ac90cbfb088293e,2020-09-03T12:39:18Z
napi-rs/napi-rs,napi-derive@0.5.1,8440c6893aebbbbd3c5d68f325d4eb6eb6b7aa14,2020-09-07T09:44:31Z
napi-rs/napi-rs,napi-derive@1.0.1,81af1674a8766f0453da199a8b177a5a0a14f61a,2021-03-22T05:38:42Z
napi-rs/napi-rs,napi-derive@1.1.0,9dd758526d5d379e18b03e0df4677914512f67e2,2021-04-01T13:08:53Z
napi-rs/napi-rs,napi-derive@1.1.1,41485dccf1d75430aa4e12a4a467e2dda60d87f2,2021-10-24T15:38:56Z
napi-rs/napi-rs,napi-derive@1.1.2,eb67db128488be1205943dbd3a33ba9d24e276c2,2021-11-15T15:52:07Z
napi-rs/napi-rs,napi-derive@2.0.0-alpha.1,50e08b6033543d922011208091b24b3f0987139f,2021-10-31T15:37:05Z
napi-rs/napi-rs,napi-derive@2.0.0-alpha.2,1ab52c42b6c67db3608a8d7e3eedeff8cf6b881f,2021-11-06T16:06:20Z
napi-rs/napi-rs,napi-derive@2.0.0-alpha.3,38d2645632d663733c7093bc84edc4d36e6dc26f,2021-11-10T06:18:57Z
napi-rs/napi-rs,napi-derive@2.0.0-alpha.4,052bcd8f3efe75a9a10f4b4f36d4dda1f7d71f68,2021-11-16T02:38:16Z
napi-rs/napi-rs,napi-derive@2.0.0-alpha.5,0e0bfb1c0a48fe38aa21d1b762481b6e96278bd7,2021-11-16T04:36:02Z
napi-rs/napi-rs,napi-derive@2.0.0-alpha.6,fa8e32d3c0591e6d391d6cc65cc5cbae845511ac,2021-11-16T05:03:20Z
napi-rs/napi-rs,napi-derive@2.0.0-alpha.7,4874c72340c0b6bf10e667506752039864c15d1c,2021-11-21T08:47:58Z
napi-rs/napi-rs,napi-derive@2.0.0-alpha.8,aaf1bd14ea6903134b90a1976cd746f7763a9ddd,2021-11-25T15:25:21Z
napi-rs/napi-rs,napi-derive@2.0.0-alpha.9,a25f0b990c2752fe16f494aa34f399907b3cac80,2021-11-26T09:43:49Z
napi-rs/napi-rs,napi-derive@2.0.0-alpha.10,cb08c9f355b0bb6e0224c833b638c6f88fe82a03,2021-11-29T16:30:48Z
napi-rs/napi-rs,napi-derive@2.0.0-beta.0,24c5d6950e659df1e1d77c025b8fcaad6931d373,2021-12-02T06:34:53Z
napi-rs/napi-rs,napi-derive@2.0.0-beta.1,140fa7b502d70c8ca36374cd3b7bd3a8bd0f2f68,2021-12-02T09:06:15Z
napi-rs/napi-rs,napi-derive@2.0.0-beta.2,0ac303e3ea849b3a1cf5fdc11146cb9afcc130df,2021-12-06T06:15:09Z
napi-rs/napi-rs,napi-derive@2.0.0-beta.3,454711981bad00497b4d4d7d6caff0ab44323dca,2021-12-07T15:38:53Z
napi-rs/napi-rs,napi-derive@2.0.0-beta.4,fe5c5a8dee2f9a4e7f2ee8d5c84ec357194cf6c1,2021-12-08T05:36:53Z
napi-rs/napi-rs,napi-derive@2.0.0-beta.5,16fa7a159e05ffb6dc7ebe63989e95ca1ebdb736,2021-12-08T09:33:03Z
napi-rs/napi-rs,napi-derive@2.0.0,bbd466b69c87a12e81dc8030e57affb8a50d62a2,2021-12-17T08:56:45Z
napi-rs/napi-rs,napi-derive@2.0.1,bdc49cca105af427ff65a9bb2498bfbe8ea0e635,2021-12-21T16:23:05Z
napi-rs/napi-rs,napi-derive@2.0.2,e904497b8c2929ea9efa29fe7e12d0d1ad2282de,2021-12-23T06:47:33Z
napi-rs/napi-rs,napi-derive@2.0.3,4e4b160f3acca152102f2a7af05145649561ca01,2021-12-24T13:57:17Z
napi-rs/napi-rs,napi-derive@2.0.4,66e202e2f236780b438cd28652ce7ca0e92e3dbf,2021-12-24T17:44:21Z
napi-rs/napi-rs,napi-derive@2.0.5,04012915bb18d0db5a4d00808b9a3c877f355a36,2022-01-04T03:06:33Z
napi-rs/napi-rs,napi-derive@2.0.6,5ef1d11e270834f0d5f5a163b22b40b5f47efd7a,2022-01-06T09:41:42Z
napi-rs/napi-rs,napi-derive@2.0.7,645a2e78852c8e5c6a91652c999d74e356eafc21,2022-01-07T06:11:39Z
napi-rs/napi-rs,napi-derive@2.0.8,1238ee027619b8b9afb9551682349230d8c67c5d,2022-01-18T06:38:21Z
napi-rs/napi-rs,napi-derive@2.1.0,e607bc158e7bc819070692f1adb4439875869313,2022-02-09T12:44:28Z
napi-rs/napi-rs,napi-derive@2.2.0,71f3c0ef7e96a90d7309d59e6c0a6bbfd0cece52,2022-03-05T10:49:42Z
napi-rs/napi-rs,napi-derive@2.3.0-alpha.1,0cda12a1450b2df4f4c483b79f4d318f31328ff3,2022-04-07T05:44:44Z
napi-rs/napi-rs,napi-derive@2.3.0,ce308a3b54fc0f2343e168226d67a14b6e435696,2022-04-14T09:27:16Z
napi-rs/napi-rs,napi-derive@2.3.1,a41cc07f215d881a5178e998a12e8d3832ad885c,2022-04-25T08:09:53Z
napi-rs/napi-rs,napi-derive@2.3.2,2fecc109ef822efbaa81cb365699d2f67f6a1f51,2022-04-27T06:13:56Z
napi-rs/napi-rs,napi-derive@2.3.3,8681cadc0ffabb3974df9a8bcc19562aac80490c,2022-04-27T10:39:47Z
napi-rs/napi-rs,napi-derive@2.4.0,daf5f1f9e9c1eaa58f040ac07b1feb0f986ca13a,2022-05-07T07:49:44Z
napi-rs/napi-rs,napi-derive@2.4.1,fb8d8b97d60b53f50b9595f70ac3d1f8d311ba9a,2022-05-10T14:27:27Z
napi-rs/napi-rs,napi-derive@2.5.0,2e7f3affe1f95cd7c17899a6d94798ec567c5f79,2022-06-10T07:37:24Z
napi-rs/napi-rs,napi-derive@2.6.0,661b418eb6173b8291b10968993a940a91eda689,2022-07-06T15:33:45Z
napi-rs/napi-rs,napi-derive@2.7.0,a0c7176693518c8ef4dc0f54a5ae34550339fdb5,2022-08-07T04:51:10Z
napi-rs/napi-rs,napi-derive@2.8.0,5ba603459b9568640e60ddb041f1ddc71622e425,2022-08-17T15:12:01Z
napi-rs/napi-rs,napi-derive@2.9.0,767c040d94cffb96092caf3c8dc01b7b64e9def8,2022-08-23T14:27:48Z
napi-rs/napi-rs,napi-derive@2.9.1,f3c203d46e6a142ea42bb78a8983b82c45651c59,2022-09-08T09:27:28Z
napi-rs/napi-rs,napi-derive@2.9.2,25fb299ac62d6ffa7f841994bf8335d4894e30d4,2022-12-08T16:40:57Z
napi-rs/napi-rs,napi-derive@2.9.3,f6ac15437877c0527147592be82958faccea5910,2022-12-09T10:59:50Z
napi-rs/napi-rs,napi-derive@2.9.4,be805b684d1d0fe9a42e93f90b3f31daaa235f9c,2023-01-13T08:57:47Z
napi-rs/napi-rs,napi-derive@2.9.5,f14799f0b7be9fea37a9e6cb941bcc0aef25b42e,2023-01-14T10:30:59Z
napi-rs/napi-rs,napi-derive@2.10.0,b42410182e954b90481632eda4deb711f662a209,2023-01-24T13:59:53Z
napi-rs/napi-rs,napi-derive@2.10.1,dc372d91532758e3f6ae864958cf93a6b74678fb,2023-01-31T12:41:12Z
napi-rs/napi-rs,napi-derive@2.11.0,8e5ed4c7a07e46cc25787cb07828c1bb801c013d,2023-02-08T14:33:55Z
napi-rs/napi-rs,napi-derive@2.11.1,25cc07b476d2f924aa536a13223994ee59892978,2023-02-18T03:35:57Z
napi-rs/napi-rs,napi-derive@2.11.2,c1072462a5427ce76b00a21377fa753fd5462d56,2023-03-14T07:37:34Z
napi-rs/napi-rs,napi-derive@2.12.0,3b831f42f5384cc702eb4347c86a67a3adc50211,2023-03-21T05:39:58Z
napi-rs/napi-rs,napi-derive@2.12.1,2f4d9d444786ead46a35e5838d921d7f3495e91d,2023-03-21T10:50:44Z
napi-rs/napi-rs,napi-derive@2.12.2,2e865cad2999806704d0ee8b34bd2b1c7a185f27,2023-03-22T10:03:28Z
napi-rs/napi-rs,napi-derive@2.12.3,f4d9e099179ce60cd06addc374133b6e19659536,2023-04-11T03:21:48Z
napi-rs/napi-rs,napi-derive@2.12.4,9a220bd1c2af2f0b06ccd667559606e6279b3fb7,2023-04-25T05:27:53Z
napi-rs/napi-rs,napi-derive@2.12.5,1f0edfa6f2ac5792e24c66083c5a8bfd688d4b2c,2023-04-26T07:19:52Z
napi-rs/napi-rs,napi-derive@2.13.0,433e5b13bf4d1698eb0e304b56746a911975f896,2023-05-27T04:28:43Z
napi-rs/napi-rs,napi-derive@2.14.0,688ee04247fa17fab9a644c4cf0509b0e63853db,2023-11-07T06:18:24Z
napi-rs/napi-rs,napi-derive@2.14.1,529317b5efe01e49137e8c42c6e90ca351805cce,2023-11-08T12:58:10Z
napi-rs/napi-rs,napi-derive@2.14.2,6a4f4f173db28cf6bab15f193927fe99d3505da8,2023-11-20T09:21:37Z
napi-rs/napi-rs,napi-derive@2.14.3,1dda26e6cdbf300b391814d15c3640583243d1e5,2023-12-11T02:52:51Z
napi-rs/napi-rs,napi-derive@2.14.4,af248435ac56e7715529019d6b94877104efda00,2023-12-13T05:27:48Z
napi-rs/napi-rs,napi-derive@2.14.5,85807ad7901b509952e3e5382035cc01bbb85920,2023-12-27T04:53:06Z
napi-rs/napi-rs,napi-derive@2.14.6,5825dcc3a6bdc3474a96b206fb13f317d126cdff,2023-12-27T14:10:37Z
napi-rs/napi-rs,napi-derive@2.15.0,a6aaa94e7da2cd12248ff1817baea76ddebd26e7,2024-01-26T06:28:19Z
napi-rs/napi-rs,napi-derive@2.15.1,b6adf8ae5ce099c466de9bddd710fc572f6ac0ce,2024-02-08T12:41:45Z
napi-rs/napi-rs,napi-derive@2.15.2,97039b2f0842b0fbbd171c511f4c23350cbb68be,2024-02-17T14:58:27Z
napi-rs/napi-rs,napi-derive@2.15.3,9e44fd635b2265d511a442a515e0dcfd498631f2,2024-02-20T07:17:43Z
napi-rs/napi-rs,napi-derive@2.16.0,e3e8a0fb3948d8cf45e30ab65b4480c233905101,2024-02-28T07:06:11Z
napi-rs/napi-rs,napi-derive@2.16.1,0337c83e12e9574fcbe498b15f027f274a4c224d,2024-03-26T02:34:00Z
napi-rs/napi-rs,napi-derive@2.16.2,9f240494c0382f76d35fd6414730dec5e9ded518,2024-04-10T16:32:19Z
napi-rs/napi-rs,napi-derive@2.16.3,3d4853cecdfa1b4b264cb1c716548433d3b1beb9,2024-04-18T04:01:56Z
napi-rs/napi-rs,napi-derive@2.16.4,baea114cb31d7cb8c6a46d3d5d0e2e25f6332cfe,2024-05-06T10:39:10Z
napi-rs/napi-rs,napi-derive@2.16.5,b0d6933801b88bb641091983d827cfc09f11be38,2024-05-18T12:27:20Z
napi-rs/napi-rs,napi-derive@2.16.6,984a3de4887c2fdb21db21e60d80a17c717a9680,2024-06-25T06:35:57Z
napi-rs/napi-rs,napi-derive@2.16.7,1f407b91e1709a2140faed7c2f837bece7f55b26,2024-07-01T05:34:58Z
napi-rs/napi-rs,napi-derive@2.16.8,fc87271d410ee8c537e4e47b8e18f8fa73bae71f,2024-07-01T10:33:40Z
napi-rs/napi-rs,napi-derive@2.16.9,e9f66ff74f48b66bfb359141f73daa03d6b7fa99,2024-07-16T05:09:53Z
napi-rs/napi-rs,napi-derive@2.16.10,d7ffe09d5385aeac32b195d66bd48859371b07d8,2024-07-23T14:09:12Z
napi-rs/napi-rs,napi-derive@2.16.11,9dc72b5127227ed8d90d0fc194ce78058040fb53,2024-08-10T06:08:05Z
napi-rs/napi-rs,napi-derive@2.16.12,372d9b47bef6bf53631b68c86e6a84a593d94395,2024-09-12T16:03:15Z
napi-rs/napi-rs,napi-derive@2.16.13,a312b7eb4e12d3e0a3e9770429ee05c333947a39,2024-12-03T14:09:56Z
napi-rs/napi-rs,napi-derive@3.0.0-alpha.0,2a7c0002750f960ace872d16b6735cade736714c,2024-03-20T14:43:50Z
napi-rs/napi-rs,napi-derive@3.0.0-alpha.1,63c8ab3f20316e1e024cc6fe6b69c8671ed3f01b,2024-04-10T08:57:51Z
napi-rs/napi-rs,napi-derive@3.0.0-alpha.2,657fbfb113b1fee335205e40ce35fe6d263771eb,2024-06-27T12:44:34Z
napi-rs/napi-rs,napi-derive@3.0.0-alpha.3,1228e918e927a5fd54b9007253be213a6345b528,2024-07-01T05:28:46Z
napi-rs/napi-rs,napi-derive@3.0.0-alpha.4,807b987a2066187c5fc86a9b14ae0e76e061689a,2024-07-06T15:59:26Z
napi-rs/napi-rs,napi-derive@3.0.0-alpha.5,8891c43ef75d82b22c677915803987be5dcfa467,2024-07-07T13:03:40Z
napi-rs/napi-rs,napi-derive@3.0.0-alpha.6,0f7c40354f1983261cb372d056b2295ccea9010a,2024-07-16T05:06:00Z
napi-rs/napi-rs,napi-derive@3.0.0-alpha.7,22dba74813d297a0ebefe67bda14c9e4fda1d8e4,2024-07-23T14:07:15Z
napi-rs/napi-rs,napi-derive@3.0.0-alpha.8,a9690383c2bc0cbf09ae9d2ba703b660b5f07a54,2024-09-12T16:17:46Z
napi-rs/napi-rs,napi-derive@3.0.0-alpha.9,91af2c5961d3fc25b429687ee7e0ae205efd68fb,2024-09-19T14:30:31Z
napi-rs/napi-rs,napi-derive@3.0.0-alpha.10,511340a52f995a50ed5ac5ea12097dbd150b1fd5,2024-09-20T15:08:30Z
napi-rs/napi-rs,napi-derive@3.0.0-alpha.11,cfc88ee541033e9c2cac3f2be279742028a44a31,2024-09-21T06:21:38Z
napi-rs/napi-rs,napi-derive@3.0.0-alpha.12,34829fb5f71dec91b9e7e0313f10adb6f32a4a65,2024-09-23T09:01:26Z
napi-rs/napi-rs,napi-derive@3.0.0-alpha.13,9a6f01a20c30988bd14f493c161b0faa03111bf9,2024-10-02T22:01:11Z
napi-rs/napi-rs,napi-derive@3.0.0-alpha.14,a38a24c3592293a19fb42306e10f8d105052f29d,2024-10-13T16:27:33Z
napi-rs/napi-rs,napi-derive@3.0.0-alpha.15,953f2e3553e7705dba737cd83335061062002326,2024-10-21T08:46:22Z
napi-rs/napi-rs,napi-derive@3.0.0-alpha.16,6a690e1c53a28f516319d00da7ec8ad12ded1d87,2024-10-28T15:50:33Z
napi-rs/napi-rs,napi-derive@3.0.0-alpha.17,fd23549009f5b4d5366744d0b63369acbc012141,2024-10-31T02:49:53Z
napi-rs/napi-rs,napi-derive@3.0.0-alpha.18,75ff88cced152d92c6c3a42489a85a10541ead24,2024-11-07T06:05:36Z
napi-rs/napi-rs,napi-derive@3.0.0-alpha.19,d1d533d00eddbf69e5130d35262faee70ff5eabb,2024-11-13T02:24:10Z
napi-rs/napi-rs,napi-derive@3.0.0-alpha.20,7886d24d1293883c50570ddcb8d506f54be01ed3,2024-11-30T02:52:18Z
napi-rs/napi-rs,napi-derive@3.0.0-alpha.21,dd07a04ca6696926d3b3c8bd3ee2d2cc4b70de5e,2024-12-03T13:59:09Z
napi-rs/napi-rs,napi-derive@3.0.0-alpha.22,8027aa06029dd4099efec459300227fc855d47a1,2024-12-18T15:52:03Z
napi-rs/napi-rs,napi-derive@3.0.0-alpha.23,a24993b773d6efcfc20767b3f880cfe6dc2391de,2025-01-04T07:23:33Z
napi-rs/napi-rs,napi-derive@3.0.0-alpha.24,55846053f792335f14f63c8b907717c8f7c0b2ba,2025-01-12T12:39:36Z
napi-rs/napi-rs,napi-derive@3.0.0-alpha.25,1312763b11b3d300eb9aec8f448847bf3be05af6,2025-01-12T14:36:59Z
napi-rs/napi-rs,napi-derive@3.0.0-alpha.26,b1f8966fa7ed1095daf892cf781b722fb27bf416,2025-02-11T14:35:55Z
napi-rs/napi-rs,napi-derive@3.0.0-alpha.27,6ecc4503b5230784f1b0afbac9b065ea255f32c6,2025-02-21T04:53:55Z
napi-rs/napi-rs,napi-derive@3.0.0-alpha.28,b818da29e19db2c633d4e27b23f3b486142ad7bd,2025-02-22T04:08:37Z
napi-rs/napi-rs,napi-derive@3.0.0-alpha.29,2b27a42893f57ad8cc4cabb44739fdee30554d67,2025-03-16T16:11:37Z
napi-rs/napi-rs,napi-derive@3.0.0-beta.0,bbe3666233e9254adb1b75a053176af557a7f499,2025-05-16T14:51:54Z
napi-rs/napi-rs,napi-derive@3.0.0-beta.1,62a1051589ac16846d13f1f91c6c33cdd316d50a,2025-05-19T11:53:16Z
napi-rs/napi-rs,napi-derive@3.0.0-beta.2,abf041542c4bedc211fe69e42b2bc4c1a6979c7e,2025-05-22T12:04:36Z
napi-rs/napi-rs,napi-derive@3.0.0-beta.3,6fd2f0d96299e7001682282da1b827cefbd07db1,2025-05-29T15:11:46Z
napi-rs/napi-rs,napi-derive@3.0.0-beta.4,2f64f200da226c2853ed919bd3ba902fea09bfde,2025-06-03T11:25:43Z
napi-rs/napi-rs,napi-derive@3.0.0-beta.5,a8d39e98df407ffdff2d93b20d0b843b20c16584,2025-06-04T09:07:07Z
napi-rs/napi-rs,napi-derive@3.0.0-beta.6,8256b9515eba21e3d3cdfb72ee87e2641afa533f,2025-06-04T10:24:07Z
napi-rs/napi-rs,napi-derive@3.0.0-beta.8,668b53e8499582aafca45778a39baef3ac958aac,2025-06-08T13:44:13Z
napi-rs/napi-rs,napi-derive@3.0.0-beta.9,b40aaa8d71dce217a2e1872d736bde5985a7c70d,2025-06-24T08:33:28Z
napi-rs/napi-rs,napi-derive@3.0.0-beta.10,3898211b3a7642bdbf77628722fdf24488fc896d,2025-06-25T08:06:23Z
napi-rs/napi-rs,napi-derive@3.0.0-beta.11,caf04000902b2c6068590950560744066690e9c2,2025-06-30T09:12:35Z
napi-rs/napi-rs,napi-derive@3.0.0-beta.12,b5fa1ff68866f5afe06b85bae97e44404240d860,2025-07-04T14:50:23Z
napi-rs/napi-rs,napi-derive@3.0.0,a9dc138aa036d75db790282ebf9bfe88670d9e7d,2025-07-17T09:40:34Z
napi-rs/napi-rs,napi-derive-backend@1.0.1,16aacd8eec3110114ed45fa2311618160d9d5cfb,2021-10-01T07:14:13Z
napi-rs/napi-rs,napi-derive-backend@1.0.2,50e08b6033543d922011208091b24b3f0987139f,2021-10-31T15:37:05Z
napi-rs/napi-rs,napi-derive-backend@1.0.3,1ab52c42b6c67db3608a8d7e3eedeff8cf6b881f,2021-11-06T16:06:20Z
napi-rs/napi-rs,napi-derive-backend@1.0.4,38d2645632d663733c7093bc84edc4d36e6dc26f,2021-11-10T06:18:57Z
napi-rs/napi-rs,napi-derive-backend@1.0.5,052bcd8f3efe75a9a10f4b4f36d4dda1f7d71f68,2021-11-16T02:38:16Z
napi-rs/napi-rs,napi-derive-backend@1.0.6,0e0bfb1c0a48fe38aa21d1b762481b6e96278bd7,2021-11-16T04:36:02Z
napi-rs/napi-rs,napi-derive-backend@1.0.7,fa8e32d3c0591e6d391d6cc65cc5cbae845511ac,2021-11-16T05:03:20Z
napi-rs/napi-rs,napi-derive-backend@1.0.8,4874c72340c0b6bf10e667506752039864c15d1c,2021-11-21T08:47:58Z
napi-rs/napi-rs,napi-derive-backend@1.0.9,aaf1bd14ea6903134b90a1976cd746f7763a9ddd,2021-11-25T15:25:21Z
napi-rs/napi-rs,napi-derive-backend@1.0.10,a25f0b990c2752fe16f494aa34f399907b3cac80,2021-11-26T09:43:49Z
napi-rs/napi-rs,napi-derive-backend@1.0.11,cb08c9f355b0bb6e0224c833b638c6f88fe82a03,2021-11-29T16:30:48Z
napi-rs/napi-rs,napi-derive-backend@1.0.12,24c5d6950e659df1e1d77c025b8fcaad6931d373,2021-12-02T06:34:53Z
napi-rs/napi-rs,napi-derive-backend@1.0.13,140fa7b502d70c8ca36374cd3b7bd3a8bd0f2f68,2021-12-02T09:06:15Z
napi-rs/napi-rs,napi-derive-backend@1.0.14,0ac303e3ea849b3a1cf5fdc11146cb9afcc130df,2021-12-06T06:15:09Z
napi-rs/napi-rs,napi-derive-backend@1.0.15,454711981bad00497b4d4d7d6caff0ab44323dca,2021-12-07T15:38:53Z
napi-rs/napi-rs,napi-derive-backend@1.0.16,3ae12f7c360fe5f5a38e1f7b9bd81945637b939b,2021-12-08T05:36:53Z
napi-rs/napi-rs,napi-derive-backend@1.0.17,16fa7a159e05ffb6dc7ebe63989e95ca1ebdb736,2021-12-08T09:33:03Z
napi-rs/napi-rs,napi-derive-backend-v2.0.1,0bf30cc77e7f05d8e5bef494d0680026cbfb7ea8,2025-07-21T08:19:29Z
napi-rs/napi-rs,napi-derive-backend-v2.0.2,da45fc2d30ab9807792a53642b8b0fae62eae734,2025-07-22T10:02:31Z
napi-rs/napi-rs,napi-derive-backend-v2.0.3,a40e2368e60787aa0e188096f6ae0410717625a8,2025-07-30T03:56:41Z
napi-rs/napi-rs,napi-derive-backend-v2.1.0,fa9d578d3bcf67ec1bb72707663d48a04dacca82,2025-08-07T15:39:50Z
napi-rs/napi-rs,napi-derive-backend-v2.1.1,ce1fdbcdeb47c448b2e538ad77f42df27a2a1289,2025-08-08T12:21:05Z
napi-rs/napi-rs,napi-derive-backend-v2.1.2,fa5fa53a7642003ae08507a75d0030b21347d2b3,2025-08-09T15:05:46Z
napi-rs/napi-rs,napi-derive-backend-v2.1.3,264a8797c8dbc7b25275cb9dd46990590e5f23fc,2025-08-13T17:13:04Z
napi-rs/napi-rs,napi-derive-backend-v2.1.4,93ad5ab916fabb269ecc1dd4c11f09ef93d93221,2025-08-16T09:07:19Z
napi-rs/napi-rs,napi-derive-backend-v2.2.0,2cb9c17e1ca9333eba2c8a853f482f8efbea5fdd,2025-09-08T07:02:06Z
napi-rs/napi-rs,napi-derive-backend-v3.0.0,0db7ceb47d0401faa84f9a80163437ff313ecc7c,2025-10-24T01:47:01Z
napi-rs/napi-rs,napi-derive-backend-v3.0.1,26f1805ec6569acd061d7758f65140f767242854,2025-11-07T14:51:05Z
napi-rs/napi-rs,napi-derive-backend-v3.0.2,67e711d69b7e681807d157ea85cf8173fd923537,2025-11-10T04:33:53Z
napi-rs/napi-rs,napi-derive-backend-v4.0.0,98c987fde39c24d6f59248efea50f7c0853122ad,2025-12-02T09:29:09Z
napi-rs/napi-rs,napi-derive-backend-v4.0.1,a6cdbf210aacd5776f8924624ff5e9aff17716b8,2025-12-19T07:21:40Z
napi-rs/napi-rs,napi-derive-backend-v5.0.0,893e91307ba4456531f42687389f43effc9902f5,2025-12-30T08:22:51Z
napi-rs/napi-rs,napi-derive-backend-v5.0.1,73cfbdb605ec9d898207ac280cdb3b3807706dfd,2026-01-08T13:38:28Z
napi-rs/napi-rs,napi-derive-backend-v5.0.2,0b80be8d9e64ba6c1733fcf31533e4f58bfc46b4,2026-02-14T10:44:20Z
napi-rs/napi-rs,napi-derive-backend-v5.0.3,78eb068d0a6a9664831c7f031318af11b990f1ac,2026-04-15T14:33:41Z
napi-rs/napi-rs,napi-derive-backend-v5.0.4,5ed87dd7e930961e9273f95cd0ed77c2da967bc1,2026-04-29T02:56:32Z
napi-rs/napi-rs,napi-derive-backend-v5.0.5,9cc199fa348a6ef395eb2cce14e84057dfebcfd8,2026-06-24T07:22:23Z
napi-rs/napi-rs,napi-derive-backend-v5.1.0,f72afd58976a83bb0776c6a71171673d94e82226,2026-07-01T05:52:41Z
napi-rs/napi-rs,napi-derive-backend-v5.1.1,2785de583a97e49adea8194090fca2ee12f067c8,2026-07-03T12:29:25Z
napi-rs/napi-rs,napi-derive-backend-v5.1.2,3812aa748caeb1fdb72d773564827a23307b81d8,2026-07-12T15:34:40Z
napi-rs/napi-rs,napi-derive-backend-v6.0.0,679eb79f5cf3c7c6b2850f4ab46092126f23dc5c,2026-07-21T05:25:04Z
napi-rs/napi-rs,napi-derive-backend-v6.1.0,58bd87fa524a837a7c962ab4103e5588557ccd81,2026-07-28T09:20:10Z
napi-rs/napi-rs,napi-derive-backend-v6.1.1,e8e3bffa2dfa77a34b8c9cbd42ea4bfef0c29729,2026-08-01T04:36:59Z
napi-rs/napi-rs,napi-derive-backend-v6.1.2,956e4525fea6a676ea3680b711382f167b899af9,2026-08-10T01:24:50Z
napi-rs/napi-rs,napi-derive-backend-v6.1.3,31c27a1676a7c4b317f4e144e0a9cb94e8354143,2026-09-10T13:47:34Z
napi-rs/napi-rs,napi-derive-backend-v6.1.4,38162bb0eb324ae24b402982bad3d4ef3f24c90a,2026-09-20T03:45:43Z
napi-rs/napi-rs,napi-derive-backend-v6.1.5,4694e6d7c7d7eb2ac6b9a634374c3519a9e5851f,2026-10-05T08:59:06Z
napi-rs/napi-rs,napi-derive-v3.1.0,0bf30cc77e7f05d8e5bef494d0680026cbfb7ea8,2025-07-21T08:19:29Z
napi-rs/napi-rs,napi-derive-v3.1.1,da45fc2d30ab9807792a53642b8b0fae62eae734,2025-07-22T10:02:31Z
napi-rs/napi-rs,napi-derive-v3.1.2,a40e2368e60787aa0e188096f6ae0410717625a8,2025-07-30T03:56:41Z
napi-rs/napi-rs,napi-derive-v3.2.0,fa9d578d3bcf67ec1bb72707663d48a04dacca82,2025-08-07T15:39:50Z
napi-rs/napi-rs,napi-derive-v3.2.1,ce1fdbcdeb47c448b2e538ad77f42df27a2a1289,2025-08-08T12:21:05Z
napi-rs/napi-rs,napi-derive-v3.2.2,fa5fa53a7642003ae08507a75d0030b21347d2b3,2025-08-09T15:05:46Z
napi-rs/napi-rs,napi-derive-v3.2.3,264a8797c8dbc7b25275cb9dd46990590e5f23fc,2025-08-13T17:13:04Z
napi-rs/napi-rs,napi-derive-v3.2.4,93ad5ab916fabb269ecc1dd4c11f09ef93d93221,2025-08-16T09:07:19Z
napi-rs/napi-rs,napi-derive-v3.2.5,2cb9c17e1ca9333eba2c8a853f482f8efbea5fdd,2025-09-08T07:02:06Z
napi-rs/napi-rs,napi-derive-v3.3.0,0db7ceb47d0401faa84f9a80163437ff313ecc7c,2025-10-24T01:47:01Z
napi-rs/napi-rs,napi-derive-v3.3.1,f71d660b4399544c048d53a319783d9510e9deb4,2025-11-07T13:24:30Z
napi-rs/napi-rs,napi-derive-v3.3.2,26f1805ec6569acd061d7758f65140f767242854,2025-11-07T14:51:05Z
napi-rs/napi-rs,napi-derive-v3.3.3,67e711d69b7e681807d157ea85cf8173fd923537,2025-11-10T04:33:53Z
napi-rs/napi-rs,napi-derive-v3.4.0,98c987fde39c24d6f59248efea50f7c0853122ad,2025-12-02T09:29:09Z
napi-rs/napi-rs,napi-derive-v3.4.1,a6cdbf210aacd5776f8924624ff5e9aff17716b8,2025-12-19T07:21:40Z
napi-rs/napi-rs,napi-derive-v3.5.0,893e91307ba4456531f42687389f43effc9902f5,2025-12-30T08:22:51Z
napi-rs/napi-rs,napi-derive-v3.5.1,73cfbdb605ec9d898207ac280cdb3b3807706dfd,2026-01-08T13:38:28Z
napi-rs/napi-rs,napi-derive-v3.5.2,0b80be8d9e64ba6c1733fcf31533e4f58bfc46b4,2026-02-14T10:44:20Z
napi-rs/napi-rs,napi-derive-v3.5.3,7f65844403ae5c23ec30e05f0480e1f468c4b65b,2026-03-28T14:15:11Z
napi-rs/napi-rs,napi-derive-v3.5.4,78eb068d0a6a9664831c7f031318af11b990f1ac,2026-04-15T14:33:41Z
napi-rs/napi-rs,napi-derive-v3.5.5,5ed87dd7e930961e9273f95cd0ed77c2da967bc1,2026-04-29T02:56:32Z
napi-rs/napi-rs,napi-derive-v3.5.6,e9c50bb430b7d34659c0541f600e1e323d37432a,2026-05-13T11:41:34Z
napi-rs/napi-rs,napi-derive-v3.5.7,9cc199fa348a6ef395eb2cce14e84057dfebcfd8,2026-06-24T07:22:23Z
napi-rs/napi-rs,napi-derive-v3.5.8,f72afd58976a83bb0776c6a71171673d94e82226,2026-07-01T05:52:41Z
napi-rs/napi-rs,napi-derive-v3.5.9,2785de583a97e49adea8194090fca2ee12f067c8,2026-07-03T12:29:25Z
napi-rs/napi-rs,napi-derive-v3.5.10,3812aa748caeb1fdb72d773564827a23307b81d8,2026-07-12T15:34:40Z
napi-rs/napi-rs,napi-derive-v3.6.0,679eb79f5cf3c7c6b2850f4ab46092126f23dc5c,2026-07-21T05:25:04Z
napi-rs/napi-rs,napi-derive-v3.6.1,58bd87fa524a837a7c962ab4103e5588557ccd81,2026-07-28T09:20:10Z
napi-rs/napi-rs,napi-derive-v3.6.2,e8e3bffa2dfa77a34b8c9cbd42ea4bfef0c29729,2026-08-01T04:36:59Z
napi-rs/napi-rs,napi-derive-v3.6.3,956e4525fea6a676ea3680b711382f167b899af9,2026-08-10T01:24:50Z
napi-rs/napi-rs,napi-derive-v3.6.4,31c27a1676a7c4b317f4e144e0a9cb94e8354143,2026-09-10T13:47:34Z
napi-rs/napi-rs,napi-derive-v3.6.5,1492b220d5ad01807b2dcbd250e8383f9d738311,2026-09-11T17:23:41Z
napi-rs/napi-rs,napi-derive-v3.6.6,43100baf28a3e5709641e35f892be4da5d62dcb2,2026-09-15T14:56:15Z
napi-rs/napi-rs,napi-derive-v3.6.7,e2f21c67da882a0221e3c6fc59170d4e6c367c68,2026-09-16T08:55:31Z
napi-rs/napi-rs,napi-derive-v3.6.8,38162bb0eb324ae24b402982bad3d4ef3f24c90a,2026-09-20T03:45:43Z
napi-rs/napi-rs,napi-derive-v3.6.9,2763e12efc855748485129952a6ccb97ac991c06,2026-09-22T16:38:16Z
napi-rs/napi-rs,napi-derive-v3.6.10,37109f133043aff379a38edfb8b1548e7e9309e5,2026-10-01T05:00:36Z
napi-rs/napi-rs,napi-derive-v3.6.11,4694e6d7c7d7eb2ac6b9a634374c3519a9e5851f,2026-10-05T08:59:06Z
napi-rs/napi-rs,napi-derive-v3.6.12,8bab46ee5dfd48a7b51e8bad3d09aed315ada4df,2026-10-06T09:42:28Z
napi-rs/napi-rs,@napi-rs/async-runtime@0.2.0,bb7b75a7d53b0757f99813c7fef0537cef044adf,2026-09-15T14:51:24Z
napi-rs/napi-rs,@napi-rs/cli@1.0.0-alpha.11,c885f93a6f2a7916dd62ce85f5f96a4ba9b6084f,2020-12-22T09:38:57Z
napi-rs/napi-rs,@napi-rs/cli@1.0.0-alpha.12,2f4d3142cfef514040462ed3a40b55305ecb6704,2020-12-23T14:43:43Z
napi-rs/napi-rs,@napi-rs/cli@1.0.0-alpha.13,ec697f0b95aa86a308b076a7f193269e1ad3799a,2020-12-25T10:38:57Z
napi-rs/napi-rs,@napi-rs/cli@1.0.0-alpha.14,aa3f0932c8b1e1ce6b7c2d6bdd7ca761979b2901,2020-12-29T06:32:42Z
napi-rs/napi-rs,@napi-rs/cli@1.0.1,9ef64474df520249cfc14379519b953177455477,2021-01-07T15:55:50Z
napi-rs/napi-rs,@napi-rs/cli@1.0.2,d60ca46a400b0a7c1c27ed7c1eb452c63d3dc084,2021-01-15T03:18:40Z
napi-rs/napi-rs,@napi-rs/cli@1.0.3,cc56285656126fc765683ff0db132f34ab227f8b,2021-02-06T06:29:34Z
napi-rs/napi-rs,@napi-rs/cli@1.0.4,5669d49b7d004cd2b4b51f072cb5f8964cc2f3aa,2021-04-19T03:16:37Z
napi-rs/napi-rs,@napi-rs/cli@1.1.0,cfcf91522937b45152c42ddbd8c046032a655019,2021-06-07T14:17:59Z
napi-rs/napi-rs,@napi-rs/cli@1.2.0,44b180acb2c054a339b9a54521197d34acb05096,2021-08-06T16:35:29Z
napi-rs/napi-rs,@napi-rs/cli@1.2.1,e95537b1ad9930f26078c0bbc9f68879460c7555,2021-08-09T14:21:27Z
napi-rs/napi-rs,@napi-rs/cli@1.3.0,0fe4fe2736fad65c6432cee0df0fbbf32e6c68d6,2021-09-01T16:04:46Z
napi-rs/napi-rs,@napi-rs/cli@1.3.1,8c6c0404e8bcdd50ff4f51b77a882c9ced1496a4,2021-09-02T15:35:56Z
napi-rs/napi-rs,@napi-rs/cli@1.3.2,62b2ef32031d5648e566ec02e0dc254ddf3c6410,2021-09-14T16:15:06Z
napi-rs/napi-rs,@napi-rs/cli@1.3.3,f8fbac250779e61affd8510dff2d23235df3e103,2021-09-19T14:39:45Z
napi-rs/napi-rs,@napi-rs/cli@1.3.4,971acf3eb18784508f9ef3e052e240cda5300e6a,2021-10-27T07:45:14Z
napi-rs/napi-rs,@napi-rs/cli@1.3.5,933b3140dcfb5bb23b47d8b1eca6aa343cc5dddd,2021-10-29T13:21:39Z
napi-rs/napi-rs,@napi-rs/cli@2.0.0-alpha.1,06639e1b6a645ef4126cfb132efddf1462e04116,2021-10-01T07:12:02Z
napi-rs/napi-rs,@napi-rs/cli@2.0.0-alpha.2,3b1f53fd84aeedd60e603cefad69d7edced8d7f9,2021-10-01T09:13:49Z
napi-rs/napi-rs,@napi-rs/cli@2.0.0-alpha.3,d08f9b03e0918638de876c31cfc4bb2780d8de80,2021-10-27T07:39:02Z
napi-rs/napi-rs,@napi-rs/cli@2.0.0-alpha.4,ea8a79e7611989ab9cdccc46575fd7868aaba798,2021-11-09T14:07:33Z
napi-rs/napi-rs,@napi-rs/cli@2.0.0-alpha.5,f57651f7493249a6520109a2f73f111a8d9bd618,2021-11-16T06:11:56Z
napi-rs/napi-rs,@napi-rs/cli@2.0.0-alpha.6,4b0416e64a0540680c6deeb57c979e141502eca5,2021-11-21T08:46:26Z
napi-rs/napi-rs,@napi-rs/cli@2.0.0-alpha.7,c312fd36d102e8483ad1efd3566749f6ebae3b0f,2021-11-21T10:24:47Z
napi-rs/napi-rs,@napi-rs/cli@2.0.0-alpha.8,47c586792255797553d43e8e67c2c23cde8fdbd4,2021-11-21T10:51:31Z
napi-rs/napi-rs,@napi-rs/cli@2.0.0-alpha.9,f0617ae1292e49a3bf98638febf737560ef1ed07,2021-11-21T13:40:05Z
napi-rs/napi-rs,@napi-rs/cli@2.0.0-alpha.10,5c3bccfcf93929eba8f5dfadcfdf0145c8ebc6bf,2021-11-21T13:43:53Z
napi-rs/napi-rs,@napi-rs/cli@2.0.0-alpha.11,5ccef6cedfac02b69ef10cd9d57c67952526a97a,2021-11-25T15:23:05Z
napi-rs/napi-rs,@napi-rs/cli@2.0.0-alpha.12,a0bb0924fe9b123538dfce4ace76cbbc7b36324c,2021-11-29T16:27:44Z
napi-rs/napi-rs,@napi-rs/cli@2.0.0-beta.0,4fe1f58e4d33706161c27f311593dee9858d2327,2021-12-02T06:32:01Z
napi-rs/napi-rs,@napi-rs/cli@2.0.0-beta.1,628046017340c684b54fbe5ed8a7aa77cbd500ba,2021-12-02T09:05:40Z
napi-rs/napi-rs,@napi-rs/cli@2.0.0-beta.2,24eee7550ecf10b8b1b4ccd5d8ce9c2dea5c2b50,2021-12-02T13:28:10Z
napi-rs/napi-rs,@napi-rs/cli@2.0.0-beta.3,faf708a5b41c17e8173e38c14c90d99cae4c1442,2021-12-03T09:03:19Z
napi-rs/napi-rs,@napi-rs/cli@2.0.0-beta.4,d34006ab890e1b969aafc7a9da551f4612df78c6,2021-12-07T15:33:34Z
napi-rs/napi-rs,@napi-rs/cli@2.0.0-beta.5,212bbe285ed59644e35fc8174765f5aea080a1f5,2021-12-10T08:57:41Z
napi-rs/napi-rs,@napi-rs/cli@2.0.0,d97541be39dc8235f251308f68fb3ebc1ff3eb20,2021-12-17T08:54:56Z
napi-rs/napi-rs,@napi-rs/cli@2.1.0,bdc49cca105af427ff65a9bb2498bfbe8ea0e635,2021-12-21T16:23:05Z
napi-rs/napi-rs,@napi-rs/cli@2.2.0,bfa454f94dad4d69b459fcbb6ad8a079f0f397c2,2021-12-22T12:24:41Z
napi-rs/napi-rs,@napi-rs/cli@2.2.1,d86e2a68ed45222b0d7a76317d15af98289b5f69,2022-01-04T02:59:51Z
napi-rs/napi-rs,@napi-rs/cli@2.3.0,5ef1d11e270834f0d5f5a163b22b40b5f47efd7a,2022-01-06T09:41:42Z
napi-rs/napi-rs,@napi-rs/cli@2.3.1,efcd6ba8a5a8a741e720f89eb65c3ab132f4c710,2022-01-13T06:44:49Z
napi-rs/napi-rs,@napi-rs/cli@2.4.0,110f2196a4095963d73cdcfc5d49f72a9c579aaa,2022-01-13T10:21:44Z
napi-rs/napi-rs,@napi-rs/cli@2.4.1,250726a61af308d19243af5d6b5a188f1f1fc27e,2022-01-18T06:37:15Z
napi-rs/napi-rs,@napi-rs/cli@2.4.2,cb0c2a335099dc1760836a521cc35083c1db39f3,2022-01-19T09:20:49Z
napi-rs/napi-rs,@napi-rs/cli@2.4.3,7c67cc143c471e41972af4767cedbdb801cf64e8,2022-02-09T12:43:03Z
napi-rs/napi-rs,@napi-rs/cli@2.4.4,c18fb10f136f363decfa2b550340e022326e0acc,2022-02-11T04:38:16Z
napi-rs/napi-rs,@napi-rs/cli@2.4.5,871cf5554d9c06a7c63bfd8daa56ef96efa6d71f,2022-03-05T10:48:16Z
napi-rs/napi-rs,@napi-rs/cli@2.5.0,7dad3a2b16bc98a06a7314e6252430f0dcc9eb1e,2022-03-22T03:47:16Z
napi-rs/napi-rs,@napi-rs/cli@2.6.0,a88bc57ea302e674596831015a768649b45db81e,2022-04-01T06:51:38Z
napi-rs/napi-rs,@napi-rs/cli@2.6.1,dc87c4632227c6fc30a4c8d71b73980f1f7caaf8,2022-04-01T09:20:00Z
napi-rs/napi-rs,@napi-rs/cli@2.6.2,1535e721509b98c50654bd0bac81d6e0282217d2,2022-04-01T18:34:10Z
napi-rs/napi-rs,@napi-rs/cli@2.7.0,ce0125553180d12e865c4d4fd14e06ee0bdbf6a4,2022-04-27T05:32:36Z
napi-rs/napi-rs,@napi-rs/cli@2.8.0-alpha.0,e778e400e9274614c0a2b92ee1a57c294d6c1ae2,2022-05-06T15:05:27Z
napi-rs/napi-rs,@napi-rs/cli@2.8.0,d728b3ab3caeb9a4bd5ddeb52942cceacfffc7a9,2022-05-07T07:49:00Z
napi-rs/napi-rs,@napi-rs/cli@2.9.0,b797a243e2a7188588bdcc958a66e8ee9855c6b1,2022-05-14T09:03:09Z
napi-rs/napi-rs,@napi-rs/cli@2.10.0,df5bb1ae304cba7ae9e887007923747a383d5bcd,2022-06-10T10:24:43Z
napi-rs/napi-rs,@napi-rs/cli@2.10.1,2d979866578994f98b20aa451e2e46dd92085fd2,2022-07-06T15:32:26Z
napi-rs/napi-rs,@napi-rs/cli@2.10.2,c8f946e4d574e8a4a9d2dd842d82a0829655cc00,2022-07-22T16:01:17Z
napi-rs/napi-rs,@napi-rs/cli@2.10.3,bb46793837d432bdc536255458bf63e8588966a8,2022-07-27T06:40:36Z
napi-rs/napi-rs,@napi-rs/cli@2.11.0,b8f96d517db224b39bb25f6defe9464fa37784e7,2022-08-07T08:08:30Z
napi-rs/napi-rs,@napi-rs/cli@2.11.1,4cd1c3aaf84f3d5e0b3b16bb106add360105be6b,2022-08-09T05:26:02Z
napi-rs/napi-rs,@napi-rs/cli@2.11.2,c6aeb06e04158a40f89a9f19a1c480e5522db599,2022-08-12T05:26:17Z
napi-rs/napi-rs,@napi-rs/cli@2.11.3,aad4712e0f5dfb3ed8ffa8b7be4b9c015b829f9e,2022-08-12T08:20:22Z
napi-rs/napi-rs,@napi-rs/cli@2.11.4,304bddeae97fe4bd93ae08cf48b86972c846b059,2022-08-12T17:11:37Z
napi-rs/napi-rs,@napi-rs/cli@2.12.0,a353402a693d9778f86e4f3a3307f77fb662bddc,2022-10-04T09:16:29Z
napi-rs/napi-rs,@napi-rs/cli@2.12.1,62fddaca9f1e7d8cea8589816df223b88bb44497,2022-11-12T05:34:33Z
napi-rs/napi-rs,@napi-rs/cli@2.13.0-alpha.0,5e04e2e873efeefcc02eb4b81783082f236176e4,2022-11-17T13:55:13Z
napi-rs/napi-rs,@napi-rs/cli@2.13.0-alpha.1,64cde4d4799e8ce47896696729be20dead38b783,2022-11-17T16:00:54Z
napi-rs/napi-rs,@napi-rs/cli@2.13.0-alpha.2,df5813bbe341056101906d896503f782a4850701,2022-11-17T16:19:13Z
napi-rs/napi-rs,@napi-rs/cli@2.13.0-alpha.3,03cd1bd71a7a70c4b9325fc4dc5280cd915d51ed,2022-11-20T03:53:11Z
napi-rs/napi-rs,@napi-rs/cli@2.13.0-alpha.4,ddf80c05ffbbf370ca95a484470eb6fb46ab6911,2022-11-20T08:34:09Z
napi-rs/napi-rs,@napi-rs/cli@2.13.0-alpha.5,c45f781231cf02ec2fe438b6777d3a7052c87a6c,2022-11-20T09:57:17Z
napi-rs/napi-rs,@napi-rs/cli@2.13.0-alpha.6,294a39b0cfe384aa434cb7fd60f56942f8223c71,2022-11-20T12:08:50Z
napi-rs/napi-rs,@napi-rs/cli@2.13.0,f058614ee341a54c1846dd1b1183c05e33fbf579,2022-11-20T15:01:34Z
napi-rs/napi-rs,@napi-rs/cli@2.13.1,05f3c4c2ed6ad5fc590176dc69dfd0dbbcd3b6bd,2022-12-09T10:57:38Z
napi-rs/napi-rs,@napi-rs/cli@2.13.2,5e9a9ff0b882cf4f0f561a6c618518480a5a26b8,2022-12-09T11:18:26Z
napi-rs/napi-rs,@napi-rs/cli@2.13.3,6ad1740dacd325f1483a46d652d0084a30e5af4b,2022-12-15T14:00:46Z
napi-rs/napi-rs,@napi-rs/cli@2.14.0,1e8d20a5590b561de5f5ed5c96d7a536dfbe3936,2022-12-25T12:28:31Z
napi-rs/napi-rs,@napi-rs/cli@2.14.1,83e157e101046f516b09de006b345d075bfb57bb,2023-01-03T13:02:49Z
napi-rs/napi-rs,@napi-rs/cli@2.14.2,097c5d63db83200a46ddd2648a1b138d0f06e54e,2023-01-10T05:51:04Z
napi-rs/napi-rs,@napi-rs/cli@2.14.3,c61b20234e47fb853b2fbe223da3115ac855660e,2023-01-13T09:06:20Z
napi-rs/napi-rs,@napi-rs/cli@2.14.4,6bf34eb091c6344297756153bfe85275ba928d10,2023-01-20T13:35:16Z
napi-rs/napi-rs,@napi-rs/cli@2.14.5,9506e3fb14b0f10c7fd364fd5e05a7315c61ddac,2023-01-29T08:56:03Z
napi-rs/napi-rs,@napi-rs/cli@2.14.6,5e7496f33d6c58c52feb1ef3f66e4bf59b8112ea,2023-02-02T15:09:12Z
napi-rs/napi-rs,@napi-rs/cli@2.14.7,efacce7f669b620ac683fa2d74ef9a38f4526148,2023-02-08T09:03:21Z
napi-rs/napi-rs,@napi-rs/cli@2.14.8,11286b8a6717b8a8060dc4a02a711e736c2499bf,2023-02-16T17:07:55Z
napi-rs/napi-rs,@napi-rs/cli@2.15.0,0d951cb3d9bd433f9e29a901d80dbe20c0fc4255,2023-03-21T05:38:58Z
napi-rs/napi-rs,@napi-rs/cli@2.15.1,8a086b67d6ef1ff4f7e66e37a30ca921f054fa82,2023-03-21T10:49:47Z
napi-rs/napi-rs,@napi-rs/cli@2.15.2,b896b9079568c4967eac4b0d560479e7fe6e5cd7,2023-03-22T10:02:55Z
napi-rs/napi-rs,@napi-rs/cli@2.16.0,b6aa748702ac6fc463bde75ea4c6728aadb7f252,2023-05-27T02:41:43Z
napi-rs/napi-rs,@napi-rs/cli@2.16.1,6f8a1700a56abb92f26d1cc2d62b7e16c5ea66d3,2023-05-27T13:43:23Z
napi-rs/napi-rs,@napi-rs/cli@2.16.2,8fdd08bd5344c77a6c6383aaa9208742a7b964a8,2023-07-17T13:52:23Z
napi-rs/napi-rs,@napi-rs/cli@2.16.3,970bb2f15f1d27e84179ed63fae596179321d242,2023-08-16T03:43:24Z
napi-rs/napi-rs,@napi-rs/cli@2.16.4,991ca2b0c26ad69e06e6ea15fa4f87ceeefa3b63,2023-11-01T09:22:16Z
napi-rs/napi-rs,@napi-rs/cli@2.16.5,630a6ac13bf804f0f85d7c78ab00275b214a7b1c,2023-11-02T12:02:26Z
napi-rs/napi-rs,@napi-rs/cli@2.17.0,184f1150ae5a5e14afb178daa52112b18b323002,2023-12-07T09:01:26Z
napi-rs/napi-rs,@napi-rs/cli@2.18.0,8eea78054a557be7532288f450b7efa0507223be,2024-01-20T10:34:18Z
napi-rs/napi-rs,@napi-rs/cli@2.18.1,1b8344fdcd98eae12704a58663a59d5f999076b9,2024-04-10T16:38:49Z
napi-rs/napi-rs,@napi-rs/cli@2.18.2,bdb56de403d690d0c6e2b1cfcca67ec84c51e72b,2024-04-17T02:58:57Z
napi-rs/napi-rs,@napi-rs/cli@2.18.3,cd78f79bfa2cbe7be9b2f0b1974bd0d389b3c8c3,2024-05-06T10:46:50Z
napi-rs/napi-rs,@napi-rs/cli@2.18.4,b1239101d38c607a9ca427f8a8490a6ee168e91d,2024-07-01T10:29:00Z
napi-rs/napi-rs,@napi-rs/cli@3.0.0-alpha.0,885d03d3ad382a63c7f807d1b945d6caa817baf3,2023-04-06T03:06:13Z
napi-rs/napi-rs,@napi-rs/cli@3.0.0-alpha.1,5daf558ead65b27ffd6b1da318ba91467d7445c3,2023-04-06T07:35:37Z
napi-rs/napi-rs,@napi-rs/cli@3.0.0-alpha.2,c3b49f0ca6a199029c4a8a893594d0b76c2a6d01,2023-04-06T11:22:39Z
napi-rs/napi-rs,@napi-rs/cli@3.0.0-alpha.3,b5c3c0575559f9c99d7747f3163476afe7e89a6c,2023-04-07T07:00:31Z
napi-rs/napi-rs,@napi-rs/cli@3.0.0-alpha.4,0302e564faad54dcfe6c91c9a7f26749a6a0d8e8,2023-05-27T04:10:06Z
napi-rs/napi-rs,@napi-rs/cli@3.0.0-alpha.5,cbed8fceb2996af195085aa13a94ff779879b999,2023-07-18T03:07:16Z
napi-rs/napi-rs,@napi-rs/cli@3.0.0-alpha.6,be755a1d51cb164fd0288d32a6b9ae7b4416449c,2023-11-07T06:11:10Z
napi-rs/napi-rs,@napi-rs/cli@3.0.0-alpha.7,529317b5efe01e49137e8c42c6e90ca351805cce,2023-11-08T12:58:10Z
napi-rs/napi-rs,@napi-rs/cli@3.0.0-alpha.8,6a4f4f173db28cf6bab15f193927fe99d3505da8,2023-11-20T09:21:37Z
napi-rs/napi-rs,@napi-rs/cli@3.0.0-alpha.9,a88842587156737eb4e17178de5b4a32e741b876,2023-11-30T12:04:24Z
napi-rs/napi-rs,@napi-rs/cli@3.0.0-alpha.10,14cd2224924a404662fdf565eb242535c2cb358b,2023-12-01T02:39:07Z
napi-rs/napi-rs,@napi-rs/cli@3.0.0-alpha.11,0b74cf667e17bb49c5a2d3330468a282f0314df0,2023-12-05T09:29:13Z
napi-rs/napi-rs,@napi-rs/cli@3.0.0-alpha.12,179854243c38a8d4cec3d6d877dc169069956607,2023-12-05T11:07:07Z
napi-rs/napi-rs,@napi-rs/cli@3.0.0-alpha.13,4f330b5c76c2b0944298374a1475258b7d355fae,2023-12-06T10:05:01Z
napi-rs/napi-rs,@napi-rs/cli@3.0.0-alpha.14,3ecb11f35dd0a45bd96b6f0653f5974043498031,2023-12-07T14:58:46Z
napi-rs/napi-rs,@napi-rs/cli@3.0.0-alpha.15,589d95994af564f6349357756687ccea2e391d49,2023-12-08T05:56:43Z
napi-rs/napi-rs,@napi-rs/cli@3.0.0-alpha.16,a14cfa1051f13692838de6beb25274e33a22c4d7,2023-12-11T02:52:26Z
napi-rs/napi-rs,@napi-rs/cli@3.0.0-alpha.17,9a817defc8cd4b14443beb19b1e0b6be25663917,2023-12-13T04:59:25Z
napi-rs/napi-rs,@napi-rs/cli@3.0.0-alpha.18,996310a065deada407c1ac4998f5e9b9a1d6d43b,2023-12-13T06:13:46Z
napi-rs/napi-rs,@napi-rs/cli@3.0.0-alpha.19,3423557cb59f548e8d4a201ce48d28b04c3fcbbf,2023-12-15T14:37:33Z
napi-rs/napi-rs,@napi-rs/cli@3.0.0-alpha.20,d8e548253d866e30e2522700e9e79da9d82ae6ab,2023-12-16T07:08:26Z
napi-rs/napi-rs,@napi-rs/cli@3.0.0-alpha.21,9211660c72c4ca916026e6f109bec2a640b1ed2f,2023-12-16T07:36:34Z
napi-rs/napi-rs,@napi-rs/cli@3.0.0-alpha.22,5f7e17069795f07a0c0ad7fde4c70fea6f4b07c1,2023-12-16T08:48:07Z
napi-rs/napi-rs,@napi-rs/cli@3.0.0-alpha.23,bac8ea0e4decb8df1fa85212b5bf8db7289fd300,2023-12-17T04:48:55Z
napi-rs/napi-rs,@napi-rs/cli@3.0.0-alpha.24,b411b87872661beb3736a4728103bab27d55257f,2023-12-26T15:18:50Z
napi-rs/napi-rs,@napi-rs/cli@3.0.0-alpha.25,958ba74afffd321f92fe1d4c5af70fe376ade2e7,2023-12-28T04:38:00Z
napi-rs/napi-rs,@napi-rs/cli@3.0.0-alpha.26,dc79bb86d0e4a0ee81e25dca7ae9fd09bf3901a0,2023-12-29T16:44:20Z
napi-rs/napi-rs,@napi-rs/cli@3.0.0-alpha.27,f2972c743f670b253765eba20e86fe150df27c95,2023-12-29T16:47:09Z
napi-rs/napi-rs,@napi-rs/cli@3.0.0-alpha.28,f47cc7274952c81d1fe364226a20fc347ff44c74,2023-12-31T14:05:12Z
napi-rs/napi-rs,@napi-rs/cli@3.0.0-alpha.29,8e3e688c28cbcdb6c8db447b6c10419e0eab845d,2024-01-02T06:52:25Z
napi-rs/napi-rs,@napi-rs/cli@3.0.0-alpha.30,1392954c32a08d38ca6110899c8b9ce39da1f57e,2024-01-03T11:31:17Z
napi-rs/napi-rs,@napi-rs/cli@3.0.0-alpha.31,ffbaba3a9bfd211ed003f14ec932593571a5f3b5,2024-01-08T13:05:45Z
napi-rs/napi-rs,@napi-rs/cli@3.0.0-alpha.32,2de358aaa6a16c26cf7a65e385635b05cb92232e,2024-01-08T16:36:01Z
napi-rs/napi-rs,@napi-rs/cli@3.0.0-alpha.33,0a70d6ffd77131cd955c629d0162ff248a47378c,2024-01-08T17:06:03Z
napi-rs/napi-rs,@napi-rs/cli@3.0.0-alpha.34,c2b6c180317119cba922b417880d2f7bac209a89,2024-01-10T05:29:47Z
napi-rs/napi-rs,@napi-rs/cli@3.0.0-alpha.35,a439e2c3e62e45db3a32dca3286e73c415acf0dc,2024-01-16T15:58:23Z
napi-rs/napi-rs,@napi-rs/cli@3.0.0-alpha.36,5b9f86fea06d37f6bd61f543b987c46d0e1c0738,2024-01-16T16:59:12Z
napi-rs/napi-rs,@napi-rs/cli@3.0.0-alpha.37,f60c465950847ee2e8cbbdddfa5779f05965ae46,2024-02-12T08:11:22Z
napi-rs/napi-rs,@napi-rs/cli@3.0.0-alpha.38,7d28d7aae40bbccffa4add119dc5a7ae2b14dc63,2024-02-12T17:12:40Z
napi-rs/napi-rs,@napi-rs/cli@3.0.0-alpha.39,b461132f940b79da99ccacc13f98ae73dda611b3,2024-02-18T14:04:46Z
napi-rs/napi-rs,@napi-rs/cli@3.0.0-alpha.40,5232d9e83643805a0b4ae565e5dbf41557ce5b06,2024-02-19T11:10:51Z
napi-rs/napi-rs,@napi-rs/cli@3.0.0-alpha.41,17f509f96ead17d364afa6b00e3628e683ddc566,2024-02-22T11:01:28Z
napi-rs/napi-rs,@napi-rs/cli@3.0.0-alpha.42,9abcb484ba059374f9a5e2d34fe8d9cb470ea4c4,2024-02-28T07:07:23Z
napi-rs/napi-rs,@napi-rs/cli@3.0.0-alpha.43,4d5655accb56f57efbae318d2729a7f799657da4,2024-02-28T07:58:46Z
napi-rs/napi-rs,@napi-rs/cli@3.0.0-alpha.44,35b9637151a91471976d04937bbaa49a9690130b,2024-03-21T07:08:50Z
napi-rs/napi-rs,@napi-rs/cli@3.0.0-alpha.45,f5b685473117903f448888a7deda9fe5d7435aeb,2024-03-28T03:54:21Z
napi-rs/napi-rs,@napi-rs/cli@3.0.0-alpha.46,89e741edb2b034e54a2c6d6d561c2a259b0cff43,2024-04-10T08:58:55Z
napi-rs/napi-rs,@napi-rs/cli@3.0.0-alpha.47,af625fc7df762a2de73223913d1daa4a6849fade,2024-04-13T11:01:15Z
napi-rs/napi-rs,@napi-rs/cli@3.0.0-alpha.48,45440954250f624fecc012395458dae64a40c801,2024-04-15T15:20:08Z
napi-rs/napi-rs,@napi-rs/cli@3.0.0-alpha.49,27134b8ca4a70c0d386244937f99a0baad66918e,2024-04-16T10:24:34Z
napi-rs/napi-rs,@napi-rs/cli@3.0.0-alpha.50,3187e30d5bf432d7e126e6afd857d65c1b8aaa72,2024-04-17T12:23:19Z
napi-rs/napi-rs,@napi-rs/cli@3.0.0-alpha.51,6b2164c85d805dd86886c5e7b2f610a22dbe4794,2024-04-19T08:46:32Z
napi-rs/napi-rs,@napi-rs/cli@3.0.0-alpha.52,9b6361afc3d2ba895e4e39a0b99ff0e16d836290,2024-04-22T10:07:46Z
napi-rs/napi-rs,@napi-rs/cli@3.0.0-alpha.53,131046b7cbd47c99a31f2f0a944e4f7b67dc4f53,2024-04-23T04:17:07Z
napi-rs/napi-rs,@napi-rs/cli@3.0.0-alpha.54,a54b759bb1767d0b45968ea4acf795de78af268a,2024-04-23T06:34:12Z
napi-rs/napi-rs,@napi-rs/cli@3.0.0-alpha.55,ca2cd5c35a0c39ec4a94e93c6c5695b681046df2,2024-05-12T14:22:59Z
napi-rs/napi-rs,@napi-rs/cli@3.0.0-alpha.56,286c8d0cf46e683e642ce1b01e768d756e013567,2024-07-05T03:44:59Z
napi-rs/napi-rs,@napi-rs/cli@3.0.0-alpha.57,488762791dc31a3a9b156fb214ab3a6af9b4aa6a,2024-07-09T07:20:21Z
napi-rs/napi-rs,@napi-rs/cli@3.0.0-alpha.58,119b2055a2489c5414dd3c07cc70b93ff307e6d2,2024-07-11T09:32:00Z
napi-rs/napi-rs,@napi-rs/cli@3.0.0-alpha.59,68f63882a9f55839b12da957efb671e1de395790,2024-07-15T14:12:14Z
napi-rs/napi-rs,@napi-rs/cli@3.0.0-alpha.60,ac75ffb7fc6902033924a675d334618f67a39612,2024-07-16T05:05:21Z
napi-rs/napi-rs,@napi-rs/cli@3.0.0-alpha.61,cf5f7bcd84cfab282a65fa0e2f0cd8cfb36a156e,2024-07-18T06:24:54Z
napi-rs/napi-rs,@napi-rs/cli@3.0.0-alpha.62,09ad8e762e7f7955187cb1123ec9efd89ac99263,2024-07-21T06:01:37Z
napi-rs/napi-rs,@napi-rs/cli@3.0.0-alpha.63,8f4f74a32c12a5c9dec7ad5df1ef0f02377ac942,2024-10-02T22:00:32Z
napi-rs/napi-rs,@napi-rs/cli@3.0.0-alpha.64,909c7fb06400261d6a5f8317efaa5c9c034ef464,2024-10-21T08:45:36Z
napi-rs/napi-rs,@napi-rs/cli@3.0.0-alpha.65,d23290f9c18134165a2100dcaa90fa6a7c6ec3f5,2024-12-18T15:49:55Z
napi-rs/napi-rs,@napi-rs/cli@3.0.0-alpha.66,c796918787091b17f22e772861af62a5d3d08bd5,2025-01-19T13:32:18Z
napi-rs/napi-rs,@napi-rs/cli@3.0.0-alpha.67,e3828bc77d9cf3bea037f0a60588f2150dfe9b43,2025-01-19T14:22:08Z
napi-rs/napi-rs,@napi-rs/cli@3.0.0-alpha.68,ecd855e4b7aca15f751f22fadcedfd25c1ec62b3,2025-01-20T03:40:58Z
napi-rs/napi-rs,@napi-rs/cli@3.0.0-alpha.69,d755d0289ff433c9ebf7fc03290794d71a70ef42,2025-01-26T09:05:22Z
napi-rs/napi-rs,@napi-rs/cli@3.0.0-alpha.70,23204f19937065bc4edbf7651d66e6c1e2e089d5,2025-01-29T12:00:03Z
napi-rs/napi-rs,@napi-rs/cli@3.0.0-alpha.71,1868bad8a87bc58b564cc326be42586ee17b978c,2025-02-21T04:48:37Z
napi-rs/napi-rs,@napi-rs/cli@3.0.0-alpha.72,dda921ede5e9b0568718df66c03af0dfe17cacdb,2025-02-25T13:48:47Z
napi-rs/napi-rs,@napi-rs/cli@3.0.0-alpha.73,09cf195142507b47250136e36740d5a6fc0921a6,2025-03-03T04:25:07Z
napi-rs/napi-rs,@napi-rs/cli@3.0.0-alpha.74,5d29ebf836193f8f672661d3d6740cce9cc7b291,2025-03-13T07:49:48Z
napi-rs/napi-rs,@napi-rs/cli@3.0.0-alpha.75,2cc56f69ebeb7b64f9ea6c7ec2465d558bdcd3d4,2025-03-14T05:44:53Z
napi-rs/napi-rs,@napi-rs/cli@3.0.0-alpha.76,2fb1a520c180abc3d6c77beebf738b129a602543,2025-03-22T05:18:06Z
napi-rs/napi-rs,@napi-rs/cli@3.0.0-alpha.77,6ce13931967f9413ed3312a210a20418b8d6773f,2025-04-01T16:04:16Z
napi-rs/napi-rs,@napi-rs/cli@3.0.0-alpha.78,84209fc82931e8c6ef93e61e4a0e1d1a0ffaf511,2025-04-16T07:00:52Z
napi-rs/napi-rs,@napi-rs/cli@3.0.0-alpha.79,c8c073a348308281c9131f2695f92e358ac321b7,2025-05-16T14:50:52Z
napi-rs/napi-rs,@napi-rs/cli@3.0.0-alpha.80,1402327d4bbb838e89b4cfc3b8f30779463e7580,2025-05-20T03:42:42Z
napi-rs/napi-rs,@napi-rs/cli@3.0.0-alpha.81,5e4f6b5c95c04583338305d6bd7b60665516b91a,2025-05-29T06:46:29Z
napi-rs/napi-rs,@napi-rs/cli@3.0.0-alpha.82,b3a477cac0284ff60a1c9f0e331993c02f8a8b8f,2025-06-03T11:22:17Z
napi-rs/napi-rs,@napi-rs/cli@3.0.0-alpha.83,fc62b69abca1d6ef609855d6464d1cfa322d94cf,2025-06-03T11:50:46Z
napi-rs/napi-rs,@napi-rs/cli@3.0.0-alpha.84,1427056fe531e3ffbf0938c9e127979c9ec68aa7,2025-06-03T12:19:23Z
napi-rs/napi-rs,@napi-rs/cli@3.0.0-alpha.85,0309ae903161de657b245469df30b7e7499cdd8a,2025-06-04T09:01:49Z
napi-rs/napi-rs,@napi-rs/cli@3.0.0-alpha.86,4c771618b87f666d22922e6f798209dc966b63cd,2025-06-04T10:27:31Z
napi-rs/napi-rs,@napi-rs/cli@3.0.0-alpha.87,17cced98de9b045af0f13129f557ebd70cbc3dfc,2025-06-05T03:22:33Z
napi-rs/napi-rs,@napi-rs/cli@3.0.0-alpha.88,984d166275f29e24e4bcf9d6189fe9bbe2e96bfe,2025-06-08T13:43:08Z
napi-rs/napi-rs,@napi-rs/cli@3.0.0-alpha.89,aa9e13df1f2f59a35c5f4270a50a63bb94a39332,2025-06-13T07:07:08Z
napi-rs/napi-rs,@napi-rs/cli@3.0.0-alpha.90,aeefd091b10e59e6eee8cae01337d19daee679f1,2025-06-24T08:32:30Z
napi-rs/napi-rs,@napi-rs/cli@3.0.0-alpha.91,71da5b6dc17064e478e5beb0ffa71f73d6238f7d,2025-06-24T09:58:00Z
napi-rs/napi-rs,@napi-rs/cli@3.0.0-alpha.92,e9e806e92092e05bb5ed0c7fb9a30705bd09760e,2025-07-04T14:40:52Z
napi-rs/napi-rs,@napi-rs/cli@3.0.0-alpha.93,47ced636f9335fec4fc4d304dcb66bd1e5a5af45,2025-07-10T14:02:12Z
napi-rs/napi-rs,@napi-rs/cli@3.0.0-alpha.94,08c364f5a76fa5f3b887b3050ffd175d33206a30,2025-07-12T01:56:05Z
napi-rs/napi-rs,@napi-rs/cli@3.0.0-alpha.95,0aa36c39a6cb6b73ce969a33cf4ec04301a1d77a,2025-07-12T05:38:42Z
napi-rs/napi-rs,@napi-rs/cli@3.0.0-alpha.96,f2e838cf992f437a861cdd3108e32b3ab523e464,2025-07-12T09:32:10Z
napi-rs/napi-rs,@napi-rs/cli@3.0.0-alpha.97,402679859f57e7f13a98144f3d2e529c13d2d5a4,2025-07-12T09:55:43Z
napi-rs/napi-rs,@napi-rs/cli@3.0.0-alpha.98,67449f1917084892f936d8d776e68cdb5e722026,2025-07-12T15:13:51Z
napi-rs/napi-rs,@napi-rs/cli@3.0.0-alpha.99,5ae583f73b48eaf1b4eb15f399a9079b502e1b69,2025-07-12T16:05:08Z
napi-rs/napi-rs,@napi-rs/cli@3.0.0-alpha.100,40839a3a5e798bcbc59c5466d741f45a4794d1fd,2025-07-17T08:54:23Z
napi-rs/napi-rs,@napi-rs/cli@3.0.0,cdbf2bc43945175eabe56b19a6bb0f8584dbc34c,2025-07-17T13:17:52Z
napi-rs/napi-rs,@napi-rs/cli@3.0.1,78d76709fa1fbd3f531060cb3dd912c995870873,2025-07-21T09:56:04Z
napi-rs/napi-rs,@napi-rs/cli@3.0.2,5816924e6e8db467263f2a7381dd6e2aedcd33f4,2025-07-23T13:19:37Z
napi-rs/napi-rs,@napi-rs/cli@3.0.3,9f0dc581be12fb039cf4c337b6c5014ae54ae56c,2025-07-23T14:16:59Z
napi-rs/napi-rs,@napi-rs/cli@3.0.4,521b5774aa89f1a7c807a6ddba509ce43973f624,2025-07-24T13:34:20Z
napi-rs/napi-rs,@napi-rs/cli@3.1.0,db71fbfad6ab2dc782f8e79d6b7459909840c876,2025-08-07T15:22:41Z
napi-rs/napi-rs,@napi-rs/cli@3.1.1,9f2ed2f8e844faf9d16fab9e09aeceeedc58edbd,2025-08-08T12:16:28Z
napi-rs/napi-rs,@napi-rs/cli@3.1.2,3e0cd8f4b31f67d1d821286da27cda04064ca261,2025-08-08T15:04:29Z
napi-rs/napi-rs,@napi-rs/cli@3.1.3,5e2906affaecb4b30f70cbaa1d15d22ee7ad0325,2025-08-10T11:10:51Z
napi-rs/napi-rs,@napi-rs/cli@3.1.4,71408a010e35a4e0daf4c9768c818b7bfbbf3af5,2025-08-13T14:58:45Z
napi-rs/napi-rs,@napi-rs/cli@3.1.5,ff91de0c7f1b691c6597bce98169964e2dd75ad6,2025-08-16T07:45:33Z
napi-rs/napi-rs,@napi-rs/cli@3.2.0,105dcede1c23989f103026e57469cb3c0d1991eb,2025-09-11T08:29:45Z
napi-rs/napi-rs,@napi-rs/cli@3.3.0,2cdf5fd6fb26ba32aaa9a8e8d4ad5020536ce0de,2025-10-03T13:58:20Z
napi-rs/napi-rs,@napi-rs/cli@3.3.1,a0d55cc99c40efee162e9cf98aa9f6cc7d2ecc4b,2025-10-10T14:23:03Z
napi-rs/napi-rs,@napi-rs/cli@3.4.0,2389a73f4aab8f7b46f463a9719bba07fea146ff,2025-10-23T09:21:13Z
napi-rs/napi-rs,@napi-rs/cli@3.4.1,a5abb99a5abeb9853e0f6188bffa748e4c91eaa0,2025-10-24T09:23:42Z
napi-rs/napi-rs,@napi-rs/cli@3.5.0,257dde1cb5b8d63d329bf9936e7b359a80acb56c,2025-12-02T09:25:16Z
napi-rs/napi-rs,@napi-rs/cli@3.5.1,705b26dd8269d69897933ddb4919d1d8640d85c7,2025-12-30T08:10:20Z
napi-rs/napi-rs,@napi-rs/cli@3.6.0,20c2cef4a9755785e8960877686b9000a5f3b023,2026-03-28T14:10:59Z
napi-rs/napi-rs,@napi-rs/cli@3.6.1,91a82ed5e3a2745b9ccb662b9321a8749aeefee8,2026-04-08T08:33:27Z
napi-rs/napi-rs,@napi-rs/cli@3.6.2,d5c3c43b45393f99ba151770f97bd472de533671,2026-04-15T14:20:59Z
napi-rs/napi-rs,@napi-rs/cli@3.7.0,570891b280d71bc99595544ff31e286f39e193cb,2026-05-27T14:08:12Z
napi-rs/napi-rs,@napi-rs/cli@3.7.1,670e5d319506beb9b7f37683d75b9b4e0edba253,2026-06-10T04:53:50Z
napi-rs/napi-rs,@napi-rs/cli@3.7.2,ebb3cf8173a5f201e1f6ad07b485edd0ccf1c078,2026-06-14T02:54:03Z
napi-rs/napi-rs,@napi-rs/cli@3.7.3,ce5677944b8e66e44396b435dcb154122b2b8732,2026-07-12T15:30:30Z
napi-rs/napi-rs,@napi-rs/cli@3.7.4,762a0e389a0196d7446666ee5ef8468994dcac4f,2026-07-21T05:04:59Z
napi-rs/napi-rs,@napi-rs/cli@3.8.0,9da87236dbc4fef99f066b7a130f4d0377308d44,2026-07-28T09:16:07Z
napi-rs/napi-rs,@napi-rs/cli@3.8.1,164a1ca6b15f74d58441c1f7d0161656558f7dfa,2026-07-30T03:11:38Z
napi-rs/napi-rs,@napi-rs/cli@3.8.2,5b344c367eeed81d1917f7c4d8e65b1adc16de12,2026-07-31T08:11:29Z
napi-rs/napi-rs,@napi-rs/cli@3.8.3,93e86ce167095e84f2be2ae1c66a6c0bb96fec49,2026-08-09T08:50:37Z
napi-rs/napi-rs,@napi-rs/cli@3.8.4,73048f5a7fdbd42cdc2f46f2d5ac60ef27417bfa,2026-08-10T01:08:03Z
napi-rs/napi-rs,@napi-rs/cli@3.8.5,a5b5f277ab56e7e7e903b392b15c79da7a6520ce,2026-08-10T05:45:56Z
napi-rs/napi-rs,@napi-rs/cli@3.8.6,70c149321ca4e361f6726349cf9b2258467fb24f,2026-08-12T03:30:38Z
napi-rs/napi-rs,@napi-rs/cli@3.9.0,f4cbe8d6486488b556f7d2886bb6cd0309705721,2026-09-02T16:05:31Z
napi-rs/napi-rs,@napi-rs/cli@3.9.1,7e3f293e2d6a3032eabfe51ff38bcaa82d342a2f,2026-09-10T13:31:41Z
napi-rs/napi-rs,@napi-rs/cli@3.10.0,bb7b75a7d53b0757f99813c7fef0537cef044adf,2026-09-15T14:51:24Z
napi-rs/napi-rs,@napi-rs/cli@3.10.1,c50beb0d84e0f132bec6a348ca5fb6b5387531b2,2026-09-16T03:33:38Z
napi-rs/napi-rs,@napi-rs/cli@3.10.2,134045a96ab1425e8d0049a5da58b05fa27b95ba,2026-09-16T08:51:32Z
napi-rs/napi-rs,@napi-rs/cli@3.10.3,2733e5bd926c86bcbe3f3ca95a386e4aea6bcc0a,2026-09-16T12:48:04Z
napi-rs/napi-rs,@napi-rs/cli@3.10.4,34b8781a02c30defe976c38840569efa4064960b,2026-09-17T16:35:47Z
napi-rs/napi-rs,@napi-rs/cli@3.10.5,5ae5cf604809ed6b9868c8e67b201bc9eb68d9bf,2026-09-22T16:30:28Z
napi-rs/napi-rs,@napi-rs/cli@3.10.6,12e6793b37473119bae9f842a2eb156d9ef32774,2026-10-01T04:56:03Z
napi-rs/napi-rs,@napi-rs/cli@3.10.7,023a9f067af5d44c9a06c9a30b48fdd50ab18ac0,2026-10-05T08:38:24Z
napi-rs/napi-rs,@napi-rs/cli@3.10.8,9c49b6c5d295d05e75d03b6965f080273b3116df,2026-10-06T09:22:30Z
napi-rs/napi-rs,@napi-rs/triples@1.0.3,5acfbc58f8dc1fd186febda8d7b40311b7c10457,2021-07-22T05:50:15Z
napi-rs/napi-rs,@napi-rs/triples@1.1.0,4fe1f58e4d33706161c27f311593dee9858d2327,2021-12-02T06:32:01Z
napi-rs/napi-rs,@napi-rs/triples@1.2.0,184f1150ae5a5e14afb178daa52112b18b323002,2023-12-07T09:01:26Z
napi-rs/napi-rs,@napi-rs/triples@2.0.0-alpha.0,885d03d3ad382a63c7f807d1b945d6caa817baf3,2023-04-06T03:06:13Z
napi-rs/napi-rs,@napi-rs/triples@2.0.0-alpha.1,5daf558ead65b27ffd6b1da318ba91467d7445c3,2023-04-06T07:35:37Z
napi-rs/napi-rs,@napi-rs/triples@2.0.0-alpha.2,0302e564faad54dcfe6c91c9a7f26749a6a0d8e8,2023-05-27T04:10:06Z
napi-rs/napi-rs,@napi-rs/triples@2.0.0-alpha.3,7bd061dc6b35fbb3ddb3201269f9a9d0f4215bd2,2023-07-18T03:02:32Z
napi-rs/napi-rs,@napi-rs/triples@2.0.0-alpha.4,be755a1d51cb164fd0288d32a6b9ae7b4416449c,2023-11-07T06:11:10Z
napi-rs/napi-rs,@napi-rs/triples@2.0.0-alpha.5,6a4f4f173db28cf6bab15f193927fe99d3505da8,2023-11-20T09:21:37Z
napi-rs/napi-rs,@napi-rs/triples@2.0.0-alpha.8,89e741edb2b034e54a2c6d6d561c2a259b0cff43,2024-04-10T08:58:55Z
napi-rs/napi-rs,@napi-rs/triples@2.0.0-alpha.9,af625fc7df762a2de73223913d1daa4a6849fade,2024-04-13T11:01:15Z
napi-rs/napi-rs,@napi-rs/triples@2.0.0-alpha.10,45440954250f624fecc012395458dae64a40c801,2024-04-15T15:20:08Z
napi-rs/napi-rs,@napi-rs/triples@2.0.0-alpha.11,27134b8ca4a70c0d386244937f99a0baad66918e,2024-04-16T10:24:34Z
napi-rs/napi-rs,@napi-rs/triples@2.0.0-alpha.12,3187e30d5bf432d7e126e6afd857d65c1b8aaa72,2024-04-17T12:23:19Z
napi-rs/napi-rs,@napi-rs/triples@2.0.0-alpha.13,6b2164c85d805dd86886c5e7b2f610a22dbe4794,2024-04-19T08:46:32Z
napi-rs/napi-rs,@napi-rs/triples@2.0.0-alpha.14,9b6361afc3d2ba895e4e39a0b99ff0e16d836290,2024-04-22T10:07:46Z
napi-rs/napi-rs,@napi-rs/triples@2.0.0-alpha.15,131046b7cbd47c99a31f2f0a944e4f7b67dc4f53,2024-04-23T04:17:07Z
napi-rs/napi-rs,@napi-rs/triples@2.0.0-alpha.16,a54b759bb1767d0b45968ea4acf795de78af268a,2024-04-23T06:34:12Z
napi-rs/napi-rs,@napi-rs/triples@2.0.0-alpha.17,ca2cd5c35a0c39ec4a94e93c6c5695b681046df2,2024-05-12T14:22:59Z
napi-rs/napi-rs,@napi-rs/triples@2.0.0-alpha.18,286c8d0cf46e683e642ce1b01e768d756e013567,2024-07-05T03:44:59Z
napi-rs/napi-rs,@napi-rs/triples@2.0.0-alpha.19,488762791dc31a3a9b156fb214ab3a6af9b4aa6a,2024-07-09T07:20:21Z
napi-rs/napi-rs,@napi-rs/triples@2.0.0-alpha.20,119b2055a2489c5414dd3c07cc70b93ff307e6d2,2024-07-11T09:32:00Z
napi-rs/napi-rs,@napi-rs/triples@2.0.0-alpha.21,68f63882a9f55839b12da957efb671e1de395790,2024-07-15T14:12:14Z
napi-rs/napi-rs,@napi-rs/triples@2.0.0-alpha.22,ac75ffb7fc6902033924a675d334618f67a39612,2024-07-16T05:05:21Z
napi-rs/napi-rs,@napi-rs/triples@2.0.0-alpha.23,cf5f7bcd84cfab282a65fa0e2f0cd8cfb36a156e,2024-07-18T06:24:54Z
napi-rs/napi-rs,@napi-rs/triples@2.0.0-alpha.24,09ad8e762e7f7955187cb1123ec9efd89ac99263,2024-07-21T06:01:37Z
napi-rs/napi-rs,@napi-rs/triples@2.0.0-alpha.25,8f4f74a32c12a5c9dec7ad5df1ef0f02377ac942,2024-10-02T22:00:32Z
napi-rs/napi-rs,@napi-rs/triples@2.0.0-alpha.26,909c7fb06400261d6a5f8317efaa5c9c034ef464,2024-10-21T08:45:36Z
napi-rs/napi-rs,@napi-rs/triples@2.0.0-alpha.27,d23290f9c18134165a2100dcaa90fa6a7c6ec3f5,2024-12-18T15:49:55Z
napi-rs/napi-rs,@napi-rs/triples@2.0.0-alpha.28,c796918787091b17f22e772861af62a5d3d08bd5,2025-01-19T13:32:18Z
napi-rs/napi-rs,@napi-rs/triples@2.0.0-alpha.29,e3828bc77d9cf3bea037f0a60588f2150dfe9b43,2025-01-19T14:22:08Z
napi-rs/napi-rs,@napi-rs/triples@2.0.0-alpha.30,ecd855e4b7aca15f751f22fadcedfd25c1ec62b3,2025-01-20T03:40:58Z
napi-rs/napi-rs,@napi-rs/triples@2.0.0-alpha.31,d755d0289ff433c9ebf7fc03290794d71a70ef42,2025-01-26T09:05:22Z
napi-rs/napi-rs,@napi-rs/triples@2.0.0-alpha.32,23204f19937065bc4edbf7651d66e6c1e2e089d5,2025-01-29T12:00:03Z
napi-rs/napi-rs,@napi-rs/triples@2.0.0-alpha.33,1868bad8a87bc58b564cc326be42586ee17b978c,2025-02-21T04:48:37Z
napi-rs/napi-rs,@napi-rs/triples@2.0.0-alpha.34,dda921ede5e9b0568718df66c03af0dfe17cacdb,2025-02-25T13:48:47Z
napi-rs/napi-rs,@napi-rs/triples@2.0.0-alpha.35,09cf195142507b47250136e36740d5a6fc0921a6,2025-03-03T04:25:07Z
napi-rs/napi-rs,@napi-rs/triples@2.0.0-alpha.36,5d29ebf836193f8f672661d3d6740cce9cc7b291,2025-03-13T07:49:48Z
napi-rs/napi-rs,@napi-rs/triples@2.0.0-alpha.38,2fb1a520c180abc3d6c77beebf738b129a602543,2025-03-22T05:18:06Z
napi-rs/napi-rs,@napi-rs/triples@2.0.0-alpha.39,6ce13931967f9413ed3312a210a20418b8d6773f,2025-04-01T16:04:16Z
napi-rs/napi-rs,@napi-rs/triples@2.0.0-alpha.40,84209fc82931e8c6ef93e61e4a0e1d1a0ffaf511,2025-04-16T07:00:52Z
napi-rs/napi-rs,@napi-rs/triples@2.0.0-alpha.41,c8c073a348308281c9131f2695f92e358ac321b7,2025-05-16T14:50:52Z
napi-rs/napi-rs,@napi-rs/triples@2.0.0-alpha.42,1402327d4bbb838e89b4cfc3b8f30779463e7580,2025-05-20T03:42:42Z
napi-rs/napi-rs,@napi-rs/triples@2.0.0-alpha.43,5e4f6b5c95c04583338305d6bd7b60665516b91a,2025-05-29T06:46:29Z
napi-rs/napi-rs,@napi-rs/triples@2.0.0-alpha.44,b3a477cac0284ff60a1c9f0e331993c02f8a8b8f,2025-06-03T11:22:17Z
napi-rs/napi-rs,@napi-rs/triples@2.0.0-alpha.45,fc62b69abca1d6ef609855d6464d1cfa322d94cf,2025-06-03T11:50:46Z
napi-rs/napi-rs,@napi-rs/triples@2.0.0-alpha.46,1427056fe531e3ffbf0938c9e127979c9ec68aa7,2025-06-03T12:19:23Z
napi-rs/napi-rs,@napi-rs/triples@2.0.0-alpha.47,0309ae903161de657b245469df30b7e7499cdd8a,2025-06-04T09:01:49Z
napi-rs/napi-rs,@napi-rs/triples@2.0.0-alpha.48,4c771618b87f666d22922e6f798209dc966b63cd,2025-06-04T10:27:31Z
napi-rs/napi-rs,@napi-rs/triples@2.0.0-alpha.49,17cced98de9b045af0f13129f557ebd70cbc3dfc,2025-06-05T03:22:33Z
napi-rs/napi-rs,@napi-rs/triples@2.0.0-alpha.50,984d166275f29e24e4bcf9d6189fe9bbe2e96bfe,2025-06-08T13:43:08Z
napi-rs/napi-rs,@napi-rs/triples@2.0.0-alpha.51,aa9e13df1f2f59a35c5f4270a50a63bb94a39332,2025-06-13T07:07:08Z
napi-rs/napi-rs,@napi-rs/triples@2.0.0-alpha.52,aeefd091b10e59e6eee8cae01337d19daee679f1,2025-06-24T08:32:30Z
napi-rs/napi-rs,@napi-rs/triples@2.0.0-alpha.53,71da5b6dc17064e478e5beb0ffa71f73d6238f7d,2025-06-24T09:58:00Z
napi-rs/napi-rs,@napi-rs/triples@2.0.0-alpha.54,e9e806e92092e05bb5ed0c7fb9a30705bd09760e,2025-07-04T14:40:52Z
napi-rs/napi-rs,@napi-rs/triples@2.0.0-alpha.55,47ced636f9335fec4fc4d304dcb66bd1e5a5af45,2025-07-10T14:02:12Z
napi-rs/napi-rs,@napi-rs/triples@2.0.0-alpha.56,08c364f5a76fa5f3b887b3050ffd175d33206a30,2025-07-12T01:56:05Z
napi-rs/napi-rs,@napi-rs/triples@2.0.0-alpha.57,0aa36c39a6cb6b73ce969a33cf4ec04301a1d77a,2025-07-12T05:38:42Z
napi-rs/napi-rs,@napi-rs/triples@2.0.0-alpha.58,f2e838cf992f437a861cdd3108e32b3ab523e464,2025-07-12T09:32:10Z
napi-rs/napi-rs,@napi-rs/triples@2.0.0-alpha.59,402679859f57e7f13a98144f3d2e529c13d2d5a4,2025-07-12T09:55:43Z
napi-rs/napi-rs,@napi-rs/triples@2.0.0-alpha.60,67449f1917084892f936d8d776e68cdb5e722026,2025-07-12T15:13:51Z
napi-rs/napi-rs,@napi-rs/triples@2.0.0-alpha.61,5ae583f73b48eaf1b4eb15f399a9079b502e1b69,2025-07-12T16:05:08Z
napi-rs/napi-rs,@napi-rs/triples@2.0.0-alpha.62,40839a3a5e798bcbc59c5466d741f45a4794d1fd,2025-07-17T08:54:23Z
napi-rs/napi-rs,@napi-rs/triples@2.0.0,cdbf2bc43945175eabe56b19a6bb0f8584dbc34c,2025-07-17T13:17:52Z
napi-rs/napi-rs,@napi-rs/triples@2.0.1,5816924e6e8db467263f2a7381dd6e2aedcd33f4,2025-07-23T13:19:37Z
napi-rs/napi-rs,@napi-rs/triples@2.0.2,9f0dc581be12fb039cf4c337b6c5014ae54ae56c,2025-07-23T14:16:59Z
napi-rs/napi-rs,@napi-rs/triples@2.0.3,521b5774aa89f1a7c807a6ddba509ce43973f624,2025-07-24T13:34:20Z
napi-rs/napi-rs,@napi-rs/triples@2.0.4,db71fbfad6ab2dc782f8e79d6b7459909840c876,2025-08-07T15:22:41Z
napi-rs/napi-rs,@napi-rs/triples@2.0.5,9f2ed2f8e844faf9d16fab9e09aeceeedc58edbd,2025-08-08T12:16:28Z
napi-rs/napi-rs,@napi-rs/triples@2.0.6,3e0cd8f4b31f67d1d821286da27cda04064ca261,2025-08-08T15:04:29Z
napi-rs/napi-rs,@napi-rs/triples@2.0.7,5e2906affaecb4b30f70cbaa1d15d22ee7ad0325,2025-08-10T11:10:51Z
napi-rs/napi-rs,@napi-rs/triples@2.0.8,71408a010e35a4e0daf4c9768c818b7bfbbf3af5,2025-08-13T14:58:45Z
napi-rs/napi-rs,@napi-rs/triples@2.0.9,ff91de0c7f1b691c6597bce98169964e2dd75ad6,2025-08-16T07:45:33Z
napi-rs/napi-rs,@napi-rs/triples@2.1.0,105dcede1c23989f103026e57469cb3c0d1991eb,2025-09-11T08:29:45Z
napi-rs/napi-rs,@napi-rs/triples@2.1.1,2cdf5fd6fb26ba32aaa9a8e8d4ad5020536ce0de,2025-10-03T13:58:20Z
napi-rs/napi-rs,@napi-rs/triples@2.1.2,a0d55cc99c40efee162e9cf98aa9f6cc7d2ecc4b,2025-10-10T14:23:03Z
napi-rs/napi-rs,@napi-rs/triples@2.1.3,2389a73f4aab8f7b46f463a9719bba07fea146ff,2025-10-23T09:21:13Z
napi-rs/napi-rs,@napi-rs/triples@2.1.4,a5abb99a5abeb9853e0f6188bffa748e4c91eaa0,2025-10-24T09:23:42Z
napi-rs/napi-rs,@napi-rs/triples@2.1.5,257dde1cb5b8d63d329bf9936e7b359a80acb56c,2025-12-02T09:25:16Z
napi-rs/napi-rs,@napi-rs/triples@2.1.6,705b26dd8269d69897933ddb4919d1d8640d85c7,2025-12-30T08:10:20Z
napi-rs/napi-rs,@napi-rs/triples@2.1.7,20c2cef4a9755785e8960877686b9000a5f3b023,2026-03-28T14:10:59Z
napi-rs/napi-rs,@napi-rs/triples@2.1.8,91a82ed5e3a2745b9ccb662b9321a8749aeefee8,2026-04-08T08:33:27Z
napi-rs/napi-rs,@napi-rs/triples@2.1.9,d5c3c43b45393f99ba151770f97bd472de533671,2026-04-15T14:20:59Z
napi-rs/napi-rs,@napi-rs/triples@2.1.10,570891b280d71bc99595544ff31e286f39e193cb,2026-05-27T14:08:12Z
napi-rs/napi-rs,@napi-rs/triples@2.1.11,670e5d319506beb9b7f37683d75b9b4e0edba253,2026-06-10T04:53:50Z
napi-rs/napi-rs,@napi-rs/triples@2.1.12,ebb3cf8173a5f201e1f6ad07b485edd0ccf1c078,2026-06-14T02:54:03Z
napi-rs/napi-rs,@napi-rs/triples@2.1.13,ce5677944b8e66e44396b435dcb154122b2b8732,2026-07-12T15:30:30Z
napi-rs/napi-rs,@napi-rs/triples@2.1.14,762a0e389a0196d7446666ee5ef8468994dcac4f,2026-07-21T05:04:59Z
napi-rs/napi-rs,@napi-rs/triples@2.1.15,9da87236dbc4fef99f066b7a130f4d0377308d44,2026-07-28T09:16:07Z
napi-rs/napi-rs,@napi-rs/triples@2.1.16,164a1ca6b15f74d58441c1f7d0161656558f7dfa,2026-07-30T03:11:38Z
napi-rs/napi-rs,@napi-rs/triples@2.1.17,5b344c367eeed81d1917f7c4d8e65b1adc16de12,2026-07-31T08:11:29Z
napi-rs/napi-rs,@napi-rs/triples@2.1.18,93e86ce167095e84f2be2ae1c66a6c0bb96fec49,2026-08-09T08:50:37Z
napi-rs/napi-rs,@napi-rs/triples@2.1.19,73048f5a7fdbd42cdc2f46f2d5ac60ef27417bfa,2026-08-10T01:08:03Z
napi-rs/napi-rs,@napi-rs/triples@2.1.20,a5b5f277ab56e7e7e903b392b15c79da7a6520ce,2026-08-10T05:45:56Z
napi-rs/napi-rs,@napi-rs/triples@2.1.21,70c149321ca4e361f6726349cf9b2258467fb24f,2026-08-12T03:30:38Z
napi-rs/napi-rs,@napi-rs/triples@2.1.22,f4cbe8d6486488b556f7d2886bb6cd0309705721,2026-09-02T16:05:31Z
napi-rs/napi-rs,@napi-rs/triples@2.1.23,7e3f293e2d6a3032eabfe51ff38bcaa82d342a2f,2026-09-10T13:31:41Z
napi-rs/napi-rs,@napi-rs/triples@2.1.24,bb7b75a7d53b0757f99813c7fef0537cef044adf,2026-09-15T14:51:24Z
napi-rs/napi-rs,@napi-rs/triples@2.1.25,c50beb0d84e0f132bec6a348ca5fb6b5387531b2,2026-09-16T03:33:38Z
napi-rs/napi-rs,@napi-rs/triples@2.1.26,134045a96ab1425e8d0049a5da58b05fa27b95ba,2026-09-16T08:51:32Z
napi-rs/napi-rs,@napi-rs/triples@2.1.27,2733e5bd926c86bcbe3f3ca95a386e4aea6bcc0a,2026-09-16T12:48:04Z
napi-rs/napi-rs,@napi-rs/triples@2.1.28,34b8781a02c30defe976c38840569efa4064960b,2026-09-17T16:35:47Z
napi-rs/napi-rs,@napi-rs/triples@2.1.29,5ae5cf604809ed6b9868c8e67b201bc9eb68d9bf,2026-09-22T16:30:28Z
napi-rs/napi-rs,@napi-rs/triples@2.1.30,12e6793b37473119bae9f842a2eb156d9ef32774,2026-10-01T04:56:03Z
napi-rs/napi-rs,@napi-rs/triples@2.1.31,023a9f067af5d44c9a06c9a30b48fdd50ab18ac0,2026-10-05T08:38:24Z
napi-rs/napi-rs,@napi-rs/triples@2.1.32,9c49b6c5d295d05e75d03b6965f080273b3116df,2026-10-06T09:22:30Z
napi-rs/napi-rs,@napi-rs/wasm-runtime@0.1.0,a439e2c3e62e45db3a32dca3286e73c415acf0dc,2024-01-16T15:58:23Z
napi-rs/napi-rs,@napi-rs/wasm-runtime@0.1.1,5b9f86fea06d37f6bd61f543b987c46d0e1c0738,2024-01-16T16:59:12Z
napi-rs/napi-rs,@napi-rs/wasm-runtime@0.1.2,35b9637151a91471976d04937bbaa49a9690130b,2024-03-21T07:08:50Z
napi-rs/napi-rs,@napi-rs/wasm-runtime@0.2.0,6b2164c85d805dd86886c5e7b2f610a22dbe4794,2024-04-19T08:46:32Z
napi-rs/napi-rs,@napi-rs/wasm-runtime@0.2.1,9b6361afc3d2ba895e4e39a0b99ff0e16d836290,2024-04-22T10:07:46Z
napi-rs/napi-rs,@napi-rs/wasm-runtime@0.2.2,131046b7cbd47c99a31f2f0a944e4f7b67dc4f53,2024-04-23T04:17:07Z
napi-rs/napi-rs,@napi-rs/wasm-runtime@0.2.3,71f78cb430424e644ff4a0ceb14e425830d37be3,2024-04-23T04:24:57Z
napi-rs/napi-rs,@napi-rs/wasm-runtime@0.2.4,ca2cd5c35a0c39ec4a94e93c6c5695b681046df2,2024-05-12T14:22:59Z
napi-rs/napi-rs,@napi-rs/wasm-runtime@0.2.5,8f4f74a32c12a5c9dec7ad5df1ef0f02377ac942,2024-10-02T22:00:32Z
napi-rs/napi-rs,@napi-rs/wasm-runtime@0.2.6,d23290f9c18134165a2100dcaa90fa6a7c6ec3f5,2024-12-18T15:49:55Z
napi-rs/napi-rs,@napi-rs/wasm-runtime@0.2.7,1868bad8a87bc58b564cc326be42586ee17b978c,2025-02-21T04:48:37Z
napi-rs/napi-rs,@napi-rs/wasm-runtime@0.2.8,6ce13931967f9413ed3312a210a20418b8d6773f,2025-04-01T16:04:16Z
napi-rs/napi-rs,@napi-rs/wasm-runtime@0.2.9,84209fc82931e8c6ef93e61e4a0e1d1a0ffaf511,2025-04-16T07:00:52Z
napi-rs/napi-rs,@napi-rs/wasm-runtime@0.2.10,c8c073a348308281c9131f2695f92e358ac321b7,2025-05-16T14:50:52Z
napi-rs/napi-rs,@napi-rs/wasm-runtime@0.2.11,984d166275f29e24e4bcf9d6189fe9bbe2e96bfe,2025-06-08T13:43:08Z
napi-rs/napi-rs,@napi-rs/wasm-runtime@0.2.12,47ced636f9335fec4fc4d304dcb66bd1e5a5af45,2025-07-10T14:02:12Z
napi-rs/napi-rs,@napi-rs/wasm-runtime@1.0.0,cdbf2bc43945175eabe56b19a6bb0f8584dbc34c,2025-07-17T13:17:52Z
napi-rs/napi-rs,@napi-rs/wasm-runtime@1.0.1,739b091a71f27d04893784ea5e1d6d9a53d3913b,2025-07-21T13:30:55Z
napi-rs/napi-rs,@napi-rs/wasm-runtime@1.0.2,db71fbfad6ab2dc782f8e79d6b7459909840c876,2025-08-07T15:22:41Z
napi-rs/napi-rs,@napi-rs/wasm-runtime@1.0.3,9f2ed2f8e844faf9d16fab9e09aeceeedc58edbd,2025-08-08T12:16:28Z
napi-rs/napi-rs,@napi-rs/wasm-runtime@1.0.4,105dcede1c23989f103026e57469cb3c0d1991eb,2025-09-11T08:29:45Z
napi-rs/napi-rs,@napi-rs/wasm-runtime@1.0.5,bba5010f6f9e53bddc595f3b6f97e988219a0d7b,2025-09-13T07:08:13Z
napi-rs/napi-rs,@napi-rs/wasm-runtime@1.0.6,2cdf5fd6fb26ba32aaa9a8e8d4ad5020536ce0de,2025-10-03T13:58:20Z
napi-rs/napi-rs,@napi-rs/wasm-runtime@1.0.7,a0d55cc99c40efee162e9cf98aa9f6cc7d2ecc4b,2025-10-10T14:23:03Z
napi-rs/napi-rs,@napi-rs/wasm-runtime@1.1.0,257dde1cb5b8d63d329bf9936e7b359a80acb56c,2025-12-02T09:25:16Z
napi-rs/napi-rs,@napi-rs/wasm-runtime@1.1.1,705b26dd8269d69897933ddb4919d1d8640d85c7,2025-12-30T08:10:20Z
napi-rs/napi-rs,@napi-rs/wasm-runtime@1.1.2,20c2cef4a9755785e8960877686b9000a5f3b023,2026-03-28T14:10:59Z
napi-rs/napi-rs,@napi-rs/wasm-runtime@1.1.3,91a82ed5e3a2745b9ccb662b9321a8749aeefee8,2026-04-08T08:33:27Z
napi-rs/napi-rs,@napi-rs/wasm-runtime@1.1.4,d5c3c43b45393f99ba151770f97bd472de533671,2026-04-15T14:20:59Z
napi-rs/napi-rs,@napi-rs/wasm-runtime@1.1.5,670e5d319506beb9b7f37683d75b9b4e0edba253,2026-06-10T04:53:50Z
napi-rs/napi-rs,@napi-rs/wasm-runtime@1.1.6,b77119e711704cc453949e056b45a4996ea0386c,2026-06-24T07:16:57Z
napi-rs/napi-rs,@napi-rs/wasm-runtime@1.2.0,fb91bcd84e1f3df66e7da1a52c93e2b4508f988a,2026-07-28T09:27:34Z
napi-rs/napi-rs,@napi-rs/wasm-runtime@1.2.1,164a1ca6b15f74d58441c1f7d0161656558f7dfa,2026-07-30T03:11:38Z
napi-rs/napi-rs,@napi-rs/wasm-runtime@1.2.2,5b344c367eeed81d1917f7c4d8e65b1adc16de12,2026-07-31T08:11:29Z
napi-rs/napi-rs,@napi-rs/wasm-runtime@1.2.3,70c149321ca4e361f6726349cf9b2258467fb24f,2026-08-12T03:30:38Z
napi-rs/napi-rs,@napi-rs/wasm-runtime@1.2.4,7e3f293e2d6a3032eabfe51ff38bcaa82d342a2f,2026-09-10T13:31:41Z
napi-rs/napi-rs,@napi-rs/wasm-runtime@1.2.5,023a9f067af5d44c9a06c9a30b48fdd50ab18ac0,2026-10-05T08:38:24Z
napi-rs/napi-rs,napi-rs@1.0.0-alpha.2,d2b61ef01f970b2d1c348590a3b11c98b1c52d7c,2020-12-18T04:19:08Z
napi-rs/napi-rs,napi-rs@1.0.0-alpha.3,91e21ce3a0ea53466cfb18860b2baeee53408812,2020-12-22T02:53:06Z
napi-rs/napi-rs,napi-sys@0.4.2,2e9e86a8418a6676ac7bf0c9bdd72d428d590c99,2020-08-03T08:17:14Z
napi-rs/napi-rs,napi-sys@0.4.3,812e07ba1e4843496c544ba1f735dcae58407f05,2020-08-13T16:16:02Z
napi-rs/napi-rs,napi-sys@0.4.4,6e734030a8bca6fe6784b0887140e65724644f2a,2020-08-16T08:21:06Z
napi-rs/napi-rs,napi-sys@0.4.5,b19bfcf6516c32a62dbeeac7297c73b194ec9047,2020-08-16T09:41:35Z
napi-rs/napi-rs,napi-sys@0.4.6,e1476cb219dd956cf928508450d6de19fe3f2887,2020-08-24T11:08:01Z
napi-rs/napi-rs,napi-sys@0.4.7,1a23ab4606197725eeffd7548443822daf412392,2020-08-24T11:47:57Z
napi-rs/napi-rs,napi-sys@1.0.0-alpha.1,6b0aa231721ec8316c6ed5de4da5aef14abf2523,2020-12-02T15:47:14Z
napi-rs/napi-rs,napi-sys@1.1.0,22197cc2cf70896eb75ed6422712e0f518862451,2021-04-21T15:49:39Z
napi-rs/napi-rs,napi-sys@1.1.1,990e16bb9012702dc80bb6222fbcf4159d22d0b2,2021-05-25T03:03:01Z
napi-rs/napi-rs,napi-sys@1.1.2,50e08b6033543d922011208091b24b3f0987139f,2021-10-31T15:37:05Z
napi-rs/napi-rs,napi-sys@2.0.0,d410f6e90377178cbc54db5567192868b7545a86,2021-11-29T16:18:07Z
napi-rs/napi-rs,napi-sys@2.1.0,24c5d6950e659df1e1d77c025b8fcaad6931d373,2021-12-02T06:34:53Z
napi-rs/napi-rs,napi-sys@2.2.0,daf5f1f9e9c1eaa58f040ac07b1feb0f986ca13a,2022-05-07T07:49:44Z
napi-rs/napi-rs,napi-sys@2.2.1,79d7453713edc26bb283f1b63c5314a06163f323,2022-05-07T12:23:01Z
napi-rs/napi-rs,napi-sys@2.2.2,fb8d8b97d60b53f50b9595f70ac3d1f8d311ba9a,2022-05-10T14:27:27Z
napi-rs/napi-rs,napi-sys@2.2.3,c51d6572247542b056ce8bc2a8e58b83a3d936a9,2023-01-19T09:30:02Z
napi-rs/napi-rs,napi-sys@2.3.0,688ee04247fa17fab9a644c4cf0509b0e63853db,2023-11-07T06:18:24Z
napi-rs/napi-rs,napi-sys@2.4.0,63c8ab3f20316e1e024cc6fe6b69c8671ed3f01b,2024-04-10T08:57:51Z
napi-rs/napi-rs,napi-sys@3.0.0-alpha.0,6a690e1c53a28f516319d00da7ec8ad12ded1d87,2024-10-28T15:50:33Z
napi-rs/napi-rs,napi-sys@3.0.0-alpha.1,8027aa06029dd4099efec459300227fc855d47a1,2024-12-18T15:52:03Z
napi-rs/napi-rs,napi-sys@3.0.0-alpha.2,6fd2f0d96299e7001682282da1b827cefbd07db1,2025-05-29T15:11:46Z
napi-rs/napi-rs,napi-sys@3.0.0-alpha.3,2f64f200da226c2853ed919bd3ba902fea09bfde,2025-06-03T11:25:43Z
napi-rs/napi-rs,napi-sys@3.0.0,a9dc138aa036d75db790282ebf9bfe88670d9e7d,2025-07-17T09:40:34Z
napi-rs/napi-rs,napi-sys-v3.0.1,0db7ceb47d0401faa84f9a80163437ff313ecc7c,2025-10-24T01:47:01Z
napi-rs/napi-rs,napi-sys-v3.1.0,39230082f6bc2a088d2c51b2a40243e9aee40010,2025-11-06T09:08:41Z
napi-rs/napi-rs,napi-sys-v3.1.1,f71d660b4399544c048d53a319783d9510e9deb4,2025-11-07T13:24:30Z
napi-rs/napi-rs,napi-sys-v3.2.0,98c987fde39c24d6f59248efea50f7c0853122ad,2025-12-02T09:29:09Z
napi-rs/napi-rs,napi-sys-v3.2.1,be4b16ca00aa2cecd19be6ffe6de59495b471b14,2025-12-02T14:41:52Z
napi-rs/napi-rs,napi-sys-v3.2.2,dea608eae7481a47d64aab563a2ab5cdd8eda03c,2026-06-10T04:57:05Z
napi-rs/napi-rs,napi-sys-v3.2.3,3812aa748caeb1fdb72d773564827a23307b81d8,2026-07-12T15:34:40Z
napi-rs/napi-rs,napi-sys-v3.3.0,679eb79f5cf3c7c6b2850f4ab46092126f23dc5c,2026-07-21T05:25:04Z
napi-rs/napi-rs,napi-sys-v3.3.1,31c27a1676a7c4b317f4e144e0a9cb94e8354143,2026-09-10T13:47:34Z
napi-rs/napi-rs,napi-sys-v3.3.2,38162bb0eb324ae24b402982bad3d4ef3f24c90a,2026-09-20T03:45:43Z
napi-rs/napi-rs,napi-sys-v3.4.0,37109f133043aff379a38edfb8b1548e7e9309e5,2026-10-01T05:00:36Z
napi-rs/napi-rs,napi-v3.1.0,0bf30cc77e7f05d8e5bef494d0680026cbfb7ea8,2025-07-21T08:19:29Z
napi-rs/napi-rs,napi-v3.1.1,63d536be4fa0cad639ec02fe964d7cc30ca75199,2025-07-21T12:47:24Z
napi-rs/napi-rs,napi-v3.1.2,da45fc2d30ab9807792a53642b8b0fae62eae734,2025-07-22T10:02:31Z
napi-rs/napi-rs,napi-v3.1.3,069661e91d3e33b550accbdd133aedd00f395d6e,2025-07-24T13:41:32Z
napi-rs/napi-rs,napi-v3.1.4,045f0afedd59b6ce676c33ad13b3b59de7db3ea8,2025-07-30T23:01:10Z
napi-rs/napi-rs,napi-v3.1.5,e44329a05996c94d4988ef5a8c5857e3947e4194,2025-07-31T01:53:58Z
napi-rs/napi-rs,napi-v3.1.6,b35ff14e77feef09528c69aaf1f6cb5a4cef50f8,2025-08-01T07:10:53Z
napi-rs/napi-rs,napi-v3.2.0,fa9d578d3bcf67ec1bb72707663d48a04dacca82,2025-08-07T15:39:50Z
napi-rs/napi-rs,napi-v3.2.1,ce1fdbcdeb47c448b2e538ad77f42df27a2a1289,2025-08-08T12:21:05Z
napi-rs/napi-rs,napi-v3.2.2,72ad262a296480ea4de46e14a47d79d545253534,2025-08-08T14:16:45Z
napi-rs/napi-rs,napi-v3.2.3,264a8797c8dbc7b25275cb9dd46990590e5f23fc,2025-08-13T17:13:04Z
napi-rs/napi-rs,napi-v3.2.4,93ad5ab916fabb269ecc1dd4c11f09ef93d93221,2025-08-16T09:07:19Z
napi-rs/napi-rs,napi-v3.3.0,2cb9c17e1ca9333eba2c8a853f482f8efbea5fdd,2025-09-08T07:02:06Z
napi-rs/napi-rs,napi-v3.4.0,0db7ceb47d0401faa84f9a80163437ff313ecc7c,2025-10-24T01:47:01Z
napi-rs/napi-rs,napi-v3.5.0,39230082f6bc2a088d2c51b2a40243e9aee40010,2025-11-06T09:08:41Z
napi-rs/napi-rs,napi-v3.5.1,f71d660b4399544c048d53a319783d9510e9deb4,2025-11-07T13:24:30Z
napi-rs/napi-rs,napi-v3.5.2,67e711d69b7e681807d157ea85cf8173fd923537,2025-11-10T04:33:53Z
napi-rs/napi-rs,napi-v3.6.0,98c987fde39c24d6f59248efea50f7c0853122ad,2025-12-02T09:29:09Z
napi-rs/napi-rs,napi-v3.6.1,be4b16ca00aa2cecd19be6ffe6de59495b471b14,2025-12-02T14:41:52Z
napi-rs/napi-rs,napi-v3.7.0,5f9d53de6663754fb2b0d629aa6682f61083bdb8,2025-12-09T08:52:43Z
napi-rs/napi-rs,napi-v3.7.1,a6cdbf210aacd5776f8924624ff5e9aff17716b8,2025-12-19T07:21:40Z
napi-rs/napi-rs,napi-v3.8.0,893e91307ba4456531f42687389f43effc9902f5,2025-12-30T08:22:51Z
napi-rs/napi-rs,napi-v3.8.1,e51ce82090045b1baf5a96979961a234eb6035d4,2025-12-30T16:20:09Z
napi-rs/napi-rs,napi-v3.8.2,73cfbdb605ec9d898207ac280cdb3b3807706dfd,2026-01-08T13:38:28Z
napi-rs/napi-rs,napi-v3.8.3,0b80be8d9e64ba6c1733fcf31533e4f58bfc46b4,2026-02-14T10:44:20Z
napi-rs/napi-rs,napi-v3.8.4,7f65844403ae5c23ec30e05f0480e1f468c4b65b,2026-03-28T14:15:11Z
napi-rs/napi-rs,napi-v3.8.5,78eb068d0a6a9664831c7f031318af11b990f1ac,2026-04-15T14:33:41Z
napi-rs/napi-rs,napi-v3.8.6,5ed87dd7e930961e9273f95cd0ed77c2da967bc1,2026-04-29T02:56:32Z
napi-rs/napi-rs,napi-v3.9.0,e9c50bb430b7d34659c0541f600e1e323d37432a,2026-05-13T11:41:34Z
napi-rs/napi-rs,napi-v3.9.1,dea608eae7481a47d64aab563a2ab5cdd8eda03c,2026-06-10T04:57:05Z
napi-rs/napi-rs,napi-v3.9.2,529a78d15c0c7d6ca6d4a732c5e335f9de701879,2026-06-14T09:58:46Z
napi-rs/napi-rs,napi-v3.9.3,ee58383da4d91950e95355dcd8b93885f78f20e5,2026-06-18T11:43:51Z
napi-rs/napi-rs,napi-v3.9.4,9cc199fa348a6ef395eb2cce14e84057dfebcfd8,2026-06-24T07:22:23Z
napi-rs/napi-rs,napi-v3.10.0,f72afd58976a83bb0776c6a71171673d94e82226,2026-07-01T05:52:41Z
napi-rs/napi-rs,napi-v3.10.1,2785de583a97e49adea8194090fca2ee12f067c8,2026-07-03T12:29:25Z
napi-rs/napi-rs,napi-v3.10.2,35476aebcc774a33b7e79e79d6c476db88a50215,2026-07-04T01:50:35Z
napi-rs/napi-rs,napi-v3.10.3,1ac467e06e71f78b983630926c7908894d08e496,2026-07-04T12:39:02Z
napi-rs/napi-rs,napi-v3.10.4,3812aa748caeb1fdb72d773564827a23307b81d8,2026-07-12T15:34:40Z
napi-rs/napi-rs,napi-v3.10.5,970988341eb7f859d2df6da1fb7b12f404a2123e,2026-07-13T09:18:34Z
napi-rs/napi-rs,napi-v3.11.0,679eb79f5cf3c7c6b2850f4ab46092126f23dc5c,2026-07-21T05:25:04Z
napi-rs/napi-rs,napi-v3.12.0,58bd87fa524a837a7c962ab4103e5588557ccd81,2026-07-28T09:20:10Z
napi-rs/napi-rs,napi-v3.12.1,956e4525fea6a676ea3680b711382f167b899af9,2026-08-10T01:24:50Z
napi-rs/napi-rs,napi-v3.12.2,444bf29b8534216dd1cec4695a71e5996a173e87,2026-08-21T14:40:13Z
napi-rs/napi-rs,napi-v3.12.3,31c27a1676a7c4b317f4e144e0a9cb94e8354143,2026-09-10T13:47:34Z
napi-rs/napi-rs,napi-v3.12.4,1492b220d5ad01807b2dcbd250e8383f9d738311,2026-09-11T17:23:41Z
napi-rs/napi-rs,napi-v3.12.5,43100baf28a3e5709641e35f892be4da5d62dcb2,2026-09-15T14:56:15Z
napi-rs/napi-rs,napi-v3.12.6,e2f21c67da882a0221e3c6fc59170d4e6c367c68,2026-09-16T08:55:31Z
napi-rs/napi-rs,napi-v3.12.7,38162bb0eb324ae24b402982bad3d4ef3f24c90a,2026-09-20T03:45:43Z
napi-rs/napi-rs,napi-v3.13.0,2763e12efc855748485129952a6ccb97ac991c06,2026-09-22T16:38:16Z
napi-rs/napi-rs,napi-v3.14.0,37109f133043aff379a38edfb8b1548e7e9309e5,2026-10-01T05:00:36Z
napi-rs/napi-rs,napi-v3.14.1,4694e6d7c7d7eb2ac6b9a634374c3519a9e5851f,2026-10-05T08:59:06Z
napi-rs/napi-rs,napi-v3.14.2,8bab46ee5dfd48a7b51e8bad3d09aed315ada4df,2026-10-06T09:42:28Z
napi-rs/napi-rs,v0.1.1,c05966cbfb632c293cc44507f83bb77228aaafa8,2019-05-25T04:04:25Z
napi-rs/napi-rs,v0.2.0,f8dd29084b677e17173535076d69187ab8e40b9d,2020-03-16T06:35:11Z
napi-rs/napi-rs,v0.2.1,81adb5ceab95232e8ecf1cfdc81657c1c9e7f895,2020-04-26T11:57:31Z
napi-rs/napi-rs,v0.2.2,d21a3379a5dd28ce061c5231df12ac003ad70af6,2020-04-26T12:50:41Z
napi-rs/napi-rs,v0.2.3,26f80b1511995b7cc57dc6d6c916fd4e1c8c4499,2020-04-26T16:11:29Z
napi-rs/napi-rs,v0.2.4,8f3d2dce5a318563a35634f4e46768df845538b9,2020-06-11T10:42:47Z
napi-rs/napi-rs,v0.2.5,4a425d227afdf1d0f5a3e8f63c7233ae87b8fc52,2020-08-21T13:51:24Z
napi-rs/napi-rs,v0.2.6,aaa6e31197f27241766096dda160f1f7e5758be2,2020-08-21T14:28:20Z
napi-rs/napi-rs,v0.3.0,9c45704eae8a660555c6c599d410235ff71252fe,2020-09-04T09:37:05Z
napi-rs/napi-rs,v0.3.1,4eb23df4d07dcda2acfe885fe60d81165bb128e0,2020-09-04T17:20:42Z
napi-rs/napi-rs,v0.3.2,91ccf6753af134b34c84edc8627f341c193d9e30,2020-09-07T13:53:27Z
napi-rs/napi-rs,v0.3.3,7745f541cd050b8cc858e335f2ad42dde57316bb,2020-09-07T14:23:03Z
napi-rs/napi-rs,v0.3.4,b61629cf34d13e3433bec3f14c55c7e88bd27b53,2020-09-07T15:19:58Z
napi-rs/napi-rs,v0.3.5,de2e7ec3a51e7a83654ef588c2d2fee8413e10ca,2020-09-08T01:29:46Z
napi-rs/napi-rs,v0.3.6,7d203f9eadb51c726e8dca0490f48978d7ea357f,2020-09-08T07:42:04Z
napi-rs/napi-rs,v0.3.7,89de6ce0157416d79cab977883520a1f68f4ad9a,2020-09-10T02:55:49Z
napi-rs/napi-rs,v0.3.8-alpha.0,a1115ddea6d12f896ae76e595a399c221a81f612,2020-09-13T13:53:45Z
napi-rs/napi-rs,v0.3.8,94765d525f8b7257e804a42558ab362e15ff5d33,2020-09-13T14:07:08Z
napi-rs/napi-rs,v0.3.9,2338daf9e1c255cad3085f2d453859e674134d53,2020-10-01T04:43:20Z
napi-rs/napi-rs,v0.3.10,e40d886a95d38d524f45ccd7935efe37d8fe2579,2020-11-10T06:54:14Z
napi-rs/napi-rs,v0.4.1,5113637c154c3ec58fc4be8ef2c22e09a503ab74,2020-07-14T17:40:24Z
mockoon/mockoon,cli-v1.6.1,b7279a350d32da4b812ce12fe56d8cdfd9ef7959,2022-03-28T21:25:23Z
mockoon/mockoon,cli-v1.6.2,ac6468354555e8c7837857dfa14cd6ebf0c7ec34,2022-03-28T21:37:12Z
mockoon/mockoon,cli-v2.0.0,cb31201ecb1cabaebd2a5d085313c96d7670f8d0,2022-05-30T13:16:30Z
mockoon/mockoon,cli-v2.1.0,5738577d35c51baf30f933222275c53e8fc42996,2022-08-01T13:19:21Z
mockoon/mockoon,cli-v2.2.0,3a7ef5e6080196ebd29cc089dfd1e2310e0b6f5a,2022-10-19T09:56:03Z
mockoon/mockoon,cli-v2.2.1,61a7cf7211c235f9a77858f2a5eea6068f9095fe,2022-10-25T07:42:20Z
mockoon/mockoon,cloud-v9.3.1,0c26cf4bbccd95b0a9938741cbbd29c049559519,2025-07-24T14:53:07Z
mockoon/mockoon,cloud-v9.3.2,7ee183bab4418a05f32322f501a8b3f1482c856c,2025-07-29T09:47:28Z
mockoon/mockoon,libs-v3.0.0,6c9c194d9e0806464b5627992fd41ecb67c80938,2023-04-28T09:18:35Z
mockoon/mockoon,libs-v3.1.0,5073dfed3b1d0caf10bd03c088eeb3248b501164,2023-06-15T12:56:06Z
mockoon/mockoon,libs-v4.0.0,f98bef220f132464b88a5c0ec377c244ee81e6c9,2023-07-24T09:23:45Z
mockoon/mockoon,libs-v4.1.0,825449a786dee33d2cf1b5724685d7e5ae0e1044,2023-08-25T08:35:42Z
mockoon/mockoon,libs-v5.0.0,d1ae16aed67559b8fd76af4dc4531ac72c2f020c,2023-10-02T12:42:44Z
mockoon/mockoon,libs-v5.1.0,8884d4aa701dedcf4c7e5f97dd22dd4162aacd13,2023-10-30T11:03:05Z
mockoon/mockoon,libs-v6.0.0,5467e9a93c392df501711fe5370242e8380df8f2,2023-11-29T09:58:32Z
mockoon/mockoon,libs-v6.0.1,78385f6f57a3c163e90d5f7b89c3a758d1550ecd,2023-12-01T14:11:52Z
mockoon/mockoon,libs-v6.1.0,ae9c9b5860762ce8a77ff31e19c756dae17f7897,2023-12-29T11:07:44Z
mockoon/mockoon,libs-v6.2.0,afcb8b7d33d5a980b57ce37efcef756d6c6e2481,2024-01-30T14:29:12Z
mockoon/mockoon,libs-v7.0.0,35722794295921e5cc3d127bdaec5e6e39a4cdfe,2024-03-04T09:17:55Z
mockoon/mockoon,libs-v8.0.0,276c9ae206a6c800e0991c9655d095ee6aac3dcf,2024-03-31T16:15:51Z
mockoon/mockoon,libs-v8.1.0,31030932355af7af5718c35d273b297c4fab5f09,2024-04-30T09:34:24Z
mockoon/mockoon,libs-v8.1.1,c006917377155ab251f23893263349147fad86cd,2024-04-30T18:08:21Z
mockoon/mockoon,libs-v8.2.0,6e3da57717580242f9cfbffa0e09f95b22d1449b,2024-06-03T06:00:59Z
mockoon/mockoon,libs-v8.3.0,e47a16b88354c68ec344c5ebbad556e4e3b4db9f,2024-07-08T12:21:20Z
mockoon/mockoon,libs-v8.4.0,12a46dcdae435270d9974bb390ef88d8a4c95c0f,2024-08-06T08:47:24Z
mockoon/mockoon,libs-v9.0.0,5480f05d7dec205eb9cffd2338af95f38fbc9399,2024-10-25T09:48:24Z
mockoon/mockoon,libs-v9.1.0,cb966831fb65347ced9f687ca87d924f99585ca1,2024-12-05T13:00:07Z
mockoon/mockoon,libs-v9.2.0,8c7c4267463520784b1fc84f1e3c900a91671a55,2025-03-12T10:05:58Z
mockoon/mockoon,libs-v9.3.0,32ba5e9834ba601ecdd1706ecd8615b4e6ce3642,2025-06-30T09:19:30Z
mockoon/mockoon,libs-v9.4.0,25c7b13fdf7f1288e051a1ee74febe07cc6bab82,2025-10-30T10:25:53Z
mockoon/mockoon,libs-v9.5.0,466c8a3e7aabfc96a5991a9d2a88b40788419815,2026-01-13T09:23:15Z
mockoon/mockoon,libs-v9.6.0,475d0f85d756dc59fb1ba751ff2e30c1da2842cc,2026-03-31T11:43:42Z
mockoon/mockoon,libs-v9.6.1,1c874584c058b891f6affbb44d5a5223f3f8f812,2026-04-02T07:48:14Z
mockoon/mockoon,libs-v9.7.0,df02ba3b0d9e8b88651230f3b38d8e6fa3679b9b,2026-06-18T17:58:31Z
mockoon/mockoon,libs-v9.8.0,e76921e22d6b40975d31a3f08656c01886c64e12,2026-07-31T08:39:47Z
mockoon/mockoon,libs-v9.9.0,6d60e713a8508d77dbbd415e6123ae15c0801683,2026-09-16T07:57:12Z
mockoon/mockoon,libs-v2023-01,bd57076aff142dba174aa33169ca1a37b7caf343,2023-01-13T08:21:36Z
mockoon/mockoon,libs-v2023-03,361f59ccf843121cc8e0fc0b0bc85eccc3c04f00,2023-03-01T07:05:09Z
mockoon/mockoon,v0.1.0,6c60e465c47194bed60ebb2e478d3db5847b33ac,2017-07-17T13:19:16Z
mockoon/mockoon,v0.1.1,48260e6845f03b8d80f775f011281359543764d5,2017-08-30T20:00:40Z
mockoon/mockoon,v0.2.0,48260e6845f03b8d80f775f011281359543764d5,2017-08-30T20:00:40Z
mockoon/mockoon,v0.3.0,ec2aa5509f62abaf95fe9a1e01e7098c1f7dbd69,2017-11-16T13:14:24Z
mockoon/mockoon,v0.4.0,c05aedf597aafc0785b90430c0966a24b40b8aaf,2018-04-24T21:08:33Z
mockoon/mockoon,v1.0.0,1535ced9b93155212761d2947288fc988cce1f26,2018-08-11T09:28:18Z
mockoon/mockoon,v1.1.0,44c06ad72ba9b309ca6abe2eef05740885b6fffd,2018-09-25T18:16:10Z
mockoon/mockoon,v1.2.0,5464f840c8b5b4b42221603a39de1afb9df3f2f5,2018-10-27T13:18:13Z
mockoon/mockoon,v1.3.0,e56b3495e6385910c95954c62e9448fc8c150c00,2018-12-16T14:53:34Z
mockoon/mockoon,v1.4.0,2c728ca4bf8730dfe7cc5c328bf09cb5b143a323,2019-05-13T12:20:53Z
mockoon/mockoon,v1.5.0,12a6d3fc6f8dc887249ba20482954bde8d23abf7,2019-10-07T20:21:51Z
mockoon/mockoon,v1.5.1,302424ccaf6103ba9cd34a20be9b806411fe13f5,2019-10-16T18:25:26Z
mockoon/mockoon,v1.6.0,95a3058aa19addfb34fb3b8edfb96aff438af4c6,2019-11-13T16:59:59Z
mockoon/mockoon,v1.7.0,6374b53a78e634d46c25d357b5af4f1a8d3a3930,2019-12-12T21:29:45Z
mockoon/mockoon,v1.8.0,ddff7cb4798107b404a98e8e66c917e85ffd29c3,2020-04-15T20:36:34Z
mockoon/mockoon,v1.9.0,fffbbe7bdcb3cb52f78a7dbd7441a9342557a47d,2020-07-21T21:37:27Z
mockoon/mockoon,v1.10.0,22611e513af422e321d2d345981e89454bb77044,2020-09-14T21:03:34Z
mockoon/mockoon,v1.11.0,c25ddc91e2c15f1ebf1ac7b7d6db6ef7c933b094,2020-11-12T19:47:15Z
mockoon/mockoon,v1.12.0,adf52c5f9b9bd71330e9b59d424cb92130bdd2e7,2021-03-04T08:52:34Z
mockoon/mockoon,v1.13.0,a774d29ee66a8cbb58cd89821d8a738f64d01209,2021-04-20T14:17:23Z
mockoon/mockoon,v1.14.0,c3cda720bd5882abe4e80b7a9f5ccfe0fbcc6d58,2021-05-17T07:16:03Z
mockoon/mockoon,v1.14.1,f52eef8c6288304b10804298eeb167aa73d61f75,2021-05-19T09:11:37Z
mockoon/mockoon,v1.15.0,4aa294ca7db3b2f53acd17525ce7880f129840a8,2021-08-14T08:36:52Z
mockoon/mockoon,v1.16.0,65b1dd0062fdf40685d09a723a1db528b4ecdb58,2021-10-13T09:05:43Z
mockoon/mockoon,v1.17.0,f13e380f3ef2518565f4d2a8e16f5d72eac0ccfe,2021-11-30T07:32:10Z
mockoon/mockoon,v1.18.0,e21a721a083593764f0f29bef9bb409042a5fbbc,2022-02-28T20:27:20Z
mockoon/mockoon,v1.18.1,599e2c0f4218a9e83eac15e386a758c91e7ece26,2022-03-05T20:11:25Z
mockoon/mockoon,v1.19.0,cb31201ecb1cabaebd2a5d085313c96d7670f8d0,2022-05-30T13:16:30Z
mockoon/mockoon,v1.20.0,5738577d35c51baf30f933222275c53e8fc42996,2022-08-01T13:19:21Z
mockoon/mockoon,v1.21.0,3a7ef5e6080196ebd29cc089dfd1e2310e0b6f5a,2022-10-19T09:56:03Z
mockoon/mockoon,v1.21.1,61a7cf7211c235f9a77858f2a5eea6068f9095fe,2022-10-25T07:42:20Z
mockoon/mockoon,v1.22.0,54f1f351cd6b8c495a25028317ab9dc624737255,2023-01-12T14:36:29Z
mockoon/mockoon,v1.23.0,361f59ccf843121cc8e0fc0b0bc85eccc3c04f00,2023-03-01T07:05:09Z
mockoon/mockoon,v3.0.0,6c9c194d9e0806464b5627992fd41ecb67c80938,2023-04-28T09:18:35Z
mockoon/mockoon,v3.1.0,5073dfed3b1d0caf10bd03c088eeb3248b501164,2023-06-15T12:56:06Z
mockoon/mockoon,v4.0.0,f98bef220f132464b88a5c0ec377c244ee81e6c9,2023-07-24T09:23:45Z
mockoon/mockoon,v4.1.0,825449a786dee33d2cf1b5724685d7e5ae0e1044,2023-08-25T08:35:42Z
mockoon/mockoon,v5.0.0,d1ae16aed67559b8fd76af4dc4531ac72c2f020c,2023-10-02T12:42:44Z
mockoon/mockoon,v5.1.0,8884d4aa701dedcf4c7e5f97dd22dd4162aacd13,2023-10-30T11:03:05Z
mockoon/mockoon,v6.0.0,5467e9a93c392df501711fe5370242e8380df8f2,2023-11-29T09:58:32Z
mockoon/mockoon,v6.0.1,78385f6f57a3c163e90d5f7b89c3a758d1550ecd,2023-12-01T14:11:52Z
mockoon/mockoon,v6.1.0,ae9c9b5860762ce8a77ff31e19c756dae17f7897,2023-12-29T11:07:44Z
mockoon/mockoon,v6.2.0,afcb8b7d33d5a980b57ce37efcef756d6c6e2481,2024-01-30T14:29:12Z
mockoon/mockoon,v7.0.0,35722794295921e5cc3d127bdaec5e6e39a4cdfe,2024-03-04T09:17:55Z
mockoon/mockoon,v8.0.0,276c9ae206a6c800e0991c9655d095ee6aac3dcf,2024-03-31T16:15:51Z
mockoon/mockoon,v8.1.0,31030932355af7af5718c35d273b297c4fab5f09,2024-04-30T09:34:24Z
mockoon/mockoon,v8.1.1,09e2c13f6d32f3b084c5f42b4999ddde8c7062c8,2024-04-30T18:33:21Z
mockoon/mockoon,v8.2.0,6e3da57717580242f9cfbffa0e09f95b22d1449b,2024-06-03T06:00:59Z
mockoon/mockoon,v8.3.0,e47a16b88354c68ec344c5ebbad556e4e3b4db9f,2024-07-08T12:21:20Z
mockoon/mockoon,v8.4.0,12a46dcdae435270d9974bb390ef88d8a4c95c0f,2024-08-06T08:47:24Z
mockoon/mockoon,v9.0.0,5480f05d7dec205eb9cffd2338af95f38fbc9399,2024-10-25T09:48:24Z
mockoon/mockoon,v9.1.0,cb966831fb65347ced9f687ca87d924f99585ca1,2024-12-05T13:00:07Z
mockoon/mockoon,v9.2.0,8c7c4267463520784b1fc84f1e3c900a91671a55,2025-03-12T10:05:58Z
mockoon/mockoon,v9.3.0,eb55519f9f618a1bd3fc46130764a7635dfc7b87,2025-06-30T14:39:13Z
mockoon/mockoon,v9.4.0,25c7b13fdf7f1288e051a1ee74febe07cc6bab82,2025-10-30T10:25:53Z
mockoon/mockoon,v9.5.0,466c8a3e7aabfc96a5991a9d2a88b40788419815,2026-01-13T09:23:15Z
mockoon/mockoon,v9.6.0,475d0f85d756dc59fb1ba751ff2e30c1da2842cc,2026-03-31T11:43:42Z
mockoon/mockoon,v9.6.1,1c874584c058b891f6affbb44d5a5223f3f8f812,2026-04-02T07:48:14Z
mockoon/mockoon,v9.7.0,df02ba3b0d9e8b88651230f3b38d8e6fa3679b9b,2026-06-18T17:58:31Z
mockoon/mockoon,v9.8.0,e76921e22d6b40975d31a3f08656c01886c64e12,2026-07-31T08:39:47Z
mockoon/mockoon,v9.9.0,6d60e713a8508d77dbbd415e6123ae15c0801683,2026-09-16T07:57:12Z
mockoon/mockoon,web-v9.7.0,51eaa94c8d83b9af99b64da10f2b5c383acd8a4c,2026-07-10T09:33:38Z
mockoon/mockoon,web-v9.8.0,e76921e22d6b40975d31a3f08656c01886c64e12,2026-07-31T08:39:47Z
mockoon/mockoon,web-v9.9.0,6d60e713a8508d77dbbd415e6123ae15c0801683,2026-09-16T07:57:12Z
